<?xml version="1.0" encoding="utf-8" standalone="yes" ?>
<rss version="2.0" xmlns:atom="http://www.w3.org/2005/Atom">
  <channel>
      <title>100 Korean Band on Letraspedia.com thes best lyrics page </title>
    <link>http://letraspedia.com/artist/100-korean-band/</link>
    <language>en-US</language>
    <author>Enthusiastic Hugo User</author>
    <rights>Copyright (c) 2014, Enthusiastic Hugo User; all rights reserved.</rights>
    <updated>Mon, 01 Sep 2008 00:00:00 UTC</updated>
    
    <item>
      <title> Bad Boy</title>
      <link>http://letraspedia.com/lyric/100-korean-band-bad-boy/</link>
      <pubDate>Mon, 01 Sep 2008 00:00:00 UTC</pubDate>
      <author>Enthusiastic Hugo User</author>
      <guid>http://letraspedia.com/lyric/100-korean-band-bad-boy/</guid>
      <description>&lt;p&gt;Oh-Oh
&lt;br&gt;Oh-Oh
&lt;br&gt;Yeah (Oh-Oh)
&lt;br&gt;Oh-Oh
&lt;br&gt;One Hundred Percent
&lt;br&gt;(Oh-Oh) No Doubt
&lt;br&gt;
&lt;br&gt;Eochapi kkeutnan geo-ni, ibyeol norae mat-ji
&lt;br&gt;Jamshi naege ma-chi, michin saram ga-chi
&lt;br&gt;Kkeojyeo ju~llae, ijeo ju~llae
&lt;br&gt;Naran nom, nom, nom
&lt;br&gt;
&lt;br&gt;Saranghan neukkim jam-shi, neodo nado ban-chik
&lt;br&gt;Uri dureun ma-chi, bulgwa gireum ga-chi
&lt;br&gt;Maju chijil an-kil, deoji chijil an-kil
&lt;br&gt;Yakso-khae, hae, hae
&lt;br&gt;
&lt;br&gt;Uriga Wae ~
&lt;br&gt;Sarangeul haeseo ireoke apeun geonji
&lt;br&gt;Uriga Wae ~
&lt;br&gt;Jakkuman ibyeoreul jaecho kaneun geonji
&lt;br&gt;
&lt;br&gt;Uri ulji neun mal-ja~ Maju chijido mal-ja~
&lt;br&gt;Himdeul geolda ha-reo, chama bomyeo sa-reo
&lt;br&gt;Geurae geureoke haeng-bo-kha-ge~ ut-ja
&lt;br&gt;
&lt;br&gt;Get Out, Get Out
&lt;br&gt;Get Out, Get Out, Get Out
&lt;br&gt;Get Out, Get Out, Get Out
&lt;br&gt;Get Out, Get Out, Get Out,
&lt;br&gt;Get Out, Out, Out, Out
&lt;br&gt;
&lt;br&gt;Geureoke kkeutnal neo-ni, ireo neungae mat-ji
&lt;br&gt;Ni insaengda mang-chin, michin namja ga-chi
&lt;br&gt;Kkeojyeo jul~kke, ichyeo jul~kke
&lt;br&gt;Naran nom~ (Naran nom, naran nom~)
&lt;br&gt;
&lt;br&gt;Saranghan neukkim jam-shi, neodo nado ban-chik
&lt;br&gt;Uri dureun ma-chi, bulgwa gireum ga-chi
&lt;br&gt;Maju chijil an-kil, deoji chijil an-kil
&lt;br&gt;Yakso-khae, hae, hae
&lt;br&gt;
&lt;br&gt;Uriga Wae ~
&lt;br&gt;Sarangeul haeseo ireoke apeun geonji
&lt;br&gt;Uriga Wae ~
&lt;br&gt;Jakkuman ibyeoreul jaecho kaneun geonji
&lt;br&gt;
&lt;br&gt;Uri ulji neun mal-ja~ Maju chijido mal-ja~
&lt;br&gt;Himdeul geolda ha-reo, chama bomyeo sa-reo
&lt;br&gt;Geurae geureoke haeng-bo-kha-ge~ ut-ja
&lt;br&gt;
&lt;br&gt;Yeah!
&lt;br&gt;Soyong eobseo geu ttawi sarang
&lt;br&gt;Deo isangeun a-nhae neorang narang
&lt;br&gt;Milgo danggi-gi, jigyeo woju gobatgi
&lt;br&gt;Neo boda-deo meotjin yeo-ja
&lt;br&gt;Hwakkeunhan sarang chajaga
&lt;br&gt;Eochapi uri dureun keutno, keutno, keutno
&lt;br&gt;Yeah
&lt;br&gt;
&lt;br&gt;Uriga Wae ~ (Uriga Wae!)
&lt;br&gt;Sarangeul haeseo ireoke apeun geonji
&lt;br&gt;Uriga Wae ~ (Uriga Wae!)
&lt;br&gt;Jakkuman ibyeoreul jaecho kaneun geonji
&lt;br&gt;
&lt;br&gt;Uri ulji neun mal-ja~ (No-Oh!~)
&lt;br&gt;Maju chijido mal-ja~ (Oh-Oh Uh~)
&lt;br&gt;Himdeul geolda ha-reo, chama bomyeo sa-reo
&lt;br&gt;Geurae geureoke haeng-bo-kha-ge~ ut-ja
&lt;br&gt;
&lt;br&gt;Get Out, Get Out
&lt;br&gt;Get Out, Get Out, Get Out
&lt;br&gt;Get Out, Get Out, Get Out
&lt;br&gt;Get Out, Get Out, Get Out,
&lt;br&gt;Get Out, Out, Out, Out;
&lt;br&gt;Out, Out, Out.&lt;/p&gt;
</description>
    </item>
    
    <item>
      <title> Bad Boy (en Español)</title>
      <link>http://letraspedia.com/lyric/100-korean-band-bad-boy-en-espanol/</link>
      <pubDate>Mon, 01 Sep 2008 00:00:00 UTC</pubDate>
      <author>Enthusiastic Hugo User</author>
      <guid>http://letraspedia.com/lyric/100-korean-band-bad-boy-en-espanol/</guid>
      <description>&lt;p&gt;Oh-Oh
&lt;br&gt;Oh-Oh
&lt;br&gt;Sí (Oh-Oh)
&lt;br&gt;Oh-Oh
&lt;br&gt;100%
&lt;br&gt;(Oh-Oh) Sin duda
&lt;br&gt;
&lt;br&gt;De cualquier manera hemos terminado
&lt;br&gt;Esta canción es sobre nuestra separación
&lt;br&gt;Estaba como un loco, dominado por Ti
&lt;br&gt;¿Desaparecerás? ¿Te olvidarás de mí?
&lt;br&gt;
&lt;br&gt;Este sentimiento de amor era pasajero
&lt;br&gt;Era un juego sucio para ti y para mí
&lt;br&gt;Fuimos como fuego y combustible;
&lt;br&gt;Espero que no regresemos
&lt;br&gt;corriendo el uno hacia el otro
&lt;br&gt;Prometamos no cansarnos jamás
&lt;br&gt;
&lt;br&gt;¿Por qué~
&lt;br&gt;nos amamos y herimos de esta manera?
&lt;br&gt;¿Por qué~
&lt;br&gt;seguimos evitando que esto termine?
&lt;br&gt;
&lt;br&gt;No vamos a llorar
&lt;br&gt;No vamos a correr el uno hacia el otro
&lt;br&gt;Sé que será difícil pero lo soportaremos
&lt;br&gt;Sólo así seremos felices
&lt;br&gt;
&lt;br&gt;Vete, Vete
&lt;br&gt;Vete, Vete, Vete
&lt;br&gt;Vete, Vete, Vete
&lt;br&gt;Vete, Vete, Vete
&lt;br&gt;Vete, Vete, Vete, Vete
&lt;br&gt;
&lt;br&gt;De esta manera
&lt;br&gt;Lo nuestro terminó y es lo correcto
&lt;br&gt;Soy un loco que arruinó tu vida
&lt;br&gt;Así que me iré, te olvidaré..
&lt;br&gt;
&lt;br&gt;Este sentimiento de amor era pasajero
&lt;br&gt;Era un juego sucio para ti y para mí
&lt;br&gt;Fuimos como fuego y combustible;
&lt;br&gt;Espero que no regresemos
&lt;br&gt;corriendo el uno hacia el otro
&lt;br&gt;Prometamos no cansarnos jamás
&lt;br&gt;
&lt;br&gt;¿Por qué~
&lt;br&gt;nos amamos y herimos de esta manera?
&lt;br&gt;¿Por qué~
&lt;br&gt;seguimos evitando que esto termine?
&lt;br&gt;
&lt;br&gt;No vamos a llorar
&lt;br&gt;No vamos a correr el uno hacia el otro
&lt;br&gt;Sé que será difícil pero lo soportaremos
&lt;br&gt;Sólo así seremos felices
&lt;br&gt;
&lt;br&gt;Sí!
&lt;br&gt;Un amor como este no tiene sentido
&lt;br&gt;No permitiré que nos sigamos lastimando
&lt;br&gt;Me cansé de dar, de tomar la iniciativa
&lt;br&gt;Encontraré una chica mejor, un amor más cálido
&lt;br&gt;De todas formas todo acabó entre nosotros dos
&lt;br&gt;
&lt;br&gt;¿Por qué~ (¿Por qué?)
&lt;br&gt;nos amamos y herimos de esta manera?
&lt;br&gt;¿Por qué~ (¿Por qué?)
&lt;br&gt;seguimos evitando que esto termine?
&lt;br&gt;
&lt;br&gt;No vamos a llorar (No-Oh!~)
&lt;br&gt;No vamos a correr el uno hacia el otro
&lt;br&gt;Sé que será difícil pero lo soportaremos
&lt;br&gt;Sólo así seremos felices
&lt;br&gt;
&lt;br&gt;Vete, Vete
&lt;br&gt;Vete, Vete, Vete
&lt;br&gt;Vete, Vete, Vete
&lt;br&gt;Vete, Vete, Vete
&lt;br&gt;Vete, Vete, Vete, Vete
&lt;br&gt;Vete, Vete, Vete.&lt;/p&gt;
</description>
    </item>
    
    <item>
      <title> Bad Girl</title>
      <link>http://letraspedia.com/lyric/100-korean-band-bad-girl/</link>
      <pubDate>Mon, 01 Sep 2008 00:00:00 UTC</pubDate>
      <author>Enthusiastic Hugo User</author>
      <guid>http://letraspedia.com/lyric/100-korean-band-bad-girl/</guid>
      <description>&lt;p&gt;Girl.. I Cannot Love, Nobody
&lt;br&gt;
&lt;br&gt;Neoreul saranghaetdeon naemam do (do)
&lt;br&gt;Gyeolguk ibyeol ape muneo jigo (jigo)
&lt;br&gt;Dashin neoreul bolsu eopdan saengage
&lt;br&gt;Michil geot gateunde
&lt;br&gt;
&lt;br&gt;Don&amp;rsquo;t Wanna Cry.. Tonight
&lt;br&gt;Niga modu mangcheo beoryeosseo
&lt;br&gt;I&amp;rsquo;m Gonna Try.. For My Life
&lt;br&gt;Nae jeon bureul gajyeo gan neo
&lt;br&gt;
&lt;br&gt;Oh You Are The Bad, Bad Girl, The Bad Girl~
&lt;br&gt;Deoneun mageul suga eobseo Yeah
&lt;br&gt;You Are The Bad, Bad Girl, The Bad Girl~
&lt;br&gt;Neoreuldeo neun jabeul suga eobseo!
&lt;br&gt;
&lt;br&gt;Neol jakku ijeo boryeo gohae bwado hwak
&lt;br&gt;Kkeutnae boryeo go haesseodo
&lt;br&gt;Ireoke cheochamhi muneo jingeol, Girl
&lt;br&gt;You Are The Bad, Bad Girl, The Bad Girl~
&lt;br&gt;
&lt;br&gt;Woh~ Uh Woh~ Uh Woh~
&lt;br&gt;Youre The Only Bad Girl ~
&lt;br&gt;
&lt;br&gt;Naman saranghanda malhae noko (ko)
&lt;br&gt;ijen chagap genal waemyeon hago (go)
&lt;br&gt;Dashin geu nugudo sa-rang mothage
&lt;br&gt;Sangcheo-man namgin neo Oh~
&lt;br&gt;
&lt;br&gt;Don&amp;rsquo;t Wanna Cry (Cry~) Tonight (Tonight)
&lt;br&gt;Niga modu mangcheo beoryeosseo
&lt;br&gt;I&amp;rsquo;m Gonna Try (Try~) For My Life (For My Life)
&lt;br&gt;Nae jeon bureul gajyeo gan neo~
&lt;br&gt;
&lt;br&gt;Oh You Are The Bad, Bad Girl, The Bad Girl~
&lt;br&gt;Deoneun mageul suga eobseo Yeah
&lt;br&gt;You Are The Bad, Bad Girl, The Bad Girl~
&lt;br&gt;Neoreuldeo neun jabeul suga eobseo!
&lt;br&gt;
&lt;br&gt;Neol jakku ijeo boryeo gohae bwado hwak
&lt;br&gt;Kkeutnae boryeo go haesseodo
&lt;br&gt;Ireoke cheochamhi muneo jingeol, Girl
&lt;br&gt;You Are The Bad, Bad Girl, The Bad Girl~
&lt;br&gt;
&lt;br&gt;Woh~ Uh Woh~ Uh Woh~
&lt;br&gt;Youre The Only Bad Girl ~
&lt;br&gt;
&lt;br&gt;Yeah geurae neoreul jiwo bo-ryeogo
&lt;br&gt;Nan hae-sseugo, tto hae-sseodo
&lt;br&gt;Gyeolguk nae maeum hangu seoge
&lt;br&gt;Niga jaranago inneungeol a-ro
&lt;br&gt;Ijen neomu neujeo beo-rin
&lt;br&gt;Gi-eok sogeseo jarijaba beo-rin
&lt;br&gt;Neol itji mothago nan tto
&lt;br&gt;Haru jongil goero woman hago isseo
&lt;br&gt;
&lt;br&gt;Don&amp;rsquo;t Cry Tonight ~
&lt;br&gt;(Don&amp;rsquo;t Cry Tonight)
&lt;br&gt;Don&amp;rsquo;t Cry Tonight ~
&lt;br&gt;(Don&amp;rsquo;t Cry Tonight)
&lt;br&gt;Don&amp;rsquo;t Cry Tonight ~
&lt;br&gt;(Don&amp;rsquo;t Cry Tonight)
&lt;br&gt;Don&amp;rsquo;t Cry Tonight ~ ~
&lt;br&gt;
&lt;br&gt;Oh You Are The Bad, Bad Girl, The Bad Girl~
&lt;br&gt;(Yeah!~) Deoneun mageul suga eobseo Yeah
&lt;br&gt;You Are The Bad, Bad Girl, The Bad Girl~
&lt;br&gt;(Bad Girl~) Neoreuldeo neun jabeul suga eobseo~
&lt;br&gt;
&lt;br&gt;Neol jakku ijeo boryeo gohae bwado hwak (Hey!)
&lt;br&gt;Kkeutnae boryeo go haesseodo
&lt;br&gt;Ireoke cheochamhi muneo jingeol, Girl
&lt;br&gt;You Are The Bad, Bad Girl, The Bad Girl~
&lt;br&gt;
&lt;br&gt;Woh~ Uh Woh~ Uh Woh~
&lt;br&gt;Youre The Only Bad Girl..&lt;/p&gt;
</description>
    </item>
    
    <item>
      <title> Bad Girl (en Español)</title>
      <link>http://letraspedia.com/lyric/100-korean-band-bad-girl-en-espanol/</link>
      <pubDate>Mon, 01 Sep 2008 00:00:00 UTC</pubDate>
      <author>Enthusiastic Hugo User</author>
      <guid>http://letraspedia.com/lyric/100-korean-band-bad-girl-en-espanol/</guid>
      <description>&lt;p&gt;Nena.. No puedo amar a nadie
&lt;br&gt;
&lt;br&gt;Mi corazón te amaba
&lt;br&gt;Pero antes de que nos separemos
&lt;br&gt;ya se encontraba destrozado
&lt;br&gt;Enloquezco con sólo pensar que
&lt;br&gt;no podré volver a verte de nuevo
&lt;br&gt;
&lt;br&gt;Esta noche no quiero llorar
&lt;br&gt;Tú has arruinado todo
&lt;br&gt;Lo voy a intentar por mi vida
&lt;br&gt;Aunque te has llevado todo de mí
&lt;br&gt;
&lt;br&gt;Oh Tú eres una chica mala, una chica mala ~
&lt;br&gt;No puedo detenerte más
&lt;br&gt;Tú eres una chica mala, una chica mala ~
&lt;br&gt;No puedo seguir aferrándome a Ti
&lt;br&gt;
&lt;br&gt;Trato de olvidarte
&lt;br&gt;Trato de terminar lo nuestro
&lt;br&gt;Haré lo mismo que tú, acabaré con esto Nena
&lt;br&gt;Tú eres una chica mala, una chica mala ~
&lt;br&gt;
&lt;br&gt;Woh~ Uh Woh~ Uh Woh~
&lt;br&gt;Tú eres la única chica mala ~
&lt;br&gt;
&lt;br&gt;Decías que sólo me amabas a mí
&lt;br&gt;pero ahora te apartas fríamente
&lt;br&gt;Has dejado una cicatriz en mí
&lt;br&gt;Así que no puedo amar a nadie más
&lt;br&gt;
&lt;br&gt;Esta noche no quiero llorar
&lt;br&gt;Tú has arruinado todo
&lt;br&gt;Lo voy a intentar por mi vida
&lt;br&gt;Aunque te has llevado todo de mí
&lt;br&gt;
&lt;br&gt;Oh Tú eres una chica mala, una chica mala ~
&lt;br&gt;No puedo detenerte más
&lt;br&gt;Tú eres una chica mala, una chica mala ~
&lt;br&gt;No puedo seguir aferrándome a Ti
&lt;br&gt;
&lt;br&gt;Trato de olvidarte
&lt;br&gt;Trato de terminar lo nuestro
&lt;br&gt;Haré lo mismo que tú, acabaré con esto Nena
&lt;br&gt;Tú eres una chica mala, una chica mala ~
&lt;br&gt;
&lt;br&gt;Woh~ Uh Woh~ Uh Woh~
&lt;br&gt;Tú eres la única chica mala ~
&lt;br&gt;
&lt;br&gt;Sí, intento y trato de borrarte
&lt;br&gt;Pero al final sigues estando
&lt;br&gt;en un rincón de mi corazón
&lt;br&gt;Ahora ya es demasiado tarde
&lt;br&gt;Los recuerdos ya ocuparon su lugar
&lt;br&gt;Estoy angustiado, no consigo olvidarte
&lt;br&gt;
&lt;br&gt;No llores esta noche ~
&lt;br&gt;(No llores esta noche)
&lt;br&gt;No llores esta noche ~
&lt;br&gt;(No llores esta noche)
&lt;br&gt;No llores esta noche ~
&lt;br&gt;(No llores esta noche)
&lt;br&gt;No llores esta noche ~ ~
&lt;br&gt;
&lt;br&gt;Oh Tú eres una chica mala, una chica mala ~
&lt;br&gt;No puedo detenerte más
&lt;br&gt;Tú eres una chica mala, una chica mala ~
&lt;br&gt;No puedo seguir aferrándome a Ti
&lt;br&gt;
&lt;br&gt;Trato de olvidarte
&lt;br&gt;Trato de terminar lo nuestro
&lt;br&gt;Haré lo mismo que tú, acabaré con esto Nena
&lt;br&gt;Tú eres una chica mala, una chica mala ~
&lt;br&gt;
&lt;br&gt;Woh~ Uh Woh~ Uh Woh~
&lt;br&gt;Tú eres la única chica mala ~&lt;/p&gt;
</description>
    </item>
    
    <item>
      <title> Beat</title>
      <link>http://letraspedia.com/lyric/100-korean-band-beat/</link>
      <pubDate>Mon, 01 Sep 2008 00:00:00 UTC</pubDate>
      <author>Enthusiastic Hugo User</author>
      <guid>http://letraspedia.com/lyric/100-korean-band-beat/</guid>
      <description>&lt;p&gt;Jeogi jeo namja gireul irheon nabwa
&lt;br&gt;Gal gireul mot chatgo seoseon ginabwa
&lt;br&gt;Ajikdo, eodun, bam honjato naman nabwa
&lt;br&gt;(Naman nama Yeah~)
&lt;br&gt;
&lt;br&gt;Jeongmal jukdorok sarang haesseon nabwa
&lt;br&gt;Honjaseon a-mu geotdo motha nabwa
&lt;br&gt;Meomchwo, beorin, shi-gan~ sogeul mothona nabwa
&lt;br&gt;Yeah Yeah Yeah~
&lt;br&gt;
&lt;br&gt;Shimjangi ttwin-da
&lt;br&gt;Niga seo~isseul geu-goseul hyanghae ttwin-da
&lt;br&gt;Majuchil sunganeul nan geokkuro gan-da
&lt;br&gt;Gyesok ga~da bomyeon, gada bomyeon majuchilka~
&lt;br&gt;
&lt;br&gt;Shigana gan-da
&lt;br&gt;Niga tteo~nan geuttae sunga nuro gan-da
&lt;br&gt;Nal beoryeot~deon neoreul gi-eo khamyeo gan-da
&lt;br&gt;Gyesok ga~da bomyeon, gada bomyeon majuchilka~
&lt;br&gt;
&lt;br&gt;Jeogi jeo yeoja mwonga beoryeon nabwa
&lt;br&gt;Gal gildo motgago mangseori nabwa
&lt;br&gt;Ajikdo, eodun, bam honjato naman nabwa
&lt;br&gt;(Naman nama Yeah~)
&lt;br&gt;
&lt;br&gt;Jeongmal jukdorok sarang haesseon nabwa
&lt;br&gt;Honjaseon a-mu geotdo mothaen nabwa
&lt;br&gt;Meomchwo, beorin, shi-gan~ sogeul motheona nabwa
&lt;br&gt;Yeah~
&lt;br&gt;
&lt;br&gt;Shimjangi ttwin-da
&lt;br&gt;Niga seo~isseul geu-goseul hyanghae ttwin-da
&lt;br&gt;Majuchil sunganeul nan geokkuro gan-da
&lt;br&gt;Gyesok ga~da bomyeon, gada bomyeon majuchilka~
&lt;br&gt;
&lt;br&gt;Shigana gan-da
&lt;br&gt;Niga tteo~nan geuttae sunga nuro gan-da
&lt;br&gt;Nal beoryeot~deon neoreul gi-eo khamyeo gan-da
&lt;br&gt;Gyesok ga~da bomyeon, gada bomyeon majuchilka~
&lt;br&gt;
&lt;br&gt;Amu ildo eopdeon geuttaero do-ra-ga jwo
&lt;br&gt;(Yeah, Yeah, Yeah~)
&lt;br&gt;Dora seogi jeon (Oh!) ni ape nal gi-eo-khae jwo
&lt;br&gt;Dashi neoye-gero~ shimjangi ttwinda! ~
&lt;br&gt;
&lt;br&gt;Neujeot jiman dora gallae (No Way)
&lt;br&gt;Ni gyeoten naega isseo ya-hae (Uhh~)
&lt;br&gt;ijewa nal moreun cheok haedo (Yeah~)
&lt;br&gt;Keut kkaji neol ttara gaya man-hae
&lt;br&gt;Shiganeul dollyeo geokkuro ga
&lt;br&gt;Nal deungjigo georeodo nan
&lt;br&gt;Ni nune ttuiji anke cheon cheonika
&lt;br&gt;Geokkuro ga
&lt;br&gt;
&lt;br&gt;Shimjangi ttwin-da (Wooh! ~)
&lt;br&gt;Niga seo~isseul geu-goseul hyanghae ttwin-da
&lt;br&gt;(No Way) Majuchil sunganeul nan geokkuro gan-da
&lt;br&gt;Gyesok ga~da bomyeon, gada bomyeon majuchilka
&lt;br&gt;(Gada bomyeon majuchilka!~)
&lt;br&gt;
&lt;br&gt;Shigana gan-da
&lt;br&gt;Niga tteo~nan geuttae sunga nuro gan-da (Uhh~)
&lt;br&gt;Nal beoryeot~deon neoreul gi-eo khamyeo gan-da
&lt;br&gt;Gyesok ga~da bomyeon, gada bomyeon majuchilka!~
&lt;br&gt;Yeah, Yeah-eh ~
&lt;br&gt;
&lt;br&gt;Uhh~ Uh-Uh~
&lt;br&gt;Yeah
&lt;br&gt;Goes Back World
&lt;br&gt;Uhh~ Uh-Uh~
&lt;br&gt;One Hundred.&lt;/p&gt;
</description>
    </item>
    
    <item>
      <title> Beat (en Español)</title>
      <link>http://letraspedia.com/lyric/100-korean-band-beat-en-espanol/</link>
      <pubDate>Mon, 01 Sep 2008 00:00:00 UTC</pubDate>
      <author>Enthusiastic Hugo User</author>
      <guid>http://letraspedia.com/lyric/100-korean-band-beat-en-espanol/</guid>
      <description>&lt;p&gt;Ese hombre parece perdido
&lt;br&gt;Da vueltas, no puede encontrar su rumbo
&lt;br&gt;Se encuentra solo en la oscuridad de la noche
&lt;br&gt;(Estoy Solo, Sí~)
&lt;br&gt;
&lt;br&gt;Realmente creo que él la amaba demasiado
&lt;br&gt;No creo que pueda hacer nada por sí mismo
&lt;br&gt;No puede escapar de aquellos tiempos
&lt;br&gt;Sí~ Sí~ Sí~
&lt;br&gt;
&lt;br&gt;Mi corazón está latiendo
&lt;br&gt;Está latiendo hacia donde tú estás
&lt;br&gt;Retrocederé el tiempo hasta
&lt;br&gt;el momento en que nos conocimos
&lt;br&gt;Si sigo adelante ¿Nos encontraremos?
&lt;br&gt;
&lt;br&gt;El tiempo pasa
&lt;br&gt;Regreso al momento en que te fuiste
&lt;br&gt;Recuerdo ese momento en que me dejaste
&lt;br&gt;Si sigo adelante ¿Nos encontraremos?
&lt;br&gt;
&lt;br&gt;Creo que esa chica dejó algo a lo lejos
&lt;br&gt;Está confundida, no puede encontrar su rumbo
&lt;br&gt;Se encuentra sola en la oscuridad de la noche
&lt;br&gt;(Ella está Sola, Sí~)
&lt;br&gt;
&lt;br&gt;Realmente creo que ella lo amaba demasiado
&lt;br&gt;No creo que pueda hacer nada por sí misma
&lt;br&gt;No puede escapar de aquellos tiempos
&lt;br&gt;Sí~
&lt;br&gt;
&lt;br&gt;Mi corazón está latiendo
&lt;br&gt;Está latiendo hacia donde tú estás
&lt;br&gt;Retrocederé el tiempo hasta
&lt;br&gt;el momento en que nos conocimos
&lt;br&gt;Si sigo adelante ¿Nos encontraremos?
&lt;br&gt;
&lt;br&gt;El tiempo pasa
&lt;br&gt;Regreso al momento en que te fuiste
&lt;br&gt;Recuerdo ese momento en que me dejaste
&lt;br&gt;Si sigo adelante ¿Nos encontraremos?
&lt;br&gt;
&lt;br&gt;Volvamos a esos días, cuando nada pasaba
&lt;br&gt;(Sí, Sí, Sí~)
&lt;br&gt;Recuérdame delante de Ti, antes de separarnos
&lt;br&gt;Otra vez mi corazón está latiendo por Ti
&lt;br&gt;
&lt;br&gt;Ya es demasiado tarde
&lt;br&gt;Aun así quiero volver
&lt;br&gt;Necesito estar a tu lado;
&lt;br&gt;Incluso si me ignoras
&lt;br&gt;Te seguiré hasta el final
&lt;br&gt;Aunque me des la espalda lo haré
&lt;br&gt;Retrocederé el tiempo lentamente
&lt;br&gt;Poco a poco para que no lo notes
&lt;br&gt;
&lt;br&gt;Mi corazón está latiendo
&lt;br&gt;Está latiendo hacia donde tú estás
&lt;br&gt;Retrocederé el tiempo hasta
&lt;br&gt;el momento en que nos conocimos
&lt;br&gt;Si sigo adelante ¿Nos encontraremos?
&lt;br&gt;(¿Nos encontraremos?)
&lt;br&gt;
&lt;br&gt;El tiempo pasa
&lt;br&gt;Regreso al momento en que te fuiste
&lt;br&gt;Recuerdo ese momento en que me dejaste
&lt;br&gt;Si sigo adelante ¿Nos encontraremos?
&lt;br&gt;
&lt;br&gt;Uhh~ Uh-Uh~
&lt;br&gt;Sí
&lt;br&gt;Vuelve Al Mundo
&lt;br&gt;Uhh~ Uh-Uh~
&lt;br&gt;100.&lt;/p&gt;
</description>
    </item>
    
    <item>
      <title> Guy Like Me</title>
      <link>http://letraspedia.com/lyric/100-korean-band-guy-like-me/</link>
      <pubDate>Mon, 01 Sep 2008 00:00:00 UTC</pubDate>
      <author>Enthusiastic Hugo User</author>
      <guid>http://letraspedia.com/lyric/100-korean-band-guy-like-me/</guid>
      <description>&lt;p&gt;Manhi him deureotji
&lt;br&gt;Naran nom manna myeonseo~
&lt;br&gt;Jalhae junge hana, eobtneun nara-seo
&lt;br&gt;
&lt;br&gt;Deo isang neol
&lt;br&gt;Ja-beul jashinie obtneunde
&lt;br&gt;Wae naeso neuldeo
&lt;br&gt;Gwak jwigo itneun geoya~
&lt;br&gt;
&lt;br&gt;Danhan beondo nimam mollatdeon
&lt;br&gt;Nappeun nomi naya
&lt;br&gt;Saranghanda malhan beon mothan
&lt;br&gt;Mot dwen nomi naya
&lt;br&gt;
&lt;br&gt;Nae mambyeon hagi jeone~
&lt;br&gt;Dashi neol butjab gi jeone~
&lt;br&gt;Jebal dwido, dora boji malgo ga~
&lt;br&gt;
&lt;br&gt;Na gateun nom, na gateun nom
&lt;br&gt;Dashin mannal saenga kajima~
&lt;br&gt;Na gateun nom, na gateun nom
&lt;br&gt;Andwae~ He-Eh-Eh~
&lt;br&gt;
&lt;br&gt;Na gateun nom, na gateun nom
&lt;br&gt;Jeongmal neol sarang halja
&lt;br&gt;Gyeokdo eobtneun nom
&lt;br&gt;Barona gateun nom
&lt;br&gt;
&lt;br&gt;Daeche eonjekkaji
&lt;br&gt;ireogo isseul geoni
&lt;br&gt;Garago malaldae
&lt;br&gt;Jebal geunyangga
&lt;br&gt;
&lt;br&gt;Naega deo
&lt;br&gt;Wa-nae-gi jeone ulji joma
&lt;br&gt;Eorinae cheoreom
&lt;br&gt;Wae jakku ireo neunde~He~
&lt;br&gt;
&lt;br&gt;Danhan beondo nimam mollatdeon
&lt;br&gt;Nappeun nomi naya
&lt;br&gt;Saranghanda malhan beon mothan
&lt;br&gt;Mot dwen nomi naya
&lt;br&gt;
&lt;br&gt;Nae mambyeon hagi jeone~
&lt;br&gt;Dashi neol butjab gi jeone~
&lt;br&gt;Jebal dwido, dora boji malgo ga~
&lt;br&gt;
&lt;br&gt;Na gateun nom, na gateun nom
&lt;br&gt;Dashin mannal saenga kajima
&lt;br&gt;Na gateun nom, na gateun nom
&lt;br&gt;Andwae~ He-Eh-Eh~
&lt;br&gt;
&lt;br&gt;Na gateun nom, na gateun nom
&lt;br&gt;Jeongmal neol sarang halja
&lt;br&gt;Gyeokdo eobtneun nom
&lt;br&gt;Barona gateun nom!~
&lt;br&gt;
&lt;br&gt;Shireo jyeotdago
&lt;br&gt;Dashin pillyoeobtdago
&lt;br&gt;Miwo jyeotdago
&lt;br&gt;ije huwae handago~
&lt;br&gt;
&lt;br&gt;Malhae, malhae
&lt;br&gt;Charari nalbal godeo-na jwo~
&lt;br&gt;Na boran deushi~
&lt;br&gt;
&lt;br&gt;Amumaldo hajimalgo gamyeon dwejana
&lt;br&gt;Nahana jeum itneun geomyeon swiun geojana
&lt;br&gt;igi jeo giraseo nima manado moreuneun
&lt;br&gt;ireonnal itgo doraseo garan mallya
&lt;br&gt;
&lt;br&gt;Eotteoke, naega neoreul yokhae
&lt;br&gt;Eotteoke, naega neoreul tathae
&lt;br&gt;Eotteoke, naega neoreul ijeo
&lt;br&gt;Jeongmal eotteoke, naega eotteoke
&lt;br&gt;
&lt;br&gt;Na gateun nom, na gateun nom
&lt;br&gt;Dashin mannal saenga kajima
&lt;br&gt;Na gateun nom, na gateun nom
&lt;br&gt;Andwae~ He-Eh-Eh~
&lt;br&gt;
&lt;br&gt;Na gateun nom, na gateun nom
&lt;br&gt;Jeongmal neol sarang halja
&lt;br&gt;Gyeokdo eobtneun nom
&lt;br&gt;Barona gateun nom..&lt;/p&gt;
</description>
    </item>
    
    <item>
      <title> Guy Like Me (en Español)</title>
      <link>http://letraspedia.com/lyric/100-korean-band-guy-like-me-en-espanol/</link>
      <pubDate>Mon, 01 Sep 2008 00:00:00 UTC</pubDate>
      <author>Enthusiastic Hugo User</author>
      <guid>http://letraspedia.com/lyric/100-korean-band-guy-like-me-en-espanol/</guid>
      <description>&lt;p&gt;Salir con un chico como yo..
&lt;br&gt;Fue difícil no?
&lt;br&gt;Porque no hice nada bueno por Ti
&lt;br&gt;
&lt;br&gt;No tengo la confianza suficiente
&lt;br&gt;para aferrarme a Ti, pero..
&lt;br&gt;¿Por qué sostienes mi mano con más fuerza?
&lt;br&gt;
&lt;br&gt;Soy el chico malo que nunca conoció tu corazón
&lt;br&gt;Soy el chico tonto que nunca dijo que te amaba
&lt;br&gt;
&lt;br&gt;Antes de que cambie de opinión
&lt;br&gt;Antes de que me aferre a Ti
&lt;br&gt;Por favor, sigue tu camino sin mirar atrás
&lt;br&gt;
&lt;br&gt;Un chico como yo, un chico como yo
&lt;br&gt;Ni siquiera pienses en salir con alguien como yo
&lt;br&gt;Un chico como yo, un chico como yo
&lt;br&gt;No lo hagas~ He-Eh-Eh~
&lt;br&gt;
&lt;br&gt;Un chico como yo, un chico como yo
&lt;br&gt;Un chico que no merece amarte:
&lt;br&gt;Un chico como yo
&lt;br&gt;
&lt;br&gt;¿Hasta cuando vas a ser así?
&lt;br&gt;Si te digo que te vayas, por favor vete
&lt;br&gt;
&lt;br&gt;Deja de llorar, sólo haces que me irrite más
&lt;br&gt;¿Por qué eres tan infantil?
&lt;br&gt;
&lt;br&gt;Soy el chico malo que nunca conoció tu corazón
&lt;br&gt;Soy el chico tonto que nunca dijo que te amaba
&lt;br&gt;
&lt;br&gt;Antes de que cambie de opinión
&lt;br&gt;Antes de que me aferre a Ti
&lt;br&gt;Por favor, sigue tu camino sin mirar atrás
&lt;br&gt;
&lt;br&gt;Un chico como yo, un chico como yo
&lt;br&gt;Ni siquiera pienses en salir con alguien como yo
&lt;br&gt;Un chico como yo, un chico como yo
&lt;br&gt;No lo hagas~ He-Eh-Eh~
&lt;br&gt;
&lt;br&gt;Un chico como yo, un chico como yo
&lt;br&gt;Un chico que no merece amarte:
&lt;br&gt;Un chico como yo
&lt;br&gt;
&lt;br&gt;&amp;ldquo;Ya no me gustas&amp;rdquo; &amp;ldquo;No te necesito&amp;rdquo;
&lt;br&gt;&amp;ldquo;Te odio&amp;rdquo; &amp;ldquo;Me arrepiento de todo&amp;rdquo;
&lt;br&gt;
&lt;br&gt;Por favor dime esas cosas
&lt;br&gt;Maltrátame y déjame~
&lt;br&gt;
&lt;br&gt;Sólo tienes que irte sin decir nada
&lt;br&gt;Es fácil olvidar a alguien como yo
&lt;br&gt;Soy un egoísta, no sabía como te sentías
&lt;br&gt;Así que olvídame y sigue tu camino
&lt;br&gt;
&lt;br&gt;¿Cómo puedo hablar mal de ti?
&lt;br&gt;¿Cómo puedo culparte?
&lt;br&gt;¿Cómo puedo olvidarte?
&lt;br&gt;En serio, ¿Cómo puedo hacerlo?
&lt;br&gt;
&lt;br&gt;Un chico como yo, un chico como yo
&lt;br&gt;Ni siquiera pienses en salir con alguien como yo
&lt;br&gt;Un chico como yo, un chico como yo
&lt;br&gt;No lo hagas~ He-Eh-Eh~
&lt;br&gt;
&lt;br&gt;Un chico como yo, un chico como yo
&lt;br&gt;Un chico que no merece amarte:
&lt;br&gt;Un chico como yo.&lt;/p&gt;
</description>
    </item>
    
    <item>
      <title> Still Again</title>
      <link>http://letraspedia.com/lyric/100-korean-band-still-again/</link>
      <pubDate>Mon, 01 Sep 2008 00:00:00 UTC</pubDate>
      <author>Enthusiastic Hugo User</author>
      <guid>http://letraspedia.com/lyric/100-korean-band-still-again/</guid>
      <description>&lt;p&gt;Sesangeseo gajang seulpeun yaegi~
&lt;br&gt;Niga nareul tteonan daneun yaegi~
&lt;br&gt;
&lt;br&gt;Jeoldae beoseo nalsu
&lt;br&gt;Eomneun nareul mageul suneun
&lt;br&gt;Eomneun ojik neo puniran
&lt;br&gt;Mabeop gateun Energy
&lt;br&gt;
&lt;br&gt;Sesang gajang seulpeun yaegi
&lt;br&gt;Neowa naega peonhan yaegi
&lt;br&gt;Meom chuji anketdago
&lt;br&gt;Ojik neo puniji
&lt;br&gt;
&lt;br&gt;Do~jeo hinal beori
&lt;br&gt;Getdan maldo andwae
&lt;br&gt;Po~gi mothae neoli
&lt;br&gt;Hae mothae nan bandae
&lt;br&gt;
&lt;br&gt;Neol dashi japgo malgetda
&lt;br&gt;Niga naege jeonbul geolgetda
&lt;br&gt;Niga nareul tteonaseon na yeokshi
&lt;br&gt;Haengbok ttawin beoryeotda
&lt;br&gt;
&lt;br&gt;Gajang seulpeun neoraeya
&lt;br&gt;Niga nal tteonan daneun geureon yaegiya
&lt;br&gt;Still Again, Still Again, Still Again
&lt;br&gt;Still Again, Still Again, Still Again
&lt;br&gt;
&lt;br&gt;Daeche museun soriya
&lt;br&gt;Jeoldae nal tteonal su eopdaneun mariya
&lt;br&gt;Still Again, Still Again, Still Again
&lt;br&gt;Still Again, Still Again, Still Again
&lt;br&gt;
&lt;br&gt;Ojik neo puniranma
&lt;br&gt;Beop gateun Energy
&lt;br&gt;Ojik neo puniranma
&lt;br&gt;Beop gateun Energy
&lt;br&gt;
&lt;br&gt;Sesang gajang seulpeun yaegi
&lt;br&gt;Neo-wa naega peonhan yaegi
&lt;br&gt;Meomchuji anketdago
&lt;br&gt;Ojik neo ppuniji
&lt;br&gt;
&lt;br&gt;Do~jeo hinal beori
&lt;br&gt;Getdan maldo andwae
&lt;br&gt;Po~gi mothae neoli
&lt;br&gt;Hae mothae nan bandae
&lt;br&gt;
&lt;br&gt;Neol dashi japgo malgetda
&lt;br&gt;Niga naege jeonbul geolgetda
&lt;br&gt;Niga nareul tteonaseon na yeokshi
&lt;br&gt;Haengbok ttawin beoryeotda
&lt;br&gt;
&lt;br&gt;Gajang seulpeun noraeya (No-Oh~)
&lt;br&gt;Niga nal tteonan daneun geureon yaegiya
&lt;br&gt;Still Again, Still Again, Still Again
&lt;br&gt;Still Again, Still Again, Still Again
&lt;br&gt;
&lt;br&gt;Daeche museun soriya
&lt;br&gt;Jeoldae nal tteonal su eopdaneun mariya
&lt;br&gt;Still Again, Still Again, Still Again
&lt;br&gt;Still Again, Still Again, Still Again
&lt;br&gt;
&lt;br&gt;Ni gyeoten naega isseo
&lt;br&gt;Eonje deunji I&amp;rsquo;m Your Soul
&lt;br&gt;Neo eobshin amugeotdo
&lt;br&gt;Hal suga, hal suga eomneun Soul
&lt;br&gt;
&lt;br&gt;You, You Can I Leave Away
&lt;br&gt;Nal tteonal su eopge~ Yeah~
&lt;br&gt;Eh~Yeah~ No-Oh~ Oh, No~ Oh Oh
&lt;br&gt;
&lt;br&gt;Gajang seulpeun noraeya
&lt;br&gt;Niga nal tteonan daneun geureon yaegiya
&lt;br&gt;Still Again, Still Again, Still Again
&lt;br&gt;Still Again, Still Again, Still Again
&lt;br&gt;
&lt;br&gt;Daeche museun soriya
&lt;br&gt;Jeoldae nal tteonal su eopdaneun mariya
&lt;br&gt;Still Again Still Again Still Again
&lt;br&gt;Still Again Still Again Still Again.&lt;/p&gt;
</description>
    </item>
    
    <item>
      <title> Still Again (en Español)</title>
      <link>http://letraspedia.com/lyric/100-korean-band-still-again-en-espanol/</link>
      <pubDate>Mon, 01 Sep 2008 00:00:00 UTC</pubDate>
      <author>Enthusiastic Hugo User</author>
      <guid>http://letraspedia.com/lyric/100-korean-band-still-again-en-espanol/</guid>
      <description>&lt;p&gt;La historia más triste del mundo..
&lt;br&gt;La historia de cuando tú me dejaste..
&lt;br&gt;
&lt;br&gt;Nunca podré escapar
&lt;br&gt;No puedo evitar envolverme
&lt;br&gt;en esta mágica energía que eres Tú
&lt;br&gt;
&lt;br&gt;La historia más triste del mundo
&lt;br&gt;Obviamente es la nuestra;
&lt;br&gt;No me voy a detener, sólo te tengo a Ti
&lt;br&gt;
&lt;br&gt;No digas que me vas a dejar
&lt;br&gt;Me opongo a eso, en verdad no te entiendo
&lt;br&gt;De todas maneras no me rendiré
&lt;br&gt;
&lt;br&gt;Te tendré de nuevo
&lt;br&gt;Arriesgaré todo por Ti;
&lt;br&gt;Después de que te fuiste
&lt;br&gt;Dejé a un lado la felicidad..
&lt;br&gt;
&lt;br&gt;Es la canción más triste sobre
&lt;br&gt;La historia de cuando tú me dejaste
&lt;br&gt;Aún así, una vez más; Aún así, una vez más
&lt;br&gt;Aún así, una vez más; Aún así, una vez más..
&lt;br&gt;
&lt;br&gt;¿De qué estás hablando?
&lt;br&gt;Tú nunca podrás dejarme
&lt;br&gt;Aún así, una vez más; Aún así, una vez más
&lt;br&gt;Aún así, una vez más; Aún así, una vez más..
&lt;br&gt;
&lt;br&gt;Esta mágica energía que me rodea eres Tú
&lt;br&gt;Esta mágica energía que me rodea eres Tú
&lt;br&gt;
&lt;br&gt;La historia más triste del mundo
&lt;br&gt;Obviamente es la nuestra;
&lt;br&gt;No me voy a detener, sólo te tengo a Ti
&lt;br&gt;
&lt;br&gt;No digas que me vas a dejar
&lt;br&gt;Me opongo a eso, en verdad no te entiendo
&lt;br&gt;De todas maneras no me rendiré
&lt;br&gt;
&lt;br&gt;Te tendré de nuevo
&lt;br&gt;Arriesgaré todo por Ti;
&lt;br&gt;Después de que te fuiste
&lt;br&gt;Dejé a un lado la felicidad..
&lt;br&gt;
&lt;br&gt;Es la canción más triste sobre
&lt;br&gt;La historia de cuando tú me dejaste
&lt;br&gt;Aún así, una vez más; Aún así, una vez más
&lt;br&gt;Aún así, una vez más; Aún así, una vez más..
&lt;br&gt;
&lt;br&gt;¿De qué estás hablando?
&lt;br&gt;Tú nunca podrás dejarme
&lt;br&gt;Aún así, una vez más; Aún así, una vez más
&lt;br&gt;Aún así, una vez más; Aún así, una vez más..
&lt;br&gt;
&lt;br&gt;Siempre estaré a tu lado, soy tu alma
&lt;br&gt;Soy un ser que no puede hacer nada sin Ti
&lt;br&gt;
&lt;br&gt;Tú, ¿Puedes dejarme ir?
&lt;br&gt;No, no puedes dejarme
&lt;br&gt;Yeah~ Eh~Yeah~ No-Oh~
&lt;br&gt;Oh, No~ Oh Oh
&lt;br&gt;
&lt;br&gt;Es la canción más triste sobre
&lt;br&gt;La historia de cuando tú me dejaste
&lt;br&gt;Aún así, una vez más; Aún así, una vez más
&lt;br&gt;Aún así, una vez más; Aún así, una vez más..
&lt;br&gt;
&lt;br&gt;¿De qué estás hablando?
&lt;br&gt;Tú nunca podrás dejarme
&lt;br&gt;Aún así, una vez más; Aún así, una vez más
&lt;br&gt;Aún así, una vez más; Aún así, una vez más.&lt;/p&gt;
</description>
    </item>
    
    <item>
      <title> Super Man</title>
      <link>http://letraspedia.com/lyric/100-korean-band-super-man/</link>
      <pubDate>Mon, 01 Sep 2008 00:00:00 UTC</pubDate>
      <author>Enthusiastic Hugo User</author>
      <guid>http://letraspedia.com/lyric/100-korean-band-super-man/</guid>
      <description>&lt;p&gt;My Girl
&lt;br&gt;I Wanna Be Your Superhero
&lt;br&gt;I&amp;rsquo;m Always Around You
&lt;br&gt;One Hundred, Lets Beginning
&lt;br&gt;
&lt;br&gt;Neowa~ neowa~
&lt;br&gt;Ham-kke geotgo shipda
&lt;br&gt;Neo-man, ojik neo-man
&lt;br&gt;Jikyeo ju-go shipda
&lt;br&gt;
&lt;br&gt;Hae-ga tteoreo jigo, da-ri tteo-do
&lt;br&gt;Ni gyeotiman isseulkke~
&lt;br&gt;O-neul buteo nan
&lt;br&gt;Neo manui su-peo maen~
&lt;br&gt;
&lt;br&gt;Take My Hand (Hey Girl naege ppajyeosseo)
&lt;br&gt;Hold Me Down (Oh! Dont Stop Me Now)
&lt;br&gt;Take My Hand (And You~ Want My Girl)
&lt;br&gt;Jeol daeneol nochi a-nha
&lt;br&gt;
&lt;br&gt;Neon nuni bushyeo~
&lt;br&gt;(Knock Down, Knock, Knock Down)
&lt;br&gt;Tanseongi jeollo nawa~
&lt;br&gt;(Knock Down, Knock, Knock Down)
&lt;br&gt;I Say &amp;lsquo;Oh Oh Oh Oh-Oh Oh~&amp;rsquo;
&lt;br&gt;Nungireul pae-hatesseo~
&lt;br&gt;
&lt;br&gt;Nae kkumso gaesseo~
&lt;br&gt;(Knock Down, Knock, Knock Down)
&lt;br&gt;Mannatdeon cheonsa gata~
&lt;br&gt;(Knock Down, Knock, Knock Down)
&lt;br&gt;I Say &amp;lsquo;Oh Oh Oh Oh-Oh Oh~&amp;rsquo;
&lt;br&gt;
&lt;br&gt;You Know
&lt;br&gt;Naega pillyo haltten Call My Name
&lt;br&gt;
&lt;br&gt;I&amp;rsquo;m a Superman (Hey! Hey!)
&lt;br&gt;I&amp;rsquo;m a Superman (Hey! Hey!)
&lt;br&gt;Im a Superman (Hey! Hey!)
&lt;br&gt;Im a Superman
&lt;br&gt;
&lt;br&gt;Wae heundeureo daenae
&lt;br&gt;Gaseumeul kungkwang
&lt;br&gt;Georige mandeureo niga mwonde
&lt;br&gt;Nado moreugesseo naui seontaegeun
&lt;br&gt;Jugeotda kkaedo baro neonde
&lt;br&gt;
&lt;br&gt;Nan neoui Shupeomaen Hey~
&lt;br&gt;Neoreul jikilkke maeil, maeil
&lt;br&gt;Follow Me nal mideo bwa
&lt;br&gt;Neo maneul bara bolkke Eh!
&lt;br&gt;
&lt;br&gt;Nan, noga naerigo isseo
&lt;br&gt;Neoui nun bicheul bomyeon
&lt;br&gt;Neomu areumdawo Beautiful
&lt;br&gt;Yeah-eh~
&lt;br&gt;
&lt;br&gt;Take My Hand (Hey Girl naege ppajyeosseo)
&lt;br&gt;Hold Me Down (Oh! Dont Stop Me Now)
&lt;br&gt;Take My Hand (And You~ Want My Girl)
&lt;br&gt;Jeol daeneol nochi a-nha
&lt;br&gt;
&lt;br&gt;Neon nuni bushyeo~
&lt;br&gt;(Knock Down, Knock, Knock Down)
&lt;br&gt;Tanseongi jeollo nawa~
&lt;br&gt;(Knock Down, Knock, Knock Down)
&lt;br&gt;I Say &amp;lsquo;Oh Oh Oh Oh-Oh Oh~&amp;rsquo;
&lt;br&gt;Nungireul pae-hatesseo~
&lt;br&gt;
&lt;br&gt;Nae kkumso gaesseo~
&lt;br&gt;(Knock Down, Knock, Knock Down)
&lt;br&gt;Mannatdeon cheonsa gata~
&lt;br&gt;(Knock Down, Knock, Knock Down)
&lt;br&gt;I Say &amp;lsquo;Oh Oh Oh Oh-Oh Oh~&amp;rsquo;
&lt;br&gt;
&lt;br&gt;You Know
&lt;br&gt;Naega pillyo haltten Call My Name
&lt;br&gt;
&lt;br&gt;I&amp;rsquo;m a Superman (Hey! Hey!)
&lt;br&gt;I&amp;rsquo;m a Superman (Hey! Hey!)
&lt;br&gt;Im a Superman (Hey! Hey!)
&lt;br&gt;Im a Superman
&lt;br&gt;
&lt;br&gt;Neon nuni bushyeo~
&lt;br&gt;(Knock Down, Knock, Knock Down)
&lt;br&gt;(Knock Down, Knock, Knock Down)
&lt;br&gt;I Say &amp;lsquo;Oh Oh Oh Oh-Oh Oh~&amp;rsquo;
&lt;br&gt;Nungireul pae-hatesseo~
&lt;br&gt;
&lt;br&gt;Nae kkumso gaesseo~
&lt;br&gt;(Knock Down, Knock, Knock Down)
&lt;br&gt;Mannatdeon cheonsa gata~
&lt;br&gt;(Knock Down, Knock, Knock Down)
&lt;br&gt;I Say &amp;lsquo;Oh Oh Oh Oh-Oh Oh~&amp;rsquo;
&lt;br&gt;
&lt;br&gt;You Know
&lt;br&gt;Naega pillyo haltten Call My Name
&lt;br&gt;
&lt;br&gt;I&amp;rsquo;m a Superman.&lt;/p&gt;
</description>
    </item>
    
    <item>
      <title> Super Man (en Español)</title>
      <link>http://letraspedia.com/lyric/100-korean-band-super-man-en-espanol/</link>
      <pubDate>Mon, 01 Sep 2008 00:00:00 UTC</pubDate>
      <author>Enthusiastic Hugo User</author>
      <guid>http://letraspedia.com/lyric/100-korean-band-super-man-en-espanol/</guid>
      <description>&lt;p&gt;Mi Chica
&lt;br&gt;Quiero ser tu superhéroe
&lt;br&gt;Siempre estoy a tu alrededor
&lt;br&gt;100, Vamos a comenzar
&lt;br&gt;
&lt;br&gt;Quiero caminar contigo
&lt;br&gt;Quiero protegerte, sólo a Ti
&lt;br&gt;
&lt;br&gt;Cuando el sol descienda y la luna aparezca
&lt;br&gt;Simplemente me quedaré a tu lado
&lt;br&gt;A partir de hoy seré tu Superman~
&lt;br&gt;
&lt;br&gt;Toma mi mano (Hey Nena, me enamoré de Ti)
&lt;br&gt;Abrázame (Oh! No me detengas ahora)
&lt;br&gt;Toma mi mano (Quieres ser mi chica?)
&lt;br&gt;Yo nunca te dejaré ir
&lt;br&gt;
&lt;br&gt;Eres encantadora~
&lt;br&gt;(Knock Down, Knock, Knock Down)
&lt;br&gt;Me haces suspirar~
&lt;br&gt;(Knock Down, Knock, Knock Down)
&lt;br&gt;Digo: &amp;lsquo;Oh Oh Oh Oh-Oh Oh~&amp;rsquo;
&lt;br&gt;Te has robado mi atención
&lt;br&gt;
&lt;br&gt;En mis sueños~
&lt;br&gt;(Knock Down, Knock, Knock Down)
&lt;br&gt;Eres como un ángel~
&lt;br&gt;(Knock Down, Knock, Knock Down)
&lt;br&gt;Digo: &amp;lsquo;Oh Oh Oh Oh-Oh Oh~&amp;rsquo;
&lt;br&gt;
&lt;br&gt;Tú Sabes
&lt;br&gt;Cuando me necesites sólo llámame
&lt;br&gt;
&lt;br&gt;Soy tu Superman (Hey! Hey!)
&lt;br&gt;Soy tu Superman (Hey! Hey!)
&lt;br&gt;Soy tu Superman (Hey! Hey!)
&lt;br&gt;Soy tu Superman
&lt;br&gt;
&lt;br&gt;¿Por qué me inquietas?
&lt;br&gt;Haces que mi corazón se acelere
&lt;br&gt;¿Quién eres tú para hacer eso?
&lt;br&gt;Yo tampoco lo sé
&lt;br&gt;Pero en mis decisiones siempre estás tú
&lt;br&gt;
&lt;br&gt;Soy tu Superman~ Hey~
&lt;br&gt;Todos los días te protegeré
&lt;br&gt;Sígueme, Confía en mí
&lt;br&gt;Yo sólo te miro a Ti Eh!
&lt;br&gt;
&lt;br&gt;Me derrito cada vez que miro tus ojos
&lt;br&gt;Son hermosos, hermosos
&lt;br&gt;Sí ~
&lt;br&gt;
&lt;br&gt;Toma mi mano (Hey Nena, me enamoré de Ti)
&lt;br&gt;Abrázame (Oh! No me detengas ahora)
&lt;br&gt;Toma mi mano (Quieres ser mi chica?)
&lt;br&gt;Yo nunca te dejaré ir
&lt;br&gt;
&lt;br&gt;Eres encantadora~
&lt;br&gt;(Knock Down, Knock, Knock Down)
&lt;br&gt;Me haces suspirar~
&lt;br&gt;(Knock Down, Knock, Knock Down)
&lt;br&gt;Digo: &amp;lsquo;Oh Oh Oh Oh-Oh Oh~&amp;rsquo;
&lt;br&gt;Te has robado mi atención
&lt;br&gt;
&lt;br&gt;En mis sueños~
&lt;br&gt;(Knock Down, Knock, Knock Down)
&lt;br&gt;Eres como un ángel~
&lt;br&gt;(Knock Down, Knock, Knock Down)
&lt;br&gt;Digo: &amp;lsquo;Oh Oh Oh Oh-Oh Oh~&amp;rsquo;
&lt;br&gt;
&lt;br&gt;Tú Sabes
&lt;br&gt;Cuando me necesites sólo llámame
&lt;br&gt;
&lt;br&gt;Soy tu Superman (Hey! Hey!)
&lt;br&gt;Soy tu Superman (Hey! Hey!)
&lt;br&gt;Soy tu Superman (Hey! Hey!)
&lt;br&gt;Soy tu Superman
&lt;br&gt;
&lt;br&gt;Eres encantadora~
&lt;br&gt;(Knock Down, Knock, Knock Down)
&lt;br&gt;(Knock Down, Knock, Knock Down)
&lt;br&gt;Digo: &amp;lsquo;Oh Oh Oh Oh-Oh Oh~&amp;rsquo;
&lt;br&gt;Te has robado mi atención
&lt;br&gt;
&lt;br&gt;En mis sueños~
&lt;br&gt;(Knock Down, Knock, Knock Down)
&lt;br&gt;Eres como un ángel~
&lt;br&gt;(Knock Down, Knock, Knock Down)
&lt;br&gt;Digo: &amp;lsquo;Oh Oh Oh Oh-Oh Oh~&amp;rsquo;
&lt;br&gt;
&lt;br&gt;Tú Sabes
&lt;br&gt;Cuando me necesites sólo llámame
&lt;br&gt;
&lt;br&gt;Soy tu Superman.&lt;/p&gt;
</description>
    </item>
    
    <item>
      <title> Want U Back</title>
      <link>http://letraspedia.com/lyric/100-korean-band-want-u-back/</link>
      <pubDate>Mon, 01 Sep 2008 00:00:00 UTC</pubDate>
      <author>Enthusiastic Hugo User</author>
      <guid>http://letraspedia.com/lyric/100-korean-band-want-u-back/</guid>
      <description>&lt;p&gt;Want You Back, Want You Back
&lt;br&gt;(Want You Back Girl)
&lt;br&gt;
&lt;br&gt;Dareun namjaui soneul jabado ajikdo
&lt;br&gt;(Want You Back)
&lt;br&gt;Amu maldo hal suga eopda nan ijen nam
&lt;br&gt;(Want You Back)
&lt;br&gt;Nal tteonan niga, dareun namjaga saen-gyeotda
&lt;br&gt;(Now Its Over, But Im Still Your Lover)
&lt;br&gt;
&lt;br&gt;Jiwo beoryeo yaman hae, ijeo yaman hae
&lt;br&gt;Jeonwa gireul deureotda, georeotda mal-da
&lt;br&gt;
&lt;br&gt;Noryeo kaebwado, nugul mannado, soyongi eopgo
&lt;br&gt;(Oh-Oh~) Nuneul gamgo saenga kaebwa
&lt;br&gt;I Dont Wanna Let You Go~
&lt;br&gt;
&lt;br&gt;Nae oreun sonen hangsang
&lt;br&gt;Ni jageun soneul japgo geotgo naesseo
&lt;br&gt;ijen dareun saram pu-messeo
&lt;br&gt;Ne-o jaga seo isseo!
&lt;br&gt;(Want You Back Girl)
&lt;br&gt;
&lt;br&gt;Want You Back Girl~
&lt;br&gt;Deo nae-ga deojal hal-ge
&lt;br&gt;(Bad Girl) Da-neo yaege da-hae julge
&lt;br&gt;(Oh No!) O michi gaetda neottaeme
&lt;br&gt;Jiwodo, ijeodo, eojeol suga eobtjana
&lt;br&gt;
&lt;br&gt;Want You Back, Want You Back
&lt;br&gt;Want You Back, Want You Back
&lt;br&gt;Want You Back, Want You Back
&lt;br&gt;Want You Back, Want You Back
&lt;br&gt;
&lt;br&gt;Na gateun namja neun eobseo
&lt;br&gt;What You Waiting For
&lt;br&gt;
&lt;br&gt;Haru yeol du beondo deo
&lt;br&gt;Neowa geotdeon, georireul saengakhae
&lt;br&gt;Nunbit araekkaji chan nunmuri
&lt;br&gt;Neo hante dachi mothago jeung bal-hae
&lt;br&gt;ireon nareul arabwa, uri ireo mandae janha
&lt;br&gt;Ni yeopen-na, nae yeopen neo jana But Now
&lt;br&gt;Eodi ganneun jim~ odu ku-min~ deutae i malkaji
&lt;br&gt;
&lt;br&gt;Nal bara bo-deon du-neun
&lt;br&gt;Dareun sarameun bojima na-man bwa
&lt;br&gt;Neo eobshin mi-chyeo ga-nabwa
&lt;br&gt;Niga pillyohae dorawa!
&lt;br&gt;(Want You Back Girl)
&lt;br&gt;
&lt;br&gt;Want You Back Girl~
&lt;br&gt;Deo nae-ga deojal hal-ge
&lt;br&gt;(Bad Girl) Da-neo yaege da-hae julge
&lt;br&gt;(Oh No!) O michi gaetda neottaeme
&lt;br&gt;Jiwodo, ijeodo, eojeol suga eobtjana
&lt;br&gt;
&lt;br&gt;Want You Back, Want You Back
&lt;br&gt;Want You Back, Want You Back
&lt;br&gt;Want You Back, Want You Back
&lt;br&gt;Want You Back, Want You Back
&lt;br&gt;
&lt;br&gt;Dorawa-nae mam boini, nae mami deullini~
&lt;br&gt;Nae gyeote neon imi, tteo-na ga eobtja-a-nah~
&lt;br&gt;(Want You Back Girl)
&lt;br&gt;
&lt;br&gt;Want You Back Girl~ (Yeah~)
&lt;br&gt;Deo nae-ga deojal hal-ge
&lt;br&gt;(Bad Girl) Da-neo yaege da-hae julge
&lt;br&gt;(Oh No!) O michi gaetda neottaeme (Eh!)
&lt;br&gt;Jiwodo, ijeodo, eojeol suga eobtjanha~
&lt;br&gt;
&lt;br&gt;Want You Back, Want You Back (Woo-Oh~)
&lt;br&gt;Want You Back, Want You Back (Want U Back Girl)
&lt;br&gt;Want You Back, Want You Back (Want U Back!)
&lt;br&gt;Want You Back, Want You Back.&lt;/p&gt;
</description>
    </item>
    
    <item>
      <title> Want U Back (en Español)</title>
      <link>http://letraspedia.com/lyric/100-korean-band-want-u-back-en-espanol/</link>
      <pubDate>Mon, 01 Sep 2008 00:00:00 UTC</pubDate>
      <author>Enthusiastic Hugo User</author>
      <guid>http://letraspedia.com/lyric/100-korean-band-want-u-back-en-espanol/</guid>
      <description>&lt;p&gt;Quiero que vuelvas
&lt;br&gt;Quiero que vuelvas
&lt;br&gt;(Quiero que vuelvas Nena)
&lt;br&gt;
&lt;br&gt;Aunque andes de la mano con otro chico
&lt;br&gt;(Quiero que regreses)
&lt;br&gt;No puedo decir nada, ahora soy un extraño
&lt;br&gt;(Quiero que regreses)
&lt;br&gt;Me dejaste y encontraste a alguien más
&lt;br&gt;Lo nuestro se acabó, pero sigo siendo tu amor
&lt;br&gt;
&lt;br&gt;Necesito borrarte, Necesito olvidarte
&lt;br&gt;Tomo mi teléfono para hablarte pero no lo hago
&lt;br&gt;Me decido a llamarte pero enseguida cuelgo
&lt;br&gt;
&lt;br&gt;Intento conocer otras chicas pero no sirve de nada
&lt;br&gt;Cierro mis ojos y pienso en ti, no quiero dejarte ir
&lt;br&gt;
&lt;br&gt;Siempre caminábamos tomados de la mano
&lt;br&gt;Pero ahora estás allí, en los brazos de otro!~
&lt;br&gt;(Nena, quiero que vuelvas)
&lt;br&gt;
&lt;br&gt;Quiero que regreses Nena~
&lt;br&gt;Te trataré mejor
&lt;br&gt;(Chica Mala) Haré todo por Ti
&lt;br&gt;(Oh No!) Me estás volviendo loco
&lt;br&gt;Trato de borrarte, trato de olvidarte
&lt;br&gt;Pero no puedo..
&lt;br&gt;
&lt;br&gt;Quiero que vuelvas, Quiero que vuelvas
&lt;br&gt;Quiero que vuelvas, Quiero que vuelvas
&lt;br&gt;Quiero que vuelvas, Quiero que vuelvas
&lt;br&gt;Quiero que vuelvas, Quiero que vuelvas
&lt;br&gt;
&lt;br&gt;No hay ningún otro chico como yo
&lt;br&gt;Entonces ¿Qué estás esperando?
&lt;br&gt;
&lt;br&gt;Pienso en las calles donde caminábamos
&lt;br&gt;Mis ojos se llenan de lágrimas que
&lt;br&gt;desaparecen antes de llegar a Ti
&lt;br&gt;Mírame, no podemos estar así
&lt;br&gt;Estaba a tu lado, Tú estabas a mi lado
&lt;br&gt;Pero ahora.. ¿Dónde estás?
&lt;br&gt;Aunque esté diciendo esto
&lt;br&gt;Todo parece un sueño
&lt;br&gt;
&lt;br&gt;Tus ojos sólo me miraban a mí
&lt;br&gt;No mires a nadie más, sólo mírame a mí
&lt;br&gt;Estoy enloqueciendo sin Ti
&lt;br&gt;Te Necesito, Vuelve
&lt;br&gt;(Nena, quiero que vuelvas)
&lt;br&gt;
&lt;br&gt;Quiero que regreses Nena~
&lt;br&gt;Te trataré mejor
&lt;br&gt;(Chica Mala) Haré todo por Ti
&lt;br&gt;(Oh No!) Me estás volviendo loco
&lt;br&gt;Trato de borrarte, trato de olvidarte
&lt;br&gt;Pero no puedo..
&lt;br&gt;
&lt;br&gt;Quiero que vuelvas, Quiero que vuelvas
&lt;br&gt;Quiero que vuelvas, Quiero que vuelvas
&lt;br&gt;Quiero que vuelvas, Quiero que vuelvas
&lt;br&gt;Quiero que vuelvas, Quiero que vuelvas
&lt;br&gt;
&lt;br&gt;Regresa.. ¿Puedes sentir mi corazón?
&lt;br&gt;¿Puedes escuchar mi corazón?
&lt;br&gt;Tú me dejaste y te fuiste de mi lado
&lt;br&gt;(Nena, quiero que vuelvas)
&lt;br&gt;
&lt;br&gt;Quiero que regreses Nena~
&lt;br&gt;Te trataré mejor
&lt;br&gt;(Chica Mala) Haré todo por Ti
&lt;br&gt;(Oh No!) Me estás volviendo loco
&lt;br&gt;Trato de borrarte, trato de olvidarte
&lt;br&gt;Pero no puedo..
&lt;br&gt;
&lt;br&gt;Quiero que vuelvas, Quiero que vuelvas
&lt;br&gt;Quiero que vuelvas, Quiero que vuelvas
&lt;br&gt;Quiero que vuelvas, Quiero que vuelvas
&lt;br&gt;Quiero que vuelvas, Quiero que vuelvas.&lt;/p&gt;
</description>
    </item>
    
    <item>
      <title> Why</title>
      <link>http://letraspedia.com/lyric/100-korean-band-why/</link>
      <pubDate>Mon, 01 Sep 2008 00:00:00 UTC</pubDate>
      <author>Enthusiastic Hugo User</author>
      <guid>http://letraspedia.com/lyric/100-korean-band-why/</guid>
      <description>&lt;p&gt;Apatdeon irindeul
&lt;br&gt;Chama gatji mothal bamin deul
&lt;br&gt;Hae~ neomgin sarang-i
&lt;br&gt;Naege-tto~ nam neunda
&lt;br&gt;
&lt;br&gt;Uh~ Hoo~ eojeon dana
&lt;br&gt;Uh~ Hoo~ jichyeo nan
&lt;br&gt;Haeseossi, reumae bwado
&lt;br&gt;Back To naegero, Oh~
&lt;br&gt;
&lt;br&gt;Neul milgo-milgo-milgo danggyeo neo
&lt;br&gt;Meoreo jimyeon dashi dagawa
&lt;br&gt;Na malgo-malgo-malgo dareun
&lt;br&gt;Sarami inneun geoni?~
&lt;br&gt;
&lt;br&gt;Uh~ Hoo-Hoo Hoo~ No, No
&lt;br&gt;Uh~ Hoo-Hoo Hoo~ No, No
&lt;br&gt;Nan dwaeche mwoni ireoda?
&lt;br&gt;Michil geot gata
&lt;br&gt;
&lt;br&gt;Wae jakku watda gatda nae
&lt;br&gt;mameul heundeureo? Oh~
&lt;br&gt;Ireoke, ireoke, nan apeunde
&lt;br&gt;
&lt;br&gt;Wae jakku nae ape boyeo?
&lt;br&gt;Wae jakku nal nochi anni?
&lt;br&gt;Idaero, idaero, jaemi-inni?~
&lt;br&gt;
&lt;br&gt;Eh, chingu deureun niga
&lt;br&gt;nareul gatgo noneun geora hae
&lt;br&gt;Deureo bomyeon kkwaena
&lt;br&gt;matneun mari gineun hae
&lt;br&gt;Eojjeoji maeum dandanhi meokgo
&lt;br&gt;neoreul an-boryeogo waedo
&lt;br&gt;
&lt;br&gt;Cheonsa gateun miso
&lt;br&gt;baral geoshi eobseo
&lt;br&gt;Eoneusae neon ulgo isseo
&lt;br&gt;Eojjeol jureul molla, almyeon seodo molla
&lt;br&gt;Neon geusae nareul dashi gajyeotda
&lt;br&gt;
&lt;br&gt;Naneun ijeum, ijeum, dwen geoni?
&lt;br&gt;Dashi dora holja shinni?
&lt;br&gt;A-ra~ nal gajin geon
&lt;br&gt;Gyeolguk neoran geol~
&lt;br&gt;
&lt;br&gt;Uh~ Hoo-Hoo Hoo~ No, No
&lt;br&gt;Uh~ Hoo-Hoo Hoo~ No, No
&lt;br&gt;Nan daeche mwoni ireoda?
&lt;br&gt;Michil geot gata
&lt;br&gt;
&lt;br&gt;Wae jakku watda gatda nae
&lt;br&gt;mameul heundeureo? Oh~
&lt;br&gt;Ireoke, ireoke, nan apeunde
&lt;br&gt;
&lt;br&gt;Wae jakku nae ape boyeo?
&lt;br&gt;Wae jakku nal nochi anni?
&lt;br&gt;Idaero, idaero, jaemi-inni?~
&lt;br&gt;
&lt;br&gt;Apado neol gajiljido
&lt;br&gt;moreun daneun saenggage
&lt;br&gt;Ni gyeote meo mureumyeo maeum joriji
&lt;br&gt;
&lt;br&gt;Neoui namja chingun geujeo chingurago haji
&lt;br&gt;Naui yeoja chingun geuman mannarago haji
&lt;br&gt;Neoye geunun mureun moya
&lt;br&gt;Neoye geuki seuneun moya
&lt;br&gt;
&lt;br&gt;Neowa na du-ri isseul ttaen
&lt;br&gt;Bunmyeong yeonin inde hanira ha-ji
&lt;br&gt;You Belong To Me, geumanhae
&lt;br&gt;Nal boneun ni-nunbit ara neon, naega pillyohae!~
&lt;br&gt;
&lt;br&gt;Wae jakku watda gatda nae
&lt;br&gt;mameul heundeureo? Oh~
&lt;br&gt;Ireoke, ireoke, nan apeunde
&lt;br&gt;
&lt;br&gt;Wae jakku nae ape boyeo?
&lt;br&gt;Wae jakku nal nochi anni?
&lt;br&gt;Idaero, idaero, jaemi-inni?~
&lt;br&gt;
&lt;br&gt;Nan gojang naseo beoryeo (Uhh~)
&lt;br&gt;Jinjang nangam manyang
&lt;br&gt;Hanguseoge neomaneul gidarimyeo
&lt;br&gt;Chueogina doesae gimyeo saragane
&lt;br&gt;Sumeul swijiman saragane (Yeah, Yeah~)
&lt;br&gt;Sumeul swijiman jugeun geot gata
&lt;br&gt;Utgo itjiman uneun geot gata
&lt;br&gt;Naega eotteon pyojeonginji naega eotteon mau
&lt;br&gt;Minji nado nareul moreugesseo.&lt;/p&gt;
</description>
    </item>
    
  </channel>
</rss>