<?xml version="1.0" encoding="utf-8" standalone="yes" ?>
<rss version="2.0" xmlns:atom="http://www.w3.org/2005/Atom">
  <channel>
      <title>2 Up on Letraspedia.com thes best lyrics page </title>
    <link>http://letraspedia.com/artist/2-up/</link>
    <language>en-US</language>
    <author>Enthusiastic Hugo User</author>
    <rights>Copyright (c) 2014, Enthusiastic Hugo User; all rights reserved.</rights>
    <updated>Mon, 01 Sep 2008 00:00:00 UTC</updated>
    
    <item>
      <title> Why Do I Try So Hard</title>
      <link>http://letraspedia.com/lyric/2-up-why-do-i-try-so-hard/</link>
      <pubDate>Mon, 01 Sep 2008 00:00:00 UTC</pubDate>
      <author>Enthusiastic Hugo User</author>
      <guid>http://letraspedia.com/lyric/2-up-why-do-i-try-so-hard/</guid>
      <description>&lt;p&gt;Could someone tell me what up with these try-hard homies&lt;br /&gt;their caps back to front but i think they&amp;#39;re phonies&lt;br /&gt;theyre hangin with the crew decked out in fubu &lt;br /&gt;the lastest nike sneaker is their choice of shoe&lt;br /&gt;the extra triple large pants so big theyre saggin&lt;br /&gt;with the pimp bit their leg theyd be draggin&lt;br /&gt;in the hood you know youre not a real g &lt;br /&gt;unless you spell phat p-h-a-t&lt;br /&gt;the local shopping center is the place you hang&lt;br /&gt;chilling with ya bitch and the rest of the gang&lt;br /&gt;comparing knives shootin dice and working on your plan&lt;br /&gt;to become an aussie version of the wu-tang clan&lt;br /&gt;alright, thats enough, you gotta stop but please,&lt;br /&gt;this aint new york city or los angeles &lt;br /&gt;cause theres no lbc in the ldb &lt;br /&gt;no snoop doggy dogg or worry g&lt;br /&gt;You have gotta be kidding or joking, or just smoking&lt;br /&gt;your tracksuits bright green and youre looking like a fashion fiend&lt;br /&gt;to some, but others seem to like it a ton&lt;br /&gt;oh, shit, theyve got the same one on!&lt;br /&gt;hang on, hang on, i think i know whats goin on &lt;br /&gt;you feel more hardcore when you dress this way&lt;br /&gt;the aussie colour gangs at the shops you hang&lt;br /&gt;comin back every day like a boomerang&lt;br /&gt;doin criminal things as your nokia rings&lt;br /&gt;mum is callin you home you got a family thing&lt;br /&gt;what a cutesy wootsy little gangsta g&lt;br /&gt;harass me when youre runnin home for tea&lt;br /&gt;your just rich boys wishin you was black or poor&lt;br /&gt;spending days smoking crack and patronizing whores&lt;br /&gt;but you dont, you wont, and your starting to smirk&lt;br /&gt;cause when you turn seventeen your dadll buy you the merch&lt;br /&gt;man, ive been to la ive seen the ganstas chill&lt;br /&gt;believe me boys it aint nothing like the hills&lt;br /&gt;so check yourself b4 you wreck yourself&lt;br /&gt;get the fashion araising and correct yourself&lt;br /&gt;but if youre down your dressing like a clown thats it&lt;br /&gt;just stop givin me shit when im tryin to catch a flick&lt;br /&gt;(scratching)&lt;br /&gt;The gangs are gathered round the front of gracie brothers&lt;br /&gt;theyre too young to drive so theyre waiting on their mothers&lt;br /&gt;to come pick them up and take them home&lt;br /&gt;that&amp;#39;s why they&amp;#39;ve got that flashy new mobile phone&lt;br /&gt;then, you&amp;#39;ve got the ones who are on their ps &lt;br /&gt;with a license in hand and a set of keys&lt;br /&gt;doin laps of the local neighborhood&lt;br /&gt;thinking theyre looking so damn good&lt;br /&gt;the car is lowered, the windows tinted &lt;br /&gt;but what a fuckin shame that the spoilers dinted&lt;br /&gt;id guess it doesn&amp;#39;t matter when you&amp;#39;ve got a sick system&lt;br /&gt;that goes so loud the whole world can listen &lt;br /&gt;to your doof, doof crap &lt;br /&gt;and your gangsta rap&lt;br /&gt;no room for more than 2 with the woofers in the back&lt;br /&gt;the boys in the hood, they never looked this good&lt;br /&gt;if you could change your skin colour well id bet you would&lt;br /&gt;but that aint gonna happen, so i guess youre just a wigger&lt;br /&gt;at least youre looking cool in your tommy hill figure&lt;br /&gt;(scratching)&lt;br /&gt;This is not about race religion or colour or creed&lt;br /&gt;cause theres dicks in every part of the world, you see&lt;br /&gt;this is bout teenyboppers hangin out at the shops&lt;br /&gt;wastin all my time, its my path they cross&lt;br /&gt;with your fists firmly clenched and your arms extended&lt;br /&gt;you stand at me and now youre offended?&lt;br /&gt;if i was tough enough, id knock your ass to the floor&lt;br /&gt;but im not so ill laugh and make a run for the door&lt;br /&gt;you really think, youre looking like a gansta rapper&lt;br /&gt;like ice cubes hanging out in parramatta&lt;br /&gt;you get a whizzer food court so whats the deal?&lt;br /&gt;some call it harlarm others call it westfield&lt;br /&gt;so fuck you if youre wearing detus&lt;br /&gt;and just kidding if you ever get to meet us&lt;br /&gt;and if you fall for that, man youre as dumb as you look&lt;br /&gt;cause when it comes to looking stupid, boy you wrote the book&lt;br /&gt;(scratching)&lt;br /&gt;&lt;br&gt;&lt;/p&gt;
</description>
    </item>
    
  </channel>
</rss>