<?xml version="1.0" encoding="utf-8" standalone="yes" ?>
<rss version="2.0" xmlns:atom="http://www.w3.org/2005/Atom">
  <channel>
      <title>2ways on Letraspedia.com thes best lyrics page </title>
    <link>http://letraspedia.com/artist/2ways/</link>
    <language>en-US</language>
    <author>Enthusiastic Hugo User</author>
    <rights>Copyright (c) 2014, Enthusiastic Hugo User; all rights reserved.</rights>
    <updated>Mon, 01 Sep 2008 00:00:00 UTC</updated>
    
    <item>
      <title> Esta Distancia</title>
      <link>http://letraspedia.com/lyric/2ways-esta-distancia/</link>
      <pubDate>Mon, 01 Sep 2008 00:00:00 UTC</pubDate>
      <author>Enthusiastic Hugo User</author>
      <guid>http://letraspedia.com/lyric/2ways-esta-distancia/</guid>
      <description>&lt;p&gt;Nick:
&lt;br&gt;Esta distancia que no aguanta el corazón
&lt;br&gt;que es capas de dañar la ilusión
&lt;br&gt;te siento cerca aunque estés tan lejos
&lt;br&gt;ya no puedo estar tan lejos de ti
&lt;br&gt;es difícil tenerte y no poderte sentir
&lt;br&gt;
&lt;br&gt;Jhonka:
&lt;br&gt;y una pantalla no ayuda a olvidar
&lt;br&gt;el dolor que esta distancia ha podido causar
&lt;br&gt;y un simple teléfono no ayuda a escuchar
&lt;br&gt;los latidos en mi pecho y el amor que llevo dentro
&lt;br&gt;hacia ti, por ti para ti, cuanto te extraño regresa a mi
&lt;br&gt;es que eres tu mi razón de vivir
&lt;br&gt;aunque este aquí mi corazón esta junto a ti
&lt;br&gt;
&lt;br&gt;y una pantalla no ayuda a olvidar el dolor
&lt;br&gt;(Nick: Esta distancia que no aguanta el corazón
&lt;br&gt;que es capas de dañar la ilusión
&lt;br&gt;te siento cerca aunque estés tan lejos)
&lt;br&gt;es que es tan difícil estar así
&lt;br&gt;yo no puedo estar sin ti luchando con este amor que es
&lt;br&gt;para ti, para ti
&lt;br&gt;Cuanto te extraño regresa a mi es que eres tu
&lt;br&gt;mi razón de vivir
&lt;br&gt;aunque este aquí mi corazón esta junto a ti&lt;/p&gt;
</description>
    </item>
    
    <item>
      <title> Una Mentira</title>
      <link>http://letraspedia.com/lyric/2ways-una-mentira/</link>
      <pubDate>Mon, 01 Sep 2008 00:00:00 UTC</pubDate>
      <author>Enthusiastic Hugo User</author>
      <guid>http://letraspedia.com/lyric/2ways-una-mentira/</guid>
      <description>&lt;p&gt;Jhonka:
&lt;br&gt;
&lt;br&gt;hey, si tu unico argumento
&lt;br&gt;es un  simple lo siento
&lt;br&gt;ya que haces aqui
&lt;br&gt;siempre pensé
&lt;br&gt;que era diferente esta vez
&lt;br&gt;pero me equivoque
&lt;br&gt;otravez no temo a caer
&lt;br&gt;
&lt;br&gt;Coro:
&lt;br&gt;tu amor nunca existió
&lt;br&gt;fue una mentira
&lt;br&gt;que hoy alimenta el dolor
&lt;br&gt;si te vas, que te vaya bien
&lt;br&gt;sera el tiempo el que te ayude a enteder
&lt;br&gt;
&lt;br&gt;Que te amé
&lt;br&gt;te valoré
&lt;br&gt;pero tarde me enteré
&lt;br&gt;que tu, fuiste la mujer de mis sueños
&lt;br&gt;hasta que desperte
&lt;br&gt;
&lt;br&gt;Nick:
&lt;br&gt;
&lt;br&gt;No extraño tu mirada
&lt;br&gt;tu ya no me haces falta y yo
&lt;br&gt;me acostumbre a vivir sin ti
&lt;br&gt;no espero tu llamada
&lt;br&gt;ya no quiero mas de ti
&lt;br&gt;Tu eres un pasado que no quiero repetir
&lt;br&gt;
&lt;br&gt;Coro:
&lt;br&gt;tu amor nunca existió
&lt;br&gt;fue una mentira
&lt;br&gt;que hoy alimenta el dolor
&lt;br&gt;si te vas, que te vaya bien
&lt;br&gt;sera el tiempo el que te ayude a enteder
&lt;br&gt;
&lt;br&gt;Que te amé
&lt;br&gt;te valoré
&lt;br&gt;pero tarde me enteré
&lt;br&gt;que tu, Fuiste la mujer de mis sueños
&lt;br&gt;hasta que desperte
&lt;br&gt;
&lt;br&gt;tu amor nunca existió
&lt;br&gt;fue una mentira
&lt;br&gt;que hoy alimenta el dolor&amp;hellip;(Sera el tiempo).&lt;/p&gt;
</description>
    </item>
    
  </channel>
</rss>