<?xml version="1.0" encoding="utf-8" standalone="yes" ?>
<rss version="2.0" xmlns:atom="http://www.w3.org/2005/Atom">
  <channel>
      <title>2am Club on Letraspedia.com thes best lyrics page </title>
    <link>http://letraspedia.com/artist/2am-club/</link>
    <language>en-US</language>
    <author>Enthusiastic Hugo User</author>
    <rights>Copyright (c) 2014, Enthusiastic Hugo User; all rights reserved.</rights>
    <updated>Mon, 01 Sep 2008 00:00:00 UTC</updated>
    
    <item>
      <title> Every Evening</title>
      <link>http://letraspedia.com/lyric/2am-club-every-evening/</link>
      <pubDate>Mon, 01 Sep 2008 00:00:00 UTC</pubDate>
      <author>Enthusiastic Hugo User</author>
      <guid>http://letraspedia.com/lyric/2am-club-every-evening/</guid>
      <description>&lt;p&gt;Sleeping through the day
&lt;br&gt;wake up with champagne roll me a (ay)
&lt;br&gt;I told my mother I would quit
&lt;br&gt;what can I say
&lt;br&gt;I&amp;rsquo;m still breathing
&lt;br&gt;falling in love every evening
&lt;br&gt;so we just gonna stay
&lt;br&gt;teenage dreamers born this way
&lt;br&gt;I told my mother I&amp;rsquo;d grow up
&lt;br&gt;what can I say
&lt;br&gt;I&amp;rsquo;m still breathing
&lt;br&gt;falling in love every evening
&lt;br&gt;
&lt;br&gt;now I&amp;rsquo;m feeling young
&lt;br&gt;I&amp;rsquo;m staying out late like its never been done
&lt;br&gt;I&amp;rsquo;m using my heart like I got nothing to lose
&lt;br&gt;like I&amp;rsquo;ve been handed the keys to every door that I choose
&lt;br&gt;we throw off our clothes and we jump in the pool
&lt;br&gt;and every emotion is feeling like new
&lt;br&gt;and we&amp;rsquo;re on the posters and we&amp;rsquo;re on the news
&lt;br&gt;but we wouldn&amp;rsquo;t care if they never knew
&lt;br&gt;our skin is burning we&amp;rsquo;re up on the roof
&lt;br&gt;we&amp;rsquo;ve been here for days and I can&amp;rsquo;t find my shoes
&lt;br&gt;I can&amp;rsquo;t find my cell and I can&amp;rsquo;t find my girl
&lt;br&gt;and I wouldn&amp;rsquo;t wanna be anywhere in the world
&lt;br&gt;
&lt;br&gt;sleeping through the day
&lt;br&gt;wake up with champagne roll me a (ay)
&lt;br&gt;I told my mother I would quit
&lt;br&gt;what can I say
&lt;br&gt;I&amp;rsquo;m still breathing
&lt;br&gt;falling in love every evening
&lt;br&gt;so we just gonna stay
&lt;br&gt;teenage dreamers born this way
&lt;br&gt;I told my mother I&amp;rsquo;d grow up
&lt;br&gt;what can I say
&lt;br&gt;I&amp;rsquo;m still breathing
&lt;br&gt;falling in love every evening
&lt;br&gt;
&lt;br&gt;now I&amp;rsquo;m feeling high
&lt;br&gt;we&amp;rsquo;re driving fast now like we&amp;rsquo;ll never die
&lt;br&gt;pulling me close now her pupils are wide
&lt;br&gt;and I see the future when I look in the sky
&lt;br&gt;its giving me goosebumps the permanent kind
&lt;br&gt;our bellies are warm now I think I can fly
&lt;br&gt;we sit on the beach and she looks in my eyes
&lt;br&gt;tells me I&amp;rsquo;m crazy and I tell her she&amp;rsquo;s right
&lt;br&gt;I feel amazing we&amp;rsquo;re pulling the blinds
&lt;br&gt;pouring the champagne and painting the night
&lt;br&gt;listening loud now to diamonds and pearls
&lt;br&gt;and I wouldn&amp;rsquo;t wanna be anywhere in the world
&lt;br&gt;
&lt;br&gt;sleeping through the day
&lt;br&gt;wake up with champagne roll me a (ay)
&lt;br&gt;I told my mother I would quit
&lt;br&gt;what can I say
&lt;br&gt;I&amp;rsquo;m still breathing
&lt;br&gt;falling in love every evening
&lt;br&gt;so we just gonna stay
&lt;br&gt;teenage dreamers born this way
&lt;br&gt;I told my mother I&amp;rsquo;d grow up
&lt;br&gt;what can I say
&lt;br&gt;I&amp;rsquo;m still breathing
&lt;br&gt;falling in love every evening
&lt;br&gt;
&lt;br&gt;I don&amp;rsquo;t wanna sleep tonight
&lt;br&gt;I don&amp;rsquo;t wanna sleep tonight
&lt;br&gt;open your eyes
&lt;br&gt;open wide
&lt;br&gt;watch the city come to life
&lt;br&gt;
&lt;br&gt;sleeping through the day
&lt;br&gt;wake up with champagne roll me a (ay)
&lt;br&gt;I told my mother I would quit
&lt;br&gt;what can I say
&lt;br&gt;I&amp;rsquo;m still breathing
&lt;br&gt;falling in love every evening
&lt;br&gt;so we just gonna stay
&lt;br&gt;teenage dreamers born this way
&lt;br&gt;I told my mother I&amp;rsquo;d grow up
&lt;br&gt;what can I say
&lt;br&gt;I&amp;rsquo;m still breathing
&lt;br&gt;falling in love every evening.&lt;/p&gt;
</description>
    </item>
    
    <item>
      <title> Faster Babe</title>
      <link>http://letraspedia.com/lyric/2am-club-faster-babe/</link>
      <pubDate>Mon, 01 Sep 2008 00:00:00 UTC</pubDate>
      <author>Enthusiastic Hugo User</author>
      <guid>http://letraspedia.com/lyric/2am-club-faster-babe/</guid>
      <description>&lt;p&gt;Letra no disponible&lt;/p&gt;
</description>
    </item>
    
    <item>
      <title> Flashing Room</title>
      <link>http://letraspedia.com/lyric/2am-club-flashing-room/</link>
      <pubDate>Mon, 01 Sep 2008 00:00:00 UTC</pubDate>
      <author>Enthusiastic Hugo User</author>
      <guid>http://letraspedia.com/lyric/2am-club-flashing-room/</guid>
      <description>&lt;p&gt;In the back of this Nissan
&lt;br&gt;You make me so hot
&lt;br&gt;I love you on fire
&lt;br&gt;Thats just what this songs about
&lt;br&gt;Hair pressed against the skin
&lt;br&gt;My fingers on your blouse
&lt;br&gt;Ill keep you in my mouth
&lt;br&gt;And hope to never take you out
&lt;br&gt;
&lt;br&gt;This means more than love in a flashing room
&lt;br&gt;And those clothes your fashion it dies too soon
&lt;br&gt;So lose those the floor is where they should be
&lt;br&gt;I tear down your walls and you set me free
&lt;br&gt;
&lt;br&gt;Nothing can take me from her
&lt;br&gt;She keeps me on the ground
&lt;br&gt;Nothing can take me from her
&lt;br&gt;She never would leave me down
&lt;br&gt;
&lt;br&gt;In the back of this Vegas lot
&lt;br&gt;You make my heart stop
&lt;br&gt;I love your clothes off
&lt;br&gt;But thats not what this songs about
&lt;br&gt;Legs over the stick shift
&lt;br&gt;You let the cloth rip
&lt;br&gt;Your fingers on my kiss
&lt;br&gt;Got me wrapped around your wrists
&lt;br&gt;
&lt;br&gt;This means more than love in a five star suite
&lt;br&gt;And much more than kissing on easy street
&lt;br&gt;And rooftops in cities that never sleep
&lt;br&gt;they all search for something like you and me
&lt;br&gt;
&lt;br&gt;Nothing can take me from her
&lt;br&gt;She keeps me on the ground
&lt;br&gt;Nothing can take me from her
&lt;br&gt;She never would leave me down
&lt;br&gt;
&lt;br&gt;You don&amp;rsquo;t even believe me
&lt;br&gt;Would it hurt to try
&lt;br&gt;I&amp;rsquo;d say you could complete me
&lt;br&gt;But there&amp;rsquo;s no you in I
&lt;br&gt;Will I be here next year hold that next tear in your eye
&lt;br&gt;You know that I come every time you cry
&lt;br&gt;
&lt;br&gt;In the back of this LA cab
&lt;br&gt;You drive me so mad
&lt;br&gt;Hold you til my hands bled
&lt;br&gt;Thats the red I wish I had
&lt;br&gt;So much between us now
&lt;br&gt;Oceans but Id swim out
&lt;br&gt;Ill keep you in my mouth
&lt;br&gt;And hope to never take you out
&lt;br&gt;
&lt;br&gt;This means more than love on a silver screen
&lt;br&gt;And much more than love in a magazine
&lt;br&gt;And sweat beads you give me all i need
&lt;br&gt;And this room it flashes for you and me
&lt;br&gt;
&lt;br&gt;Nothing can take me from her
&lt;br&gt;Im taking her on the ground
&lt;br&gt;Nothing can take me from her
&lt;br&gt;She never would leave me down&lt;/p&gt;
</description>
    </item>
    
    <item>
      <title> Let My Down Easy</title>
      <link>http://letraspedia.com/lyric/2am-club-let-my-down-easy/</link>
      <pubDate>Mon, 01 Sep 2008 00:00:00 UTC</pubDate>
      <author>Enthusiastic Hugo User</author>
      <guid>http://letraspedia.com/lyric/2am-club-let-my-down-easy/</guid>
      <description>&lt;p&gt;She left her clothes in Kansas
&lt;br&gt;Ever since we steped on campus
&lt;br&gt;Ever since she left her classes
&lt;br&gt;So she could fill some glasses
&lt;br&gt;She want a photograph
&lt;br&gt;8 by 11 dreams
&lt;br&gt;She&amp;rsquo;s got that self-worth
&lt;br&gt;She learned at 17
&lt;br&gt;
&lt;br&gt;And I could work with that
&lt;br&gt;Been working all week
&lt;br&gt;She&amp;rsquo;s been flirtin all night
&lt;br&gt;Wishing she could own me
&lt;br&gt;But I come with a lot of baggage
&lt;br&gt;And a lot of ego, and a lot of fashion
&lt;br&gt;Just give me that college magic
&lt;br&gt;And I could probably make tonight pop
&lt;br&gt;And she said:
&lt;br&gt;
&lt;br&gt;Let me down easy
&lt;br&gt;Or stay with me tonight
&lt;br&gt;Let me down easy
&lt;br&gt;Or stay with me tonight
&lt;br&gt;
&lt;br&gt;She left her cares on the bedpost
&lt;br&gt;Next to the lipstick and the mentos
&lt;br&gt;Savian and a candy necklace
&lt;br&gt;She goes to places her friends won&amp;rsquo;t
&lt;br&gt;She&amp;rsquo;s in the backyeard
&lt;br&gt;Of her sorority
&lt;br&gt;I&amp;rsquo;m thinking backseat
&lt;br&gt;She&amp;rsquo;s looking for the key
&lt;br&gt;
&lt;br&gt;And I could work with that
&lt;br&gt;Been working all month
&lt;br&gt;She&amp;rsquo;s been flirting all night
&lt;br&gt;Lady I&amp;rsquo;m the wrong one
&lt;br&gt;She said:
&lt;br&gt;
&lt;br&gt;Let me down easy
&lt;br&gt;Or stay with me tonight
&lt;br&gt;Let me down easy
&lt;br&gt;Or stay with me tonight
&lt;br&gt;Let me down easy
&lt;br&gt;Or stay with me tonight
&lt;br&gt;(Tonight tonight)
&lt;br&gt;Let me down easy
&lt;br&gt;Or stay with me tonight
&lt;br&gt;(Tonight tonight)
&lt;br&gt;
&lt;br&gt;She was like &amp;ldquo;who was that singing?&amp;rdquo;
&lt;br&gt;I was off in the back room drinking
&lt;br&gt;Savin something thinkin nothing
&lt;br&gt;When I heard my phone start ringin
&lt;br&gt;But you know I can&amp;rsquo;t pick it up
&lt;br&gt;&amp;lsquo;Cause I&amp;rsquo;m not in love
&lt;br&gt;And I just with nobody(s?) trust
&lt;br&gt;
&lt;br&gt;She left her friends in high school
&lt;br&gt;She&amp;rsquo;s thinking &amp;ldquo;why do I like you?
&lt;br&gt;If I just make-do with a nice dude
&lt;br&gt;I could make it to the white picket fence crew&amp;rdquo;
&lt;br&gt;But it just won&amp;rsquo;t work like that
&lt;br&gt;When I wake it&amp;rsquo;s on the road
&lt;br&gt;You could take me in your room
&lt;br&gt;But you can&amp;rsquo;t take me home
&lt;br&gt;She said:
&lt;br&gt;
&lt;br&gt;Let me down easy
&lt;br&gt;Or stay with me tonight
&lt;br&gt;(Tonight tonight)
&lt;br&gt;Let me down easy
&lt;br&gt;Or stay with me tonight
&lt;br&gt;(Tonight tonight)
&lt;br&gt;Oh Let me down easy
&lt;br&gt;Or stay with me tonight
&lt;br&gt;(Stay with me)
&lt;br&gt;Let me down easy
&lt;br&gt;Or stay with me tonight
&lt;br&gt;(Tonight tonight)&lt;/p&gt;
</description>
    </item>
    
    <item>
      <title> Nobodys In Love</title>
      <link>http://letraspedia.com/lyric/2am-club-nobodys-in-love/</link>
      <pubDate>Mon, 01 Sep 2008 00:00:00 UTC</pubDate>
      <author>Enthusiastic Hugo User</author>
      <guid>http://letraspedia.com/lyric/2am-club-nobodys-in-love/</guid>
      <description>&lt;p&gt;She took control, pushed me on the wall
&lt;br&gt;Took me in the stall told me give me what I want
&lt;br&gt;I just cant, okay I just might
&lt;br&gt;I&amp;rsquo;m just saying, she hit the bathroom lights
&lt;br&gt;
&lt;br&gt;Pressed her hands up on the tiles like ahh
&lt;br&gt;Put her skirt in my hands and told me just watch
&lt;br&gt;High heel walk through a spilled drink floor
&lt;br&gt;Can&amp;rsquo;t tell what I want but I think it&amp;rsquo;s more
&lt;br&gt;
&lt;br&gt;So I wait for your eyes I was reading your plays
&lt;br&gt;Put a light to my smoke with a shotgun kiss find your
&lt;br&gt;lips through the haze
&lt;br&gt;With a twist in my glass and you whisper your name
&lt;br&gt;Don&amp;rsquo;t worry the sun don&amp;rsquo;t concern me the flame is a
&lt;br&gt;one night thing
&lt;br&gt;
&lt;br&gt;Baby loving the way you take me
&lt;br&gt;Nobody here&amp;rsquo;s gone break me
&lt;br&gt;Nobody here&amp;rsquo;s in love
&lt;br&gt;Baby loving the way you take me
&lt;br&gt;Nobody here&amp;rsquo;s gone break me
&lt;br&gt;Nobody here&amp;rsquo;s in love
&lt;br&gt;
&lt;br&gt;She took her clothes put them on hold
&lt;br&gt;Saw an X on her hand she&amp;rsquo;s looking for the soap
&lt;br&gt;First I wouldn&amp;rsquo;t go, now I&amp;rsquo;m in the cold
&lt;br&gt;Parking garage with her hands on my soul
&lt;br&gt;
&lt;br&gt;Oh no I&amp;rsquo;m going home
&lt;br&gt;Her vicious lips feel like a razor blade poem
&lt;br&gt;Razor blade eyes tan colored thighs
&lt;br&gt;A girl with a spine and a man on the side
&lt;br&gt;
&lt;br&gt;So I wait for your eyes I was reading your plays
&lt;br&gt;Put a light to my smoke with a shotgun kiss find your
&lt;br&gt; lips through the haze
&lt;br&gt;With a twist in my glass and you whisper your name
&lt;br&gt;Don&amp;rsquo;t worry the sun don&amp;rsquo;t concern me the flame is a
&lt;br&gt;one night thing
&lt;br&gt;
&lt;br&gt;Baby loving the way you take me
&lt;br&gt;Nobody here&amp;rsquo;s gone break me
&lt;br&gt;Nobody here&amp;rsquo;s in love
&lt;br&gt;Baby loving the way you take me
&lt;br&gt;Nobody here&amp;rsquo;s gone break me
&lt;br&gt;Nobody here&amp;rsquo;s in love
&lt;br&gt;Baby loving the way you take me
&lt;br&gt;Nobody here&amp;rsquo;s gone break me
&lt;br&gt;Nobody here&amp;rsquo;s in love
&lt;br&gt;Baby loving the way you take me
&lt;br&gt;Nobody here&amp;rsquo;s gone break me
&lt;br&gt;Nobody here&amp;rsquo;s in
&lt;br&gt;
&lt;br&gt;Calling all the lovers, late night under covers you too
&lt;br&gt;(I believe in the night I&amp;rsquo;m leaving when I like)
&lt;br&gt;Raise your cups and glasses, hope for real romance to
&lt;br&gt; come true
&lt;br&gt;(Make a toast to the vandals, make the most of your
&lt;br&gt;love for the scandal)
&lt;br&gt;
&lt;br&gt;But put your thoughts together, love don&amp;rsquo;t equal pleasure
&lt;br&gt; every night
&lt;br&gt;(She equals risk, take that arrow, please don&amp;rsquo;t miss)
&lt;br&gt;
&lt;br&gt;I&amp;rsquo;m not knowing better, just admit your game ain&amp;rsquo;t quite
&lt;br&gt; right
&lt;br&gt;(We all fall for the same tricks, let the music play and
&lt;br&gt;let me say this)
&lt;br&gt;
&lt;br&gt;Baby loving the way you take me
&lt;br&gt;Nobody here&amp;rsquo;s gone break me
&lt;br&gt;Nobody here&amp;rsquo;s in love
&lt;br&gt;Baby loving the way you take me
&lt;br&gt;Nobody here&amp;rsquo;s gone break me
&lt;br&gt;Nobody here&amp;rsquo;s in love
&lt;br&gt;Baby loving the way you take me
&lt;br&gt;Nobody here&amp;rsquo;s gone break me
&lt;br&gt;Nobody here&amp;rsquo;s in love
&lt;br&gt;Baby loving the way you take me
&lt;br&gt;Nobody here&amp;rsquo;s gone break me
&lt;br&gt;Nobody here&amp;rsquo;s in love&lt;/p&gt;
</description>
    </item>
    
    <item>
      <title> Nobodys In Love (en Español)</title>
      <link>http://letraspedia.com/lyric/2am-club-nobodys-in-love-en-espanol/</link>
      <pubDate>Mon, 01 Sep 2008 00:00:00 UTC</pubDate>
      <author>Enthusiastic Hugo User</author>
      <guid>http://letraspedia.com/lyric/2am-club-nobodys-in-love-en-espanol/</guid>
      <description>&lt;p&gt;Ella tomó el control, me empujó en la pared
&lt;br&gt;Me tomó de la plaza me dijo que me das lo que quiero
&lt;br&gt;Apenas biselo, bien que sólo podría
&lt;br&gt;Sólo estoy diciendo, que golpeó las luces del baño
&lt;br&gt;
&lt;br&gt;Apretó las manos sobre las baldosas como ahh
&lt;br&gt;Poner la falda en mis manos y me dijo que simplemente ver
&lt;br&gt;Tacón alto caminar por un piso de bebida derramada
&lt;br&gt;No se puede decir lo que quiera pero creo que es más
&lt;br&gt;
&lt;br&gt;Así que esperar a que tus ojos me estaba leyendo sus juegos
&lt;br&gt;Ponga una luz para mi humo con una escopeta beso encontrar
&lt;br&gt;los labios a través de la bruma
&lt;br&gt;Con un giro en mi vaso y susurrar tu nombre
&lt;br&gt;No te preocupes, el sol no me importa que la llama es un
&lt;br&gt;una noche lo
&lt;br&gt;
&lt;br&gt;Bebé amar a la manera en que me tome
&lt;br&gt;Aquí nadie se ha ido me rompe
&lt;br&gt;Nadie aquí está en el amor
&lt;br&gt;Bebé amar a la manera en que me tome
&lt;br&gt;Aquí nadie se ha ido me rompe
&lt;br&gt;Nadie aquí está en el amor
&lt;br&gt;
&lt;br&gt;Ella tomó su ropa ponerlas en espera
&lt;br&gt;Vio una cruz en la mano que está buscando el jabón
&lt;br&gt;En primer lugar yo no iría, ahora estoy en el frío
&lt;br&gt;Garaje con las manos en mi alma
&lt;br&gt;
&lt;br&gt;¡Oh, no me voy a casa
&lt;br&gt;Sus labios vicioso se siente como un poema de hoja de afeitar
&lt;br&gt;los ojos de la hoja de afeitar de color bronceado muslos
&lt;br&gt;Una niña con una columna vertebral y un hombre en el lado
&lt;br&gt;
&lt;br&gt;Así que esperar a que tus ojos me estaba leyendo sus juegos
&lt;br&gt;Ponga una luz para mi humo con una escopeta beso encontrar
&lt;br&gt;los labios a través de la bruma
&lt;br&gt;Con un giro en mi vaso y susurrar tu nombre
&lt;br&gt;No te preocupes, el sol no me importa que la llama es un
&lt;br&gt;una noche lo
&lt;br&gt;
&lt;br&gt;Bebé amar a la manera en que me tome
&lt;br&gt;Aquí nadie se ha ido me rompe
&lt;br&gt;Nadie aquí está en el amor
&lt;br&gt;Bebé amar a la manera en que me tome
&lt;br&gt;Aquí nadie se ha ido me rompe
&lt;br&gt;Nadie aquí está en el amor
&lt;br&gt;Bebé amar a la manera en que me tome
&lt;br&gt;Aquí nadie se ha ido me rompe
&lt;br&gt;Nadie aquí está en el amor
&lt;br&gt;Bebé amar a la manera en que me tome
&lt;br&gt;Aquí nadie se ha ido me rompe
&lt;br&gt;Nadie aquí está en
&lt;br&gt;
&lt;br&gt;Llamando a todos los amantes, la noche en que abarca también
&lt;br&gt;(Creo en la noche me voy cuando me gusta)
&lt;br&gt;Levante sus tazas y vasos, esperanza para el romance real
&lt;br&gt;hecho realidad
&lt;br&gt;(Hacer un brindis por los vándalos, sacar el máximo partido de su
&lt;br&gt;amor por el escándalo)
&lt;br&gt;
&lt;br&gt;Pero acomodar tus pensamientos, el amor no el mismo placer
&lt;br&gt;todas las noches
&lt;br&gt;(Ella es igual a riesgo, tener esa flecha, por favor, no te pierdas)
&lt;br&gt;
&lt;br&gt;No estoy conociendo mejor, sólo admiten su juego no es del todo
&lt;br&gt;derecho
&lt;br&gt;(Todos caen en los mismos trucos, vamos a la reproducción de música y
&lt;br&gt;déjenme decir esto)
&lt;br&gt;
&lt;br&gt;Bebé amar a la manera en que me tome
&lt;br&gt;Aquí nadie se ha ido me rompe
&lt;br&gt;Nadie aquí está en el amor
&lt;br&gt;Bebé amar a la manera en que me tome
&lt;br&gt;Aquí nadie se ha ido me rompe
&lt;br&gt;Nadie aquí está en el amor
&lt;br&gt;Bebé amar a la manera en que me tome
&lt;br&gt;Aquí nadie se ha ido me rompe
&lt;br&gt;Nadie aquí está en el amor
&lt;br&gt;Bebé amar a la manera en que me tome
&lt;br&gt;Aquí nadie se ha ido me rompe
&lt;br&gt;Nadie aquí está en el amor&lt;/p&gt;
</description>
    </item>
    
    <item>
      <title> Only For Me</title>
      <link>http://letraspedia.com/lyric/2am-club-only-for-me/</link>
      <pubDate>Mon, 01 Sep 2008 00:00:00 UTC</pubDate>
      <author>Enthusiastic Hugo User</author>
      <guid>http://letraspedia.com/lyric/2am-club-only-for-me/</guid>
      <description>&lt;p&gt;I remember when it used to be easy
&lt;br&gt;Used to look cute watching the TV
&lt;br&gt;Used to lay there with wet hair
&lt;br&gt;After the shower picking what to wear
&lt;br&gt;But now youre dressing up for somebody else
&lt;br&gt;Looking through my glass as the ice melts
&lt;br&gt;Looking at the past just wont help
&lt;br&gt;I just dont know how the chips all fell
&lt;br&gt;
&lt;br&gt;Maybe cuz i didn&amp;rsquo;t follow through
&lt;br&gt;Gave love i didn&amp;rsquo;t follow suit
&lt;br&gt;How you&amp;rsquo;d say &amp;ldquo;I&amp;rsquo;ll always follow you&amp;rdquo;
&lt;br&gt;I remember when it was
&lt;br&gt;
&lt;br&gt;Only for me
&lt;br&gt;Only for me
&lt;br&gt;Only for me
&lt;br&gt;Aint that how it&amp;rsquo;s supposed to be
&lt;br&gt;
&lt;br&gt;I remember when it used to be fair
&lt;br&gt;No games just truth or dare
&lt;br&gt;No shame you used to care
&lt;br&gt;You gave the goosebumps I dont want to share
&lt;br&gt;But now youre giving them to somebody else
&lt;br&gt;Watching TV on somebodys couch
&lt;br&gt;Blouse on the floor in somebodys house
&lt;br&gt;I just dont know how it all went south
&lt;br&gt;
&lt;br&gt;Maybe cuz i got down to much
&lt;br&gt;Too many too down to touch
&lt;br&gt;But with you i never gave enough
&lt;br&gt;I remember when it was
&lt;br&gt;
&lt;br&gt;Only for me
&lt;br&gt;Only for me
&lt;br&gt;Only for me
&lt;br&gt;Aint that how it&amp;rsquo;s supposed to be
&lt;br&gt;
&lt;br&gt;Only for me
&lt;br&gt;Only for me
&lt;br&gt;But you know that I&amp;rsquo;ll go on and
&lt;br&gt;
&lt;br&gt;Wander till I get somewhere
&lt;br&gt;Wander like I just don&amp;rsquo;t care
&lt;br&gt;I&amp;rsquo;ll wander knowing it&amp;rsquo;s not fair
&lt;br&gt;Wander, look look looking
&lt;br&gt;
&lt;br&gt;Wander till I get somewhere
&lt;br&gt;Wander like I just don&amp;rsquo;t care
&lt;br&gt;Ill wander knowing it&amp;rsquo;s not fair
&lt;br&gt;Wander, look look looking
&lt;br&gt;
&lt;br&gt;Wander, til I find someone
&lt;br&gt;But its just not you so Im just not done
&lt;br&gt;I could make a million calls to new tongues
&lt;br&gt;I could find a million girls, I want one
&lt;br&gt;
&lt;br&gt;You could draw a million lines in gold sand
&lt;br&gt;I could walk across and hope to slow dance
&lt;br&gt;A million love letters now turned to dust
&lt;br&gt;And I remember when it was
&lt;br&gt;
&lt;br&gt;Only for me&lt;/p&gt;
</description>
    </item>
    
    <item>
      <title> Worry About You</title>
      <link>http://letraspedia.com/lyric/2am-club-worry-about-you/</link>
      <pubDate>Mon, 01 Sep 2008 00:00:00 UTC</pubDate>
      <author>Enthusiastic Hugo User</author>
      <guid>http://letraspedia.com/lyric/2am-club-worry-about-you/</guid>
      <description>&lt;p&gt;Letra no disponible&lt;/p&gt;
</description>
    </item>
    
    <item>
      <title> Worry About You (en Español)</title>
      <link>http://letraspedia.com/lyric/2am-club-worry-about-you-en-espanol/</link>
      <pubDate>Mon, 01 Sep 2008 00:00:00 UTC</pubDate>
      <author>Enthusiastic Hugo User</author>
      <guid>http://letraspedia.com/lyric/2am-club-worry-about-you-en-espanol/</guid>
      <description>&lt;p&gt;Durante el tiempo desde que tengo recuerdo
&lt;br&gt;Han pasado diciembre
&lt;br&gt;No hay sol sin verano para atesorar
&lt;br&gt;No se cultivaron
&lt;br&gt;Y cada vez que nos dijeron que la entrega
&lt;br&gt;&amp;ldquo;Va a ser mejor&amp;rdquo;
&lt;br&gt;Nos basta con ir hasta la celebración de siempre
&lt;br&gt;Para lo que sabemos
&lt;br&gt;
&lt;br&gt;amante roto si te he hecho
&lt;br&gt;Creo que yo sería el que lo cure
&lt;br&gt;Y si te vas ahora
&lt;br&gt;Que la puerta
&lt;br&gt;No voy a decir que estás equivocado
&lt;br&gt;Pero usted sabe que voy a preocuparme por ti
&lt;br&gt;
&lt;br&gt;Durante el tiempo
&lt;br&gt;Siempre y cuando no se puede acordar
&lt;br&gt;Ella quería más
&lt;br&gt;No hay nadie en casa para proteger a su
&lt;br&gt;Todos los solos
&lt;br&gt;Y así me dijo, yo era su centro de
&lt;br&gt;Nada sería tentar a su
&lt;br&gt;Yo todavía vagaban
&lt;br&gt;Al igual que su padre dejó a su
&lt;br&gt;Oohh la dejó
&lt;br&gt;
&lt;br&gt;amante roto si te he hecho
&lt;br&gt;Creo que yo sería el que lo cure
&lt;br&gt;Y si te vas ahora
&lt;br&gt;Que la puerta
&lt;br&gt;No voy a decir que estás equivocado
&lt;br&gt;Pero usted sabe que voy a preocuparme por ti
&lt;br&gt;
&lt;br&gt;¿No es malo que haya sido víctima buenas
&lt;br&gt;Usted pensaba que valía la pena actuar como si se escucha
&lt;br&gt;Y tal vez estaban en lo cierto en un momento dado algún día
&lt;br&gt;Yo solía ver que el tratamiento de las calles como una pista de aterrizaje
&lt;br&gt;Yo solía escribir con lágrimas en su cara muy pintada
&lt;br&gt;Lenguaje de señas en la espalda de la primera prueba
&lt;br&gt;Así que cuando él susurra en su oído y tú piensas en mí
&lt;br&gt;Te deseo que te he tratado como me trata
&lt;br&gt;Cuando usted se despierta de sus sueños para el pasillo
&lt;br&gt;Sonámbulo por las calles vestido con todos los grises
&lt;br&gt;farolas intermitente en el panel de la ventana
&lt;br&gt;Me preocupaba a partir del segundo que aprendí su nombre
&lt;br&gt;
&lt;br&gt;Todo en el amor es la luz
&lt;br&gt;Pero, ¿dónde estaba ayer por la noche
&lt;br&gt;¿Y por qué no se sienta
&lt;br&gt;amante roto si te he hecho
&lt;br&gt;Creo que yo sería el que lo cure
&lt;br&gt;Y si te vas ahora
&lt;br&gt;Que la puerta
&lt;br&gt;No voy a decir que estás equivocado
&lt;br&gt;Pero usted sabe que voy a preocuparme por ti&lt;/p&gt;
</description>
    </item>
    
  </channel>
</rss>