<?xml version="1.0" encoding="utf-8" standalone="yes" ?>
<rss version="2.0" xmlns:atom="http://www.w3.org/2005/Atom">
  <channel>
      <title>2wong on Letraspedia.com thes best lyrics page </title>
    <link>http://letraspedia.com/artist/2wong/</link>
    <language>en-US</language>
    <author>Enthusiastic Hugo User</author>
    <rights>Copyright (c) 2014, Enthusiastic Hugo User; all rights reserved.</rights>
    <updated>Mon, 01 Sep 2008 00:00:00 UTC</updated>
    
    <item>
      <title> Caminas Delao</title>
      <link>http://letraspedia.com/lyric/2wong-caminas-delao/</link>
      <pubDate>Mon, 01 Sep 2008 00:00:00 UTC</pubDate>
      <author>Enthusiastic Hugo User</author>
      <guid>http://letraspedia.com/lyric/2wong-caminas-delao/</guid>
      <description>&lt;p&gt;Oye kay, suéltame un bajo bien pesao.
&lt;br&gt;Doble suéltame el denbow,
&lt;br&gt;Y tú sabes que, los violentos son los que arrebatan el reino.
&lt;br&gt;
&lt;br&gt;Y tú caminas delao
&lt;br&gt;Y tú camina atrasao
&lt;br&gt;Tu mundo da vueltas y vueltas que te has engañado,
&lt;br&gt;Oh oh oh oh oh oh.
&lt;br&gt;Y tú caminas cojeao
&lt;br&gt;Y tú caminas arrastrándote eh eh eh
&lt;br&gt;
&lt;br&gt;Engañado por el mundo vives acomplejado
&lt;br&gt;Tú no tienes dirección y andas desconsolado
&lt;br&gt;Si saludas en la calle es con una gran sonrisa
&lt;br&gt;Pero tus ojos me desmientes que por dentro estas hecho trizas
&lt;br&gt;Infallable para el tono
&lt;br&gt;No eres el alma de la fiesta
&lt;br&gt;Pero tienes que estar ahí
&lt;br&gt;Porque eso te despierta
&lt;br&gt;Un poco de alcohol
&lt;br&gt;Talvez de marihuana
&lt;br&gt;Ahora estas feliz pero esperemos a mañana
&lt;br&gt;Todo es lo mismo ya se fue la adrenalina
&lt;br&gt;Todos ya se fueron pero quedaron los problemas
&lt;br&gt;Una y otra vez sigues con ese tema
&lt;br&gt;El circulo vicioso que te mata y envenena ah ah
&lt;br&gt;Mata y envenena// ah ah ah
&lt;br&gt;
&lt;br&gt;Y tú caminas delao
&lt;br&gt;Y tú camina atrasao
&lt;br&gt;Tu mundo da vueltas y vueltas que te has engañado,
&lt;br&gt;Oh oh oh oh oh oh.
&lt;br&gt;Y tú caminas cojeao
&lt;br&gt;Y tú caminas arrastrándote eh eh eh
&lt;br&gt;
&lt;br&gt;Encarcelado en pensamiento de inseguridad
&lt;br&gt;Vives cada noche no sientes libertad
&lt;br&gt;Ni las pastillas hacen efecto para tranquilizar
&lt;br&gt;Esa mente deprimente que tienes que aguantar
&lt;br&gt;Te has preguntado muchas veces
&lt;br&gt;Cuál es la solución para dar alivio a tu corazón
&lt;br&gt;Y a pesar de que has probado del dinero y del alcohol
&lt;br&gt;Sexo fiestas sin ningún control.
&lt;br&gt;Todo es lo mismo ya se fue la adrenalina
&lt;br&gt;Todos ya se fueron pero quedaron los problemas
&lt;br&gt;Una y otra vez sigues con ese tema
&lt;br&gt;El circulo vicioso que te mata y envenena ah ah
&lt;br&gt;Mata y envenena// ah ah ah
&lt;br&gt;
&lt;br&gt;Y tú caminas delao
&lt;br&gt;Y tú camina atrasao
&lt;br&gt;Tu mundo da vueltas y vueltas que te has engañado,
&lt;br&gt;Oh oh oh oh oh oh.
&lt;br&gt;Y tú caminas cojeao
&lt;br&gt;Y tú caminas arrastrándote eh eh eh
&lt;br&gt;
&lt;br&gt;Oye y
&lt;br&gt;Ven a Jesucristo que con él la vida es segura
&lt;br&gt;Ya no lleves esa vida dura
&lt;br&gt;Familia record
&lt;br&gt;Expandiendo el reino.&lt;/p&gt;
</description>
    </item>
    
    <item>
      <title> El Corazon Me Late Fuerte</title>
      <link>http://letraspedia.com/lyric/2wong-el-corazon-me-late-fuerte/</link>
      <pubDate>Mon, 01 Sep 2008 00:00:00 UTC</pubDate>
      <author>Enthusiastic Hugo User</author>
      <guid>http://letraspedia.com/lyric/2wong-el-corazon-me-late-fuerte/</guid>
      <description>&lt;p&gt;El corazón me late fuete
&lt;br&gt;Y yo sé que también lo sientes
&lt;br&gt;Mil cosas hoy se cruzan por mi mente y
&lt;br&gt;En esas mil cosas tú siempre está presente
&lt;br&gt;
&lt;br&gt;Desde el día en que te vi
&lt;br&gt;Mi corazón lateo por ti
&lt;br&gt;Yo no sé si son tus ojos
&lt;br&gt;O talvez es tu sonrisa
&lt;br&gt;Pero cada vez que me hablas mi corazón se paraliza
&lt;br&gt;Cada gesto que tú haces es como una suave brisa
&lt;br&gt;Es tan bello lo que ciento
&lt;br&gt;El amor que llevo dentro
&lt;br&gt;Yo nunca me cansaría de llevarte en mi pensamiento
&lt;br&gt;Ya eres parte de mi vida
&lt;br&gt;Eres mi mejor talento
&lt;br&gt;Que eh sufrido para encontrarlo
&lt;br&gt;Eres tú mi complemento
&lt;br&gt;Hemos tenido que esperar
&lt;br&gt;Pero por fin llegó el momento  que se une nuestras vidas hasta el fin de nuestro aliento
&lt;br&gt;Gracias le doy a dios por unir nuestro camino
&lt;br&gt;De tomar la decisión
&lt;br&gt;Y sellar nuestro destino.
&lt;br&gt;
&lt;br&gt;Espere por ti por largos tiempos
&lt;br&gt;Entregando a Dios mis sentimientos oh oh
&lt;br&gt;Y aquí estás conmigo.
&lt;br&gt;
&lt;br&gt;El corazón me late fuete
&lt;br&gt;Y yo sé que también lo sientes
&lt;br&gt;Mil cosas hoy se cruzan por mi mente y
&lt;br&gt;En esas mil cosas tú siempre está presente
&lt;br&gt;
&lt;br&gt;Si tú supieras como el corazón me tiembla
&lt;br&gt;Tiembla lentamente
&lt;br&gt;Pero de repente al ver como se acerca la princesa vestida de blanco
&lt;br&gt;Se dice wau nunca en mi vida vi tanto encanto
&lt;br&gt;Hoy te prometo amar para toda la vida
&lt;br&gt;Que estaré contigo
&lt;br&gt;Que siempre seré tu compañía
&lt;br&gt;Y te juro y te aseguro
&lt;br&gt;Que por ti mi amor es puro
&lt;br&gt;Aun que llegue el día oscuro
&lt;br&gt;Yo prometo ser tu muro
&lt;br&gt;Hoy para mí es un sueño hecho realidad
&lt;br&gt;De que el señor bendijo el matrimonio en el altar
&lt;br&gt;Ya que digan que los novios se pueden besar
&lt;br&gt;Pues lo único que quiero es amarte por la eternidad
&lt;br&gt;
&lt;br&gt;El corazón me late fuete
&lt;br&gt;Y yo sé que también lo sientes
&lt;br&gt;Mil cosas hoy se cruzan por mi mente y
&lt;br&gt;En esas mil cosas tú siempre está presente
&lt;br&gt;Family records
&lt;br&gt;Y esto va para ti
&lt;br&gt;Princesa.&lt;/p&gt;
</description>
    </item>
    
    <item>
      <title> Nunca Me Fui</title>
      <link>http://letraspedia.com/lyric/2wong-nunca-me-fui/</link>
      <pubDate>Mon, 01 Sep 2008 00:00:00 UTC</pubDate>
      <author>Enthusiastic Hugo User</author>
      <guid>http://letraspedia.com/lyric/2wong-nunca-me-fui/</guid>
      <description>&lt;p&gt;Cuando pensé que te habías alejado
&lt;br&gt;Nunca te fuiste
&lt;br&gt;Me rescataste
&lt;br&gt;Tú me cuidaste
&lt;br&gt;Y me dijiste
&lt;br&gt;
&lt;br&gt;Nunca me fui
&lt;br&gt;Yo me quede
&lt;br&gt;Pensando en ti
&lt;br&gt;Yo te espere
&lt;br&gt;Aquí estoy
&lt;br&gt;Abrázame no te dejare.
&lt;br&gt;
&lt;br&gt;Yo soy tu sustento en las noches más frías
&lt;br&gt;Estoy a tu lado no importa el día
&lt;br&gt;Si sientes llorar te doy alegría
&lt;br&gt;Yo curo el dolor de toda agonía
&lt;br&gt;Te tengo sellado en mi palma derecha
&lt;br&gt;Siempre te cuidado de lanza y flecha
&lt;br&gt;Y mi corazón está siempre cerca
&lt;br&gt;Tan llena de amor que nunca se ceca ah
&lt;br&gt;
&lt;br&gt;Nunca me fui
&lt;br&gt;Yo me quede
&lt;br&gt;Pensando en ti
&lt;br&gt;Yo te espere
&lt;br&gt;Aquí estoy
&lt;br&gt;Abrázame no te dejare.
&lt;br&gt;
&lt;br&gt;Si tus lágrimas caen
&lt;br&gt;Como gotas de lluvia
&lt;br&gt;Yo las quiero secar
&lt;br&gt;Yo te eh visto llorar
&lt;br&gt;En mi puedes confiar
&lt;br&gt;Tus golpes y heridas  yo las puedo sanar
&lt;br&gt;Si te acercas a mí
&lt;br&gt;Tú vas a ganar
&lt;br&gt;Te eh observado
&lt;br&gt;Y sé que me has negado
&lt;br&gt;Pero yo sigo aquí
&lt;br&gt;Nunca me alejado
&lt;br&gt;Sé que quieres vivir
&lt;br&gt;Yo lo puedo sentir
&lt;br&gt;No te alejes de mí
&lt;br&gt;Di mi vida por ti
&lt;br&gt;
&lt;br&gt;Tanto tiempo sin ti pensé que tú me habías dejado
&lt;br&gt;Ahora me doy cuenta
&lt;br&gt;Que tú nunca te has olvidado
&lt;br&gt;Desde que eh
&lt;br&gt;Yo te pedí que entres en mi corazón
&lt;br&gt;Tú siempre nunca me has dejado
&lt;br&gt;
&lt;br&gt;Nunca me fui
&lt;br&gt;Yo me quede
&lt;br&gt;Pensando en ti
&lt;br&gt;Yo te espere
&lt;br&gt;Aquí estoy
&lt;br&gt;Abrázame no te dejare.
&lt;br&gt;Doble u ong el ingeniero musical
&lt;br&gt;Familia record
&lt;br&gt;Expandiendo el reino
&lt;br&gt;Y tu babes que
&lt;br&gt;Jesucristo siempre está esperándote
&lt;br&gt;Con las manos abiertas
&lt;br&gt;No tengas miedo
&lt;br&gt;Ven a él.&lt;/p&gt;
</description>
    </item>
    
  </channel>
</rss>