<?xml version="1.0" encoding="utf-8" standalone="yes" ?>
<rss version="2.0" xmlns:atom="http://www.w3.org/2005/Atom">
  <channel>
      <title>14 Bis on Letraspedia.com thes best lyrics page </title>
    <link>http://letraspedia.com/artist/14-bis/</link>
    <language>en-US</language>
    <author>Enthusiastic Hugo User</author>
    <rights>Copyright (c) 2014, Enthusiastic Hugo User; all rights reserved.</rights>
    <updated>Mon, 01 Sep 2008 00:00:00 UTC</updated>
    
    <item>
      <title> A Palavra CoraÇÃo</title>
      <link>http://letraspedia.com/lyric/14-bis-a-palavra-coracAo/</link>
      <pubDate>Mon, 01 Sep 2008 00:00:00 UTC</pubDate>
      <author>Enthusiastic Hugo User</author>
      <guid>http://letraspedia.com/lyric/14-bis-a-palavra-coracAo/</guid>
      <description>&lt;p&gt;Se você não vem mais
&lt;br&gt;Não sabe o que vai perder
&lt;br&gt;Eu trouxe pra você
&lt;br&gt;Tudo que eu sei fazer
&lt;br&gt;
&lt;br&gt;Sou seu fã
&lt;br&gt;Sou forte pra te segurar
&lt;br&gt;Vou tocar
&lt;br&gt;Fogo na manhã
&lt;br&gt;
&lt;br&gt;E essa onda que vem lá
&lt;br&gt;Só vai pegar
&lt;br&gt;Quem tiver pique de aprender
&lt;br&gt;Se apaixonar
&lt;br&gt;
&lt;br&gt;No melhor sentido da palavra coração
&lt;br&gt;No melhor amor do verbo amar
&lt;br&gt;Coisas que ficaram muito tempo por dizer
&lt;br&gt;São as mesmas coisas que eu deixei
&lt;br&gt;
&lt;br&gt;Quem vai plantar, quem vai colher
&lt;br&gt;Quem vai negar que a gente faz acontecer
&lt;br&gt;Agora com seu beijo quente
&lt;br&gt;A alvorada já vai nos levantar
&lt;br&gt;
&lt;br&gt;Coisas que ficaram muito tempo por dizer
&lt;br&gt;São as mesmas coisas que eu deixei
&lt;br&gt;No melhor sentido da palavra emoção
&lt;br&gt;No melhor amor que pode ser
&lt;br&gt;
&lt;br&gt;Você vai me ganhar
&lt;br&gt;Mas tenho que saber
&lt;br&gt;Coisas de você
&lt;br&gt;Que ninguém vai revelar
&lt;br&gt;
&lt;br&gt;Sou seu fã
&lt;br&gt;Sou forte pra te segurar
&lt;br&gt;Vou tocar
&lt;br&gt;Fogo na manhã
&lt;br&gt;
&lt;br&gt;E essa onda que vem lá
&lt;br&gt;Vai me levar
&lt;br&gt;
&lt;br&gt;No melhor sentido da palavra coração
&lt;br&gt;Mo melhor amor que pode ser
&lt;br&gt;Coisas que ficaram muito tempo por dizer
&lt;br&gt;São as mesmas coisas que eu deixei&lt;/p&gt;
</description>
    </item>
    
    <item>
      <title> A Qualquer Tempo</title>
      <link>http://letraspedia.com/lyric/14-bis-a-qualquer-tempo/</link>
      <pubDate>Mon, 01 Sep 2008 00:00:00 UTC</pubDate>
      <author>Enthusiastic Hugo User</author>
      <guid>http://letraspedia.com/lyric/14-bis-a-qualquer-tempo/</guid>
      <description>&lt;p&gt;A qualquer tempo cantar a qualquer hora nascer
&lt;br&gt;To&amp;hellip;..do tempo é tempo pra gente se ver
&lt;br&gt;To&amp;hellip;..do tempo é tempo pra gente se ver
&lt;br&gt;
&lt;br&gt;A todo amor se entregar sem medo de se perder
&lt;br&gt;Cada olhar é um segredo que sorri pra você
&lt;br&gt;Cada olhar é um segredo que sorri pra você
&lt;br&gt;
&lt;br&gt;No meio da noite a te esperar
&lt;br&gt;Não se esqueça de mim quando eu
&lt;br&gt;For me embora daqui
&lt;br&gt;
&lt;br&gt;Ah&amp;hellip;..Ah Ah&amp;hellip;..Ah Ah&amp;hellip;&amp;hellip;&amp;hellip;&amp;hellip;.ilê&amp;hellip;ê&amp;hellip;ê&amp;hellip;ê (2 vezes)
&lt;br&gt;Êh êh êh êh&amp;hellip;..êh êh&amp;hellip;..êh
&lt;br&gt;
&lt;br&gt;No meio da noite a te&amp;hellip;..&lt;/p&gt;
</description>
    </item>
    
    <item>
      <title> Adoráveis Criaturas</title>
      <link>http://letraspedia.com/lyric/14-bis-adoraveis-criaturas/</link>
      <pubDate>Mon, 01 Sep 2008 00:00:00 UTC</pubDate>
      <author>Enthusiastic Hugo User</author>
      <guid>http://letraspedia.com/lyric/14-bis-adoraveis-criaturas/</guid>
      <description>&lt;p&gt;Vivendo num planeta sem juízo
&lt;br&gt;Que de repente pode acabar
&lt;br&gt;É melhor criar o paraíso já
&lt;br&gt;Cada minuto é tão importante
&lt;br&gt;O tal futuro fica logo ali
&lt;br&gt;
&lt;br&gt;O homem tem que amar seu semelhante aqui, aqui
&lt;br&gt;Não é preciso morrer de fome ou de tédio
&lt;br&gt;A gente nasce sabendo de cor o remé&amp;hellip;dio
&lt;br&gt;Quem não se cuida cai nos venenos do mun&amp;hellip;do
&lt;br&gt;
&lt;br&gt;E deixa tudo, tudo do jeito que está
&lt;br&gt;Seres luminosos brilham mais aonde é preciso de luz
&lt;br&gt;A cada nova era aqui na Terra a coisa se reproduz
&lt;br&gt;São adoráveis criaturas surgindo do inesperado
&lt;br&gt;Deixando esse louco planeta inteiramente mudado&lt;/p&gt;
</description>
    </item>
    
    <item>
      <title> Além Do Paraíso</title>
      <link>http://letraspedia.com/lyric/14-bis-alem-do-paraiso/</link>
      <pubDate>Mon, 01 Sep 2008 00:00:00 UTC</pubDate>
      <author>Enthusiastic Hugo User</author>
      <guid>http://letraspedia.com/lyric/14-bis-alem-do-paraiso/</guid>
      <description>&lt;p&gt;Para ir além de todos astrais
&lt;br&gt;Ir além do bem dos seres normais
&lt;br&gt;Ir além do trem dos animais
&lt;br&gt;Tenho que apagar todos sinais
&lt;br&gt;
&lt;br&gt;Pode ser
&lt;br&gt;Só um deserto imenso, quieto,
&lt;br&gt;Foi assim que eu vi
&lt;br&gt;
&lt;br&gt;Ou melhor
&lt;br&gt;A gente dar um tempo certo
&lt;br&gt;Não deixar explodir
&lt;br&gt;
&lt;br&gt;Como viver
&lt;br&gt;Era pra ser um dom
&lt;br&gt;Tudo de bom, tom, meio-tom, luz
&lt;br&gt;Da manhã
&lt;br&gt;
&lt;br&gt;Era poder
&lt;br&gt;Para melhor parar
&lt;br&gt;Para gozar, ser e não ser, filhos do
&lt;br&gt;Sol
&lt;br&gt;
&lt;br&gt;Para ir além de todos astrais
&lt;br&gt;Ir além do trem dos animais
&lt;br&gt;
&lt;br&gt;Só pensar
&lt;br&gt;Esse universo imenso, perto
&lt;br&gt;Cintilando pra nós
&lt;br&gt;Paraíso além dos animais
&lt;br&gt;Paraíso além dos animais
&lt;br&gt;
&lt;br&gt;Ou melhor
&lt;br&gt;A gente dar um tempo certo
&lt;br&gt;Não deixar explodir
&lt;br&gt;
&lt;br&gt;O planetário homem
&lt;br&gt;Toda sua história
&lt;br&gt;Tudo acontece agora
&lt;br&gt;O sagrado instante para viver
&lt;br&gt;Para morrer
&lt;br&gt;O paraíso em chamas
&lt;br&gt;Sobre a cabeça
&lt;br&gt;Preciosa luz de glória
&lt;br&gt;Onde ainda há tempo para dançar
&lt;br&gt;Para brilhar&lt;/p&gt;
</description>
    </item>
    
    <item>
      <title> Amor Virtual</title>
      <link>http://letraspedia.com/lyric/14-bis-amor-virtual/</link>
      <pubDate>Mon, 01 Sep 2008 00:00:00 UTC</pubDate>
      <author>Enthusiastic Hugo User</author>
      <guid>http://letraspedia.com/lyric/14-bis-amor-virtual/</guid>
      <description>&lt;p&gt;Nós
&lt;br&gt;Sem querer
&lt;br&gt;Por acaso, aqui
&lt;br&gt;Vamos nos achar
&lt;br&gt;Descobrir
&lt;br&gt;Nunca mais sair.
&lt;br&gt;Dom
&lt;br&gt;Natural
&lt;br&gt;Sonho com você
&lt;br&gt;Vou te imaginar
&lt;br&gt;Irreal
&lt;br&gt;Louco pra te ver.
&lt;br&gt;Hoje ou amanhã, vou te encontrar
&lt;br&gt;Na rua, na esquina, te encontrar
&lt;br&gt;Te reconhecer, me apaixonar.
&lt;br&gt;Voz
&lt;br&gt;Virtual
&lt;br&gt;Quase igual a nós
&lt;br&gt;Um dia vou ser
&lt;br&gt;Seu amor
&lt;br&gt;Outra vez você.&lt;/p&gt;
</description>
    </item>
    
    <item>
      <title> Anoitecer Deserto</title>
      <link>http://letraspedia.com/lyric/14-bis-anoitecer-deserto/</link>
      <pubDate>Mon, 01 Sep 2008 00:00:00 UTC</pubDate>
      <author>Enthusiastic Hugo User</author>
      <guid>http://letraspedia.com/lyric/14-bis-anoitecer-deserto/</guid>
      <description>&lt;p&gt;Numa canção do vento
&lt;br&gt;Levo você comigo
&lt;br&gt;O meu destino é viajar
&lt;br&gt;
&lt;br&gt;Cantar pelas cidades
&lt;br&gt;Anoitecer deserto
&lt;br&gt;E ir pro quarto descansar
&lt;br&gt;
&lt;br&gt;A felicidade cada vez é diferente
&lt;br&gt;A estrela cai para quem pedir
&lt;br&gt;Um desejo certo que vem lá do firmamento
&lt;br&gt;E só me pedir para cantar
&lt;br&gt;
&lt;br&gt;Penso em você
&lt;br&gt;Quem poderia esquecer
&lt;br&gt;Eu só queria estar bem perto
&lt;br&gt;Sentir abrigo no seu abraço
&lt;br&gt;
&lt;br&gt;Mas outro dia começa
&lt;br&gt;Só sei dizer que te amo
&lt;br&gt;Nova aventura me chama&lt;/p&gt;
</description>
    </item>
    
    <item>
      <title> As Contas Do Amor</title>
      <link>http://letraspedia.com/lyric/14-bis-as-contas-do-amor/</link>
      <pubDate>Mon, 01 Sep 2008 00:00:00 UTC</pubDate>
      <author>Enthusiastic Hugo User</author>
      <guid>http://letraspedia.com/lyric/14-bis-as-contas-do-amor/</guid>
      <description>&lt;p&gt;Como é que eu pude assim gostar de alguém,
&lt;br&gt;Que só vejo de longe e nunca beijei.
&lt;br&gt;Foi como uma luz, forte atração,
&lt;br&gt;Foi como ver o sol em plena escuridão.
&lt;br&gt;
&lt;br&gt;Me deixa ver você, liga o computador.
&lt;br&gt;Me diz onde te encontrar que eu já vou.
&lt;br&gt;Me deixa ver você, dançar de novo pra mim.
&lt;br&gt;Vem cá, quero te conhecer.
&lt;br&gt;
&lt;br&gt;Deixa eu beijar você, deixa eu abraçar você,
&lt;br&gt;Meu amor virtual.
&lt;br&gt;Quero sentir teu prazer, de um jeito natural.
&lt;br&gt;Meu amor virtual.
&lt;br&gt;
&lt;br&gt;Abra sua cam e o seu coração
&lt;br&gt;E mostre todo o seu poder de sedução.
&lt;br&gt;Só te conheço assim por computador,
&lt;br&gt;Me apaixonei agora vivo essa dor.
&lt;br&gt;Queria te tocar te acariciar, chega de tc quero conversar.
&lt;br&gt;Quem sabe te convencer ao dizer que não é virtual o que sinto por você.
&lt;br&gt;
&lt;br&gt;O mundo hoje em dia até que ta legal,
&lt;br&gt;Ciberneticamente tudo natural.
&lt;br&gt;Mais namorar assim sem poder te tocar,
&lt;br&gt;Aí já é querer demais, não dá pra aguentar.
&lt;br&gt;
&lt;br&gt;Me deixa ver você, liga o computador.
&lt;br&gt;Me diz onde te encontrar que eu já vou.
&lt;br&gt;Me deixa ver você, dançar de novo pra mim.
&lt;br&gt;Vem cá, quero te conhecer.
&lt;br&gt;
&lt;br&gt;Deixa eu beijar você, deixa eu abraçar você,
&lt;br&gt;Meu amor virtual.
&lt;br&gt;Quero sentir teu prazer, de um jeito natural.
&lt;br&gt;Meu amor virtual.
&lt;br&gt;
&lt;br&gt;Essa história de amor por computador,
&lt;br&gt;Que era de prazer hoje é de dor.
&lt;br&gt;Posso sentir o perfume de sua pele,
&lt;br&gt;Cada vez que pela cam você se mexe.
&lt;br&gt;Dançando e exibindo toda sensualidade,
&lt;br&gt;Até parece que te tenho de verdade.
&lt;br&gt;Me manda um e-mail, vem faz um contato,
&lt;br&gt;Me faz sentir que realmente sou amado.
&lt;br&gt;
&lt;br&gt;Deixa eu abraçar você, deixa eu beijar você.
&lt;br&gt;Quero sentir teu prazer, de um jeito natural.
&lt;br&gt;Meu amor virtual.&lt;/p&gt;
</description>
    </item>
    
    <item>
      <title> Até O Dia Clarear</title>
      <link>http://letraspedia.com/lyric/14-bis-ate-o-dia-clarear/</link>
      <pubDate>Mon, 01 Sep 2008 00:00:00 UTC</pubDate>
      <author>Enthusiastic Hugo User</author>
      <guid>http://letraspedia.com/lyric/14-bis-ate-o-dia-clarear/</guid>
      <description>&lt;p&gt;Não vou sair daqui não.
&lt;br&gt;Por que você não vem pra onde eu vou?
&lt;br&gt;Eu fico te esperando até o infinito,
&lt;br&gt;
&lt;br&gt;Não vou sair daqui não.
&lt;br&gt;Por que você não vem pra onde eu vou?
&lt;br&gt;Eu fico te esperando até a vida melhorar.
&lt;br&gt;
&lt;br&gt;Vem dançar, cuidado com meu pé.
&lt;br&gt;Dois pra cá, ai que vontade de te agarrar.
&lt;br&gt;Vem dançar, seja o que Deus quiser.
&lt;br&gt;Dois pra lá, até o dia clarear.
&lt;br&gt;
&lt;br&gt;E a vida é tão linda pra gente viajar,
&lt;br&gt;só eu e você.
&lt;br&gt;Se eu entro nessa dança
&lt;br&gt;eu vou até o sol raiar.
&lt;br&gt;
&lt;br&gt;Dois pra cá, cuidado com meu pé
&lt;br&gt;Dois pra lá, ai que vontade de te agarrar
&lt;br&gt;Vem dançar, seja o que Deus quiser
&lt;br&gt;Dois pra lá, até o dia clarear
&lt;br&gt;
&lt;br&gt;Não pense que eu não sei
&lt;br&gt;de toda essa paixão que um dia nos uniu.
&lt;br&gt;Foi no dia em que te vi,
&lt;br&gt;não teve explicação o que eu senti.
&lt;br&gt;
&lt;br&gt;Ai que vontade de te agarrar,
&lt;br&gt;Até o dia clarear.&lt;/p&gt;
</description>
    </item>
    
    <item>
      <title> Bandeiras</title>
      <link>http://letraspedia.com/lyric/14-bis-bandeiras/</link>
      <pubDate>Mon, 01 Sep 2008 00:00:00 UTC</pubDate>
      <author>Enthusiastic Hugo User</author>
      <guid>http://letraspedia.com/lyric/14-bis-bandeiras/</guid>
      <description>&lt;p&gt;Minha bandeira debaixo do sol
&lt;br&gt;Minha bandeira na beira da luz
&lt;br&gt;Entradas, caminhos, florestas, sertão
&lt;br&gt;O coração, a espada e a cruz.
&lt;br&gt;Minha bandeira me diz quem eu sou
&lt;br&gt;Sou viajante querendo chegar
&lt;br&gt;Sou caçador da eterna canção
&lt;br&gt;Sou criatura de todo lugar.
&lt;br&gt;Minha bandeira carrega a emoção
&lt;br&gt;De um vôo livre sobre Paris
&lt;br&gt;Minha bandeira é pura invenção
&lt;br&gt;É a loucura, é o palco, é o bis.
&lt;br&gt;Minha bandeira é a vida exposta
&lt;br&gt;Vozes, acordes, palavras e sons
&lt;br&gt;É o prazer de tocar é a resposta
&lt;br&gt;Todas a cores
&lt;br&gt;Todos os tons.&lt;/p&gt;
</description>
    </item>
    
    <item>
      <title> Beija-flor</title>
      <link>http://letraspedia.com/lyric/14-bis-beija-flor/</link>
      <pubDate>Mon, 01 Sep 2008 00:00:00 UTC</pubDate>
      <author>Enthusiastic Hugo User</author>
      <guid>http://letraspedia.com/lyric/14-bis-beija-flor/</guid>
      <description>&lt;p&gt;O que faz o beija - flor
&lt;br&gt;Ter vontade de voar?
&lt;br&gt;Vai e diz ao meu amor
&lt;br&gt;O que viu do meu penar
&lt;br&gt;Vai dizer ao meu grande amor
&lt;br&gt;Que eu sempre vou tão só
&lt;br&gt;Diz também para o meu amor
&lt;br&gt;É só voltar, beija - flor
&lt;br&gt;O que faz o beija - flor
&lt;br&gt;Ter lampejos cor do mar?
&lt;br&gt;Quando eu penso em você
&lt;br&gt;Meu desejo é navegar
&lt;br&gt;
&lt;br&gt;O que faz o beija - flor
&lt;br&gt;Ter mais prata que o luar
&lt;br&gt;Faz o mel da tua flor
&lt;br&gt;Ser mais doce ao paladar
&lt;br&gt;Vai dizer ao meu grande amor
&lt;br&gt;Que eu sempre estou e vou tão só
&lt;br&gt;Diz também para o meu amor
&lt;br&gt;É só voltar, beija - flor
&lt;br&gt;Quando riscas o céu
&lt;br&gt;És mais doce que o mel
&lt;br&gt;Que tiras da flor
&lt;br&gt;Mais do que viver
&lt;br&gt;Só te importa voar &amp;hellip; Beija - flor&lt;/p&gt;
</description>
    </item>
    
    <item>
      <title> Beijo Sideral</title>
      <link>http://letraspedia.com/lyric/14-bis-beijo-sideral/</link>
      <pubDate>Mon, 01 Sep 2008 00:00:00 UTC</pubDate>
      <author>Enthusiastic Hugo User</author>
      <guid>http://letraspedia.com/lyric/14-bis-beijo-sideral/</guid>
      <description>&lt;p&gt;Oh meu novo amor
&lt;br&gt;Volto a te encontrar
&lt;br&gt;Você continua a me acontecer
&lt;br&gt;Sou o seu anel
&lt;br&gt;Cintilando ao sol
&lt;br&gt;Onde eu te encontro a me procurar
&lt;br&gt;Na hora mais linda desse beijo sideral
&lt;br&gt;Uma sensação de flutuar
&lt;br&gt;Cada vez mais leve coração celestial
&lt;br&gt;Vejo meu desejo pelo ar
&lt;br&gt;
&lt;br&gt;Volto a te encontrar
&lt;br&gt;Livre dessa vez
&lt;br&gt;Você continua a me acontecer
&lt;br&gt;Sou o seu anel
&lt;br&gt;Cintilando ao sol
&lt;br&gt;Onde eu te encontro a me procurar
&lt;br&gt;Deixe o seu amor acontecer em meu olhar
&lt;br&gt;Todo sonho é novo como o sol
&lt;br&gt;Na hora mais linda desse beijo sideral
&lt;br&gt;Uma sensação de flutuar&lt;/p&gt;
</description>
    </item>
    
    <item>
      <title> Bola De Meia, Bola De Gude</title>
      <link>http://letraspedia.com/lyric/14-bis-bola-de-meia-bola-de-gude/</link>
      <pubDate>Mon, 01 Sep 2008 00:00:00 UTC</pubDate>
      <author>Enthusiastic Hugo User</author>
      <guid>http://letraspedia.com/lyric/14-bis-bola-de-meia-bola-de-gude/</guid>
      <description>&lt;p&gt;Há um menino, há um moleque, morando sempre no meu coração
&lt;br&gt;Toda vez que o adulto balança ele vem pra me dar a mão
&lt;br&gt;Há um passado no meu presente, o sol bem quente lá no meu quintal
&lt;br&gt;Toda vez que a bruxa me assombra o menino me dá a mão
&lt;br&gt;
&lt;br&gt;Ele fala de coisas bonitas que eu acredito que não deixarão de existir
&lt;br&gt;Amizade, palavra, respeito, caráter, bondade, alegria e amor
&lt;br&gt;Pois não posso, não devo, não quero viver como toda essa gente
&lt;br&gt;insiste em viver
&lt;br&gt;Não posso aceitar sossegado qualquer maldade ser coisa normal
&lt;br&gt;
&lt;br&gt;Bola de meia, bola de gude, o solidário não quer solidão
&lt;br&gt;Toda vez que a tristeza me alcança o menino me dá a mão
&lt;br&gt;Há um menino, há um moleque morando sempre no meu coração
&lt;br&gt;toda vez que o adulto fraqueja ele vem pra me dar a mão
&lt;br&gt;Há um menino, há um moleque morando sempre no meu coração
&lt;br&gt;Toda vez que o adulto balança ele vem pra me dar a mão
&lt;br&gt;Há um passado, no meu presente, um Sol bem quente lá no meu quintal
&lt;br&gt;Toda vez que a bruxa me assusta o menino me dá a mão
&lt;br&gt;
&lt;br&gt;Ele fala de coisas bonitas que eu acredito que não deixarão de existir
&lt;br&gt;Amizade, palavra, respeito, caráter, bondade, alegria e amor
&lt;br&gt;Pois não posso, não devo, não quero viver como toda essa gente
&lt;br&gt;insiste em viver
&lt;br&gt;E não posso aceitar sossegado qualquer maldade ser coisa normal
&lt;br&gt;
&lt;br&gt;Bola de Meia, Bola de gude, o solidário não quer solidão
&lt;br&gt;Toda vez que a tristeza me alcança o menino me dá a mão
&lt;br&gt;Há um menino, há um moleque morando sempre no meu coração
&lt;br&gt;toda vez que o adulto fraqueja ele vem pra me dar a mão&lt;/p&gt;
</description>
    </item>
    
    <item>
      <title> CanÇÃo Da América</title>
      <link>http://letraspedia.com/lyric/14-bis-cancAo-da-america/</link>
      <pubDate>Mon, 01 Sep 2008 00:00:00 UTC</pubDate>
      <author>Enthusiastic Hugo User</author>
      <guid>http://letraspedia.com/lyric/14-bis-cancAo-da-america/</guid>
      <description>&lt;p&gt;Amigo é coisa pra se guardar
&lt;br&gt;Debaixo de sete chaves
&lt;br&gt;Dentro do coração
&lt;br&gt;Assim falava a canção
&lt;br&gt;Que na América ouvi
&lt;br&gt;Mas quem cantava chorou
&lt;br&gt;Ao ver seu amigo partir
&lt;br&gt;Mas quem ficou
&lt;br&gt;No pensamento voou
&lt;br&gt;Com seu canto que o outro lembrou
&lt;br&gt;E quem voou
&lt;br&gt;No pensamento ficou
&lt;br&gt;Com a lembrança que o outro cantou
&lt;br&gt;Amigo é coisa pra se guardar
&lt;br&gt;No lado esquerdo do peito
&lt;br&gt;Mesmo que o tempo e a distância
&lt;br&gt;Digam não
&lt;br&gt;Mesmo esquecendo a canção
&lt;br&gt;O que importa é ouvir
&lt;br&gt;A voz que vem do coração
&lt;br&gt;Pois seja o que vier
&lt;br&gt;Venha o que vier
&lt;br&gt;(venha o que)
&lt;br&gt;Vier
&lt;br&gt;Qualquer dia amigo
&lt;br&gt;Eu volto a te encontrar
&lt;br&gt;Qualquer dia amigo a gente
&lt;br&gt;Vai se encontrar
&lt;br&gt;(instrumental)
&lt;br&gt;Pois seja o que vier
&lt;br&gt;Venha o que vier
&lt;br&gt;(venha o que)
&lt;br&gt;Vier
&lt;br&gt;Qualquer dia amigo
&lt;br&gt;Eu volto a te encontrar
&lt;br&gt;Qualquer dia amigo a gente
&lt;br&gt;Vai se encontrar&lt;/p&gt;
</description>
    </item>
    
    <item>
      <title> CanÇÕes De Guerra</title>
      <link>http://letraspedia.com/lyric/14-bis-cancOes-de-guerra/</link>
      <pubDate>Mon, 01 Sep 2008 00:00:00 UTC</pubDate>
      <author>Enthusiastic Hugo User</author>
      <guid>http://letraspedia.com/lyric/14-bis-cancOes-de-guerra/</guid>
      <description>&lt;p&gt;A linha do horizonte se avermelha, agora o sol se vai.
&lt;br&gt;A sombra pouco a pouco escala o arco, a tarde cai.
&lt;br&gt;Os homens calam-se diante do crepúsculo,
&lt;br&gt;Solene sombra sobre estrada.
&lt;br&gt;
&lt;br&gt;Sou eu quem devia voltar,
&lt;br&gt;Mas é cedo.
&lt;br&gt;
&lt;br&gt;Ali na direção da serra as luzes de uma aldeia vão,
&lt;br&gt;Trazer um pouco de conforto a toda solidão.
&lt;br&gt;Pessoas passam calejadas em alma e músculo,
&lt;br&gt;Perguntas muitas sobre nada.
&lt;br&gt;
&lt;br&gt;Sou eu quem devia voltar,
&lt;br&gt;(Não posso voltar agora, a guerra não terminou)
&lt;br&gt;Mas é cedo.
&lt;br&gt;(Mil léguas estrada afora, sem tréguas ainda vou)
&lt;br&gt;
&lt;br&gt;Escute as canções de guerra,
&lt;br&gt;Os sinais, as razões da terra.
&lt;br&gt;
&lt;br&gt;Alimentando a alma eu bebo vinho, eu trago música.
&lt;br&gt;Sei que uma vida é uma vida sempre única.
&lt;br&gt;Diante do amor o mundo é minúsculo,
&lt;br&gt;Eu não profano a jornada.&lt;/p&gt;
</description>
    </item>
    
    <item>
      <title> Carrossel</title>
      <link>http://letraspedia.com/lyric/14-bis-carrossel/</link>
      <pubDate>Mon, 01 Sep 2008 00:00:00 UTC</pubDate>
      <author>Enthusiastic Hugo User</author>
      <guid>http://letraspedia.com/lyric/14-bis-carrossel/</guid>
      <description>&lt;p&gt;Você vai chegar ao entar..de..cer
&lt;br&gt;A brilhar nessa luz cor de outono
&lt;br&gt;Você vai lembrar quanto eu fui sonhar
&lt;br&gt;Um país todo em flor numa estrela
&lt;br&gt;
&lt;br&gt;Tanto tempo eu sei
&lt;br&gt;Já se foi sem te alcançar
&lt;br&gt;Carrossel a girar em meu sonho
&lt;br&gt;Vive em seu olhar
&lt;br&gt;
&lt;br&gt;Um jardim feito canção
&lt;br&gt;Florescendo no horizonte
&lt;br&gt;Claro ao sol&lt;/p&gt;
</description>
    </item>
    
  </channel>
</rss>