<?xml version="1.0" encoding="utf-8" standalone="yes" ?>
<rss version="2.0" xmlns:atom="http://www.w3.org/2005/Atom">
  <channel>
      <title>2da Nota on Letraspedia.com thes best lyrics page </title>
    <link>http://letraspedia.com/artist/2da-nota/</link>
    <language>en-US</language>
    <author>Enthusiastic Hugo User</author>
    <rights>Copyright (c) 2014, Enthusiastic Hugo User; all rights reserved.</rights>
    <updated>Mon, 01 Sep 2008 00:00:00 UTC</updated>
    
    <item>
      <title> En Cuestiones Del Amor</title>
      <link>http://letraspedia.com/lyric/2da-nota-en-cuestiones-del-amor/</link>
      <pubDate>Mon, 01 Sep 2008 00:00:00 UTC</pubDate>
      <author>Enthusiastic Hugo User</author>
      <guid>http://letraspedia.com/lyric/2da-nota-en-cuestiones-del-amor/</guid>
      <description>&lt;p&gt;(Darel)
&lt;br&gt;Hoy solo para ti
&lt;br&gt;lo que contigo fui
&lt;br&gt;los testimonios que se quedan en el firmamento
&lt;br&gt;escritas con tintas, lagrimas de sentimiento
&lt;br&gt;
&lt;br&gt;(Rapses)
&lt;br&gt;Mi tinta fluye solo por que ya no estas
&lt;br&gt;mientras mi alma huye detras, de ti
&lt;br&gt;por que sentimientos se escabullen
&lt;br&gt;cuando los deje atras de mi
&lt;br&gt;si ya no los veras jamas
&lt;br&gt;asi si es lo que deseabas
&lt;br&gt;este sujeto cantaba te anhelaba
&lt;br&gt;le ilusionabas y ahora simplente se acaba
&lt;br&gt;
&lt;br&gt;(Darel)
&lt;br&gt;No quiero ser asi
&lt;br&gt;me he cansado de sufrir
&lt;br&gt;pero solo me acuerdo de ti
&lt;br&gt;toma los momentos no son ya necesarios
&lt;br&gt;por que de que me sirven si ya no estas aqui
&lt;br&gt;(ya no estas aqui)
&lt;br&gt;
&lt;br&gt;(Rapses)
&lt;br&gt;Curiosidad de no querer pensarte
&lt;br&gt;en verdad es que lo hago constantemente
&lt;br&gt;tinta derramada como sangre
&lt;br&gt;te escribia y ahora lo hago mas que antes
&lt;br&gt;esto sera obsesión de siempre
&lt;br&gt;o una cancion que deseaba mi mente
&lt;br&gt;
&lt;br&gt;(Darel)
&lt;br&gt;Una cancion que se te dedico
&lt;br&gt;y que con el corazon de tu amor de describio
&lt;br&gt;(se describio, se describio)
&lt;br&gt;
&lt;br&gt;(Rapses)
&lt;br&gt;Una caja musical suena
&lt;br&gt;la chica bailarina me recuerda
&lt;br&gt;el concepto de belleza
&lt;br&gt;lo perfecto comienza de tus pies a la cabeza
&lt;br&gt;este piano no lo mejora
&lt;br&gt;quiza desahoga pero me quedo pensando en lo que pasa
&lt;br&gt;
&lt;br&gt;(Darel)
&lt;br&gt;Con recuerdos parcho tu salida
&lt;br&gt;de mi corazon la herida
&lt;br&gt;tratando de parar la hemorragia de la nostalgia
&lt;br&gt;(de la nostalgia)
&lt;br&gt;
&lt;br&gt;Estar a tu lado agarrado de tu mano
&lt;br&gt;con una sola virtud de estarte amando
&lt;br&gt;pero por un error solo puede decir mi corazon
&lt;br&gt;Te amo
&lt;br&gt;(perdon)
&lt;br&gt;
&lt;br&gt;(Rapses)
&lt;br&gt;Una tinta negra corregia con rojo
&lt;br&gt;derramando pensamientos de sentimientos que yo no escojo
&lt;br&gt;corazon lo siento&lt;/p&gt;
</description>
    </item>
    
    <item>
      <title>Jame Volar</title>
      <link>http://letraspedia.com/lyric/2da-nota-dejame-volar/</link>
      <pubDate>Mon, 01 Sep 2008 00:00:00 UTC</pubDate>
      <author>Enthusiastic Hugo User</author>
      <guid>http://letraspedia.com/lyric/2da-nota-dejame-volar/</guid>
      <description>&lt;p&gt;(Darel)
&lt;br&gt;Por un te quiero hice lo que pude para que saliera de tu corazon
&lt;br&gt;y hasta el momento veo que solo yo no puedo
&lt;br&gt;estoy agotado y desilucionado preguntandome cual seria la razon
&lt;br&gt;tal ves te ame demasiado
&lt;br&gt;tomare mi sinceridad que aun cuelga de tu mano
&lt;br&gt;cual fue la situacion tal vez te arte al permanecer a tu lado
&lt;br&gt;por atender tus emociones si es asi te pido perdon
&lt;br&gt;por compartir contigo mis sentimientos mediocres
&lt;br&gt;buscaba darte todo a cambio de nada
&lt;br&gt;falsas esperanzas que encojian las miradas
&lt;br&gt;mas que un sentimiento tu eras para mi
&lt;br&gt;trato de econtrar pedazos rotos que por estupido perdi
&lt;br&gt;tengo un boligrafo y un telefono en mi mano
&lt;br&gt;le llamare o resumo lo acabado
&lt;br&gt;
&lt;br&gt;(Estribillo)
&lt;br&gt;Que veo en tus ojos que ya no hay luz
&lt;br&gt;tras cada recuerdo te encuentras tu
&lt;br&gt;solo lagrimas lloran por tu plenitud
&lt;br&gt;x2
&lt;br&gt;
&lt;br&gt;(Rapses)
&lt;br&gt;Perdon, perdon perdoname porfavor pero conoci
&lt;br&gt;el amor y solo me dijo
&lt;br&gt;que hiciera lo mejor pense solo por mi
&lt;br&gt;y quiza mi destino nunca pense en ti
&lt;br&gt;si tal vez saldrias con amigos
&lt;br&gt;pero queria un buen dia pensado que tal vez lo lograria
&lt;br&gt;pues asi lo dijo el señor amor
&lt;br&gt;que venciera al joven temor
&lt;br&gt;pero yo solo pensando en mi metas
&lt;br&gt;pensando en que seria capas
&lt;br&gt;sin recordar tus anectadotas de meses atras
&lt;br&gt;quiza esperabas otro 14 de febrero
&lt;br&gt;pensando y tal vez meditando
&lt;br&gt;de otras cosas que podrian estar pasando
&lt;br&gt;pero yo solo desperdiciandolo
&lt;br&gt;pero no sabia que hacer ya
&lt;br&gt;mi mente estallara, explotara
&lt;br&gt;una bomba nuclear dentro de mi cuerpo
&lt;br&gt;destrozando corazon y pensamientos
&lt;br&gt;solo dejame volar o quiza lo hiciste
&lt;br&gt;pero no pensando en valorar un amo que ni siquiera viste
&lt;br&gt;
&lt;br&gt;(Estribillo)
&lt;br&gt;Que veo en tus ojos que ya no hay luz
&lt;br&gt;tras cada recuerdo te encuentras tu
&lt;br&gt;solo lagrimas lloran por tu plenitud
&lt;br&gt;x3&lt;/p&gt;
</description>
    </item>
    
  </channel>
</rss>