<?xml version="1.0" encoding="utf-8" standalone="yes" ?>
<rss version="2.0" xmlns:atom="http://www.w3.org/2005/Atom">
  <channel>
      <title>113 Vicios on Letraspedia.com thes best lyrics page </title>
    <link>http://letraspedia.com/artist/113-vicios/</link>
    <language>en-US</language>
    <author>Enthusiastic Hugo User</author>
    <rights>Copyright (c) 2014, Enthusiastic Hugo User; all rights reserved.</rights>
    <updated>Mon, 01 Sep 2008 00:00:00 UTC</updated>
    
    <item>
      <title> Amargo</title>
      <link>http://letraspedia.com/lyric/113-vicios-amargo/</link>
      <pubDate>Mon, 01 Sep 2008 00:00:00 UTC</pubDate>
      <author>Enthusiastic Hugo User</author>
      <guid>http://letraspedia.com/lyric/113-vicios-amargo/</guid>
      <description>&lt;p&gt;DESDE EL PAIS DE LOS HOMBRES HÚMEDOS
&lt;br&gt;VOLÓ EL ANGEL NEGRO, ME CONTO UNA HISTORIA
&lt;br&gt;TRISTE PARA QUE NO ME DURMIERA
&lt;br&gt;SIN EMOCIONARME, PARA QUE NO ME DURMIERA
&lt;br&gt;SIN EMOCIONARME.
&lt;br&gt;
&lt;br&gt;PERO YO NO CREO EN NADA
&lt;br&gt;NI EN LOS BESOS DE LA MUERTE,
&lt;br&gt;PERO YO NO CREO NADA
&lt;br&gt;NI EN LOS BESOS DE LA MUERTE
&lt;br&gt;
&lt;br&gt;AMARGO.AMARGO.AMARGO.AMAAAAR-GO
&lt;br&gt;GO.GO.
&lt;br&gt;
&lt;br&gt;LA PASIÓN A MUERTO LA ENCERRARON
&lt;br&gt;DENTRO DE UN GLOBO DE LATEX,
&lt;br&gt;MI GENERACIÓN FUE VOMITADA.
&lt;br&gt;HACIA LA NADA, HACIA LA NADA
&lt;br&gt;
&lt;br&gt;AMARGO,AMARGO,AMARGO&lt;/p&gt;
</description>
    </item>
    
    <item>
      <title> Besos</title>
      <link>http://letraspedia.com/lyric/113-vicios-besos/</link>
      <pubDate>Mon, 01 Sep 2008 00:00:00 UTC</pubDate>
      <author>Enthusiastic Hugo User</author>
      <guid>http://letraspedia.com/lyric/113-vicios-besos/</guid>
      <description>&lt;p&gt;Mire el cuerpo masticar arena
&lt;br&gt;Y escuche su voz tiritar
&lt;br&gt;La miseria de la carne.
&lt;br&gt;
&lt;br&gt;Vi su rostro escarchado
&lt;br&gt;Parando en el centro de la cruz
&lt;br&gt;Vi la sangre golpear en el viento.
&lt;br&gt;
&lt;br&gt;Y serré los ojos y quede mudo ante los besos salados, de la muerte.
&lt;br&gt;Y serré los ojos y quede mudo ante los besos salados, de la muerte.
&lt;br&gt;
&lt;br&gt;No me condenen por eso
&lt;br&gt;Piensen en mis negras manos
&lt;br&gt;Escribiendo en el espejo pegado a los dientes
&lt;br&gt;
&lt;br&gt;Mire el cuerpo masticar arena
&lt;br&gt;Y escuche su voz tiritar
&lt;br&gt;La miseria de la carne.
&lt;br&gt;
&lt;br&gt;Y serré los ojos y quede mudo ante los besos salados, de la muerte.
&lt;br&gt;Y serré los ojos y quedé mudo ante los besos salados, de la muerte.&lt;/p&gt;
</description>
    </item>
    
    <item>
      <title> Brujerías</title>
      <link>http://letraspedia.com/lyric/113-vicios-brujerias/</link>
      <pubDate>Mon, 01 Sep 2008 00:00:00 UTC</pubDate>
      <author>Enthusiastic Hugo User</author>
      <guid>http://letraspedia.com/lyric/113-vicios-brujerias/</guid>
      <description>&lt;p&gt;Brujerías, magias de un amor
&lt;br&gt;Intensa, lluvia de verano
&lt;br&gt;Vuelvo, desarmado del karmas
&lt;br&gt;Aunque, cosas raras pasan camino a casa
&lt;br&gt;
&lt;br&gt;Fue, como volver de la guerra
&lt;br&gt;La, artillería pesada nos tiraba
&lt;br&gt;
&lt;br&gt;Pero tus brujerías
&lt;br&gt;Magias de tu amor
&lt;br&gt;Bórrame, pero dibújame de nuevo
&lt;br&gt;
&lt;br&gt;Magias de tu amor
&lt;br&gt;Magias de tu amor
&lt;br&gt;
&lt;br&gt;Fue, como volver de la guerra
&lt;br&gt;La, artillería pesada nos tiraba
&lt;br&gt;
&lt;br&gt;Pero tus brujerías
&lt;br&gt;Magias de tu amor
&lt;br&gt;
&lt;br&gt;Brujerías
&lt;br&gt;Magias de tu amor&lt;/p&gt;
</description>
    </item>
    
    <item>
      <title> Cansancio</title>
      <link>http://letraspedia.com/lyric/113-vicios-cansancio/</link>
      <pubDate>Mon, 01 Sep 2008 00:00:00 UTC</pubDate>
      <author>Enthusiastic Hugo User</author>
      <guid>http://letraspedia.com/lyric/113-vicios-cansancio/</guid>
      <description>&lt;p&gt;Cansancio,cubre mi vida
&lt;br&gt;y haceme soñar cosas bonitas
&lt;br&gt;el brillo de esta noche mi dios
&lt;br&gt;se ha cambiado
&lt;br&gt;se ha cambiado de coche
&lt;br&gt;
&lt;br&gt;Por una calle de tierra voy
&lt;br&gt;embarrado, embarrado hasta la pera
&lt;br&gt;por una calle de tierra voy
&lt;br&gt;y a nadie le importa me dios
&lt;br&gt;por donde voy.
&lt;br&gt;
&lt;br&gt;Cansancio dame un bloqueo
&lt;br&gt;que esta noche no tengo frenos
&lt;br&gt;prestame un paracaidas
&lt;br&gt;pa&amp;rsquo; no caer de golpe en esta vida
&lt;br&gt;
&lt;br&gt;Y en la calle de los milagros
&lt;br&gt;suelo verte caminar
&lt;br&gt;mi angustia es tu suerte
&lt;br&gt;y quiero verte,encima quiero verte&lt;/p&gt;
</description>
    </item>
    
    <item>
      <title> Clandestino</title>
      <link>http://letraspedia.com/lyric/113-vicios-clandestino/</link>
      <pubDate>Mon, 01 Sep 2008 00:00:00 UTC</pubDate>
      <author>Enthusiastic Hugo User</author>
      <guid>http://letraspedia.com/lyric/113-vicios-clandestino/</guid>
      <description>&lt;p&gt;Besare las humedades de tu cuerpo
&lt;br&gt;Y tu boca de muerte
&lt;br&gt;Y tu cuerpo derrumbándoseee.. besare
&lt;br&gt;
&lt;br&gt;Apocalíptico carnaval devorador de tus sueños
&lt;br&gt;Apocalíptico carnaval devorador de tus sueños
&lt;br&gt;Ensombrecidos por un mar de saliva y sangre
&lt;br&gt;
&lt;br&gt;Clandestino clandestino clandestino clandestino
&lt;br&gt;
&lt;br&gt;Morderé con la bronca que le sobra a este cuerpo a mi mujer
&lt;br&gt;Y tu cuerpo derrumbándoseee.. besare
&lt;br&gt;
&lt;br&gt;Apocalíptico carnaval devorador de tus sueños
&lt;br&gt;Apocalíptico carnaval devorador de tus sueños
&lt;br&gt;Ensombrecidos por un mar de saliva y sangre
&lt;br&gt;
&lt;br&gt;Clandestino clandestino clandestino clandestino&lt;/p&gt;
</description>
    </item>
    
    <item>
      <title> Corriendo Atrás Del Colectivo</title>
      <link>http://letraspedia.com/lyric/113-vicios-corriendo-atras-del-colectivo/</link>
      <pubDate>Mon, 01 Sep 2008 00:00:00 UTC</pubDate>
      <author>Enthusiastic Hugo User</author>
      <guid>http://letraspedia.com/lyric/113-vicios-corriendo-atras-del-colectivo/</guid>
      <description>&lt;p&gt;Mi mente me arde,
&lt;br&gt;Mi cabeza se parte,
&lt;br&gt;quiero dormir,
&lt;br&gt;otro rexotanil.
&lt;br&gt;
&lt;br&gt;Pero todo mi sueño se consume,
&lt;br&gt;en este agujero negro,
&lt;br&gt;clavando puñales en mi interior
&lt;br&gt;puedo sentir mi cerebro
&lt;br&gt;
&lt;br&gt;Retorciéndose con esta sensación
&lt;br&gt;retorciéndose con esta sensación
&lt;br&gt;oh oh que bajón
&lt;br&gt;
&lt;br&gt;Parece que el tiempo se detuvo
&lt;br&gt;en esta prisión
&lt;br&gt;clavando puñales en mi interior
&lt;br&gt;puedo sentir mi cerebro
&lt;br&gt;
&lt;br&gt;Para aquellos que me encerraron
&lt;br&gt;para quellos que me encerraron
&lt;br&gt;para quellos que me privaron la libertad
&lt;br&gt;Todas las cloacas desbordarán
&lt;br&gt;y la mierda los cubrirá
&lt;br&gt;
&lt;br&gt;Porque son,solo eso
&lt;br&gt;porque son,solo eso
&lt;br&gt;un pedazo de mierda revestida de legalidad
&lt;br&gt;
&lt;br&gt;Estoy desahuciado
&lt;br&gt;el centro de la ciudad
&lt;br&gt;me esta llamando
&lt;br&gt;
&lt;br&gt;Es sábado y me voy
&lt;br&gt;si te pierdo algun dia
&lt;br&gt;no quiero que sea hoy
&lt;br&gt;
&lt;br&gt;Corriendo atrás del colectivo
&lt;br&gt;corriendo atrás del colectivo
&lt;br&gt;corriendo atrás del colectivo,
&lt;br&gt;yo me voy
&lt;br&gt;
&lt;br&gt;Estoy agitado
&lt;br&gt;esta historia de las drogas
&lt;br&gt;me esta matando&lt;/p&gt;
</description>
    </item>
    
    <item>
      <title> Esta Noche</title>
      <link>http://letraspedia.com/lyric/113-vicios-esta-noche/</link>
      <pubDate>Mon, 01 Sep 2008 00:00:00 UTC</pubDate>
      <author>Enthusiastic Hugo User</author>
      <guid>http://letraspedia.com/lyric/113-vicios-esta-noche/</guid>
      <description>&lt;p&gt;Entro De noche a mi cuidad
&lt;br&gt;donde a menudo no me esperan.
&lt;br&gt;Donde el sonidos aliados a mi
&lt;br&gt;Donde ese amor quema para mí
&lt;br&gt;Tu perfume es para mí
&lt;br&gt;Esta noche es como si abrieran las puertas
&lt;br&gt;De esta prisión
&lt;br&gt;
&lt;br&gt;No tengo apuro no tengo lugar
&lt;br&gt;Este invierno no me va a perdonar
&lt;br&gt;Quisiera verte en ese bar.
&lt;br&gt;Donde el amor quema
&lt;br&gt;
&lt;br&gt;En tiempos negros voy a pisar
&lt;br&gt;En mi almohada ya no estarás
&lt;br&gt;Esta noche es como si se abrieran las eternas puertas
&lt;br&gt;De esta prisión
&lt;br&gt;
&lt;br&gt;Esta noche es para mí
&lt;br&gt;Tu perfume es para mí
&lt;br&gt;Esta noche es como si se abrieran las eternas puertas
&lt;br&gt;De esta prisión&lt;/p&gt;
</description>
    </item>
    
    <item>
      <title> Fugitivo Eléctrico</title>
      <link>http://letraspedia.com/lyric/113-vicios-fugitivo-electrico/</link>
      <pubDate>Mon, 01 Sep 2008 00:00:00 UTC</pubDate>
      <author>Enthusiastic Hugo User</author>
      <guid>http://letraspedia.com/lyric/113-vicios-fugitivo-electrico/</guid>
      <description>&lt;p&gt;Navegando en mi interior
&lt;br&gt;no encuentro mas que ruinas
&lt;br&gt;no tengo nafta soy a vapor
&lt;br&gt;no creo que llegue a la orilla
&lt;br&gt;
&lt;br&gt;Fufitivo eléctrico
&lt;br&gt;al menos llevo mi medicina
&lt;br&gt;es tu costumbre diaria
&lt;br&gt;son sobras de comida
&lt;br&gt;que me da la vida
&lt;br&gt;
&lt;br&gt;Navegando en mi interior
&lt;br&gt;no encuentro mas que ruinas
&lt;br&gt;no tengo nafta soy a vapor
&lt;br&gt;no creo que llegue a esta orilla&lt;/p&gt;
</description>
    </item>
    
    <item>
      <title> Hastío</title>
      <link>http://letraspedia.com/lyric/113-vicios-hastio/</link>
      <pubDate>Mon, 01 Sep 2008 00:00:00 UTC</pubDate>
      <author>Enthusiastic Hugo User</author>
      <guid>http://letraspedia.com/lyric/113-vicios-hastio/</guid>
      <description>&lt;p&gt;No soy yo el que abrió
&lt;br&gt;La jaula de este monstruo
&lt;br&gt;El hastío a prueba inminente de tu soledad
&lt;br&gt;Un dios compasivo
&lt;br&gt;Pero a la vez perverso
&lt;br&gt;Me aaabrasaraaaaaaaaas       me aaaabrasaraaaaaaaaas
&lt;br&gt;
&lt;br&gt;Las luces se encienden
&lt;br&gt;Las marionetas también se prenden
&lt;br&gt;Gooozaa a mis ojos con dignidad
&lt;br&gt;Hermooosaa a mis ojos con dignidad fina
&lt;br&gt;Me aaabrasaraaaaaaaaas&lt;br /&gt;
&lt;br&gt;                 me aaabrasaraaaaaaaaas&lt;br /&gt;
&lt;br&gt;Miro la lava hachando malezas
&lt;br&gt;Un dios compasivo pero a la vez demente
&lt;br&gt;El tiempo ha pasado    el tiempo ha pasado!
&lt;br&gt;Me aaabrasaraaaaaaas       me aaabrasaraaaaaaas
&lt;br&gt;Me aaabrasaraaaaaaas       me aaabrasaraaaaaaas
&lt;br&gt;Me aaabrasaraaaaaaas       me aaabrasaraaaaaaas&lt;/p&gt;
</description>
    </item>
    
    <item>
      <title> Mis Amigos No Duermen</title>
      <link>http://letraspedia.com/lyric/113-vicios-mis-amigos-no-duermen/</link>
      <pubDate>Mon, 01 Sep 2008 00:00:00 UTC</pubDate>
      <author>Enthusiastic Hugo User</author>
      <guid>http://letraspedia.com/lyric/113-vicios-mis-amigos-no-duermen/</guid>
      <description>&lt;p&gt;Joder que es tan solo desarmar la cama
&lt;br&gt;Murmuro como en el cuento de pou
&lt;br&gt;La que mas quieras te partió con su amoooor
&lt;br&gt;
&lt;br&gt;Tempestad tenia entre sus piernas
&lt;br&gt;Casi naufraga el barco de tu vida entre sus piernas
&lt;br&gt;
&lt;br&gt;Se fue de viaje y te trajo un HIV+
&lt;br&gt;De regalo envuelto en un hermoso papel
&lt;br&gt;La que mas querías te partió con su amoruououo
&lt;br&gt;
&lt;br&gt;Ciertas noches quiero caminar con mis amigos
&lt;br&gt;Ciertas noches me voy a emborrachar con mis amigos
&lt;br&gt;Los que no duermen
&lt;br&gt;
&lt;br&gt;Tempestad tenia entre sus piernas
&lt;br&gt;Casi naufraga el barco de tu vidaentre sus piernas&lt;/p&gt;
</description>
    </item>
    
    <item>
      <title> Pagar Para Ver</title>
      <link>http://letraspedia.com/lyric/113-vicios-pagar-para-ver/</link>
      <pubDate>Mon, 01 Sep 2008 00:00:00 UTC</pubDate>
      <author>Enthusiastic Hugo User</author>
      <guid>http://letraspedia.com/lyric/113-vicios-pagar-para-ver/</guid>
      <description>&lt;p&gt;Como si fuera un mentiroso Ya no puedo delirarme más
&lt;br&gt;Es que compre todos los boletos Ya no puedo delirarme más
&lt;br&gt;
&lt;br&gt;Pagar, pagar, pagar para ver
&lt;br&gt;Pagar, pagar, pagar para ver
&lt;br&gt;Como si fuera un mentiroso
&lt;br&gt;
&lt;br&gt;La calle esta mas podrida que ayer
&lt;br&gt;La policia mas trucha que ayer
&lt;br&gt;Y es que compre todos los boletos
&lt;br&gt;Ya no puedo dejar de delirar
&lt;br&gt;
&lt;br&gt;En este tiempo sin futuro
&lt;br&gt;Mi sangre nadie la va a analizar
&lt;br&gt;Es que compre todos los boletos
&lt;br&gt;Ya no quiero dejar de delirar.
&lt;br&gt;
&lt;br&gt;Pagar, pagar, pagar para ver
&lt;br&gt;Pagar, pagar, pagar para ver
&lt;br&gt;Como si fuera un mentiroso.&lt;/p&gt;
</description>
    </item>
    
    <item>
      <title> Relacion Guerrillera</title>
      <link>http://letraspedia.com/lyric/113-vicios-relacion-guerrillera/</link>
      <pubDate>Mon, 01 Sep 2008 00:00:00 UTC</pubDate>
      <author>Enthusiastic Hugo User</author>
      <guid>http://letraspedia.com/lyric/113-vicios-relacion-guerrillera/</guid>
      <description>&lt;p&gt;me gusta tomar ginebra aqui y otra por alla,
&lt;br&gt;intentando descubrir tu mirada codiciosa y desconfiada
&lt;br&gt;muchas veces me toca andar solo y un poco decepcionado
&lt;br&gt;hasta saber poco a poco q la noche
&lt;br&gt;tambien es mi amante.
&lt;br&gt;
&lt;br&gt;Preguntas inevitables
&lt;br&gt;Mentiras inevitables
&lt;br&gt;Para una relacion guerrillera.
&lt;br&gt;
&lt;br&gt;Preguntas inevitables
&lt;br&gt;Mentiras inevitables
&lt;br&gt;Para una relacion guerrillera.
&lt;br&gt;(guerrilera)
&lt;br&gt;
&lt;br&gt;Se me va la esperanza inutil
&lt;br&gt;Que me sigue por las calles
&lt;br&gt;Que me sigue por las calles
&lt;br&gt;con el perro, con el perro sarnoso.
&lt;br&gt;
&lt;br&gt;Me gusta tomar ginebra aqui y otra por alla
&lt;br&gt;intentando descubrir tu mirada codiciosa y desconfiada.
&lt;br&gt;
&lt;br&gt;Preguntas inevitables
&lt;br&gt;Mentiras inevitables
&lt;br&gt;Para una relacion guerrillera.
&lt;br&gt;(guerrilera)&lt;/p&gt;
</description>
    </item>
    
    <item>
      <title> Te Voy A Dar Mi Corazon</title>
      <link>http://letraspedia.com/lyric/113-vicios-te-voy-a-dar-mi-corazon/</link>
      <pubDate>Mon, 01 Sep 2008 00:00:00 UTC</pubDate>
      <author>Enthusiastic Hugo User</author>
      <guid>http://letraspedia.com/lyric/113-vicios-te-voy-a-dar-mi-corazon/</guid>
      <description>&lt;p&gt;Escribi una receta,pa&amp;rsquo; que veas que te extraño mi amor
&lt;br&gt;pienso cocinartela pronto,antes que me muera..
&lt;br&gt;
&lt;br&gt;Te voy a dar mi corazon echo pelota,
&lt;br&gt;te voy a dar mi corazon para que jueges..
&lt;br&gt;
&lt;br&gt;Me meti en una cueva,para no mirar pa fuera
&lt;br&gt;cuando sali hice un pozo,para enterrarme la cabeza
&lt;br&gt;
&lt;br&gt;Seguro habra una cancion
&lt;br&gt;una pocion,
&lt;br&gt;o una oracion..Una que mire para abajo y te agarre del brazo
&lt;br&gt;
&lt;br&gt;Te voy a dar mi corazon echo pelota,
&lt;br&gt;te voy a dar mi corazon para que jueges..
&lt;br&gt;
&lt;br&gt;Cuando te fuiste de mi lado,todo quedo a contramano
&lt;br&gt;cuando embale mi ultimo vino,
&lt;br&gt;las calles se me anularon
&lt;br&gt;
&lt;br&gt;Seguro habra una pocion,
&lt;br&gt;una cancion,
&lt;br&gt;o una oracion..Una que mire para abajo y me agarre del brazo
&lt;br&gt;
&lt;br&gt;Te voy a dar mi corazon echo pelota,
&lt;br&gt;te voy a dar mi corazon para que jueges..&lt;/p&gt;
</description>
    </item>
    
    <item>
      <title> Terciopelo Terráqueo</title>
      <link>http://letraspedia.com/lyric/113-vicios-terciopelo-terraqueo/</link>
      <pubDate>Mon, 01 Sep 2008 00:00:00 UTC</pubDate>
      <author>Enthusiastic Hugo User</author>
      <guid>http://letraspedia.com/lyric/113-vicios-terciopelo-terraqueo/</guid>
      <description>&lt;p&gt;Suave,
&lt;br&gt;terciopelo terráqueo
&lt;br&gt;sedienta vegetación
&lt;br&gt;hay en tus manos
&lt;br&gt;
&lt;br&gt;El sexo y tu pariente,
&lt;br&gt;la muerte
&lt;br&gt;recuerdan su pasado
&lt;br&gt;y viven aquí a mi lado.
&lt;br&gt;
&lt;br&gt;Y en un palco de cartulina azul
&lt;br&gt;baila tu enemigo
&lt;br&gt;y en un palco de cartulina azul
&lt;br&gt;baila tu enemigo
&lt;br&gt;¡Que el mismo que el mio!
&lt;br&gt;
&lt;br&gt;Viaje,
&lt;br&gt;delicioso viaje
&lt;br&gt;que va desde el sur
&lt;br&gt;hacia ninguna parte.
&lt;br&gt;
&lt;br&gt;Avasallador,
&lt;br&gt;estremecedor
&lt;br&gt;sacúdelo bien
&lt;br&gt;no es nada más que un viaje.
&lt;br&gt;
&lt;br&gt;Y en un palco de cartulina azul
&lt;br&gt;baila tu enemigo
&lt;br&gt;y en un palco de cartulina azul
&lt;br&gt;baila tu enemigo
&lt;br&gt;¡Es el mismo que el mio!
&lt;br&gt;
&lt;br&gt;Y en un palco de cartulina azul
&lt;br&gt;baila tu enemigo
&lt;br&gt;y en un palco de cartulina azul
&lt;br&gt;baila tu enemigo
&lt;br&gt;que es el mismo que el mio.&lt;/p&gt;
</description>
    </item>
    
    <item>
      <title> Veneno De Muerte Lenta</title>
      <link>http://letraspedia.com/lyric/113-vicios-veneno-de-muerte-lenta/</link>
      <pubDate>Mon, 01 Sep 2008 00:00:00 UTC</pubDate>
      <author>Enthusiastic Hugo User</author>
      <guid>http://letraspedia.com/lyric/113-vicios-veneno-de-muerte-lenta/</guid>
      <description>&lt;p&gt;A las bestias
&lt;br&gt;quiero cubrir de burbujas
&lt;br&gt;Ciegos mis ojos en tu neblina
&lt;br&gt;Me vieron caer los que hacharon mi bosque
&lt;br&gt;con veneno, veneno de muerte lenta
&lt;br&gt;
&lt;br&gt;Busco un sueño que he perdido
&lt;br&gt;en la cordillera de tus sentidos
&lt;br&gt;Porque un az de basto remata el sueño
&lt;br&gt;que he tenido con tigo
&lt;br&gt;Y eso es veneno, veneno de muerte lenta
&lt;br&gt;
&lt;br&gt;Me voy amando las cosas que ya no tengo
&lt;br&gt;Me voy amando las cosas que nunca tendre
&lt;br&gt;
&lt;br&gt;Mil canciones para el olvido
&lt;br&gt;ya no habrá tristezas
&lt;br&gt;mi amiga en el camino
&lt;br&gt;
&lt;br&gt;Por que tu alma es una vasija
&lt;br&gt;que guarda un buen vino
&lt;br&gt;Y eso me aleja, del veneno de muerte lenta
&lt;br&gt;
&lt;br&gt;Tu alma es una vasija que guarda el mejor vino
&lt;br&gt;Y eso me aleja del veneno de muerte lenta..
&lt;br&gt;
&lt;br&gt;Me voy amando las cosas que ya no tengo
&lt;br&gt;Me voy amando las cosas que ya no tendre..&lt;/p&gt;
</description>
    </item>
    
  </channel>
</rss>