<?xml version="1.0" encoding="utf-8" standalone="yes" ?>
<rss version="2.0" xmlns:atom="http://www.w3.org/2005/Atom">
  <channel>
      <title>2 De Abril on Letraspedia.com thes best lyrics page </title>
    <link>http://letraspedia.com/artist/2-de-abril/</link>
    <language>en-US</language>
    <author>Enthusiastic Hugo User</author>
    <rights>Copyright (c) 2014, Enthusiastic Hugo User; all rights reserved.</rights>
    <updated>Mon, 01 Sep 2008 00:00:00 UTC</updated>
    
    <item>
      <title> 6 De Enero</title>
      <link>http://letraspedia.com/lyric/2-de-abril-6-de-enero/</link>
      <pubDate>Mon, 01 Sep 2008 00:00:00 UTC</pubDate>
      <author>Enthusiastic Hugo User</author>
      <guid>http://letraspedia.com/lyric/2-de-abril-6-de-enero/</guid>
      <description>&lt;p&gt;6 de enero hoy estoy cumpliendo un mes
&lt;br&gt;la pancita de mama, no se que pasara
&lt;br&gt;se muy bien que tus papis no me quieren
&lt;br&gt;dicen que por ser menor, no tendra un futuro mejor
&lt;br&gt;
&lt;br&gt;que papa se ha ido lejos
&lt;br&gt;que mama esta sufriendo
&lt;br&gt;no tener a quien recurrir
&lt;br&gt;va camino al hospital
&lt;br&gt;para con esto terminar
&lt;br&gt;
&lt;br&gt;que pasa, que pasa mama que no paras de llorar
&lt;br&gt;se que fui en error pero fue asi
&lt;br&gt;no llores, no llores mas ya mañana no estare
&lt;br&gt;juro que en la de dios aqui estare
&lt;br&gt;pase lo que pase siempre te amare
&lt;br&gt;
&lt;br&gt;&amp;ldquo;siempre te trato de conocer, ya no veo la luz
&lt;br&gt;pero en mi corazon siempre te llevare&amp;hellip;mama&amp;hellip;&amp;rdquo;
&lt;br&gt;
&lt;br&gt;se muy bien que tus papis no me quieren
&lt;br&gt;dicen que por ser menor, no tendra un futuro mejor
&lt;br&gt;
&lt;br&gt;que papa se ha ido lejos
&lt;br&gt;que mama esta sufriendo
&lt;br&gt;no tener a quien recurrir
&lt;br&gt;va camino al hospital
&lt;br&gt;para con esto terminar
&lt;br&gt;
&lt;br&gt;que pasa, que pasa mama que no paras de llorar
&lt;br&gt;se que fui en error pero fue asi
&lt;br&gt;no llores, no llores mas ya mañana no estare
&lt;br&gt;juro que en la de dios aqui estare
&lt;br&gt;pase lo que pase siempre te amare
&lt;br&gt;
&lt;br&gt;&amp;ldquo;siempre te trato de conocer, ya no veo la luz
&lt;br&gt;pero en mi corazon siempre te llevare&amp;hellip;mama&amp;hellip;&amp;rdquo;&lt;/p&gt;
</description>
    </item>
    
    <item>
      <title> Carta A Mama</title>
      <link>http://letraspedia.com/lyric/2-de-abril-carta-a-mama/</link>
      <pubDate>Mon, 01 Sep 2008 00:00:00 UTC</pubDate>
      <author>Enthusiastic Hugo User</author>
      <guid>http://letraspedia.com/lyric/2-de-abril-carta-a-mama/</guid>
      <description>&lt;p&gt;Como estas mi amor
&lt;br&gt;como te extraña mi corazon
&lt;br&gt;y a mi niñito hazle saber
&lt;br&gt;que a casa papi va a volver
&lt;br&gt;
&lt;br&gt;dile que lo quiero
&lt;br&gt;que de mi mundo el es dueño
&lt;br&gt;que la prision fue un mal recuerdo
&lt;br&gt;que hare realidad sus sueños
&lt;br&gt;
&lt;br&gt;dile que lo abrazare
&lt;br&gt;y mil cuentos le contare
&lt;br&gt;que no tenga porque temer
&lt;br&gt;que a su lado siempre estare
&lt;br&gt;
&lt;br&gt;y su cuento al fin tendra
&lt;br&gt;ese tan deseado final
&lt;br&gt;que su papi a su lado estara
&lt;br&gt;que siempre lo va a cuidar
&lt;br&gt;
&lt;br&gt;mi niñito&amp;hellip;mi chiquito de papa
&lt;br&gt;
&lt;br&gt;(se repite todo)&lt;/p&gt;
</description>
    </item>
    
    <item>
      <title> El Dolor Me Matara</title>
      <link>http://letraspedia.com/lyric/2-de-abril-el-dolor-me-matara/</link>
      <pubDate>Mon, 01 Sep 2008 00:00:00 UTC</pubDate>
      <author>Enthusiastic Hugo User</author>
      <guid>http://letraspedia.com/lyric/2-de-abril-el-dolor-me-matara/</guid>
      <description>&lt;p&gt;No se que (no se que)
&lt;br&gt;que ha pasado con tu amor
&lt;br&gt;en que lo nuestro se ha terminado sin razon
&lt;br&gt;
&lt;br&gt;no se que (no se que)
&lt;br&gt;que ha pasado con tu amor
&lt;br&gt;en que lo nuestro se ha terminado sin razon
&lt;br&gt;
&lt;br&gt;pero yo aqui te estoy esperando
&lt;br&gt;para darte solo un poco de mi amor
&lt;br&gt;eres tu, tu eres la mujer que tanto ame
&lt;br&gt;tengo miedo sin tu luz
&lt;br&gt;no me dejes asi mujer
&lt;br&gt;
&lt;br&gt;te pido que regreses
&lt;br&gt;esperando estoy por vos
&lt;br&gt;cuando vuelvas a mi habitacion
&lt;br&gt;veo tu cara a mi alrededor
&lt;br&gt;
&lt;br&gt;tu has abandonado
&lt;br&gt;al hombre que te ha amado
&lt;br&gt;si no regresas aqui a mi lado
&lt;br&gt;el dolor me matara
&lt;br&gt;
&lt;br&gt;no se que (no se que)
&lt;br&gt;que ha pasado con tu amor
&lt;br&gt;en que lo nuestro se ha terminado sin razon
&lt;br&gt;
&lt;br&gt;pero yo aqui te estoy esperando
&lt;br&gt;para darte solo un poco de mi amor
&lt;br&gt;eres tu, tu eres la mujer que tanto ame
&lt;br&gt;tengo miedo sin tu luz
&lt;br&gt;no me dejes asi mujer
&lt;br&gt;
&lt;br&gt;te pido que regreses
&lt;br&gt;esperando estoy por vos
&lt;br&gt;cuando vuelvas a mi habitacion
&lt;br&gt;veo tu cara a mi alrededor
&lt;br&gt;
&lt;br&gt;tu has abandonado
&lt;br&gt;al hombre que te ha amado
&lt;br&gt;si no regresas aqui a mi lado
&lt;br&gt;el dolor me matara&lt;/p&gt;
</description>
    </item>
    
    <item>
      <title> Enamorate</title>
      <link>http://letraspedia.com/lyric/2-de-abril-enamorate/</link>
      <pubDate>Mon, 01 Sep 2008 00:00:00 UTC</pubDate>
      <author>Enthusiastic Hugo User</author>
      <guid>http://letraspedia.com/lyric/2-de-abril-enamorate/</guid>
      <description>&lt;p&gt;Enamorate&amp;hellip;
&lt;br&gt;dime lo que sientes cuando te abrazo
&lt;br&gt;Enamorate
&lt;br&gt;quiero que enloquescas cuando te amo
&lt;br&gt;enamorate de mi
&lt;br&gt;
&lt;br&gt;Enamorate
&lt;br&gt;cuando una rosa ponga en tus manos
&lt;br&gt;Enamorate
&lt;br&gt;vive el amor con el que soñamos
&lt;br&gt;enamorate de mi
&lt;br&gt;
&lt;br&gt;Enamorate
&lt;br&gt;cuando un beso ponga yo en tus labios
&lt;br&gt;Enamorate
&lt;br&gt;dame tu pasión dame tus encantos
&lt;br&gt;enamorate&amp;hellip;enamorate de mi
&lt;br&gt;
&lt;br&gt;Dame amor dame el corazón
&lt;br&gt;dame el calor y enamorate de mi
&lt;br&gt;Ten mis besos, ten mi cuerpo amor
&lt;br&gt;ten mis caricias y enamorate de mi
&lt;br&gt;
&lt;br&gt;(se repite todo)&lt;/p&gt;
</description>
    </item>
    
    <item>
      <title> Este Dolor</title>
      <link>http://letraspedia.com/lyric/2-de-abril-este-dolor/</link>
      <pubDate>Mon, 01 Sep 2008 00:00:00 UTC</pubDate>
      <author>Enthusiastic Hugo User</author>
      <guid>http://letraspedia.com/lyric/2-de-abril-este-dolor/</guid>
      <description>&lt;p&gt;2 de abril
&lt;br&gt;
&lt;br&gt;Este dolor me hace sufrir
&lt;br&gt;estar sin ti ya no es vivir
&lt;br&gt;quiero gritar pedir merdon
&lt;br&gt;para que un dia buelvas ami
&lt;br&gt;amooor quiero volver
&lt;br&gt;no pudeo mas vivir sin ti
&lt;br&gt;la soledad me va a matar
&lt;br&gt;que tonto fuy dejarte ir
&lt;br&gt;yo sin tu amor no soy feliz
&lt;br&gt;
&lt;br&gt;una ves mas
&lt;br&gt;2 de abril
&lt;br&gt;
&lt;br&gt;decirte adios fue algo cruel
&lt;br&gt;yo lastime tu corazon
&lt;br&gt;y sin razon yo desprecie
&lt;br&gt;tus sentimientos no valore
&lt;br&gt;amooooor quiero volver
&lt;br&gt;no puedo mas vivir sin ti
&lt;br&gt;la soledad me va a matar
&lt;br&gt;que tonto fuy dejarte ir
&lt;br&gt;yo sin tu amor no soy feliz&lt;/p&gt;
</description>
    </item>
    
    <item>
      <title> Fruto Del Dolor</title>
      <link>http://letraspedia.com/lyric/2-de-abril-fruto-del-dolor/</link>
      <pubDate>Mon, 01 Sep 2008 00:00:00 UTC</pubDate>
      <author>Enthusiastic Hugo User</author>
      <guid>http://letraspedia.com/lyric/2-de-abril-fruto-del-dolor/</guid>
      <description>&lt;p&gt;uuuuuuuuuuuuuuuuu
&lt;br&gt;heeeeee
&lt;br&gt;
&lt;br&gt;Hoy me antado que las has pasado tan mal
&lt;br&gt;que aquel dia que ese tipo por la fuerza
&lt;br&gt;se a llevado tu inocensica y tus ganas de vivir
&lt;br&gt;
&lt;br&gt;se que en tu vientre crese el fruto del dolor
&lt;br&gt;que te retaran tus padres si les cuentas
&lt;br&gt;que ira a decir adios al dolor
&lt;br&gt;y que no vendra jamas
&lt;br&gt;que la sociedad no aceptara a los dos
&lt;br&gt;dile que yo me are cargo de ella
&lt;br&gt;que le dare mi amor aunque no sepa
&lt;br&gt;que no es mi sangre la que hoy corre en sus venas
&lt;br&gt;dile que yo sere quien la abrase
&lt;br&gt;quien le dara calor cuando en las noches
&lt;br&gt;no la deje dormir su cruel pasado
&lt;br&gt;
&lt;br&gt;
&lt;br&gt;y sabes que no me importa lo que la gente diga de mi
&lt;br&gt;si vamos a ser felises los 3
&lt;br&gt;te amooo( te amo )
&lt;br&gt;chañaaaa
&lt;br&gt;sebaaa
&lt;br&gt;una ves maaaaas
&lt;br&gt;2 de abril
&lt;br&gt;
&lt;br&gt;se que en tu vientre crese el fruto del dolor
&lt;br&gt;que te retaran tus padres si les cuentas
&lt;br&gt;que ira a decirle adios al dolor
&lt;br&gt;y que no vendra jamas
&lt;br&gt;que la sociedad no aceptara a los 2
&lt;br&gt;dile que yo me are cargo de ella
&lt;br&gt;que le dar mi amor aunque no sepa
&lt;br&gt;que no es mi sangre la que hoy corre en sus venas
&lt;br&gt;dile que yo sere quien la abrase
&lt;br&gt;quien le dara calor cuando en las noches
&lt;br&gt;no la deje dormir su cruel pasado
&lt;br&gt;
&lt;br&gt;y sabes que no me importa lo que la gente diga de mi si yo se que vamos a ser felices los 3
&lt;br&gt;te amoooo
&lt;br&gt;chañaaaa
&lt;br&gt;sebaaa
&lt;br&gt;2  de abriiiiil&lt;/p&gt;
</description>
    </item>
    
    <item>
      <title> No Lo Se</title>
      <link>http://letraspedia.com/lyric/2-de-abril-no-lo-se/</link>
      <pubDate>Mon, 01 Sep 2008 00:00:00 UTC</pubDate>
      <author>Enthusiastic Hugo User</author>
      <guid>http://letraspedia.com/lyric/2-de-abril-no-lo-se/</guid>
      <description>&lt;p&gt;Como decirte adios cuando todo es normal
&lt;br&gt;no me has dado ni solo motivo
&lt;br&gt;como decirte que me ha llegado otro amor
&lt;br&gt;mas intenso y mas vivo que nuestro amor
&lt;br&gt;y me siento culpable
&lt;br&gt;no mereces mas dolor
&lt;br&gt;no, no, no, no
&lt;br&gt;
&lt;br&gt;No se como decirte adios
&lt;br&gt;como terminar la relacion
&lt;br&gt;como contartelo sin dañar tu ilusion
&lt;br&gt;
&lt;br&gt;No se como decirte adios
&lt;br&gt;como terminar la relacion
&lt;br&gt;como contartelo sin dañar tu ilusion
&lt;br&gt;no lo se
&lt;br&gt;
&lt;br&gt;Cuando estoy junto a ti te lo quiero contar
&lt;br&gt;y me falta el valor y me callo
&lt;br&gt;te imagino llorar preguntando por que
&lt;br&gt;cual ha sido tu tragico fallo
&lt;br&gt;si, nos llamamos costumbre
&lt;br&gt;ya no hay deseo de amar
&lt;br&gt;solo de hablar
&lt;br&gt;
&lt;br&gt;No se como decirte adios
&lt;br&gt;como terminar la relacion
&lt;br&gt;como decirtelo sin dañar tu ilusion
&lt;br&gt;
&lt;br&gt;No se como decirte adios
&lt;br&gt;como acabar esta cancion
&lt;br&gt;con un final feliz para tu corazon
&lt;br&gt;no lo se&lt;/p&gt;
</description>
    </item>
    
    <item>
      <title> Quedate Conmigo</title>
      <link>http://letraspedia.com/lyric/2-de-abril-quedate-conmigo/</link>
      <pubDate>Mon, 01 Sep 2008 00:00:00 UTC</pubDate>
      <author>Enthusiastic Hugo User</author>
      <guid>http://letraspedia.com/lyric/2-de-abril-quedate-conmigo/</guid>
      <description>&lt;p&gt;Dime dime como ago yo
&lt;br&gt;para sacarte de mi mente y de mi alma
&lt;br&gt;si tu no te quieres ir
&lt;br&gt;oo
&lt;br&gt;pero dime si tu me has podido olvidar
&lt;br&gt;ya no mientas se te nota en la mirada
&lt;br&gt;tus ojos no mienten ya
&lt;br&gt;oo
&lt;br&gt;corazon que es lo que has hecho
&lt;br&gt;como un dolor aqui en mi pecho
&lt;br&gt;la angustia me esta matando
&lt;br&gt;y el tiempo sigue pasando
&lt;br&gt;y yo no se yo no lo se
&lt;br&gt;si tu fallaste o yo falle
&lt;br&gt;te busque y no te encontre
&lt;br&gt;y esta ves te pedire
&lt;br&gt;quedate quedate conmigo corazon
&lt;br&gt;no engañemos nuestras vidas
&lt;br&gt;encontremos la salida
&lt;br&gt;no vivamos las mentiras
&lt;br&gt;sabes bien que soy tu vida
&lt;br&gt;amooooor
&lt;br&gt;vivir sin tu cariño solo es una maldicion
&lt;br&gt;todos rien la derota carcajadas en sus bocas
&lt;br&gt;y quien sufre y se lamenta solo somo tu y yo
&lt;br&gt;pero dimee
&lt;br&gt;si tu me has podido olvidar
&lt;br&gt;y ya no mientas se te nota en la mirada
&lt;br&gt;tus ojos no mienten ya
&lt;br&gt;
&lt;br&gt;
&lt;br&gt;soloo&amp;hellip;.
&lt;br&gt;quedate conmigo
&lt;br&gt;
&lt;br&gt;una ves mas
&lt;br&gt;2 de abril
&lt;br&gt;
&lt;br&gt;
&lt;br&gt;
&lt;br&gt;quedate quedate conmigo corazon
&lt;br&gt;no engañemos nuestras vidas
&lt;br&gt;encontremos la salida
&lt;br&gt;no vivamos las mentiras
&lt;br&gt;sabes bien que soy tu vida
&lt;br&gt;amoooooor
&lt;br&gt;vivir sin tu cariño solo es una maldicion
&lt;br&gt;todos rien la derota carcajadas en sus bok
&lt;br&gt;y quien sufre y se lamenta solo somos tu y yo
&lt;br&gt;pero dimeeeee
&lt;br&gt;si tu me has podido olvidar
&lt;br&gt;y ya no mientas se te nota en la mirada
&lt;br&gt;tus ojos no mienten ya
&lt;br&gt;
&lt;br&gt;soloo&amp;hellip;.
&lt;br&gt;quedate conmigo
&lt;br&gt;
&lt;br&gt;una ves maas
&lt;br&gt;2 de abril&lt;/p&gt;
</description>
    </item>
    
    <item>
      <title> Sin Tu Amor</title>
      <link>http://letraspedia.com/lyric/2-de-abril-sin-tu-amor/</link>
      <pubDate>Mon, 01 Sep 2008 00:00:00 UTC</pubDate>
      <author>Enthusiastic Hugo User</author>
      <guid>http://letraspedia.com/lyric/2-de-abril-sin-tu-amor/</guid>
      <description>&lt;p&gt;No hay mas palabras que decir
&lt;br&gt;tampoco historias que contar
&lt;br&gt;lo que un dia a mi llego, hoy ya no esta
&lt;br&gt;
&lt;br&gt;aquel amor nunca se va
&lt;br&gt;y tan solo pide libertad
&lt;br&gt;pero el destino decidio una vez mas
&lt;br&gt;
&lt;br&gt;A poco tiempo te senti que eras todo para mi
&lt;br&gt;yo no puedo mencionar tu nombre
&lt;br&gt;y saber que estoy aqui
&lt;br&gt;yo sin tu amor
&lt;br&gt;Yo sin tu amor&amp;hellip;(sin, sin, yo sin tu amor)
&lt;br&gt;estaba a punto de ir a buscarte
&lt;br&gt;y entregar de nuevo el corazon
&lt;br&gt;
&lt;br&gt;Yo sin tu amor&amp;hellip;(sin, sin, yo sin tu amor)
&lt;br&gt;estaba a punto de recuperarme
&lt;br&gt;y dejar atras este dolor
&lt;br&gt;yo sin tu amor&amp;hellip;
&lt;br&gt;
&lt;br&gt;No ha sido facil aceptar que tu ya no regresaras
&lt;br&gt;como me duele recordar que ya no estas
&lt;br&gt;A poco tiempo te senti que eras todo para mi
&lt;br&gt;y yo no puedo mencionar tu nombre
&lt;br&gt;y saber que estoy aqui
&lt;br&gt;
&lt;br&gt;yo sin tu amor
&lt;br&gt;Yo sin tu amor&amp;hellip;(sin, sin, yo sin tu amor)
&lt;br&gt;estaba a punto de ir a buscarte
&lt;br&gt;y entregar de nuevo el corazon
&lt;br&gt;
&lt;br&gt;Yo sin tu amor&amp;hellip;(sin, sin, yo sin tu amor)
&lt;br&gt;estaba a punto de recuperarme
&lt;br&gt;y dejar atras este dolor
&lt;br&gt;yo sin tu amor&amp;hellip;&lt;/p&gt;
</description>
    </item>
    
    <item>
      <title>Jame Ser Tu Amor</title>
      <link>http://letraspedia.com/lyric/2-de-abril-dejame-ser-tu-amor/</link>
      <pubDate>Mon, 01 Sep 2008 00:00:00 UTC</pubDate>
      <author>Enthusiastic Hugo User</author>
      <guid>http://letraspedia.com/lyric/2-de-abril-dejame-ser-tu-amor/</guid>
      <description>&lt;p&gt;Dejame ser tu amor
&lt;br&gt;dejame ser el unico
&lt;br&gt;que te bese en la boca
&lt;br&gt;y que beba gota a gota
&lt;br&gt;de la fuente de tu amor
&lt;br&gt;
&lt;br&gt;dejame ser tu amor
&lt;br&gt;el dueño de tu vida
&lt;br&gt;de tu risa, de tus niñas
&lt;br&gt;quiero ser aquel que invitas
&lt;br&gt;que te haga el amor
&lt;br&gt;
&lt;br&gt;dejame ser tu amor
&lt;br&gt;el principe de tu vida
&lt;br&gt;dare lo que tu me pidas
&lt;br&gt;dame otra oportunidad
&lt;br&gt;
&lt;br&gt;dejame ser tu amor
&lt;br&gt;ya no gastaras mas horas
&lt;br&gt;porque mi corazon te adora
&lt;br&gt;con el alma te voy a amar
&lt;br&gt;
&lt;br&gt;dejame ser tu amor
&lt;br&gt;el dueño de tu vida
&lt;br&gt;de tu risa, de tus niñas
&lt;br&gt;quiero ser aquel que invitas
&lt;br&gt;que te haga el amor
&lt;br&gt;
&lt;br&gt;dejame ser tu amor
&lt;br&gt;el principe de tu vida
&lt;br&gt;dare lo que tu me pidas
&lt;br&gt;dame otra oportunidad
&lt;br&gt;
&lt;br&gt;dejame ser tu amor
&lt;br&gt;ya no gastaras mas horas
&lt;br&gt;porque mi corazon te adora
&lt;br&gt;con el alma te voy a amar
&lt;br&gt;
&lt;br&gt;dejame ser tu amor
&lt;br&gt;el principe de tu vida
&lt;br&gt;dare lo que tu me pidas
&lt;br&gt;dame otra oportunidad
&lt;br&gt;
&lt;br&gt;dejame ser tu amor
&lt;br&gt;ya no gastaras mas horas
&lt;br&gt;porque mi corazon te adora
&lt;br&gt;con el alma te voy a amar&lt;/p&gt;
</description>
    </item>
    
  </channel>
</rss>