<?xml version="1.0" encoding="utf-8" standalone="yes" ?>
<rss version="2.0" xmlns:atom="http://www.w3.org/2005/Atom">
  <channel>
      <title>1200 Techniques on Letraspedia.com thes best lyrics page </title>
    <link>http://letraspedia.com/artist/1200-techniques/</link>
    <language>en-US</language>
    <author>Enthusiastic Hugo User</author>
    <rights>Copyright (c) 2014, Enthusiastic Hugo User; all rights reserved.</rights>
    <updated>Mon, 01 Sep 2008 00:00:00 UTC</updated>
    
    <item>
      <title> Eye Of The Storm</title>
      <link>http://letraspedia.com/lyric/1200-techniques-eye-of-the-storm/</link>
      <pubDate>Mon, 01 Sep 2008 00:00:00 UTC</pubDate>
      <author>Enthusiastic Hugo User</author>
      <guid>http://letraspedia.com/lyric/1200-techniques-eye-of-the-storm/</guid>
      <description>&lt;p&gt;Time is running out&lt;br /&gt;got to decide now&lt;br /&gt;something inside won&amp;#39;t let me quit&lt;br /&gt;People are so fickle&lt;br /&gt;these days it&amp;#39;s so despicable&lt;br /&gt;like tentacles, they all try stick to you&lt;br /&gt;hold you down if they cannot be sick on you&lt;br /&gt;they try to bind you with an a too&lt;br /&gt;enforce the written restrictions that we all got to stick to&lt;br /&gt;the laws disappear and re appear &lt;br /&gt;to suit their needs&lt;br /&gt;which to me is a joke, &lt;br /&gt;like short term peace treaties&lt;br /&gt;I see a disease&lt;br /&gt;swarming like bees &lt;br /&gt;thinking these undeveloped war torn countries&lt;br /&gt;apparently i&amp;#39;m on the good side&lt;br /&gt;but this worlds so shaky at times&lt;br /&gt;i swear this planet&amp;#39;s on an intergalactic fault line&lt;br /&gt;every time i race i can&amp;#39;t win&lt;br /&gt;i keep pace till this land mines blow up in my face again&lt;br /&gt;dismembered, i still gotta keep pacing on, shredding strong &lt;br /&gt;facing the eye of the storm&lt;br /&gt;[chorus]&lt;br /&gt;these days we play&lt;br /&gt;the life game all wrong&lt;br /&gt;these days, what we say&lt;br /&gt;can do such harm&lt;br /&gt;i replay each day&lt;br /&gt;like an endless song&lt;br /&gt;milling through my mind, non stop&lt;br /&gt;like the hands of time&lt;br /&gt;What&amp;#39;s with this financial envy&lt;br /&gt;we&amp;#39;ve got so much poverty, but we keep spending&lt;br /&gt;we&amp;#39;re like pigs, they just won&amp;#39;t stop eating &lt;br /&gt;till they hit the bottom of the trough and their guts leaking&lt;br /&gt;i&amp;#39;m seeking the truth, but how can i be&lt;br /&gt;we&amp;#39;re in a world of broken families and fallacies&lt;br /&gt;taught to praise stars who seek fame, &lt;br /&gt;do what we must to attain monetary gain&lt;br /&gt;and even i&amp;#39;m with it, but there are limits&lt;br /&gt;whatever happened to unconscious idea? &lt;br /&gt;mc&amp;#39;s talk verbal diarrhea&lt;br /&gt;caught up with gun talk and bling bling,&lt;br /&gt;hip-hop producers who work with pop singers, for ching ching, &lt;br /&gt;i&amp;#39;m thinking&lt;br /&gt;A rich soul, is now of no value&lt;br /&gt;light turns to dark, when cold breath hits the candle&lt;br /&gt;i&amp;#39;m here to rekindle your spirit&lt;br /&gt;keep the flame burning strong&lt;br /&gt;as we press on &lt;br /&gt;through the eye of the storm&lt;br /&gt;[chorus]&lt;br /&gt;The clock ticks&lt;br /&gt;your name off the list&lt;br /&gt;life moves quick, so we gotta move quicker&lt;br /&gt;the worlds devilish, making me sicker&lt;br /&gt;i smell the remnants, of drugs, sex and liquor&lt;br /&gt;the kids are immune to these&lt;br /&gt;cus they leave &lt;br /&gt;they get a fix on their new tv&lt;br /&gt;parents don&amp;#39;t need a talk to their kids no more&lt;br /&gt;they feed &amp;#39;em videos &lt;br /&gt;show them the internet&lt;br /&gt;log onto the porn site&lt;br /&gt;here we go&lt;br /&gt;television&lt;br /&gt;the drug of a nation&lt;br /&gt;breeding ignorance&lt;br /&gt;feeding radiation&lt;br /&gt;friend to hit the nail on the head&lt;br /&gt;wish we were sailing ahead&lt;br /&gt;but we&amp;#39;re shipwrecked and failing instead&lt;br /&gt;but the tests have changed we all passed&lt;br /&gt;so long as you&amp;#39;re an expert in arson&lt;br /&gt;i&amp;#39;m asking which way is up, cus my compass is gone&lt;br /&gt;you know what?&lt;br /&gt;i&amp;#39;ma let my beating heart be my guide through the eye of the storm&lt;br /&gt;[chorus]&lt;br /&gt;How am i supposed to live? &lt;br /&gt;in a world full of negative&lt;br /&gt;&lt;br&gt;&lt;/p&gt;
</description>
    </item>
    
    <item>
      <title> Fork In The Road</title>
      <link>http://letraspedia.com/lyric/1200-techniques-fork-in-the-road/</link>
      <pubDate>Mon, 01 Sep 2008 00:00:00 UTC</pubDate>
      <author>Enthusiastic Hugo User</author>
      <guid>http://letraspedia.com/lyric/1200-techniques-fork-in-the-road/</guid>
      <description>&lt;p&gt;Yeah&lt;br /&gt;[rashad houghton]&lt;br /&gt;you and me got to be&lt;br /&gt;living life, dignity, integrity, sincerity&lt;br /&gt;cause honestly thats how its got to be&lt;br /&gt;and when you come to that fork in the road&lt;br /&gt;which way will you go&lt;br /&gt;[nfamous]&lt;br /&gt;got get your destiny&lt;br /&gt;yeah thats what my god advised&lt;br /&gt;dont be resistently&lt;br /&gt;seek someone to help us grow wise&lt;br /&gt;cause mentally, spirtual excellence&lt;br /&gt;is far beyond any physical (?)&lt;br /&gt;acceptance is great, yeah&lt;br /&gt;but it will be a brittle case&lt;br /&gt;trying to please all&lt;br /&gt;and find a middle space&lt;br /&gt;where you belong&lt;br /&gt;as a little kid i dreamt intense dreams&lt;br /&gt;now as a grown man, these same intense dreams&lt;br /&gt;are what i&amp;#39;m chasing&lt;br /&gt;feel a man amazing, right&lt;br /&gt;but i can&amp;#39;t see how my life&lt;br /&gt;may have fallen by the waist side&lt;br /&gt;Scenario one&lt;br /&gt;hanging with mates who like to stay high&lt;br /&gt;fucking up, going out, acting up, getting drunk&lt;br /&gt;chucking up, acting tough, far too much got me copping upper cuts&lt;br /&gt;while though they keep me snacked up&lt;br /&gt;killing my soul while i&amp;#39;m high&lt;br /&gt;head to toe&lt;br /&gt;but i&amp;#39;m only talking about a possible scenario&lt;br /&gt;[rashad houghton]&lt;br /&gt;you and me got to be&lt;br /&gt;living life, dignity, integrity, sencerity&lt;br /&gt;cause honestly thats how its got to be&lt;br /&gt;and when you come to that fork in the road&lt;br /&gt;which way will you go&lt;br /&gt;[nfamous]&lt;br /&gt;scenario two&lt;br /&gt;what would i do&lt;br /&gt;not amused&lt;br /&gt;sitution i&amp;#39;m facing&lt;br /&gt;got me confused&lt;br /&gt;back to me and my girl in high school&lt;br /&gt;both 16 years of age&lt;br /&gt;doing what lovers do&lt;br /&gt;confusing independance with ignorance&lt;br /&gt;having unprotected sex&lt;br /&gt;now she falling pregnant&lt;br /&gt;now we stressing bout how our parents going to act&lt;br /&gt;will they kick us out of the house&lt;br /&gt;or will they have our backs&lt;br /&gt;to bring a child into this messy world&lt;br /&gt;could be no more going out&lt;br /&gt;no money for me or my gal&lt;br /&gt;Scenario three&lt;br /&gt;we get rid of the child&lt;br /&gt;before we get to hear it laugh&lt;br /&gt;or see a smile&lt;br /&gt;live with the grief and keep the pain underneath&lt;br /&gt;like six feet deep may it rest in peace&lt;br /&gt;whats to become of us&lt;br /&gt;god only knows&lt;br /&gt;but you know&lt;br /&gt;i&amp;#39;m only talking bout a possible scenario&lt;br /&gt;[rashad houghton]&lt;br /&gt;you and me got to be&lt;br /&gt;living life, dignity, integrity, sencerity&lt;br /&gt;cause honestly thats how its got to be&lt;br /&gt;and when you come to that fork in the road&lt;br /&gt;which way will you go&lt;br /&gt;Life moves on. life flys by&lt;br /&gt;life talking flash back&lt;br /&gt;at the blink of an eye&lt;br /&gt;you and i had best be aware&lt;br /&gt;you and i had best be prepared&lt;br /&gt;[nfamous]&lt;br /&gt;the future said&lt;br /&gt;that only a believedant man&lt;br /&gt;can live a full life and&lt;br /&gt;draw accurate plans&lt;br /&gt;to understand&lt;br /&gt;why i choose scenario four&lt;br /&gt;that be the life i&amp;#39;m living now&lt;br /&gt;the life i&amp;#39;d die for&lt;br /&gt;maybe i might score the top of the list&lt;br /&gt;maybe i might fall but i&amp;#39;m ready for this&lt;br /&gt;like being offered bullshit&lt;br /&gt;this steams the cream&lt;br /&gt;a million dollars for my soul&lt;br /&gt;or a priceless dream&lt;br /&gt;[rashad houghton]&lt;br /&gt;faith is a red rose, is a red rose&lt;br /&gt;almost a thought&lt;br /&gt;but it will grow&lt;br /&gt;[rashad houghton]&lt;br /&gt;you and me got to be&lt;br /&gt;living life, dignity, integrity, sincerity&lt;br /&gt;cause honestly thats how its got to be&lt;br /&gt;and when you come to that fork in the road&lt;br /&gt;which way will you go&lt;br /&gt;&lt;br&gt;&lt;/p&gt;
</description>
    </item>
    
    <item>
      <title> Karma</title>
      <link>http://letraspedia.com/lyric/1200-techniques-karma/</link>
      <pubDate>Mon, 01 Sep 2008 00:00:00 UTC</pubDate>
      <author>Enthusiastic Hugo User</author>
      <guid>http://letraspedia.com/lyric/1200-techniques-karma/</guid>
      <description>&lt;p&gt;Karma, what goes around comes around right? how you treat people is how they treat you back. disrespect them, or knock them, they&amp;#39;re gonna slap you back. and sometimes it hurts, and thats bad karma. watch out for it.&lt;br /&gt;How am i supposed to live in a world full of negative.&lt;br /&gt;how am i supposed to love in a world full of push and shove.&lt;br /&gt;how am i supposed to breath in a world full of lust and greed.&lt;br /&gt;well, i guess i&amp;#39;ll have to love day to day, and pray to god that i&amp;#39;ll be &lt;br /&gt;okay.&lt;br /&gt;These fat rats think they&amp;#39;re fit like they&amp;#39;re the iron man,&lt;br /&gt;i got the iron tongue, and the iron hand, i&amp;#39;ll make the final stand,&lt;br /&gt;the final showdowns come round to hit ya,&lt;br /&gt;as i throw down my gauntlet to switch the picture.&lt;br /&gt;now if ya look in he mirror ya bound to get a reflection,&lt;br /&gt;like with every action, there is a reaction.&lt;br /&gt;with ya dodgy actions, ya causing negative drama,&lt;br /&gt;and if ya know gods law, you best watch for karma.&lt;br /&gt;now im a, bomb ya, running ya traps like taps.&lt;br /&gt;you think ya floating on the cream, you, and ya rat pack.&lt;br /&gt;well um, take that thought back, now lets dwell,&lt;br /&gt;how i should lock you like jail cells, so we can exhale.&lt;br /&gt;see, im a bull, and you&amp;#39;se a mattador. im seeing red, and ya outa swords.&lt;br /&gt;im on target like darts on boards, ya floating in space like astronaughts.&lt;br /&gt;i started off last, but now im first,&lt;br /&gt;while ya shame game got cut off like umbilicals at birth.&lt;br /&gt;How am i supposed to live in a world full of negative.&lt;br /&gt;how am i supposed to love in a world full of push and shove.&lt;br /&gt;how am i supposed to breath in a world full of lust and greed.&lt;br /&gt;well, i guess i&amp;#39;ll have to love day to day, and pray to god that i&amp;#39;ll be &lt;br /&gt;okay.&lt;br /&gt;I look around the city, and its all such a pity,&lt;br /&gt;everybody trying to be pretty, dont care for nitty gritty.&lt;br /&gt;i look around the block, no kids playing hop-scotch,&lt;br /&gt;too busy on the internet, surfing that rot.&lt;br /&gt;jerks converse kinda rude like &amp;quot;so what ya trying to prove mate&amp;quot;&lt;br /&gt;i say &amp;quot;nothing, im just trying to build the feel and not live like you&amp;quot;.&lt;br /&gt;i got plans to take this city off the senate,&lt;br /&gt;as lifes one big race and i want all entrees to win it.&lt;br /&gt;if ya not with it like quiters then get out of my face,&lt;br /&gt;you got no place in my grace with your grimace.&lt;br /&gt;your a disgrace to the sire, you need to rekindle ya fire,&lt;br /&gt;and look higher, higher (look around).&lt;br /&gt;i got sounds to help you get down, so you can get up,&lt;br /&gt;and avoid them stinking rats that get me fed up.&lt;br /&gt;yeah they make me wanna throw up, they gotta grow up,&lt;br /&gt;or they&amp;#39;ll be failing, and bailing, while i be sailing like noah.&lt;br /&gt;How am i supposed to live in a world full of negative.&lt;br /&gt;how am i supposed to love in a world full of push and shove.&lt;br /&gt;how am i supposed to breath in a world full of lust and greed.&lt;br /&gt;well, i guess i&amp;#39;ll have to love day to day, and pray to god that i&amp;#39;ll be &lt;br /&gt;okay..&lt;br /&gt;Melbourne, yeah yeah yeah yeaheey&lt;br /&gt;sydney, yeah yeah yeah yeaheey&lt;br /&gt;brizbane, yeah yeah yeah yeaheey&lt;br /&gt;darwin, yeah yeah yeah yeaheey&lt;br /&gt;to perth, yeah yeah yeah yeaheey&lt;br /&gt;adelaide, yeah yeah yeah yeaheey&lt;br /&gt;tazzi, yeah yeah yeah yeaheey&lt;br /&gt;and all across the o.z.z.i.e.&lt;br /&gt;Picture im the boulder, it&amp;#39;s time to roll.&lt;br /&gt;i will continue like part two with no to &amp;amp; fro.&lt;br /&gt;aiming at infinity, starting at zero,&lt;br /&gt;out to lead these poor lost souls before they fall slow.&lt;br /&gt;i got the key to the door and im searching for the keyhole,&lt;br /&gt;when i unlock the door i&amp;#39;ll bring new love to my people.&lt;br /&gt;unlike the fickle fanatics who wanna cause death,&lt;br /&gt;cut hopes length praying we fall to hells depth.&lt;br /&gt;as i watch and see all our progress regress,&lt;br /&gt;as what goes up, comes down. nevertheless,&lt;br /&gt;we&amp;#39;re stunned by the horror, cold hearts wear armour,&lt;br /&gt;boomerang effect, as we all face our karma.&lt;br /&gt;How am i supposed to live in a world full of negative.&lt;br /&gt;how am i supposed to love in a world full of push and shove.&lt;br /&gt;how am i supposed to breath in a world full of lust and greed.&lt;br /&gt;well, i guess i&amp;#39;ll have to love day to day, and pray to god that i&amp;#39;ll be &lt;br /&gt;okay&amp;hellip;&amp;hellip;&amp;hellip;&amp;hellip;&amp;hellip;..&lt;br /&gt;&lt;/p&gt;
</description>
    </item>
    
  </channel>
</rss>