<?xml version="1.0" encoding="utf-8" standalone="yes" ?>
<rss version="2.0" xmlns:atom="http://www.w3.org/2005/Atom">
  <channel>
      <title>3bol on Letraspedia.com thes best lyrics page </title>
    <link>http://letraspedia.com/artist/3bol/</link>
    <language>en-US</language>
    <author>Enthusiastic Hugo User</author>
    <rights>Copyright (c) 2014, Enthusiastic Hugo User; all rights reserved.</rights>
    <updated>Mon, 01 Sep 2008 00:00:00 UTC</updated>
    
    <item>
      <title> Llora</title>
      <link>http://letraspedia.com/lyric/3bol-llora/</link>
      <pubDate>Mon, 01 Sep 2008 00:00:00 UTC</pubDate>
      <author>Enthusiastic Hugo User</author>
      <guid>http://letraspedia.com/lyric/3bol-llora/</guid>
      <description>&lt;p&gt;uhhhhuhhhhhu
&lt;br&gt;uhhhhuhhhhh
&lt;br&gt;
&lt;br&gt;Quiero que sepas que
&lt;br&gt;mi vida no es igual
&lt;br&gt;si tu no estas aqui
&lt;br&gt;chekea como me siento (ha)
&lt;br&gt;de mi para ti
&lt;br&gt;sin ti ya no me siento igual porque mi corazon
&lt;br&gt;
&lt;br&gt;Llora
&lt;br&gt;mi corazon por tiii
&lt;br&gt;Llora
&lt;br&gt;sabe que te perdiii
&lt;br&gt;Llora
&lt;br&gt;hoy mi cuerpo ni mi alma me razonan mi mente me traiciona
&lt;br&gt;
&lt;br&gt;Llora
&lt;br&gt;mi corazon por tiiii
&lt;br&gt;Llora
&lt;br&gt;sabe que te perdiii
&lt;br&gt;Llora
&lt;br&gt;hoy mi cuerpo ni mi alma me razonan mi mente me traiciona
&lt;br&gt;
&lt;br&gt;(que que)
&lt;br&gt;Ya yo no puedo con esta soledaad
&lt;br&gt;me mata
&lt;br&gt;dicen que el amor hay que dejarlo volaar
&lt;br&gt;que mata
&lt;br&gt;que algun dia debes de regresar
&lt;br&gt;y aun yo sigo aqui
&lt;br&gt;esperando por tiii
&lt;br&gt;y aun no tocas mi puerta
&lt;br&gt;
&lt;br&gt;esperando por tii (esperando por tiiii)
&lt;br&gt;esperando por tii (y aun no tocas mi puerta)
&lt;br&gt;
&lt;br&gt;Llora
&lt;br&gt;mi corazon por tiii
&lt;br&gt;Llora
&lt;br&gt;sabe que te perdiii
&lt;br&gt;Llora
&lt;br&gt;hoy mi cuerpo ni mi alma me razonan mi mente me traiciona
&lt;br&gt;
&lt;br&gt;Llora
&lt;br&gt;mi corazon por tiii
&lt;br&gt;Llora
&lt;br&gt;sabe que te perdiii
&lt;br&gt;Llora
&lt;br&gt;hoy mi cuerpo ni mi alma me razonan mi mente me traiciona
&lt;br&gt;
&lt;br&gt;Porque mas que trato, trato y trato
&lt;br&gt;tu no ves lo que yo hago
&lt;br&gt;pa que tu vuelvas y funcione
&lt;br&gt;no soy perfecto
&lt;br&gt;perdoname!
&lt;br&gt;intentemoslo otra vez
&lt;br&gt;yo contigo tengo todo
&lt;br&gt;yo sin ti no tengo nada
&lt;br&gt;por favor regresa a miii
&lt;br&gt;
&lt;br&gt;y tu me haces lloraaar (me haces llorar)
&lt;br&gt;y tu me haces lloraaar (me haces llorar)
&lt;br&gt;y tu me haces lloraaar (me haces llorar)
&lt;br&gt;y tu me haces lloraaar
&lt;br&gt;y tu me haces lloraaar
&lt;br&gt;y tu me haces lloraaar (me duele el corazon)
&lt;br&gt;y tu me haces lloraaar
&lt;br&gt;y tu me haces lloraaar
&lt;br&gt;
&lt;br&gt;yeah
&lt;br&gt;
&lt;br&gt;Llora
&lt;br&gt;mi corazon por tiii
&lt;br&gt;Llora
&lt;br&gt;sabe que te perdiii
&lt;br&gt;Llora
&lt;br&gt;hoy mi cuerpo ni mi alma me razonan mi mente me traiciona
&lt;br&gt;
&lt;br&gt;Llora
&lt;br&gt;mi corazon por tiii
&lt;br&gt;Llora
&lt;br&gt;sabe que te perdiii
&lt;br&gt;Llora
&lt;br&gt;hoy mi cuerpo ni mi alma me razonan mi mente me traiciona
&lt;br&gt;
&lt;br&gt;hey mami, esto es
&lt;br&gt;de mi para ti
&lt;br&gt;tu sabes quien yo soy
&lt;br&gt;es el 3Bol
&lt;br&gt;Periquito hehe hehe hehe
&lt;br&gt;muy por encima
&lt;br&gt;Dr. Joe
&lt;br&gt;Mr. Frank
&lt;br&gt;coco
&lt;br&gt;nosotros tenemos la receta
&lt;br&gt;tu sabes botter
&lt;br&gt;el oido de prueba haha
&lt;br&gt;certificado&lt;/p&gt;
</description>
    </item>
    
  </channel>
</rss>