<?xml version="1.0" encoding="utf-8" standalone="yes" ?>
<rss version="2.0" xmlns:atom="http://www.w3.org/2005/Atom">
  <channel>
      <title>10000 Maniacs on Letraspedia.com thes best lyrics page </title>
    <link>http://letraspedia.com/artist/10000-maniacs/</link>
    <language>en-US</language>
    <author>Enthusiastic Hugo User</author>
    <rights>Copyright (c) 2014, Enthusiastic Hugo User; all rights reserved.</rights>
    <updated>Mon, 01 Sep 2008 00:00:00 UTC</updated>
    
    <item>
      <title> A Campfire Song</title>
      <link>http://letraspedia.com/lyric/10000-maniacs-a-campfire-song/</link>
      <pubDate>Mon, 01 Sep 2008 00:00:00 UTC</pubDate>
      <author>Enthusiastic Hugo User</author>
      <guid>http://letraspedia.com/lyric/10000-maniacs-a-campfire-song/</guid>
      <description>&lt;p&gt;A lie to say, o my mountain has coal veins and beds to dig.
&lt;br&gt;500 men with axes and they all dig for me.
&lt;br&gt;A lie to say, o my river where many fish do swim,
&lt;br&gt;Half of the catch is mine when you haul your nets in.
&lt;br&gt;Never will he believe that his greed is a blinding ray.
&lt;br&gt;No devil or redeemer will cheat him.
&lt;br&gt;He&amp;rsquo;ll take his gold to where he&amp;rsquo;s lying cold.
&lt;br&gt;
&lt;br&gt;A lie to say, o my mine gave a diamond as big as a fist.
&lt;br&gt;But with every gem in his pocket, the jewels he has missed.
&lt;br&gt;A lie to say, o my garden is growing taller by the day.
&lt;br&gt;He only eats the best and tosses the rest away.
&lt;br&gt;Never will he be believe that his greed is a blinding ray.
&lt;br&gt;No devil or redeemer can cheat him.
&lt;br&gt;He&amp;rsquo;ll take his gold to where he&amp;rsquo;s lying cold.
&lt;br&gt;Six deep in the grave.
&lt;br&gt;
&lt;br&gt;Something is out of reach
&lt;br&gt;Something he wanted
&lt;br&gt;Something is out of reach
&lt;br&gt;He&amp;rsquo;s being taunted
&lt;br&gt;Something is out of reach
&lt;br&gt;That he can&amp;rsquo; beg or steal nor can he buy
&lt;br&gt;
&lt;br&gt;His oldest pain
&lt;br&gt;And fear in life
&lt;br&gt;There&amp;rsquo;ll not be time
&lt;br&gt;His oldest pain
&lt;br&gt;And fear in life
&lt;br&gt;There&amp;rsquo;ll not be time
&lt;br&gt;
&lt;br&gt;A lie to say o my forest has trees that block the sun
&lt;br&gt;And when I cut them down I don&amp;rsquo;t answer to anyone.
&lt;br&gt;No, no, never will he believe that his greed is a blinding ray
&lt;br&gt;No devil or redeemer can cheat him.
&lt;br&gt;He&amp;rsquo;ll take his gold where he&amp;rsquo;s lying cold.&lt;/p&gt;
</description>
    </item>
    
    <item>
      <title> A Room For Everything</title>
      <link>http://letraspedia.com/lyric/10000-maniacs-a-room-for-everything/</link>
      <pubDate>Mon, 01 Sep 2008 00:00:00 UTC</pubDate>
      <author>Enthusiastic Hugo User</author>
      <guid>http://letraspedia.com/lyric/10000-maniacs-a-room-for-everything/</guid>
      <description>&lt;p&gt;Oooooh&amp;hellip;
&lt;br&gt;
&lt;br&gt;You were looking away from me
&lt;br&gt;Western skies calling you
&lt;br&gt;Colors spilling, running, dazzling you
&lt;br&gt;I was looking the other way
&lt;br&gt;Voices call from the east
&lt;br&gt;I saw my roots of the trees there, planted at my feet
&lt;br&gt;
&lt;br&gt;It could be I&amp;rsquo;m searching
&lt;br&gt;For a place so small
&lt;br&gt;With room for everything
&lt;br&gt;Where worlds on worlds revolve
&lt;br&gt;
&lt;br&gt;But how can we wait?
&lt;br&gt;
&lt;br&gt;I wouldn&amp;rsquo;t hold you
&lt;br&gt;No, I wouldn&amp;rsquo;t hold you
&lt;br&gt;I wouldn&amp;rsquo;t hold you back
&lt;br&gt;
&lt;br&gt;Suppose I was the clever one
&lt;br&gt;And words came easy to me
&lt;br&gt;I could say I was writing a song
&lt;br&gt;About you, you and me
&lt;br&gt;
&lt;br&gt;Maybe that verse is yet to be found
&lt;br&gt;But waits inside of me
&lt;br&gt;A secret room, a tangled web
&lt;br&gt;To unweave
&lt;br&gt;
&lt;br&gt;It could be I&amp;rsquo;m searching
&lt;br&gt;For a place so small
&lt;br&gt;With room for everything
&lt;br&gt;Where worlds on worlds revolve
&lt;br&gt;
&lt;br&gt;But how can we wait
&lt;br&gt;Knowing our way
&lt;br&gt;How can we hold on
&lt;br&gt;Still, you know it&amp;rsquo;s not too late
&lt;br&gt;
&lt;br&gt;I wouldn&amp;rsquo;t hold you
&lt;br&gt;No, I wouldn&amp;rsquo;t hold you
&lt;br&gt;I wouldn&amp;rsquo;t hold you back
&lt;br&gt;I wouldn&amp;rsquo;t hold you
&lt;br&gt;No, I wouldn&amp;rsquo;t hold you
&lt;br&gt;I wouldn&amp;rsquo;t hold you back
&lt;br&gt;
&lt;br&gt;I wouldn&amp;rsquo;t hold you
&lt;br&gt;No, I wouldn&amp;rsquo;t hold you
&lt;br&gt;I wouldn&amp;rsquo;t hold you back
&lt;br&gt;I wouldn&amp;rsquo;t hold you
&lt;br&gt;No, I wouldn&amp;rsquo;t hold you
&lt;br&gt;I wouldn&amp;rsquo;t hold you back&lt;/p&gt;
</description>
    </item>
    
    <item>
      <title> Across The Fields</title>
      <link>http://letraspedia.com/lyric/10000-maniacs-across-the-fields/</link>
      <pubDate>Mon, 01 Sep 2008 00:00:00 UTC</pubDate>
      <author>Enthusiastic Hugo User</author>
      <guid>http://letraspedia.com/lyric/10000-maniacs-across-the-fields/</guid>
      <description>&lt;p&gt;Oooooh&amp;hellip;
&lt;br&gt;Well, they left then in the morning
&lt;br&gt;A hundred pairs of wings, in the light, moved together
&lt;br&gt;Oooooh&amp;hellip;
&lt;br&gt;In the colors of the morning
&lt;br&gt;I looked to the clouds in the cirrus sky and they&amp;rsquo;d gone
&lt;br&gt;
&lt;br&gt;Across the marshes
&lt;br&gt;Across the fields below
&lt;br&gt;Oooooh&amp;hellip;
&lt;br&gt;I fell through the vines and I hoped they would catch me below
&lt;br&gt;
&lt;br&gt;Oooooh&amp;hellip;
&lt;br&gt;If only to take me with them there
&lt;br&gt;Tell me the part that shines in your heart on the wind
&lt;br&gt;
&lt;br&gt;Across the marshes
&lt;br&gt;Across the fields below
&lt;br&gt;Oooooh&amp;hellip;
&lt;br&gt;I fell through the vines and I hoped they would catch me below
&lt;br&gt;
&lt;br&gt;Oooooh&amp;hellip;
&lt;br&gt;And the reeds blew in the morning
&lt;br&gt;Take me along to the places you&amp;rsquo;ve gone when my eyes looked away
&lt;br&gt;Tell me the song that you sing in the trees in the dawning
&lt;br&gt;Tell me the part that shines in your heart and the rays of love forever
&lt;br&gt;Please take me there
&lt;br&gt;
&lt;br&gt;Aaaaah&amp;hellip;&lt;/p&gt;
</description>
    </item>
    
    <item>
      <title> All That Never Happens</title>
      <link>http://letraspedia.com/lyric/10000-maniacs-all-that-never-happens/</link>
      <pubDate>Mon, 01 Sep 2008 00:00:00 UTC</pubDate>
      <author>Enthusiastic Hugo User</author>
      <guid>http://letraspedia.com/lyric/10000-maniacs-all-that-never-happens/</guid>
      <description>&lt;p&gt;She walks alone on the brick lane
&lt;br&gt;The breeze is blowing
&lt;br&gt;A year had changed her forever
&lt;br&gt;Just like her grey home
&lt;br&gt;
&lt;br&gt;He used to live so close, here
&lt;br&gt;We&amp;rsquo;d look for places I can&amp;rsquo;t remember
&lt;br&gt;The world was safe when she knew him
&lt;br&gt;She tried to hold him, hold on forever, hold on forever
&lt;br&gt;
&lt;br&gt;For all that never happens
&lt;br&gt;And all that never will be
&lt;br&gt;A candle burning
&lt;br&gt;For the love we seldom keep
&lt;br&gt;
&lt;br&gt;The earth was raw in her fingers
&lt;br&gt;She overturned it
&lt;br&gt;Considered planting some flowers
&lt;br&gt;They wouldn&amp;rsquo;t last long, no one to tend them
&lt;br&gt;
&lt;br&gt;It&amp;rsquo;s funny how these things go
&lt;br&gt;You were the answer to all the questions
&lt;br&gt;The memories made her weary
&lt;br&gt;She shuddered slowly, she didn&amp;rsquo;t want to, she didn&amp;rsquo;t want to
&lt;br&gt;
&lt;br&gt;For all that never happens
&lt;br&gt;And all that never will be
&lt;br&gt;A candle burning
&lt;br&gt;For the love we seldom keep
&lt;br&gt;
&lt;br&gt;As a distant summer
&lt;br&gt;He began to whisper
&lt;br&gt;He threw a smile her way
&lt;br&gt;She looked into the glass
&lt;br&gt;Liquid surface showing
&lt;br&gt;That they were melding together, present, past
&lt;br&gt;
&lt;br&gt;So where can I go from here?
&lt;br&gt;The color fading, he didn&amp;rsquo;t answer
&lt;br&gt;She felt him slip from her vision
&lt;br&gt;She tried to hold him, hold on forever, hold on forever
&lt;br&gt;
&lt;br&gt;For all that never happens
&lt;br&gt;And all that never will be
&lt;br&gt;A fire burning
&lt;br&gt;For the love we seldom keep
&lt;br&gt;
&lt;br&gt;And for all that never happens
&lt;br&gt;And all that never will be
&lt;br&gt;So close forever
&lt;br&gt;In a silent frozen sleep
&lt;br&gt;
&lt;br&gt;Oooooh&amp;hellip;
&lt;br&gt;Oooooh&amp;hellip;
&lt;br&gt;Oooooh&amp;hellip;
&lt;br&gt;Oooooh&amp;hellip;
&lt;br&gt;Oooooh&amp;hellip;
&lt;br&gt;Aaaaah&amp;hellip;&lt;/p&gt;
</description>
    </item>
    
    <item>
      <title> Among The Americans</title>
      <link>http://letraspedia.com/lyric/10000-maniacs-among-the-americans/</link>
      <pubDate>Mon, 01 Sep 2008 00:00:00 UTC</pubDate>
      <author>Enthusiastic Hugo User</author>
      <guid>http://letraspedia.com/lyric/10000-maniacs-among-the-americans/</guid>
      <description>&lt;p&gt;Among The Americans
&lt;br&gt;
&lt;br&gt;dance to the sun
&lt;br&gt;a kiss to the earth
&lt;br&gt;embrace a stone
&lt;br&gt;
&lt;br&gt;come the small black book
&lt;br&gt;come the brandy cask
&lt;br&gt;one strange disease
&lt;br&gt;the well worded paper
&lt;br&gt;signed by the drunken
&lt;br&gt;hands of thieves
&lt;br&gt;
&lt;br&gt;and suddenly
&lt;br&gt;they were told to leave
&lt;br&gt;
&lt;br&gt;as the snake uncoiled on a road
&lt;br&gt;the length was eighty miles
&lt;br&gt;wagons&amp;rsquo; weary horses
&lt;br&gt;lead the feverish exiles
&lt;br&gt;barefoot in the early snow
&lt;br&gt;on a ridge
&lt;br&gt;where they beheld their home
&lt;br&gt;coarse and barren
&lt;br&gt;not the haven
&lt;br&gt;promised by the Father
&lt;br&gt;
&lt;br&gt;Jaksa Chula Harjo * X3
&lt;br&gt;
&lt;br&gt;the Red Sticks first and
&lt;br&gt;the Dancing Ghosts were
&lt;br&gt;pierced with arms of fire
&lt;br&gt;and the weeping widows
&lt;br&gt;left could not avenge
&lt;br&gt;so the Western Star manifest its will
&lt;br&gt;drove them clear into the Pacific O
&lt;br&gt;
&lt;br&gt;gone the way of flesh
&lt;br&gt;turned pale and died
&lt;br&gt;by your god&amp;rsquo;s decree
&lt;br&gt;
&lt;br&gt;for he hated me
&lt;br&gt;
&lt;br&gt;  * Cherokee name for Andrew Jackson the 7th president of the U.S.A.&lt;/p&gt;
</description>
    </item>
    
    <item>
      <title> Angels</title>
      <link>http://letraspedia.com/lyric/10000-maniacs-angels/</link>
      <pubDate>Mon, 01 Sep 2008 00:00:00 UTC</pubDate>
      <author>Enthusiastic Hugo User</author>
      <guid>http://letraspedia.com/lyric/10000-maniacs-angels/</guid>
      <description>&lt;p&gt;Angels, from the realms of glory,
&lt;br&gt;Wing your flight o&amp;rsquo;er all the earth;
&lt;br&gt;Ye, who sang creation&amp;rsquo;s story,
&lt;br&gt;Now proclaim Messiah&amp;rsquo;s birth:
&lt;br&gt;Come and worship,
&lt;br&gt;Come and worship
&lt;br&gt;Worship Christ, the new-born King.
&lt;br&gt;
&lt;br&gt;Shepherds in the field abiding,
&lt;br&gt;Watching o&amp;rsquo;er your flocks by night,
&lt;br&gt;God with man is now residing;
&lt;br&gt;Yonder shines the infant Light:
&lt;br&gt;
&lt;br&gt;Sages, leave your contemplations,
&lt;br&gt;Brighter visions beam afar:
&lt;br&gt;Seek the great Desire of nations;
&lt;br&gt;Ye have seen his natal star:
&lt;br&gt;
&lt;br&gt;Saints before the altar bending,
&lt;br&gt;Watching long in hope and fear,
&lt;br&gt;Suddenly the Lord, descending,
&lt;br&gt;In his temple shall appear.&lt;/p&gt;
</description>
    </item>
    
    <item>
      <title> Anthem For Doomed Youth</title>
      <link>http://letraspedia.com/lyric/10000-maniacs-anthem-for-doomed-youth/</link>
      <pubDate>Mon, 01 Sep 2008 00:00:00 UTC</pubDate>
      <author>Enthusiastic Hugo User</author>
      <guid>http://letraspedia.com/lyric/10000-maniacs-anthem-for-doomed-youth/</guid>
      <description>&lt;p&gt;For whom the bells toll
&lt;br&gt;When sentenced to die
&lt;br&gt;The stuttering rifles
&lt;br&gt;Will stifle the cry
&lt;br&gt;The monstrous anger
&lt;br&gt;The fear&amp;rsquo;s rapid rattle
&lt;br&gt;A desert inferno
&lt;br&gt;Kids dying like cattle
&lt;br&gt;
&lt;br&gt;Don&amp;rsquo;t tell me
&lt;br&gt;We&amp;rsquo;re not prepared
&lt;br&gt;I&amp;rsquo;ve seen today&amp;rsquo;s marine
&lt;br&gt;He&amp;rsquo;s eighteen and he&amp;rsquo;s eager
&lt;br&gt;He can be quite mean
&lt;br&gt;
&lt;br&gt;No mock&amp;rsquo;ries for them
&lt;br&gt;No prayers or bells
&lt;br&gt;The demented choirs
&lt;br&gt;The wailing of shells
&lt;br&gt;The boys holding candles
&lt;br&gt;On untraveled roads
&lt;br&gt;The fear spreads like fire
&lt;br&gt;As shrapnel explodes
&lt;br&gt;
&lt;br&gt;I think it&amp;rsquo;s wrong
&lt;br&gt;To conscript our youth
&lt;br&gt;Against their will
&lt;br&gt;When plenty of our citizenry
&lt;br&gt;Really like to kill
&lt;br&gt;
&lt;br&gt;What sign posts will lead
&lt;br&gt;To armageddon&amp;rsquo;s fires
&lt;br&gt;What bugles will call them
&lt;br&gt;From crowded grey shires
&lt;br&gt;The women sit quiet
&lt;br&gt;With death on their minds
&lt;br&gt;A slow dusk descending
&lt;br&gt;The drawing of blinds
&lt;br&gt;
&lt;br&gt;Make the hunters all line up
&lt;br&gt;It&amp;rsquo;s their idea of fun
&lt;br&gt;And let those be forgiven
&lt;br&gt;Who never owned a gun
&lt;br&gt;Was it him or me
&lt;br&gt;Or the wailing of the dead
&lt;br&gt;The laughing soldiers
&lt;br&gt;Cast their lots
&lt;br&gt;And you can cut the dread&lt;/p&gt;
</description>
    </item>
    
    <item>
      <title> Arbor Day</title>
      <link>http://letraspedia.com/lyric/10000-maniacs-arbor-day/</link>
      <pubDate>Mon, 01 Sep 2008 00:00:00 UTC</pubDate>
      <author>Enthusiastic Hugo User</author>
      <guid>http://letraspedia.com/lyric/10000-maniacs-arbor-day/</guid>
      <description>&lt;p&gt;Wide open falsehood
&lt;br&gt;The clan destine truths
&lt;br&gt;Rival till the end
&lt;br&gt;In a series of duels
&lt;br&gt;Pardon the drapery language I choose
&lt;br&gt;
&lt;br&gt;Waltz in vienna has taught me to use
&lt;br&gt;Every tall room a fiction
&lt;br&gt;Leather bound treasure books
&lt;br&gt;Up to the ceiling
&lt;br&gt;Gold spine upon spine
&lt;br&gt;
&lt;br&gt;The guile and the treason
&lt;br&gt;The faith and allegiance
&lt;br&gt;
&lt;br&gt;Wide open falsehood
&lt;br&gt;The clan destine truths
&lt;br&gt;Rival till the end
&lt;br&gt;In a series of duels
&lt;br&gt;Pardon the drapery language I choose
&lt;br&gt;
&lt;br&gt;The author grew fat to imagine
&lt;br&gt;His lead pen careening
&lt;br&gt;Gave voice to the scheming
&lt;br&gt;An aryan cabale to dethrone
&lt;br&gt;
&lt;br&gt;The guile and the treason
&lt;br&gt;The faith and allegiance
&lt;br&gt;To the empire unknown
&lt;br&gt;
&lt;br&gt;The baron and his mistress
&lt;br&gt;Dine in fine banquet hall
&lt;br&gt;As rebel insurgents plot in
&lt;br&gt;The attic space crawl
&lt;br&gt;
&lt;br&gt;Wide open falsehood
&lt;br&gt;The clan destine truths
&lt;br&gt;Rival till the end
&lt;br&gt;In a series of duels
&lt;br&gt;Pardon the drapery language I choose
&lt;br&gt;
&lt;br&gt;His small hand did strive
&lt;br&gt;To explain all the
&lt;br&gt;Rants and raves of
&lt;br&gt;A people enslaved
&lt;br&gt;
&lt;br&gt;By the cant of the shrewdest
&lt;br&gt;Capable men
&lt;br&gt;
&lt;br&gt;The guile and the treason
&lt;br&gt;The faith and allegiance
&lt;br&gt;Now lie in my hand
&lt;br&gt;
&lt;br&gt;The guile and the treason
&lt;br&gt;The faith and allegiance
&lt;br&gt;Now lie in my hand&lt;/p&gt;
</description>
    </item>
    
    <item>
      <title> Baby Im A Do Right</title>
      <link>http://letraspedia.com/lyric/10000-maniacs-baby-im-a-do-right/</link>
      <pubDate>Mon, 01 Sep 2008 00:00:00 UTC</pubDate>
      <author>Enthusiastic Hugo User</author>
      <guid>http://letraspedia.com/lyric/10000-maniacs-baby-im-a-do-right/</guid>
      <description>&lt;p&gt;I&amp;rsquo;m getting a little tired of your broken promises, promises
&lt;br&gt;Looking at your pager seeing different numbers and numbers
&lt;br&gt;Call you on your cell you&amp;rsquo; hangin with the fellas the fellas
&lt;br&gt;Hanging with my girls you always getting jealous n&amp;rsquo; jealous
&lt;br&gt;I was with you when you had no dollas no dollas
&lt;br&gt;Hangin at the crib chillin&amp;rsquo; with yo mamma yo mamma
&lt;br&gt;Never fronted you never brought the drama the drama
&lt;br&gt;Now you flip the script player please
&lt;br&gt;
&lt;br&gt;No I&amp;rsquo;m not the one (Say it again, Say it again oh)
&lt;br&gt;No I&amp;rsquo;m not the one (You do or you don&amp;rsquo;t)
&lt;br&gt;
&lt;br&gt;Chorus
&lt;br&gt;
&lt;br&gt;You do or you don&amp;rsquo;t don&amp;rsquo;t
&lt;br&gt;You will or you won&amp;rsquo;t won&amp;rsquo;t
&lt;br&gt;No more, No more baby I&amp;rsquo;ma do it right
&lt;br&gt;You can or you can&amp;rsquo;t can&amp;rsquo;t
&lt;br&gt;Be a man, be a man man
&lt;br&gt;No more, no more baby I&amp;rsquo;ma do it right
&lt;br&gt;
&lt;br&gt;Adrienne
&lt;br&gt;
&lt;br&gt;You treat me like a lady when you open doors n&amp;rsquo; doors
&lt;br&gt;But then you wanna front when you which yo boys yo boys
&lt;br&gt;How you gonna play me when I bought yo clothes yo clothes
&lt;br&gt;The ones that you been wearing when yo with yo dogs, yo dogs
&lt;br&gt;You know you never thought I would have the nerve the nerve
&lt;br&gt;So think about it more, since you at the curb the curb
&lt;br&gt;Blowin&amp;rsquo; up my pager, say you want a chance a chance
&lt;br&gt;Listen when I say player please
&lt;br&gt;
&lt;br&gt;Chorus
&lt;br&gt;
&lt;br&gt;Adrienne
&lt;br&gt;
&lt;br&gt;I just wanna know, what happened to our love
&lt;br&gt;We used to be best friends
&lt;br&gt;Where did it go wrong
&lt;br&gt;When ya gonna see, How good it is with me
&lt;br&gt;I&amp;rsquo;m tired and I&amp;rsquo;m through with all you listen baby
&lt;br&gt;
&lt;br&gt;Kiely (rap)
&lt;br&gt;
&lt;br&gt;And yo you promised me a Kate Spade
&lt;br&gt;But that was last year boy in the 8th grade
&lt;br&gt;And you ain&amp;rsquo;t biggie baby boy
&lt;br&gt;So no it ain&amp;rsquo;t one more chance
&lt;br&gt;When you friends around you don&amp;rsquo;t want to hold my hand
&lt;br&gt;And Yo you see a girl stylin and whilin inside the mix
&lt;br&gt;Hopping out the whips the whips the 5 or 6
&lt;br&gt;Yes fly chrome so pardon my tone
&lt;br&gt;Here go a quarter go call Tyrone&lt;/p&gt;
</description>
    </item>
    
    <item>
      <title> Back O The Moon</title>
      <link>http://letraspedia.com/lyric/10000-maniacs-back-o-the-moon/</link>
      <pubDate>Mon, 01 Sep 2008 00:00:00 UTC</pubDate>
      <author>Enthusiastic Hugo User</author>
      <guid>http://letraspedia.com/lyric/10000-maniacs-back-o-the-moon/</guid>
      <description>&lt;p&gt;Back O&amp;rsquo; The Moon
&lt;br&gt;
&lt;br&gt;Jenny
&lt;br&gt;
&lt;br&gt;Jenny you don&amp;rsquo;t know the nights I hide
&lt;br&gt;below a second story room
&lt;br&gt;to whistle you down
&lt;br&gt;the man who&amp;rsquo;s let to divvy up
&lt;br&gt;time is a miser
&lt;br&gt;he&amp;rsquo;s got a silver coin
&lt;br&gt;only lets it shine for hours
&lt;br&gt;while you sleep it away
&lt;br&gt;
&lt;br&gt;there&amp;rsquo;s one rare and odd style of living
&lt;br&gt;part only known to the everybody Jenny
&lt;br&gt;a comical where&amp;rsquo;s the end parade
&lt;br&gt;of the sort people here would think unusual
&lt;br&gt;
&lt;br&gt;Jenny
&lt;br&gt;
&lt;br&gt;tonight upon the mock brine of a Luna Sea
&lt;br&gt;far off we sail on to Back O&amp;rsquo; The Moon
&lt;br&gt;
&lt;br&gt;Jenny
&lt;br&gt;
&lt;br&gt;Jenny you don&amp;rsquo;t know the days I&amp;rsquo;ve tried
&lt;br&gt;telling backyard tales
&lt;br&gt;so to maybe amuse
&lt;br&gt;o your mood is never giddy
&lt;br&gt;if you smile I&amp;rsquo;m delighted
&lt;br&gt;but you&amp;rsquo;d rather pout
&lt;br&gt;such a lazy child
&lt;br&gt;you dare fold your arms
&lt;br&gt;tisk and say that I lie
&lt;br&gt;
&lt;br&gt;there&amp;rsquo;s one rare and odd style of thinking
&lt;br&gt;part only known to the everybody Jenny
&lt;br&gt;the small step and giant leap takers
&lt;br&gt;got the head start in the race toward it
&lt;br&gt;
&lt;br&gt;Jenny
&lt;br&gt;
&lt;br&gt;tonight upon the mock brine of a Luna Sea
&lt;br&gt;far off we sail on to the Back O&amp;rsquo; The Moon
&lt;br&gt;
&lt;br&gt;that was a sigh
&lt;br&gt;but not meant to envy you
&lt;br&gt;when your age was mine
&lt;br&gt;some things were sworn true
&lt;br&gt;morning would come
&lt;br&gt;
&lt;br&gt;and calendar pages had
&lt;br&gt;new printed seasons on
&lt;br&gt;their opposite sides
&lt;br&gt;
&lt;br&gt;Jenny
&lt;br&gt;
&lt;br&gt;Jenny you don&amp;rsquo;t know the nights I hide
&lt;br&gt;below a second story room
&lt;br&gt;to whistle you down
&lt;br&gt;o the man who&amp;rsquo;s let to divvy up
&lt;br&gt;time is a miser
&lt;br&gt;he&amp;rsquo;s got a silver coin
&lt;br&gt;lets it shine for hours
&lt;br&gt;while you sleep it away
&lt;br&gt;
&lt;br&gt;there&amp;rsquo;s one rare and odd style of living
&lt;br&gt;
&lt;br&gt;part only known to the everybody Jenny
&lt;br&gt;out of tin ships jump the bubble head boys
&lt;br&gt;to push their flags into powdered soils and cry
&lt;br&gt;no second placers
&lt;br&gt;
&lt;br&gt;no smart looking geese in bonnets
&lt;br&gt;dance with pigs in high button trousers
&lt;br&gt;no milk pail for the farmer&amp;rsquo;s daughter
&lt;br&gt;no merry towns of sweet walled houses
&lt;br&gt;
&lt;br&gt;here I&amp;rsquo;ve found
&lt;br&gt;Back O&amp;rsquo; the Moon
&lt;br&gt;not here
&lt;br&gt;I&amp;rsquo;ve found
&lt;br&gt;Back O&amp;rsquo; the Moon&lt;/p&gt;
</description>
    </item>
    
    <item>
      <title> Because The Night</title>
      <link>http://letraspedia.com/lyric/10000-maniacs-because-the-night/</link>
      <pubDate>Mon, 01 Sep 2008 00:00:00 UTC</pubDate>
      <author>Enthusiastic Hugo User</author>
      <guid>http://letraspedia.com/lyric/10000-maniacs-because-the-night/</guid>
      <description>&lt;p&gt;Because The Night
&lt;br&gt;
&lt;br&gt;(Springsteen/Smith)
&lt;br&gt;
&lt;br&gt;Take me now, baby, here as I am
&lt;br&gt;Hold me close, try and understand
&lt;br&gt;Desire is hunger is the fire I breathe
&lt;br&gt;Love is a banquet on which we feed
&lt;br&gt;
&lt;br&gt;Come on now, try and understand
&lt;br&gt;The way I feel under your command
&lt;br&gt;Take my hand, come under cover
&lt;br&gt;They can&amp;rsquo;t hurt you now
&lt;br&gt;
&lt;br&gt;Because the night belongs to lovers
&lt;br&gt;Because the night belongs to lust
&lt;br&gt;Because the night belongs to lovers
&lt;br&gt;Because the night belongs to us
&lt;br&gt;
&lt;br&gt;Have I doubt, baby, when I&amp;rsquo;m alone
&lt;br&gt;Love is a ring on the telephone
&lt;br&gt;Love is an angel, disguised as lust
&lt;br&gt;Here in our bed &amp;lsquo;til the morning comes
&lt;br&gt;
&lt;br&gt;Come on now, try and understand
&lt;br&gt;The way I feel under your command
&lt;br&gt;Take my hand, come under cover
&lt;br&gt;They can&amp;rsquo;t hurt you now
&lt;br&gt;
&lt;br&gt;Because the night belongs to lovers
&lt;br&gt;Because the night belongs to lust
&lt;br&gt;Because the night belongs to lovers
&lt;br&gt;Because the night belongs to us
&lt;br&gt;
&lt;br&gt;With love we sleep, with doubt the vicious circle turns, and burns
&lt;br&gt;Without you, I cannot live, forgive the yearning burning
&lt;br&gt;I believe in love too real to feel, take me now, take me now, take me now
&lt;br&gt;
&lt;br&gt;Because the night belongs to lovers
&lt;br&gt;Because the night belongs to lust
&lt;br&gt;Because the night belongs to lovers
&lt;br&gt;Because the night belongs to us&lt;/p&gt;
</description>
    </item>
    
    <item>
      <title> Beyond The Blue</title>
      <link>http://letraspedia.com/lyric/10000-maniacs-beyond-the-blue/</link>
      <pubDate>Mon, 01 Sep 2008 00:00:00 UTC</pubDate>
      <author>Enthusiastic Hugo User</author>
      <guid>http://letraspedia.com/lyric/10000-maniacs-beyond-the-blue/</guid>
      <description>&lt;p&gt;I was thinking today
&lt;br&gt;If you would remember
&lt;br&gt;You&amp;rsquo;d choose to remember
&lt;br&gt;What you left me out there in the cold
&lt;br&gt;
&lt;br&gt;Days fading away
&lt;br&gt;I see you so near
&lt;br&gt;I hear your voice calling
&lt;br&gt;It calls me from these pages to you
&lt;br&gt;
&lt;br&gt;Beyond the blue
&lt;br&gt;So sudden too soon
&lt;br&gt;Secrets we knew
&lt;br&gt;
&lt;br&gt;And I was thinking today
&lt;br&gt;If you would surrender
&lt;br&gt;You&amp;rsquo;d choose to surrender
&lt;br&gt;To feelings that you tried deserting
&lt;br&gt;
&lt;br&gt;And if given the choice
&lt;br&gt;I&amp;rsquo;d still wait for the moment
&lt;br&gt;Still wait for the moment
&lt;br&gt;When I could have a hero like you
&lt;br&gt;
&lt;br&gt;Beyond the blue
&lt;br&gt;So sudden too soon
&lt;br&gt;Secrets we knew
&lt;br&gt;
&lt;br&gt;Days are fading away
&lt;br&gt;But I see you clear
&lt;br&gt;I hear your voice calling
&lt;br&gt;It calls me from these pages to you
&lt;br&gt;
&lt;br&gt;Beyond the blue
&lt;br&gt;So sudden too soon
&lt;br&gt;Secrets we knew&lt;/p&gt;
</description>
    </item>
    
    <item>
      <title> Big Star</title>
      <link>http://letraspedia.com/lyric/10000-maniacs-big-star/</link>
      <pubDate>Mon, 01 Sep 2008 00:00:00 UTC</pubDate>
      <author>Enthusiastic Hugo User</author>
      <guid>http://letraspedia.com/lyric/10000-maniacs-big-star/</guid>
      <description>&lt;p&gt;Whoa
&lt;br&gt;
&lt;br&gt;I saw a big star running from me
&lt;br&gt;A world from a record on my bed
&lt;br&gt;Turn the tables on me
&lt;br&gt;What would happen if I fell
&lt;br&gt;To the tune of a dreamer
&lt;br&gt;To the tune of my heart
&lt;br&gt;
&lt;br&gt;Big star running from me
&lt;br&gt;I saw a world out sunning on my head
&lt;br&gt;Turn the tables on me now
&lt;br&gt;I would fall from heaven and ring your bell
&lt;br&gt;Baby, catch me
&lt;br&gt;In the middle of a lie
&lt;br&gt;
&lt;br&gt;The boys are out tonight
&lt;br&gt;Yeah, the boys are out tonight
&lt;br&gt;The big shots singin&amp;rsquo; from me
&lt;br&gt;I saw a world out sunning on my head
&lt;br&gt;Pity my heart signals
&lt;br&gt;Center of a storm inside my head
&lt;br&gt;
&lt;br&gt;Center of my
&lt;br&gt;Center of my heart
&lt;br&gt;Center of my
&lt;br&gt;Out of time simple mind
&lt;br&gt;
&lt;br&gt;From the moon out my window
&lt;br&gt;A wink and a blink and a nod
&lt;br&gt;Had a wish on a star, but
&lt;br&gt;Now it&amp;rsquo;s, now it&amp;rsquo;s falling, now it&amp;rsquo;s falling for me
&lt;br&gt;
&lt;br&gt;The boys are out tonight
&lt;br&gt;Yeah, the boys are out tonight
&lt;br&gt;Big skies above me
&lt;br&gt;Signal in my horoscope, it said
&lt;br&gt;
&lt;br&gt;Never heed a caution
&lt;br&gt;Never fought a lover
&lt;br&gt;Never cross a street alone
&lt;br&gt;In the middle
&lt;br&gt;
&lt;br&gt;The middle of a signal red
&lt;br&gt;Middle of a drinker&amp;rsquo;s heart
&lt;br&gt;Middle of a big parade
&lt;br&gt;A signal in my horoscope&lt;/p&gt;
</description>
    </item>
    
    <item>
      <title> Blind Faith</title>
      <link>http://letraspedia.com/lyric/10000-maniacs-blind-faith/</link>
      <pubDate>Mon, 01 Sep 2008 00:00:00 UTC</pubDate>
      <author>Enthusiastic Hugo User</author>
      <guid>http://letraspedia.com/lyric/10000-maniacs-blind-faith/</guid>
      <description>&lt;p&gt;Love, breaks apart is a myth of human kindness
&lt;br&gt;Love, breaks apart is amyth of human kindness
&lt;br&gt;Love, breaks apart is a myth of human kindness
&lt;br&gt;
&lt;br&gt;Panic in the worried night with the tempting, rises
&lt;br&gt;Panic in the worried night with the tempting, rises
&lt;br&gt;Panic in the worried night the tempting rises
&lt;br&gt;
&lt;br&gt;No doubt that she&amp;rsquo;d desire blind faith in all surmises
&lt;br&gt;No doubt that she&amp;rsquo;d desire blind faith in all surmises
&lt;br&gt;No doubt that she&amp;rsquo;d deny blind faith in half-surmises
&lt;br&gt;
&lt;br&gt;Because
&lt;br&gt;
&lt;br&gt;Any modern man can see that
&lt;br&gt;Any modern man can see that
&lt;br&gt;
&lt;br&gt;Piety obsolete
&lt;br&gt;Faith obsolete
&lt;br&gt;Mysticism obsolete
&lt;br&gt;Prophetic vision obsolete
&lt;br&gt;
&lt;br&gt;Any modern man can see that
&lt;br&gt;Any modern mad can see that
&lt;br&gt;Love, breaks apart is a myth of human kindness
&lt;br&gt;Love, breaks apart is a myth of human kindness
&lt;br&gt;Love, breaks apart is a myth of human kindness
&lt;br&gt;
&lt;br&gt;Panic in the worried night with the tempting, rises
&lt;br&gt;Panic in the worried night with the tempting, rises
&lt;br&gt;Panic in the worried night the tempting rises
&lt;br&gt;
&lt;br&gt;No doubt that she&amp;rsquo;d desire blind faith in all surmises
&lt;br&gt;No doubt that she&amp;rsquo;d desire blind faith in all surmises
&lt;br&gt;No doubt that she&amp;rsquo;d deny blind faith in half-surmises
&lt;br&gt;
&lt;br&gt;Because
&lt;br&gt;
&lt;br&gt;Any modern man can see that
&lt;br&gt;Any modern man can see that
&lt;br&gt;
&lt;br&gt;Piety obsolete
&lt;br&gt;Faith obsolete
&lt;br&gt;Mysticism obsolete
&lt;br&gt;Prophetic vision obsolete
&lt;br&gt;
&lt;br&gt;Any modern man can see that
&lt;br&gt;Any modern mad can see that&lt;/p&gt;
</description>
    </item>
    
    <item>
      <title> Bread &amp; Circuses</title>
      <link>http://letraspedia.com/lyric/10000-maniacs-bread-circuses/</link>
      <pubDate>Mon, 01 Sep 2008 00:00:00 UTC</pubDate>
      <author>Enthusiastic Hugo User</author>
      <guid>http://letraspedia.com/lyric/10000-maniacs-bread-circuses/</guid>
      <description>&lt;p&gt;Crowds gather round kneeling at the feet of common thieves
&lt;br&gt;Hungry for the word, but God would never speak through such as these,
&lt;br&gt;Such as these
&lt;br&gt;Who offer healing hands and balms, and redemption, a few would cross
&lt;br&gt;Their palms
&lt;br&gt;They&amp;rsquo;ll tell your troubles to the lord for how ever much you can afford
&lt;br&gt;
&lt;br&gt;Hands holding hands in the circle of the sinners and the saints
&lt;br&gt;Memories that linger from the cradle, placing puzzles in the grave,
&lt;br&gt;In the grave
&lt;br&gt;No mortal skin and bone can live on bread and circuses alone
&lt;br&gt;The spirit needs, must drive the mystery of why you&amp;rsquo;re alive
&lt;br&gt;
&lt;br&gt;Chorus:
&lt;br&gt;
&lt;br&gt;They look and their book and they read
&lt;br&gt;But their cold hearts say, follow me
&lt;br&gt;
&lt;br&gt;Dance in the dust in the frenzy of the desperately in need
&lt;br&gt;Led by the voices of the men who invoke ritual to hide their greed,
&lt;br&gt;Hide their greed
&lt;br&gt;Come every tongue, every eye across the crumbling earth and cracking skies
&lt;br&gt;The gates of hell stand open wide, but the path of glory you walk single
&lt;br&gt;File
&lt;br&gt;
&lt;br&gt;(chorus)
&lt;br&gt;
&lt;br&gt;These men make a cage for the very souls that came here to be free
&lt;br&gt;
&lt;br&gt;They turn off their lights for their tents they&amp;rsquo;re fixing to leave
&lt;br&gt;
&lt;br&gt;(instrumental)
&lt;br&gt;
&lt;br&gt;Follow me
&lt;br&gt;
&lt;br&gt;(chorus 2x)
&lt;br&gt;
&lt;br&gt;They&amp;rsquo;ll close their book and leave, but you&amp;rsquo;ll remain still in pain&lt;/p&gt;
</description>
    </item>
    
  </channel>
</rss>