<?xml version="1.0" encoding="utf-8" standalone="yes" ?>
<rss version="2.0" xmlns:atom="http://www.w3.org/2005/Atom">
  <channel>
      <title>009 Sound System on Letraspedia.com thes best lyrics page </title>
    <link>http://letraspedia.com/artist/009-sound-system/</link>
    <language>en-US</language>
    <author>Enthusiastic Hugo User</author>
    <rights>Copyright (c) 2014, Enthusiastic Hugo User; all rights reserved.</rights>
    <updated>Mon, 01 Sep 2008 00:00:00 UTC</updated>
    
    <item>
      <title> Born To Be Wasted</title>
      <link>http://letraspedia.com/lyric/009-sound-system-born-to-be-wasted/</link>
      <pubDate>Mon, 01 Sep 2008 00:00:00 UTC</pubDate>
      <author>Enthusiastic Hugo User</author>
      <guid>http://letraspedia.com/lyric/009-sound-system-born-to-be-wasted/</guid>
      <description>&lt;p&gt;Born To Be Wasted
&lt;br&gt;
&lt;br&gt;Oh the beat&amp;rsquo;s gonna bash gonna break it up
&lt;br&gt;Oh this car&amp;rsquo;s goin&amp;rsquo; fast gonna speed it up
&lt;br&gt;Oh the night&amp;rsquo;s not gonna last so let&amp;rsquo;s keep it up
&lt;br&gt;We were born to be wasted
&lt;br&gt;
&lt;br&gt;Oh the rock&amp;rsquo;s not gonna stop so let&amp;rsquo;s rip it up
&lt;br&gt;The beats are gonna drop you can trip em&amp;rsquo; up
&lt;br&gt;Your mind is on fire but it&amp;rsquo;s not enough
&lt;br&gt;
&lt;br&gt;(Chrous x5)
&lt;br&gt;We were born to be wasted
&lt;br&gt;
&lt;br&gt;(^^repeat x6^^)
&lt;br&gt;
&lt;br&gt;Baby out loud
&lt;br&gt;Knew that it would come to this
&lt;br&gt;Ain&amp;rsquo;t worth living
&lt;br&gt;If you can&amp;rsquo;t get your kicks
&lt;br&gt;
&lt;br&gt;Oh the rock&amp;rsquo;s not gonna stop so let&amp;rsquo;s rip it up
&lt;br&gt;The beats are gonna drop you can trip em&amp;rsquo; up
&lt;br&gt;Your mind is on fire but it&amp;rsquo;s not enough
&lt;br&gt;
&lt;br&gt;This gun&amp;rsquo;s blowin up it&amp;rsquo;s just a warning shot
&lt;br&gt;This plane&amp;rsquo;s taking off on a terror run
&lt;br&gt;This night&amp;rsquo;s gonna end like a missile drop
&lt;br&gt;We were born to be wasted
&lt;br&gt;
&lt;br&gt;(Chrous x6)
&lt;br&gt;We were born to be wasted
&lt;br&gt;(^^repeat^^)
&lt;br&gt;
&lt;br&gt;More lyrics at&amp;gt;
&lt;br&gt;&lt;a href=&#34;http://www.musica.com/letras.asp?letras=38192&#34;&gt;http://www.musica.com/letras.asp?letras=38192&lt;/a&gt;
&lt;br&gt;dont make any change to this lyric !!&lt;/p&gt;
</description>
    </item>
    
    <item>
      <title> Dreamescape</title>
      <link>http://letraspedia.com/lyric/009-sound-system-dreamescape/</link>
      <pubDate>Mon, 01 Sep 2008 00:00:00 UTC</pubDate>
      <author>Enthusiastic Hugo User</author>
      <guid>http://letraspedia.com/lyric/009-sound-system-dreamescape/</guid>
      <description>&lt;p&gt;you´re don´t not waith
&lt;br&gt;can´t talk there feel
&lt;br&gt;new one the fool
&lt;br&gt;but you´re don´t not waith can talk therer feel
&lt;br&gt;you´re don´t not waith
&lt;br&gt;can´t talk there feel
&lt;br&gt;new one the fool
&lt;br&gt;but you´re don´t not waith can talk therer feel
&lt;br&gt;(ohh!!) (oh, ah!) oh
&lt;br&gt;
&lt;br&gt;
&lt;br&gt;you´re don´t not waith
&lt;br&gt;can´t talk there feel
&lt;br&gt;new one the fool
&lt;br&gt;but you´re don´t not waith can talk therer feel
&lt;br&gt;you´re don´t not waith
&lt;br&gt;can´t talk there feel
&lt;br&gt;new one the fool
&lt;br&gt;but you´re don´t not waith can talk therer feel&lt;/p&gt;
</description>
    </item>
    
    <item>
      <title> Holy Ghost</title>
      <link>http://letraspedia.com/lyric/009-sound-system-holy-ghost/</link>
      <pubDate>Mon, 01 Sep 2008 00:00:00 UTC</pubDate>
      <author>Enthusiastic Hugo User</author>
      <guid>http://letraspedia.com/lyric/009-sound-system-holy-ghost/</guid>
      <description>&lt;p&gt;you could be the holy ghost
&lt;br&gt;i could be the one you love
&lt;br&gt;cryin&amp;rsquo; out for one more
&lt;br&gt;overload
&lt;br&gt;
&lt;br&gt;You could be the soul that tried
&lt;br&gt;flyin&amp;rsquo; on a dream tonight
&lt;br&gt;and comin&amp;rsquo; back just wanting
&lt;br&gt;a little more oh..oh&amp;hellip;
&lt;br&gt;
&lt;br&gt;Keepin it stronger
&lt;br&gt;oh baby for longer
&lt;br&gt;never so honest
&lt;br&gt;bout bein&amp;rsquo; alone
&lt;br&gt;oh oh oh&amp;hellip;
&lt;br&gt;
&lt;br&gt;Strung out on those feelings
&lt;br&gt;cuz people just need things
&lt;br&gt;no sense in believin&amp;rsquo;
&lt;br&gt;just to turn me on&amp;hellip;
&lt;br&gt;
&lt;br&gt;
&lt;br&gt;you could be the holy ghost
&lt;br&gt;i could be the one you love
&lt;br&gt;cryin&amp;rsquo; out for one more
&lt;br&gt;overload
&lt;br&gt;
&lt;br&gt;You could be the soul that tried
&lt;br&gt;flyin&amp;rsquo; on a dream tonight
&lt;br&gt;and comin&amp;rsquo; back just wanting
&lt;br&gt;a little more oh..oh&amp;hellip;
&lt;br&gt;
&lt;br&gt;Keepin it stronger
&lt;br&gt;oh baby for longer
&lt;br&gt;never so honest
&lt;br&gt;bout bein&amp;rsquo; alone
&lt;br&gt;oh oh oh&amp;hellip;
&lt;br&gt;
&lt;br&gt;Strung out on those feelings
&lt;br&gt;cuz people just need things
&lt;br&gt;no sense in believin&amp;rsquo;
&lt;br&gt;just to turn me on&amp;hellip;&lt;/p&gt;
</description>
    </item>
    
    <item>
      <title> Solo</title>
      <link>http://letraspedia.com/lyric/009-sound-system-solo/</link>
      <pubDate>Mon, 01 Sep 2008 00:00:00 UTC</pubDate>
      <author>Enthusiastic Hugo User</author>
      <guid>http://letraspedia.com/lyric/009-sound-system-solo/</guid>
      <description>&lt;p&gt;I don&amp;rsquo;t wanna wait
&lt;br&gt;Gotta find the way home
&lt;br&gt;Cuz&amp;rsquo; since I went solo
&lt;br&gt;I could get so low&amp;hellip; oh oh oh
&lt;br&gt;
&lt;br&gt;I don&amp;rsquo;t know the way
&lt;br&gt;To find what I&amp;rsquo;m searchin for
&lt;br&gt;Cuz time goes so slow&amp;hellip;
&lt;br&gt;When u go solo&amp;hellip;
&lt;br&gt;
&lt;br&gt;Today awoke
&lt;br&gt;I was alone
&lt;br&gt;In a world
&lt;br&gt;Of broken bones
&lt;br&gt;Though I scanned horizon I saw nothing
&lt;br&gt;Nothing at all
&lt;br&gt;
&lt;br&gt;Felt I need you
&lt;br&gt;In my mind
&lt;br&gt;
&lt;br&gt;Felt I&amp;rsquo;m seein u
&lt;br&gt;Though I&amp;rsquo;m blind
&lt;br&gt;
&lt;br&gt;Your heart&amp;rsquo;s still hanging in my life
&lt;br&gt;And it&amp;rsquo;s a mattter of time cuz&amp;rsquo;
&lt;br&gt;
&lt;br&gt;I got a fever
&lt;br&gt;I couldn&amp;rsquo;t check
&lt;br&gt;Like judas needed
&lt;br&gt;To double it
&lt;br&gt;
&lt;br&gt;Sure thirty pieces &amp;lsquo;betta &amp;lsquo;betta than nothin&amp;rsquo;
&lt;br&gt;Nothin&amp;rsquo; at all
&lt;br&gt;
&lt;br&gt;If I&amp;rsquo;m seein&amp;rsquo; u
&lt;br&gt;In my mind
&lt;br&gt;I can see on through
&lt;br&gt;And it&amp;rsquo;s time
&lt;br&gt;To break the chains of lonely life
&lt;br&gt;It&amp;rsquo;s a matter of time cu&lt;/p&gt;
</description>
    </item>
    
    <item>
      <title> Space And Time</title>
      <link>http://letraspedia.com/lyric/009-sound-system-space-and-time/</link>
      <pubDate>Mon, 01 Sep 2008 00:00:00 UTC</pubDate>
      <author>Enthusiastic Hugo User</author>
      <guid>http://letraspedia.com/lyric/009-sound-system-space-and-time/</guid>
      <description>&lt;p&gt;I remember in the space and time
&lt;br&gt;And I remember what we were like
&lt;br&gt;All the matter was synthesized
&lt;br&gt;
&lt;br&gt;Yeah I remember when the future died
&lt;br&gt;And all the rain will keep it dark
&lt;br&gt;Because of why Im so alone
&lt;br&gt;
&lt;br&gt;Oh give me that,
&lt;br&gt;let me change,
&lt;br&gt;I take my love,
&lt;br&gt;a higher place,
&lt;br&gt;the matter of fact,
&lt;br&gt;dont matter why? Its alright.
&lt;br&gt;
&lt;br&gt;We could be,
&lt;br&gt;only this time,
&lt;br&gt;reaching back,
&lt;br&gt;across the line,
&lt;br&gt;you and me,
&lt;br&gt;never asking why? Alright.&lt;/p&gt;
</description>
    </item>
    
    <item>
      <title> Speak To Angels</title>
      <link>http://letraspedia.com/lyric/009-sound-system-speak-to-angels/</link>
      <pubDate>Mon, 01 Sep 2008 00:00:00 UTC</pubDate>
      <author>Enthusiastic Hugo User</author>
      <guid>http://letraspedia.com/lyric/009-sound-system-speak-to-angels/</guid>
      <description>&lt;p&gt;I was there when jesus came down from the cross&amp;hellip;
&lt;br&gt;Everyone was just standin&amp;rsquo; round like idiots&amp;hellip;.
&lt;br&gt;These are the things that u can&amp;rsquo;t explain
&lt;br&gt;Killing all of what&amp;rsquo;s makin&amp;rsquo; u ok
&lt;br&gt;Shouldn&amp;rsquo;t be that way.
&lt;br&gt;So this is how to talk when you speak to angels
&lt;br&gt;Dreamin&amp;rsquo; while you walk with chimin&amp;rsquo; bangles yeah
&lt;br&gt;I could see it tonight&amp;hellip;.
&lt;br&gt;This is what they say when they tell the storya cold
&lt;br&gt;Hearts waitin for a moments glory
&lt;br&gt;I&amp;hellip;.
&lt;br&gt;Guess i don&amp;rsquo;t know why&amp;hellip;
&lt;br&gt;They&amp;rsquo;re always singin&amp;rsquo;
&lt;br&gt;My love will take u higher
&lt;br&gt;My heart is still on fire yeah&amp;hellip;
&lt;br&gt;Wanna hear u say
&lt;br&gt;Your love can take this higher
&lt;br&gt;To everything that you desire yeah&amp;hellip;.
&lt;br&gt;Wanna hear you say
&lt;br&gt;Tell me babe are you feelin&amp;rsquo; down givin&amp;rsquo; up your hope
&lt;br&gt;Sure i know that these feelins&amp;rsquo; they won&amp;rsquo;t let you
&lt;br&gt;Go&amp;hellip;.
&lt;br&gt;These sort of things shouldn&amp;rsquo;t block your way
&lt;br&gt;And believin&amp;rsquo;s all u need to feel ok&amp;hellip;.
&lt;br&gt;It should be eaasya&amp;hellip;.&lt;/p&gt;
</description>
    </item>
    
    <item>
      <title> Trinity</title>
      <link>http://letraspedia.com/lyric/009-sound-system-trinity/</link>
      <pubDate>Mon, 01 Sep 2008 00:00:00 UTC</pubDate>
      <author>Enthusiastic Hugo User</author>
      <guid>http://letraspedia.com/lyric/009-sound-system-trinity/</guid>
      <description>&lt;p&gt;yeah I&amp;rsquo;m coming home again
&lt;br&gt;to you
&lt;br&gt;cuz you&amp;rsquo;re my only friend
&lt;br&gt;I&amp;rsquo;ll lean into the spirits hands
&lt;br&gt;believe
&lt;br&gt;in trinity again
&lt;br&gt;like it&amp;rsquo;ll never end
&lt;br&gt;
&lt;br&gt;black stars
&lt;br&gt;big night
&lt;br&gt;you were runnin&amp;rsquo; fast
&lt;br&gt;all of your life
&lt;br&gt;i know that feelin&amp;rsquo;
&lt;br&gt;i know it ain&amp;rsquo;t easy
&lt;br&gt;
&lt;br&gt;(no matter if u try)
&lt;br&gt;livin&amp;rsquo; for just one day
&lt;br&gt;or savin&amp;rsquo; up the holy grace
&lt;br&gt;never be ashamed
&lt;br&gt;to call his name
&lt;br&gt;trinity&amp;rsquo;s a friend.&lt;/p&gt;
</description>
    </item>
    
    <item>
      <title> Wiht Spirit</title>
      <link>http://letraspedia.com/lyric/009-sound-system-wiht-spirit/</link>
      <pubDate>Mon, 01 Sep 2008 00:00:00 UTC</pubDate>
      <author>Enthusiastic Hugo User</author>
      <guid>http://letraspedia.com/lyric/009-sound-system-wiht-spirit/</guid>
      <description>&lt;p&gt;You can be
&lt;br&gt;Whatever u want
&lt;br&gt;When you&amp;rsquo;re high
&lt;br&gt;Walk slowly
&lt;br&gt;With a spirit by your side
&lt;br&gt;(Oh baby)
&lt;br&gt;Don&amp;rsquo;t fear if u lose your mind
&lt;br&gt;Say how u doin&amp;rsquo; boy I&amp;rsquo;m feelin&amp;rsquo; fine
&lt;br&gt;&amp;hellip; when somethin&amp;rsquo; carries me away&amp;hellip; hey hey hey hey&amp;hellip;
&lt;br&gt;
&lt;br&gt;Don&amp;rsquo;t think
&lt;br&gt;Just take a ride
&lt;br&gt;Don&amp;rsquo;t believe
&lt;br&gt;That jesus lied
&lt;br&gt;To keep us all so satisfied
&lt;br&gt;With a sale
&lt;br&gt;U should know baby
&lt;br&gt;
&lt;br&gt;Don&amp;rsquo;t feel
&lt;br&gt;The thorny nights
&lt;br&gt;Never ask
&lt;br&gt;For holy rites
&lt;br&gt;Don&amp;rsquo;t ya think
&lt;br&gt;That god has died
&lt;br&gt;This time
&lt;br&gt;
&lt;br&gt;And don&amp;rsquo;t stop
&lt;br&gt;Takin&amp;rsquo; these drugs cuz&amp;rsquo; they
&lt;br&gt;Got u flyin&amp;rsquo; forgettin&amp;rsquo; yesterday
&lt;br&gt;Maybe it&amp;rsquo;s crazy but keep gettin&amp;rsquo; stoned while u can
&lt;br&gt;Baby in the lord&amp;rsquo;s hands
&lt;br&gt;
&lt;br&gt;You can be
&lt;br&gt;Whatever u want
&lt;br&gt;When you&amp;rsquo;re high
&lt;br&gt;Walk slowly
&lt;br&gt;With a spirit by your side
&lt;br&gt;(Oh baby)
&lt;br&gt;Don&amp;rsquo;t fear if u lose your mind
&lt;br&gt;Say how u doin&amp;rsquo; boy I&amp;rsquo;m feelin&amp;rsquo; fine
&lt;br&gt;&amp;hellip; when somethin&amp;rsquo; carries me away&amp;hellip; hey hey hey hey&amp;hellip;
&lt;br&gt;
&lt;br&gt;Don&amp;rsquo;t say
&lt;br&gt;U know what&amp;rsquo;s right
&lt;br&gt;
&lt;br&gt;Don&amp;rsquo;t take
&lt;br&gt;Those alibis
&lt;br&gt;Don&amp;rsquo;t hate
&lt;br&gt;The other side
&lt;br&gt;When they&amp;rsquo;re right
&lt;br&gt;Sure they are baby
&lt;br&gt;
&lt;br&gt;Don&amp;rsquo;t wave
&lt;br&gt;Your flag up high
&lt;br&gt;Don&amp;rsquo;t praise
&lt;br&gt;Your concubines
&lt;br&gt;Did u just
&lt;br&gt;Fall for lies
&lt;br&gt;This time
&lt;br&gt;
&lt;br&gt;And don&amp;rsquo;t stop
&lt;br&gt;Takin&amp;rsquo; these drugs cuz&amp;rsquo; they
&lt;br&gt;Got u flyin&amp;rsquo; forgettin&amp;rsquo; yesterday
&lt;br&gt;Maybe it&amp;rsquo;s crazy but keep gettin&amp;rsquo; stoned while u can
&lt;br&gt;Baby in the lord&amp;rsquo;s hands
&lt;br&gt;
&lt;br&gt;You can be
&lt;br&gt;Whatever u want
&lt;br&gt;When you&amp;rsquo;re high
&lt;br&gt;Walk slowly
&lt;br&gt;With a spirit by your side
&lt;br&gt;(Oh baby)
&lt;br&gt;Don&amp;rsquo;t fear if u lose your mind
&lt;br&gt;Say how u doin&amp;rsquo; boy I&amp;rsquo;m feelin&amp;rsquo; fine
&lt;br&gt;&amp;hellip; when somethin&amp;rsquo; carries me away&amp;hellip; hey hey hey hey&amp;hellip;
&lt;br&gt;
&lt;br&gt;And don&amp;rsquo;t stop
&lt;br&gt;Takin&amp;rsquo; these drugs cuz&amp;rsquo; they
&lt;br&gt;Got u flyin&amp;rsquo; forgettin&amp;rsquo; yesterday
&lt;br&gt;Maybe it&amp;rsquo;s crazy but keep gettin&amp;rsquo; stoned while u can
&lt;br&gt;Baby in the lord&amp;rsquo;s hands
&lt;br&gt;
&lt;br&gt;You can be
&lt;br&gt;Whatever u want
&lt;br&gt;When you&amp;rsquo;re high
&lt;br&gt;Walk slowly
&lt;br&gt;With a spirit by your side
&lt;br&gt;(Oh baby)
&lt;br&gt;Don&amp;rsquo;t fear if u lose your mind
&lt;br&gt;Say how u doin&amp;rsquo; boy I&amp;rsquo;m feelin&amp;rsquo; fine
&lt;br&gt;&amp;hellip; when somethin&amp;rsquo; carries me away&amp;hellip; hey hey hey hey&amp;hellip;
&lt;br&gt;[ Edit ] [ Search Google ] [ Configure ]&lt;/p&gt;
</description>
    </item>
    
    <item>
      <title> With A Spirit (en Español)</title>
      <link>http://letraspedia.com/lyric/009-sound-system-with-a-spirit-en-espanol/</link>
      <pubDate>Mon, 01 Sep 2008 00:00:00 UTC</pubDate>
      <author>Enthusiastic Hugo User</author>
      <guid>http://letraspedia.com/lyric/009-sound-system-with-a-spirit-en-espanol/</guid>
      <description>&lt;p&gt;Puedes ser,
&lt;br&gt;lo que quieras..
&lt;br&gt;cuando te sientes genial !
&lt;br&gt;Caminando lentamente,
&lt;br&gt;con el espíritu a tu lado..
&lt;br&gt;(Oh Baby)
&lt;br&gt;No temas,
&lt;br&gt;si tu mente desfallece..
&lt;br&gt;Pregúntate: ¿Como me siento?
&lt;br&gt;chico.. ¡Me siento estupendo..
&lt;br&gt;cuando algo me lleva lejos!
&lt;br&gt;(Hey Hey Hey Hey)
&lt;br&gt;
&lt;br&gt;-
&lt;br&gt;
&lt;br&gt;No pienso,
&lt;br&gt;simplemente dar un paseo..
&lt;br&gt;No creo,
&lt;br&gt;que Jesús mintió
&lt;br&gt;para mantenernos satisfechos
&lt;br&gt;con un convenio..
&lt;br&gt;deberías de saberlo chico..
&lt;br&gt;No siento,
&lt;br&gt;las noches difíciles,
&lt;br&gt;nunca pedimos rituales sagrados..
&lt;br&gt;No pienses
&lt;br&gt;que Dios te abandonó
&lt;br&gt;en esta ocasión..
&lt;br&gt;Y no dejes
&lt;br&gt;de tomar este remedio,
&lt;br&gt;porque te levantará
&lt;br&gt;y te hará olvidar el ayer..
&lt;br&gt;Tal vez suena a locura,
&lt;br&gt;pero continua firme, ¡TU PUEDES!
&lt;br&gt;oh chico,
&lt;br&gt;en las manos del Señor.
&lt;br&gt;
&lt;br&gt;x2&lt;/p&gt;
</description>
    </item>
    
  </channel>
</rss>