<?xml version="1.0" encoding="utf-8" standalone="yes" ?>
<rss version="2.0" xmlns:atom="http://www.w3.org/2005/Atom">
  <channel>
      <title>19 Dewa on Letraspedia.com thes best lyrics page </title>
    <link>http://letraspedia.com/artist/19-dewa/</link>
    <language>en-US</language>
    <author>Enthusiastic Hugo User</author>
    <rights>Copyright (c) 2014, Enthusiastic Hugo User; all rights reserved.</rights>
    <updated>Mon, 01 Sep 2008 00:00:00 UTC</updated>
    
    <item>
      <title> Elang</title>
      <link>http://letraspedia.com/lyric/19-dewa-elang/</link>
      <pubDate>Mon, 01 Sep 2008 00:00:00 UTC</pubDate>
      <author>Enthusiastic Hugo User</author>
      <guid>http://letraspedia.com/lyric/19-dewa-elang/</guid>
      <description>&lt;p&gt;Am    f             g&lt;br /&gt;Aku ingin terbang tinggi&lt;br /&gt;Em&lt;br /&gt;Seperti elang&lt;br /&gt;Am   f         g&lt;br /&gt;Melewati siang malam&lt;br /&gt;Em&lt;br /&gt;Menembus awan&lt;br /&gt;&lt;br /&gt;* :&lt;br /&gt;Am       f              g&lt;br /&gt;Ini tanganku untuk kau genggam&lt;br /&gt;Em          am&lt;br /&gt;Ini tubuhku untuk kau peluk&lt;br /&gt;F           g&lt;br /&gt;Ini bibirku untuk kau cium&lt;br /&gt;Em           am&lt;br /&gt;Tapi tak bisa kau miliki&amp;hellip; aku&lt;br /&gt;&lt;br /&gt;Reff :&lt;br /&gt;Am            dm       f       e&lt;br /&gt;Tak usah kau terus tangisi kepergianku&lt;br /&gt;Am         dm        f&lt;br /&gt;Air mata takkan memanggilku&lt;br /&gt;E&lt;br /&gt;Untuk kembali&amp;hellip;&lt;br /&gt;&lt;br /&gt;Am    f            g         em&lt;br /&gt;Aku adalah mimpi - mimpi sedang melintasi&lt;br /&gt;Am      f            g        em&lt;br /&gt;Sang perawan yang bermain dengan perasaan&lt;br /&gt;&lt;br /&gt;Back to *, reff :&lt;br /&gt;A5  b5  c5  f#5  (4x)&lt;br /&gt;Back to *, reff : (2x)&lt;br /&gt;&lt;br /&gt;Am     dm           f        f&lt;br /&gt;(aku adalah mimpi - mimpi, tiada arti)&lt;br /&gt;Am                 dm  f   e&lt;br /&gt;(aku ingin terbang tinggi seperti elang)&lt;br /&gt;&lt;br /&gt;(fade out)&lt;br /&gt;&lt;br&gt;&lt;/p&gt;
</description>
    </item>
    
    <item>
      <title> Kangen</title>
      <link>http://letraspedia.com/lyric/19-dewa-kangen/</link>
      <pubDate>Mon, 01 Sep 2008 00:00:00 UTC</pubDate>
      <author>Enthusiastic Hugo User</author>
      <guid>http://letraspedia.com/lyric/19-dewa-kangen/</guid>
      <description>&lt;p&gt;Intro  dsus2  bm11  gsus2  asus4  2x&lt;br /&gt;&lt;br /&gt;Verse 1:&lt;br /&gt;Dsus2       bm11     gsus2             asus4&lt;br /&gt;Kut&amp;rsquo;rima suratmu, t&amp;rsquo;lah kubaca, dan aku mengerti&lt;br /&gt;Dsus2       bm11     gsus2     c6+9     bm11&lt;br /&gt;Betapa merindunya dirimu, akan hadirnya diriku&lt;br /&gt;D/f#     gsus2     bm11        c9&lt;br /&gt;Di dalam hari-harimu, bersama lagi&lt;br /&gt;&lt;br /&gt;Verse 2:&lt;br /&gt;Dsus2       bm11     gsus2              asus4&lt;br /&gt;Kau bertanya padaku, kapan aku, akan kembali lagi&lt;br /&gt;Dsus2       bm11     gsus2     c6+9     bm11&lt;br /&gt;Katamu kau tak kuasa, menahan gejolak di dalam dada&lt;br /&gt;D/f#     gsus2     bm11       gsus2   d/f#   em7&lt;br /&gt;Yang membara menahan rasa, pertemuan kita nanti&lt;br /&gt;Asus4              a&lt;br /&gt;Saat kau ada disisiku&lt;br /&gt;&lt;br /&gt;Reff:&lt;br /&gt;D          d/f#            g        a         bm&lt;br /&gt;Semua kata rindumu semakin membuatku, tak berdaya&lt;br /&gt;A        g      d/f#    g&lt;br /&gt;Menahan rasa ingin jumpa&lt;br /&gt;D          d/f#            g        a&lt;br /&gt;Percayalah padaku akupun rindu kamu&lt;br /&gt;Bm               a/c#&lt;br /&gt;Ku akan pulang &amp;hellip; melepas semua&lt;br /&gt;Em7               a&lt;br /&gt;Kerinduan, yang terpendam&lt;br /&gt;&lt;br /&gt;Fill 1 [gitar elektrik]  d  g  a  bm  f#m g  bm  a&lt;br /&gt;&lt;br /&gt;Verse 3:&lt;br /&gt;Dsus2         bm11    gsus2         asus4&lt;br /&gt;Kau tuliskan padaku, kata cinta, yang manis dalam suratmu&lt;br /&gt;Dsus2       bm11     gsus2     c6+9              bm11&lt;br /&gt;Kau katakan padaku, saat ini, ku ingin hangat pelukmu&lt;br /&gt;D/f#     gsus2     bm11       gsus2   d/f#    em7&lt;br /&gt;Dan belai lembut kasihmu, takkan kulupa s&amp;rsquo;lamanya&lt;br /&gt;Asus4            a&lt;br /&gt;Saat bersama dirimu&lt;br /&gt;&lt;br /&gt;Bridge:&lt;br /&gt;Em       f#m     em   f#m               em&lt;br /&gt;Jangan katakan cinta, menambah beban rasa&lt;br /&gt;F#m                    g        a            dsus2&lt;br /&gt;Sudah simpan saja sedihmu itu, ku akan datang&lt;br /&gt;&lt;br /&gt;Solo guitar [gitar elektrik]&lt;br /&gt;D  g/b  a/c#  f#7/a#  bm  g  a&lt;br /&gt;D  g/b  a/c#  f#7/a#  bm  g  a  g  a  bb  c  a&lt;br /&gt;&lt;br /&gt;Reff&lt;br /&gt;Reff&lt;br /&gt;&lt;br&gt;&lt;/p&gt;
</description>
    </item>
    
  </channel>
</rss>