<?xml version="1.0" encoding="utf-8" standalone="yes" ?>
<rss version="2.0" xmlns:atom="http://www.w3.org/2005/Atom">
  <channel>
      <title>20/20 on Letraspedia.com thes best lyrics page </title>
    <link>http://letraspedia.com/artist/20/20/</link>
    <language>en-US</language>
    <author>Enthusiastic Hugo User</author>
    <rights>Copyright (c) 2014, Enthusiastic Hugo User; all rights reserved.</rights>
    <updated>Mon, 01 Sep 2008 00:00:00 UTC</updated>
    
    <item>
      <title> Abuelo Juan</title>
      <link>http://letraspedia.com/lyric/2020-abuelo-juan/</link>
      <pubDate>Mon, 01 Sep 2008 00:00:00 UTC</pubDate>
      <author>Enthusiastic Hugo User</author>
      <guid>http://letraspedia.com/lyric/2020-abuelo-juan/</guid>
      <description>&lt;p&gt;palabras que han quedado guardadas en mi corazon
&lt;br&gt;tus ojos tu mirada la fuerza de tu voz
&lt;br&gt;son las cosas que me enceñan a vivir
&lt;br&gt;es la vida que quiero para mi
&lt;br&gt;
&lt;br&gt;cuando toco tus manos y tu piel desgastada
&lt;br&gt;que rosa con la mia caricias delicadas
&lt;br&gt;quiero que sepas que eres el mejor
&lt;br&gt;por eso abuelo quiero ser como vos
&lt;br&gt;
&lt;br&gt;(coro)
&lt;br&gt;a pasado el tiempo pero tu corazon
&lt;br&gt;late aun mas fuerte cuando hablas de Dios
&lt;br&gt;se que hubo luchas,se que hubo dolor
&lt;br&gt;pero tu corazon siempre estubo firme
&lt;br&gt;siempre atento escuchando su voz
&lt;br&gt;
&lt;br&gt;cuando te abraso siento tu proteccion
&lt;br&gt;y tu sonrisa contegia mi corazon
&lt;br&gt;por eso quiero estar siempre cerca de ti
&lt;br&gt;tu eres un gran ejemplo para mi
&lt;br&gt;
&lt;br&gt;(coro)
&lt;br&gt;
&lt;br&gt;a pasado el tiempo pero tu corazon
&lt;br&gt;late aun mas fuerte cuando hablas de Dios
&lt;br&gt;se que hubo luchas,se que hubo dolor
&lt;br&gt;pero tu corazon siempre estubo firme
&lt;br&gt;siempre atento escuchando su voz
&lt;br&gt;
&lt;br&gt;me enceñaste con cristo a vivir
&lt;br&gt;y que el era lo mejor para mi
&lt;br&gt;me dijiste que ame de corazon(de corazon)
&lt;br&gt;te quiero mucho de lo que soy(de lo que soy)
&lt;br&gt;
&lt;br&gt;tu corazon
&lt;br&gt;late aun mas fuerte cuando hablas de Dios
&lt;br&gt;se que hubo luchas,se que hubo dolor
&lt;br&gt;pero tu corazon siempre estubo firme
&lt;br&gt;siempre atento escuchando su voz
&lt;br&gt;
&lt;br&gt;a pasado el tiempo pero tu corazon
&lt;br&gt;late aun mas fuerte cuando hablas de Dios
&lt;br&gt;se que hubo luchas,se que hubo dolor
&lt;br&gt;pero tu corazon siempre estubo firme
&lt;br&gt;siempre atento escuchando su voz
&lt;br&gt;su voz,su voz&lt;/p&gt;
</description>
    </item>
    
    <item>
      <title> Amigo Mio</title>
      <link>http://letraspedia.com/lyric/2020-amigo-mio/</link>
      <pubDate>Mon, 01 Sep 2008 00:00:00 UTC</pubDate>
      <author>Enthusiastic Hugo User</author>
      <guid>http://letraspedia.com/lyric/2020-amigo-mio/</guid>
      <description>&lt;p&gt;AMIGO MIO&lt;br /&gt;
&lt;br&gt;
&lt;br&gt;__ Hola gusty que haces, como andas??
&lt;br&gt;&lt;strong&gt;como les va?? ya se para que lado me van a correr
&lt;br&gt;&lt;/strong&gt;ah no te pongas así gusty queremos saber como estas con jesus
&lt;br&gt;&lt;strong&gt;ta bueno lo de jesus pero dejame vivir la vida como yo quiero a mi manera
&lt;br&gt;&lt;/strong&gt;pero gusty escuchame no te das cuenta que te estas engañando
&lt;br&gt;&lt;strong&gt;que tiene de malo que yo haga la mía soy joven todavia
&lt;br&gt;para cambiar sobra tiempo y eso es para cuando sea viejito
&lt;br&gt;&lt;/strong&gt;si esta bien pero vos a DIOS no lo podes engañar
&lt;br&gt;&lt;strong&gt;ah otra vez&amp;hellip;
&lt;br&gt;
&lt;br&gt;Amigo mio andar a media eso no va
&lt;br&gt;puedes simular o aparentar
&lt;br&gt;pero nunca engañar noo
&lt;br&gt;quieres cambiar la mentira por la verdad
&lt;br&gt;haces tu vida y no te importa ya lo demás
&lt;br&gt;
&lt;br&gt;decídete a cambiar,animate no mires atrás
&lt;br&gt;no juegues mas se terminara tu tiempo
&lt;br&gt;
&lt;br&gt;&lt;/strong&gt;y gusty ya tomaste una decisión??
&lt;br&gt;&lt;strong&gt;uh devuelta con lo mismo?
&lt;br&gt;&lt;/strong&gt;GUSTAVO esta es la decisión mas importante de tu vida
&lt;br&gt;&lt;strong&gt;uh no puede ser, pero yo quiero seguir así como estoy ahora ustedes me entienden
&lt;br&gt;&lt;/strong&gt;dale animate gusty no podes seguir así
&lt;br&gt;&lt;strong&gt;no me entienden lo que le quiero decir no es cierto no me entienden
&lt;br&gt;
&lt;br&gt;fijate bien lo que has de hacer, hacelo de una vez
&lt;br&gt;pero no se eso es la cuestión solo decidite
&lt;br&gt;hoy estamos quizás mañana ya no estemos
&lt;br&gt;donde ira parar tu alma si no estas con el
&lt;br&gt;debes tomar una decisión si no puedes perder
&lt;br&gt;
&lt;br&gt;DECIDETE
&lt;br&gt;&lt;/strong&gt; bue si ya me voy a decidir chicos basta por favor córtenla
&lt;br&gt;ANIMATE
&lt;br&gt;&lt;strong&gt;pero no me terminan de entender lo que les digo yo
&lt;br&gt;NO JUEGUES MAS
&lt;br&gt;&lt;/strong&gt;pero no se trata de mirar atrás y juzgar
&lt;br&gt;se trata de vivir el tiempo que estoy viviendo ahora
&lt;br&gt;SE TERMINARA TU TIEMPO
&lt;br&gt;&lt;strong&gt;pero como se me va acabar yo tengo una vida por delante basta!
&lt;br&gt;DECÍDETE
&lt;br&gt;&lt;/strong&gt;pero si ya estoy decidido pero lo voy hacer en otro momento
&lt;br&gt;ANIMATE
&lt;br&gt;&lt;strong&gt;como que no estoy animado pero basta por favor
&lt;br&gt;NO JUEGUES MAS SE TERMINARA TU TIEMPO
&lt;br&gt;&lt;/strong&gt;no me entienden lo que les digo ustedes bue si tienen razón pero ahora no basta!!
&lt;br&gt;y terminenla con esta conversación  basta chau
&lt;br&gt;DECÍDETE&lt;/p&gt;
</description>
    </item>
    
    <item>
      <title> Angel</title>
      <link>http://letraspedia.com/lyric/2020-angel/</link>
      <pubDate>Mon, 01 Sep 2008 00:00:00 UTC</pubDate>
      <author>Enthusiastic Hugo User</author>
      <guid>http://letraspedia.com/lyric/2020-angel/</guid>
      <description>&lt;p&gt;Mi vida estaba perdida en un mar de ilusion
&lt;br&gt;todo lo que que hacia me causaba dolor
&lt;br&gt;estaba muriendo de eso si la verdad
&lt;br&gt;en mi batallaban el bien y el mal
&lt;br&gt;
&lt;br&gt;pero llegaste ami me, hablaste de dios
&lt;br&gt;me abriste el corazon
&lt;br&gt;
&lt;br&gt;(coro)
&lt;br&gt;como un angel
&lt;br&gt;tan lleno de luz
&lt;br&gt;como una angel
&lt;br&gt;trajiste a jesus,como un angel
&lt;br&gt;mi vida cambio, por tu corazon
&lt;br&gt;como un angel
&lt;br&gt;ver tan lejos viviste solo por tu amor,habia una causa en tu interior
&lt;br&gt;todo lo dejaste y tuviste dolor
&lt;br&gt;sufriste y luchaste por ese amor
&lt;br&gt;
&lt;br&gt;pero llegaste ami ya muchos como yo
&lt;br&gt;peleaste y ganaste al dolor
&lt;br&gt;hohoho
&lt;br&gt;
&lt;br&gt;como un angel, tan lleno de luz
&lt;br&gt;como un angel
&lt;br&gt;trajiste a jesus
&lt;br&gt;como un angel
&lt;br&gt;mi vida cambio,por tu corazon
&lt;br&gt;
&lt;br&gt;y aunque batalle en el bien y el mal
&lt;br&gt;sobre mi vida no voy a dudar
&lt;br&gt;siempre habra alguien con tu corazón
&lt;br&gt;que borre toda la ilusión
&lt;br&gt;como tu huhu
&lt;br&gt;
&lt;br&gt;como un angel
&lt;br&gt;tan lleno de luz
&lt;br&gt;como un angel,trajiste a jesus
&lt;br&gt;como un angel
&lt;br&gt;mivida cambio,por tu corazón
&lt;br&gt;
&lt;br&gt;como un angel,tan lleno de luz
&lt;br&gt;como un angel
&lt;br&gt;trajiste a jesus
&lt;br&gt;
&lt;br&gt;como un angel,mi vida cambio por tu corazón
&lt;br&gt;como un angel.&lt;/p&gt;
</description>
    </item>
    
    <item>
      <title> Asi Es Nuestro Amor</title>
      <link>http://letraspedia.com/lyric/2020-asi-es-nuestro-amor/</link>
      <pubDate>Mon, 01 Sep 2008 00:00:00 UTC</pubDate>
      <author>Enthusiastic Hugo User</author>
      <guid>http://letraspedia.com/lyric/2020-asi-es-nuestro-amor/</guid>
      <description>&lt;p&gt;Asi es nuestro amor
&lt;br&gt;dulce y tierno,apasionado
&lt;br&gt;no tiene comparación
&lt;br&gt;transparente como el aire
&lt;br&gt;que respira mi alma
&lt;br&gt;dulces gotas que riegan
&lt;br&gt;mis ganas de verte llegar,
&lt;br&gt;que calmes la locura
&lt;br&gt;que siento por tu voz
&lt;br&gt;y empezemos juntos hoy
&lt;br&gt;la historia de este amor.
&lt;br&gt;
&lt;br&gt;Así es nuestro amor
&lt;br&gt;más fuerte que el  viento
&lt;br&gt;que sopla en el invierno
&lt;br&gt;pues nace del corazón
&lt;br&gt;uniendonos
&lt;br&gt;tu y yo junto a Dios
&lt;br&gt;seguro estoy que nunca habra
&lt;br&gt;un adios entre los dos.
&lt;br&gt;
&lt;br&gt;Se que no todo sera color de rosa
&lt;br&gt;en el camino tendremos que
&lt;br&gt;juntos luchar
&lt;br&gt;pero se que si Dios entre nosotros esta
&lt;br&gt;nadie podra jamas el castillo
&lt;br&gt;de nuestro amor derribar,
&lt;br&gt;has calmado la locura
&lt;br&gt;que siento por tu voz
&lt;br&gt;y escribimos juntos hoy
&lt;br&gt;la historia de este amor.
&lt;br&gt;
&lt;br&gt;Así es nuestro amor
&lt;br&gt;más fuerte que el viento
&lt;br&gt;que sopla en el invierno
&lt;br&gt;pues nace del corazón
&lt;br&gt;uniendonos
&lt;br&gt;tu y yo junto a Dios
&lt;br&gt;seguro estoy que nunca habra
&lt;br&gt;un adios entre los dos.
&lt;br&gt;
&lt;br&gt;Defendere este amor
&lt;br&gt;cueste lo que cueste
&lt;br&gt;si Dios te puso en mi
&lt;br&gt;nada es suficiente
&lt;br&gt;para separar
&lt;br&gt;este amor profundo
&lt;br&gt;que cada dia mas
&lt;br&gt;fuerte esta.
&lt;br&gt;
&lt;br&gt;//así es nuestro amor
&lt;br&gt;más fuerte que el viento
&lt;br&gt;que sopla en el invierno
&lt;br&gt;pues nace del corazón
&lt;br&gt;uniendonos
&lt;br&gt;tu y yo junto a Dios
&lt;br&gt;seguro estoy que nunca habra
&lt;br&gt;un adios entre los dos//.&lt;/p&gt;
</description>
    </item>
    
    <item>
      <title> Bella</title>
      <link>http://letraspedia.com/lyric/2020-bella/</link>
      <pubDate>Mon, 01 Sep 2008 00:00:00 UTC</pubDate>
      <author>Enthusiastic Hugo User</author>
      <guid>http://letraspedia.com/lyric/2020-bella/</guid>
      <description>&lt;p&gt;Me haces reir, me haces llorar
&lt;br&gt;Me haces vivir, me haces morir
&lt;br&gt;Eres tan dulce oscuridad
&lt;br&gt;Eres poco y eres todo para mi
&lt;br&gt;Puedo sentirte si no estas
&lt;br&gt;Puedo mirarte sin mirar
&lt;br&gt;Te haces escuchar sin voz
&lt;br&gt;Tu lates fuerte cuando duele el corazón
&lt;br&gt;Creo que soy adicto a tus ojos
&lt;br&gt;Y si respiro ondo te respiro a ti
&lt;br&gt;
&lt;br&gt;Coro
&lt;br&gt;Bella, tu eres bella
&lt;br&gt;La luz de mil estrellas no brillan como tu
&lt;br&gt;Bella, tu eres bella
&lt;br&gt;Incompleto estaba hasta que llegaste tu
&lt;br&gt;
&lt;br&gt;Hoy puedo verte junto a mi
&lt;br&gt;Enamorandome sin fin
&lt;br&gt;Contaste cada lagrima y asi las escondiste de mi
&lt;br&gt;Bella no hay oscuridad que nuestro amor no pueda iluminar
&lt;br&gt;Aprendimos juntos a vivir y a recistir
&lt;br&gt;Creo que soy adicto a tus ojos
&lt;br&gt;Y si respiro ondo te respiro a ti&lt;/p&gt;
</description>
    </item>
    
    <item>
      <title> Borro Mi Error</title>
      <link>http://letraspedia.com/lyric/2020-borro-mi-error/</link>
      <pubDate>Mon, 01 Sep 2008 00:00:00 UTC</pubDate>
      <author>Enthusiastic Hugo User</author>
      <guid>http://letraspedia.com/lyric/2020-borro-mi-error/</guid>
      <description>&lt;p&gt;Borro mi error
&lt;br&gt;
&lt;br&gt;Fue seduciendo mi vida y mi corazón
&lt;br&gt;Una sonrisa en los labios y una dulce voz
&lt;br&gt;Poco a poco fue robando todo mi tiempo
&lt;br&gt;Y casi sin darme cuenta de todo me alejo
&lt;br&gt;
&lt;br&gt;Se que soy culpable de este error
&lt;br&gt;Y estoy destruyendo nuestro amor
&lt;br&gt;Y ya casi muerto tu amor me encontró
&lt;br&gt;
&lt;br&gt;Ya nunca más te voy a dejar
&lt;br&gt;Como tu, como tu no hay dos
&lt;br&gt;Todo es mejor si contigo estoy
&lt;br&gt;Ya nunca más te voy a dejar
&lt;br&gt;Pude ver como nace el sol
&lt;br&gt;Y su luz borro todo mi error
&lt;br&gt;
&lt;br&gt;Y cuando me di cuenta de la situación
&lt;br&gt;Ya era tarde para dar una explicación
&lt;br&gt;No se que fue, como sucedió Pero me engaño
&lt;br&gt;El pensar que puedo ser feliz si no tengo a Dios
&lt;br&gt;
&lt;br&gt;Se que soy culpable de este error
&lt;br&gt;Y estoy destruyendo nuestro amor
&lt;br&gt;Y ya casi muerto tu amor me encontró
&lt;br&gt;
&lt;br&gt;Ya nunca más te voy a dejar
&lt;br&gt;Como tu, como tu no hay dos
&lt;br&gt;Todo es mejor si contigo estoy
&lt;br&gt;Ya nunca más te voy a dejar
&lt;br&gt;Pude ver como nace el sol
&lt;br&gt;Y su luz borro todo mi error
&lt;br&gt;
&lt;br&gt;Ahhhhh
&lt;br&gt;
&lt;br&gt;Ya nunca más te voy a dejar
&lt;br&gt;Como tu, como tu no hay dos
&lt;br&gt;Todo es mejor si contigo estoy
&lt;br&gt;Ya nunca más te voy a dejar
&lt;br&gt;Pude ver como nace el sol
&lt;br&gt;Y su luz borro todo mi error
&lt;br&gt;x3&lt;/p&gt;
</description>
    </item>
    
    <item>
      <title> Cada Dia</title>
      <link>http://letraspedia.com/lyric/2020-cada-dia/</link>
      <pubDate>Mon, 01 Sep 2008 00:00:00 UTC</pubDate>
      <author>Enthusiastic Hugo User</author>
      <guid>http://letraspedia.com/lyric/2020-cada-dia/</guid>
      <description>&lt;p&gt;Siento morir si no estas aqui
&lt;br&gt;no puedo respirar sin el amor que me das
&lt;br&gt;y al oir tu voz late mi corazon
&lt;br&gt;es que no puedo olvidar tu mirada
&lt;br&gt;cuando no estas
&lt;br&gt;cada pensamiento solo me habla de ti
&lt;br&gt;es que te has pegado a mi
&lt;br&gt;Coro:
&lt;br&gt;Cada dia yo te amo mas
&lt;br&gt;un minuto yo te quiero
&lt;br&gt;un segundo y algo mas
&lt;br&gt;no hay sentimiento que pueda explicar
&lt;br&gt;lo que sienten los locos de amor
&lt;br&gt;
&lt;br&gt;Puedo sentirte aun cuando no estas
&lt;br&gt;puedo mirarte aun sin mirar
&lt;br&gt;eres lo mejor que Dios me regalo
&lt;br&gt;es que me hace soñar
&lt;br&gt;y me enseñas como amar
&lt;br&gt;no hay sufrimiento si estas junto a mi
&lt;br&gt;todo puedo resistir
&lt;br&gt;(coro)
&lt;br&gt;
&lt;br&gt;No es casualidad
&lt;br&gt;fue Dios quien te puso a mi lado
&lt;br&gt;eres lo que siempre soñe..
&lt;br&gt;(coro)//&lt;/p&gt;
</description>
    </item>
    
    <item>
      <title> Cara A Cara</title>
      <link>http://letraspedia.com/lyric/2020-cara-a-cara/</link>
      <pubDate>Mon, 01 Sep 2008 00:00:00 UTC</pubDate>
      <author>Enthusiastic Hugo User</author>
      <guid>http://letraspedia.com/lyric/2020-cara-a-cara/</guid>
      <description>&lt;p&gt;Ya no puedo esperar ni un minuto mas,
&lt;br&gt;necesito estar contigo, contarte lo q he vivido
&lt;br&gt;Dios q sepas cuanto te extraño los minutos
&lt;br&gt;se hacen años cuando juntos no estamos
&lt;br&gt;necesito estar contigo ahora&amp;hellip;.
&lt;br&gt;
&lt;br&gt;Y tenerte cara a cara Perderme
&lt;br&gt;en tu mirada sentir que ya no hay brisa
&lt;br&gt;se me enamora el alma
&lt;br&gt;
&lt;br&gt;Amarte en silencio llorar sin decir nada
&lt;br&gt;sentirme como un niño cuando tu me abrazas,
&lt;br&gt;cuando tu me abrazas
&lt;br&gt;
&lt;br&gt;Ya no puedo esperar ni un minuto mas
&lt;br&gt;necesito estar contigo oh Dios&amp;hellip; contarte lo
&lt;br&gt;q he vivido q sepas cuanto te extraño los minutos
&lt;br&gt;se hacen años cuando juntos no estamos
&lt;br&gt;necesito estar contigo ahora&amp;hellip;
&lt;br&gt;
&lt;br&gt;Y tenerte cara a cara Perderme en tu mirada
&lt;br&gt;sentir que ya no hay brisa se me enamora
&lt;br&gt;el alma
&lt;br&gt;Amarte en silencio llorar sin
&lt;br&gt;decir nada sentirme como un niño cuando tu me
&lt;br&gt;abrazas, cuando tu me abrazas
&lt;br&gt;
&lt;br&gt;Se que no voy a encontrar un lugar mejor
&lt;br&gt;q estando bajo tus alas encuentro el calor
&lt;br&gt;aunque el viento sople fuerte tu mano me
&lt;br&gt;sostiene y me da fuerza al dolor
&lt;br&gt;
&lt;br&gt;Y tenerte cara acara Perderme
&lt;br&gt;en tu mirada sentir que ya no hay brisa
&lt;br&gt;se me enamora el alma
&lt;br&gt;
&lt;br&gt;Amarte en silencio llorar sin decir nada
&lt;br&gt;sentirme como un niño cuando
&lt;br&gt;tu me abrazas (bis)
&lt;br&gt;Ya no puedo esperar ni un minuto mas,
&lt;br&gt;necesito estar contigo, contarte lo q he vivido
&lt;br&gt;Dios q sepas cuanto te extraño los minutos
&lt;br&gt;se hacen años cuando juntos no estamos
&lt;br&gt;necesito estar contigo ahora&amp;hellip;.
&lt;br&gt;
&lt;br&gt;Y tenerte cara a cara Perderme en tu
&lt;br&gt;mirada sentir que ya no hay brisa
&lt;br&gt;se me enamora el alma
&lt;br&gt;
&lt;br&gt;Amarte en silencio llorar sin decir nada
&lt;br&gt;sentirme como un niño cuando tu me abrazas,
&lt;br&gt;cuando tu me abrazas
&lt;br&gt;
&lt;br&gt;Ya no puedo esperar ni un minuto mas
&lt;br&gt;necesito estar contigo oh Dios&amp;hellip; contarte
&lt;br&gt;lo q he vivido q sepas cuanto te extraño los
&lt;br&gt;minutos se hacen años cuando juntos no
&lt;br&gt;estamos necesito estar contigo ahora&amp;hellip;
&lt;br&gt;
&lt;br&gt;Y tenerte cara a cara Perderme en tu mirada
&lt;br&gt;sentir que ya no hay brisa se me
&lt;br&gt;enamora el alma
&lt;br&gt;Amarte en silencio llorar sin decir
&lt;br&gt;nada sentirme como un niño cuando tu me
&lt;br&gt;abrazas, cuando tu me abrazas
&lt;br&gt;
&lt;br&gt;Se que no voy a encontrar un lugar mejor
&lt;br&gt;q estando bajo tus alas encuentro el calor
&lt;br&gt;aunque el viento sople fuerte tu mano me
&lt;br&gt;sostiene y me da fuerza al dolor
&lt;br&gt;
&lt;br&gt;Y tenerte cara acara Perderme en tu
&lt;br&gt;mirada sentir que ya no hay brisa se
&lt;br&gt;me enamora el alma
&lt;br&gt;
&lt;br&gt;Amarte en silencio llorar sin decir nada
&lt;br&gt;sentirme como un niño cuando tu me abrazas (bis)&lt;/p&gt;
</description>
    </item>
    
    <item>
      <title> Creo En Ti</title>
      <link>http://letraspedia.com/lyric/2020-creo-en-ti/</link>
      <pubDate>Mon, 01 Sep 2008 00:00:00 UTC</pubDate>
      <author>Enthusiastic Hugo User</author>
      <guid>http://letraspedia.com/lyric/2020-creo-en-ti/</guid>
      <description>&lt;p&gt;Se que hay un mundo mas allá del que hoy puedo ver
&lt;br&gt;Que supera mis sueños como no imagine
&lt;br&gt;Todo hice al reves queria ver para creer
&lt;br&gt;Tanto tiempo pase sin mi fe
&lt;br&gt;
&lt;br&gt;Coro
&lt;br&gt;Creo en ti
&lt;br&gt;Y hoy puedo ver que hay un mundo mas allá donde contigo puedo estar
&lt;br&gt;Y yo creo en ti
&lt;br&gt;Tu eres mi fe y aunque nada pueda ver siempre creere en ti
&lt;br&gt;
&lt;br&gt;Se que no puedo imaginar toda su inmensidad
&lt;br&gt;Todos mis sentidos alli no serverian
&lt;br&gt;Solo puedo llegar con mi fe
&lt;br&gt;Solo debo creer para ver&lt;/p&gt;
</description>
    </item>
    
    <item>
      <title> Cuando Menciono Tu Nombre</title>
      <link>http://letraspedia.com/lyric/2020-cuando-menciono-tu-nombre/</link>
      <pubDate>Mon, 01 Sep 2008 00:00:00 UTC</pubDate>
      <author>Enthusiastic Hugo User</author>
      <guid>http://letraspedia.com/lyric/2020-cuando-menciono-tu-nombre/</guid>
      <description>&lt;p&gt;Hay momento que siento que
&lt;br&gt;ya no puedo mas,
&lt;br&gt;hay momentos que mis alas no
&lt;br&gt;quieren volar, hay instantes que me
&lt;br&gt;ciega la oscuridad,
&lt;br&gt;y que ya no tengo fuerzas ni para llorar&amp;hellip;
&lt;br&gt;
&lt;br&gt;Se que te llamo y respondes
&lt;br&gt;y que todo cambia
&lt;br&gt;cuando menciono tu nombre&amp;hellip;
&lt;br&gt;
&lt;br&gt;(Coro)
&lt;br&gt;
&lt;br&gt;cuando menciono tu nombre
&lt;br&gt;aunque no tenga fuerzas
&lt;br&gt;cuando menciono tu nombre
&lt;br&gt;mis temores tu te llevas
&lt;br&gt;aunque no te pueda ver,
&lt;br&gt;aunque no te pueda tocar
&lt;br&gt;se que te puedo sentir
&lt;br&gt;cuando menciono tu nombre&amp;hellip;
&lt;br&gt;
&lt;br&gt;Hay momento que siento que
&lt;br&gt;ya no puedo mas,
&lt;br&gt;hay momentos que mis alas no
&lt;br&gt;quieren volar, hay instantes que me
&lt;br&gt;ciega la oscuridad,
&lt;br&gt;y que ya no tengo fuerzas ni para llorar&amp;hellip;
&lt;br&gt;
&lt;br&gt;Yo se que te llamo
&lt;br&gt;y respondes y que todo cambia
&lt;br&gt;cuando menciono tu nombre&amp;hellip;
&lt;br&gt;
&lt;br&gt;(Coro)
&lt;br&gt;
&lt;br&gt;//cuando menciono tu nombre
&lt;br&gt;aunque no tenga fuerzas
&lt;br&gt;cuando menciono tu nombre
&lt;br&gt;mis temores tu te llevas
&lt;br&gt;aunque no te pueda ver,
&lt;br&gt;aunque no te pueda tocar
&lt;br&gt;se que te puedo sentir
&lt;br&gt;cuando menciono tu nombre&amp;hellip;//&lt;/p&gt;
</description>
    </item>
    
    <item>
      <title> Eeea</title>
      <link>http://letraspedia.com/lyric/2020-eeea/</link>
      <pubDate>Mon, 01 Sep 2008 00:00:00 UTC</pubDate>
      <author>Enthusiastic Hugo User</author>
      <guid>http://letraspedia.com/lyric/2020-eeea/</guid>
      <description>&lt;p&gt;Siento como que palpita
&lt;br&gt;fuerte en mi corazon
&lt;br&gt;cuando siento que estas cerca me siento mejor
&lt;br&gt;se que tu estas conmigo y nada debo temer
&lt;br&gt;tu encendiste la chispita que aviva mi ser
&lt;br&gt;
&lt;br&gt;(coro)
&lt;br&gt;nada puede hacerme frente
&lt;br&gt;pues conmigo El esta
&lt;br&gt;eeea conmigo el esta
&lt;br&gt;aunque pueda yo caer se que El me levantara
&lt;br&gt;eeea me levantará
&lt;br&gt;
&lt;br&gt;Los problemas de la vida
&lt;br&gt;te hacen comprender
&lt;br&gt;que no hay otra salida
&lt;br&gt;ya para de correr
&lt;br&gt;no pierdas mas el tiempo que se te acabara
&lt;br&gt;no lo dudes ya decidete no lo pienses mas
&lt;br&gt;
&lt;br&gt;(se repite otra vez el coro pero en rap)&lt;/p&gt;
</description>
    </item>
    
    <item>
      <title> El 308</title>
      <link>http://letraspedia.com/lyric/2020-el-308/</link>
      <pubDate>Mon, 01 Sep 2008 00:00:00 UTC</pubDate>
      <author>Enthusiastic Hugo User</author>
      <guid>http://letraspedia.com/lyric/2020-el-308/</guid>
      <description>&lt;p&gt;En el monte calvario
&lt;br&gt;estaba una cruz
&lt;br&gt;emblema de afrenta y dolor
&lt;br&gt;pues yo amo esa cruz que murio mi Jesus
&lt;br&gt;por salvar al mas vil pecador
&lt;br&gt;
&lt;br&gt;oh yo siempre amare esa cruz
&lt;br&gt;en sus triunfos mi gloria sera
&lt;br&gt;y agun dia en vez de una cruz
&lt;br&gt;mi corona Jesus me dara
&lt;br&gt;
&lt;br&gt;aunque el mundo desprecie la cruz de Jesus
&lt;br&gt;para mi tiene suma atraccion
&lt;br&gt;pues en ella llevo el cordero de Dios
&lt;br&gt;de mi alma la condenacion
&lt;br&gt;
&lt;br&gt;(se repite el coro)
&lt;br&gt;
&lt;br&gt;yo sere siempre fiel a la cruz de jesus
&lt;br&gt;sus desprecios con el llevare
&lt;br&gt;algun dia feliz con con los santos en luz
&lt;br&gt;para siempre su gloria vere
&lt;br&gt;
&lt;br&gt;(coro)&lt;/p&gt;
</description>
    </item>
    
    <item>
      <title> El Es Mejor</title>
      <link>http://letraspedia.com/lyric/2020-el-es-mejor/</link>
      <pubDate>Mon, 01 Sep 2008 00:00:00 UTC</pubDate>
      <author>Enthusiastic Hugo User</author>
      <guid>http://letraspedia.com/lyric/2020-el-es-mejor/</guid>
      <description>&lt;p&gt;Soñar, sentir, crecer y vivir
&lt;br&gt;Buscar alcanzar, mí felicidad
&lt;br&gt;Mil cosas logre y en mí puse fe
&lt;br&gt;Confiando en mí superioridad.
&lt;br&gt;
&lt;br&gt;Luchar y pegar hasta desmayar,
&lt;br&gt;Llegar a decir que mis miedos venci
&lt;br&gt;No reconocer que me equivoque
&lt;br&gt;Será que todo hice mal.
&lt;br&gt;
&lt;br&gt;Es mejor, la vida contigo es mejor
&lt;br&gt;Tu amor, le da a mis días valor
&lt;br&gt;De todo lo, que logre él es superior
&lt;br&gt;El es mi mirar mí fe  y mí fe
&lt;br&gt;
&lt;br&gt;Veo a mí alrededor y,  poder comprobar
&lt;br&gt;Que todo, todo no lo es nada si tú no estas
&lt;br&gt;Mucho tiempo perdí pero te encontré
&lt;br&gt;Será que algo hice bien
&lt;br&gt;
&lt;br&gt;Es mejor, la vida contigo es mejor
&lt;br&gt;Tu amor le da a mis días valor
&lt;br&gt;De todo que lo, que logre él es
&lt;br&gt;Superior él es mí mirar, mí fe
&lt;br&gt;
&lt;br&gt;De Mis fracasos te hice el culpable
&lt;br&gt;Quise esconde mis debilidades
&lt;br&gt;Y de mis triunfos te hice a un lado
&lt;br&gt;Pero un gran día tú me has perdonado..
&lt;br&gt;
&lt;br&gt;Es mejor la vida contigo es mejor
&lt;br&gt;Tú amor le da a mis días valor
&lt;br&gt;De todo lo, que logre él es superior
&lt;br&gt;El es mi mirar mi fe(repite 3 veces)&lt;/p&gt;
</description>
    </item>
    
    <item>
      <title> Eres Lo Mejor</title>
      <link>http://letraspedia.com/lyric/2020-eres-lo-mejor/</link>
      <pubDate>Mon, 01 Sep 2008 00:00:00 UTC</pubDate>
      <author>Enthusiastic Hugo User</author>
      <guid>http://letraspedia.com/lyric/2020-eres-lo-mejor/</guid>
      <description>&lt;p&gt;Puedo muchas cosas tener
&lt;br&gt;que me adornarian la vida
&lt;br&gt;puedo muchas cosas lograr
&lt;br&gt;que me llenen de alegria
&lt;br&gt;pero todo pasara y al final no tendre nada
&lt;br&gt;solo hay algo que siempre estara y se quedara
&lt;br&gt;es eterno amor , amor de Dios..
&lt;br&gt;
&lt;br&gt;CORO:
&lt;br&gt;//Eres lo mejor que puedo yo tener
&lt;br&gt;eres lo mejor
&lt;br&gt;todo pasara y tu siempre estaras eres lo mejor..//&lt;/p&gt;
</description>
    </item>
    
    <item>
      <title> Eres Tu</title>
      <link>http://letraspedia.com/lyric/2020-eres-tu/</link>
      <pubDate>Mon, 01 Sep 2008 00:00:00 UTC</pubDate>
      <author>Enthusiastic Hugo User</author>
      <guid>http://letraspedia.com/lyric/2020-eres-tu/</guid>
      <description>&lt;p&gt;Nadie como tu, me conoce mas
&lt;br&gt;Sabes todo lo que guarda mi corazon
&lt;br&gt;mi respiracion la controlas tu
&lt;br&gt;y mi voz solo se escucha por ti
&lt;br&gt;eres mi refugio, el amor de mi alma.
&lt;br&gt;
&lt;br&gt;Coro:
&lt;br&gt;Eres tu la luz, en la oscuridad
&lt;br&gt;es tu voz mis alas, cuando quiero volar
&lt;br&gt;si preso estoy, tu mi libertad
&lt;br&gt;todo lo que quiero y que puedo soñar&amp;hellip;
&lt;br&gt;eres tu.
&lt;br&gt;
&lt;br&gt;Nadie como tu, me conoce mas
&lt;br&gt;Sabes todo lo que guarda mi corazon
&lt;br&gt;mi respiracion la controlas tu
&lt;br&gt;y mi voz solo se escucha por ti
&lt;br&gt;eres mi refugio, el amor de mi alma.
&lt;br&gt;
&lt;br&gt;Coro:
&lt;br&gt;Eres tu la luz, en la oscuridad
&lt;br&gt;es tu voz mis alas, cuando quiero volar
&lt;br&gt;si preso estoy, tu mi libertad
&lt;br&gt;todo lo que quiero y que puedo soñar&amp;hellip;
&lt;br&gt;eres tu.
&lt;br&gt;
&lt;br&gt;Hoy puedo acercarme a ti
&lt;br&gt;el velo se rompio
&lt;br&gt;ya nada nos separara
&lt;br&gt;tuyo soy&amp;hellip;
&lt;br&gt;
&lt;br&gt;//Eres tu la luz, en la oscuridad
&lt;br&gt;es tu voz mis alas, cuando quiero volar
&lt;br&gt;si preso estoy, tu mi libertad
&lt;br&gt;todo lo que quiero y que puedo soñar&amp;hellip;.//
&lt;br&gt;
&lt;br&gt;Eres tu&amp;hellip;&amp;hellip;&lt;/p&gt;
</description>
    </item>
    
  </channel>
</rss>