<?xml version="1.0" encoding="utf-8" standalone="yes" ?>
<rss version="2.0" xmlns:atom="http://www.w3.org/2005/Atom">
  <channel>
      <title>2 Minutos on Letraspedia.com thes best lyrics page </title>
    <link>http://letraspedia.com/artist/2-minutos/</link>
    <language>en-US</language>
    <author>Enthusiastic Hugo User</author>
    <rights>Copyright (c) 2014, Enthusiastic Hugo User; all rights reserved.</rights>
    <updated>Mon, 01 Sep 2008 00:00:00 UTC</updated>
    
    <item>
      <title> 1987</title>
      <link>http://letraspedia.com/lyric/2-minutos-1987/</link>
      <pubDate>Mon, 01 Sep 2008 00:00:00 UTC</pubDate>
      <author>Enthusiastic Hugo User</author>
      <guid>http://letraspedia.com/lyric/2-minutos-1987/</guid>
      <description>&lt;p&gt;1987 época de gloria
&lt;br&gt;una tarde de diciembre
&lt;br&gt;hacía mucho calor
&lt;br&gt;represión policial
&lt;br&gt;arde el obelisco
&lt;br&gt;y la policía la pudrió.
&lt;br&gt;
&lt;br&gt;1987 época de gloria
&lt;br&gt;una tarde de diciembre
&lt;br&gt;hacía mucho calor
&lt;br&gt;represión policial
&lt;br&gt;arde el obelisco
&lt;br&gt;y la policía la pudrió.
&lt;br&gt;
&lt;br&gt;Época de gloria, época de gloria !
&lt;br&gt;Época de gloria, época de gloria !
&lt;br&gt;Época de gloria, época de gloria !
&lt;br&gt;Época de gloria, época de gloria !&lt;/p&gt;
</description>
    </item>
    
    <item>
      <title> 2 Minutos</title>
      <link>http://letraspedia.com/lyric/2-minutos-2-minutos/</link>
      <pubDate>Mon, 01 Sep 2008 00:00:00 UTC</pubDate>
      <author>Enthusiastic Hugo User</author>
      <guid>http://letraspedia.com/lyric/2-minutos-2-minutos/</guid>
      <description>&lt;p&gt;2 minutos punkeando para vos
&lt;br&gt;Esta noche con huevo y corazón
&lt;br&gt;Solo te pido un punto a favor
&lt;br&gt;Respeto al de alado y diversión. x2
&lt;br&gt;
&lt;br&gt;2 minutos punkeando para vos x4&lt;/p&gt;
</description>
    </item>
    
    <item>
      <title> 2 Minutos (en Inglés)</title>
      <link>http://letraspedia.com/lyric/2-minutos-2-minutos-en-ingles/</link>
      <pubDate>Mon, 01 Sep 2008 00:00:00 UTC</pubDate>
      <author>Enthusiastic Hugo User</author>
      <guid>http://letraspedia.com/lyric/2-minutos-2-minutos-en-ingles/</guid>
      <description>&lt;p&gt;2 minutes for you punkeando
&lt;br&gt;Tonight with egg and heart
&lt;br&gt;Only you ask a plus
&lt;br&gt;Respect for the winged and fun. X2
&lt;br&gt;
&lt;br&gt;2 minutes punkeando for you x4&lt;/p&gt;
</description>
    </item>
    
    <item>
      <title> 900 Muy Bien</title>
      <link>http://letraspedia.com/lyric/2-minutos-900-muy-bien/</link>
      <pubDate>Mon, 01 Sep 2008 00:00:00 UTC</pubDate>
      <author>Enthusiastic Hugo User</author>
      <guid>http://letraspedia.com/lyric/2-minutos-900-muy-bien/</guid>
      <description>&lt;p&gt;nternenme, internenme, internenme,
&lt;br&gt;que no me siento bien
&lt;br&gt;se me durmio el brazo
&lt;br&gt;seguro es un bobazo
&lt;br&gt;
&lt;br&gt;Internenme, internenme
&lt;br&gt;Ayundenme, ayudenme, ayudenme,
&lt;br&gt;o es q no me ves
&lt;br&gt;(el escenario fue un fracaso )?
&lt;br&gt;(yo solo pienso en un puntaso)?
&lt;br&gt;
&lt;br&gt;Interneme, internenme,
&lt;br&gt;ecualicenme, ecualicenme,ecualicenme,
&lt;br&gt;que estoy menos bien
&lt;br&gt;no se si estoy soñando
&lt;br&gt;por las dudas llego un chato
&lt;br&gt;internenme,internenme.
&lt;br&gt;
&lt;br&gt;Empastillenme, Empastillenme
&lt;br&gt;tiene que haber
&lt;br&gt;algo que me den
&lt;br&gt;pasillo iluminado
&lt;br&gt;victor sueiro al otro lado
&lt;br&gt;internenme internenme.
&lt;br&gt;
&lt;br&gt;Convensanme, convensame, convensanme,
&lt;br&gt;no hay tiempo que perder
&lt;br&gt;no traigo ni un centavo
&lt;br&gt;sabes que siempre pago
&lt;br&gt;recuerdenme, recuerdenme.
&lt;br&gt;
&lt;br&gt;internenme, internenme, intenernenme, internenme,
&lt;br&gt;Me aprieta el chaleco señor.&lt;/p&gt;
</description>
    </item>
    
    <item>
      <title> A Veces</title>
      <link>http://letraspedia.com/lyric/2-minutos-a-veces/</link>
      <pubDate>Mon, 01 Sep 2008 00:00:00 UTC</pubDate>
      <author>Enthusiastic Hugo User</author>
      <guid>http://letraspedia.com/lyric/2-minutos-a-veces/</guid>
      <description>&lt;p&gt;A veces pasan cosas raras.
&lt;br&gt;A veces la gente se ve mal.
&lt;br&gt;A veces la gente está apurada.
&lt;br&gt;A veces la gente está enojada.
&lt;br&gt;
&lt;br&gt;A veces prefiero estar solo.
&lt;br&gt;A veces me siento muy nervioso.
&lt;br&gt;A veces me siento morir.
&lt;br&gt;A veces me siento tan feliz.
&lt;br&gt;
&lt;br&gt;A veces me cruzo gente mala.
&lt;br&gt;A veces me cruzo gente copada.
&lt;br&gt;A veces miro la lluvia caer.
&lt;br&gt;A veces miro fijo las estrellas.
&lt;br&gt;
&lt;br&gt;A veces me siento tan solo.
&lt;br&gt;A veces me siento invadido.
&lt;br&gt;A veces me siento morir.
&lt;br&gt;A veces me siento tan feliz.&lt;/p&gt;
</description>
    </item>
    
    <item>
      <title> Aeropuerto</title>
      <link>http://letraspedia.com/lyric/2-minutos-aeropuerto/</link>
      <pubDate>Mon, 01 Sep 2008 00:00:00 UTC</pubDate>
      <author>Enthusiastic Hugo User</author>
      <guid>http://letraspedia.com/lyric/2-minutos-aeropuerto/</guid>
      <description>&lt;p&gt;Yo te vi levitar, levitar
&lt;br&gt;Tenías un color especial
&lt;br&gt;Ten cuidado al aterrizar, aterrizar
&lt;br&gt;Que el mal tiempo te puede hacer mal
&lt;br&gt;Las heridas del corazon, corazon
&lt;br&gt;Duelen, pero no te matan
&lt;br&gt;
&lt;br&gt;Tanto amor, amor
&lt;br&gt;Puede lastimarte nena, nena, nena x2
&lt;br&gt;
&lt;br&gt;Yo te vi levitar, levitar
&lt;br&gt;Tenías un color especial
&lt;br&gt;Ten cuidado al aterrizar, aterrizar
&lt;br&gt;Que el mal tiempo te puede hacer mal
&lt;br&gt;Las heridas del corazon, corazon
&lt;br&gt;Duelen, pero no te matan
&lt;br&gt;
&lt;br&gt;Tanto amor, amor
&lt;br&gt;Puede lastimarte nena, nena, nena x3&lt;/p&gt;
</description>
    </item>
    
    <item>
      <title> Aeropuerto (corregida)</title>
      <link>http://letraspedia.com/lyric/2-minutos-aeropuerto-corregida/</link>
      <pubDate>Mon, 01 Sep 2008 00:00:00 UTC</pubDate>
      <author>Enthusiastic Hugo User</author>
      <guid>http://letraspedia.com/lyric/2-minutos-aeropuerto-corregida/</guid>
      <description>&lt;p&gt;Yo te vi evitar, evitar
&lt;br&gt;tenias un color especial
&lt;br&gt;desviado al aterrizar, aterrizar
&lt;br&gt;que mal tiempo te puede hacer mal
&lt;br&gt;las heridas del corazon, corazon
&lt;br&gt;duelen pero no te matan
&lt;br&gt;todo tiene principio y final, y final
&lt;br&gt;tarde o temprano se te acaba
&lt;br&gt;Tanto amor, amor puede lastimarte nena, nena
&lt;br&gt;Tanto amor, amor puede lastimarte nena, nena
&lt;br&gt;Yo te vi evitar, evitar
&lt;br&gt;tenias un color especial
&lt;br&gt;desviado al aterrizar, aterrizar
&lt;br&gt;que mal tiempo te puede hacer mal
&lt;br&gt;las heridas del corazon,corazon
&lt;br&gt;duelen pero no te matan
&lt;br&gt;todo tiene principio y final, y final
&lt;br&gt;tarde o temprano se te acaba
&lt;br&gt;Tanto amor, amor puede lastimarte nena, nena
&lt;br&gt;Tanto amor, amor puede lastimarte nena, nena
&lt;br&gt;Tanto amor, amor puede lastimarte nena, nena&lt;/p&gt;
</description>
    </item>
    
    <item>
      <title> Aeropuerto (en Inglés)</title>
      <link>http://letraspedia.com/lyric/2-minutos-aeropuerto-en-ingles/</link>
      <pubDate>Mon, 01 Sep 2008 00:00:00 UTC</pubDate>
      <author>Enthusiastic Hugo User</author>
      <guid>http://letraspedia.com/lyric/2-minutos-aeropuerto-en-ingles/</guid>
      <description>&lt;p&gt;I saw you levitate levitate
&lt;br&gt;You had a special color
&lt;br&gt;Be careful when landing, landing
&lt;br&gt;Bad weather can make you ill
&lt;br&gt;The wounds of the heart, heart
&lt;br&gt;Hurt, but do not kill
&lt;br&gt;
&lt;br&gt;So much love, love
&lt;br&gt;You can hurt you baby, baby, baby x2
&lt;br&gt;
&lt;br&gt;I saw you levitate levitate
&lt;br&gt;You had a special color
&lt;br&gt;Be careful when landing, landing
&lt;br&gt;Bad weather can make you ill
&lt;br&gt;The wounds of the heart, heart
&lt;br&gt;Hurt, but do not kill
&lt;br&gt;
&lt;br&gt;So much love, love
&lt;br&gt;You can hurt you baby, baby, baby x3&lt;/p&gt;
</description>
    </item>
    
    <item>
      <title> Amor Suicida</title>
      <link>http://letraspedia.com/lyric/2-minutos-amor-suicida/</link>
      <pubDate>Mon, 01 Sep 2008 00:00:00 UTC</pubDate>
      <author>Enthusiastic Hugo User</author>
      <guid>http://letraspedia.com/lyric/2-minutos-amor-suicida/</guid>
      <description>&lt;p&gt;Me encontré una chica en la plaza
&lt;br&gt;estaba llorando yo no se porque
&lt;br&gt;tenía una petaca de ginebra oooo
&lt;br&gt;y yo entonces
&lt;br&gt;me acerque woooo
&lt;br&gt;
&lt;br&gt;hey hey hey(BIS)
&lt;br&gt;
&lt;br&gt;yo le pregunté que le pasabe
&lt;br&gt;y ella me contó todo su rollo personal
&lt;br&gt;tenia un novio que se llamaba Antonio
&lt;br&gt;que habia muerto en la guerra de Malbina woooo
&lt;br&gt;
&lt;br&gt;hey hey hey(BIS)
&lt;br&gt;
&lt;br&gt;el tiempo corría la verdad no avanzó
&lt;br&gt;ella me dio un beso y se envidio
&lt;br&gt;camino unos pasos y un arma saco
&lt;br&gt;yo le pregunte: nena que vas a hacer
&lt;br&gt;no me respondio
&lt;br&gt;y el gatillo ella apreto
&lt;br&gt;
&lt;br&gt;hey hey hey(BIS)
&lt;br&gt;
&lt;br&gt;ella se volo
&lt;br&gt;la cabeza por su muerto amor(BISx4)&lt;/p&gt;
</description>
    </item>
    
    <item>
      <title> Amor Suicida (corregida)</title>
      <link>http://letraspedia.com/lyric/2-minutos-amor-suicida-corregida/</link>
      <pubDate>Mon, 01 Sep 2008 00:00:00 UTC</pubDate>
      <author>Enthusiastic Hugo User</author>
      <guid>http://letraspedia.com/lyric/2-minutos-amor-suicida-corregida/</guid>
      <description>&lt;p&gt;Me encontre una chica en la plaza
&lt;br&gt;estaba llorando yo no se porque
&lt;br&gt;tenia una petaca de ginebra oooo
&lt;br&gt;y yo entonces me acerque wooo
&lt;br&gt;
&lt;br&gt;hey hey hey(x2)
&lt;br&gt;
&lt;br&gt;yo le pregunte que le pasaba
&lt;br&gt;y ella me conto todo su rollo personal
&lt;br&gt;tenia un novio que se llamaba Antonio
&lt;br&gt;que habia muerto en la guerra de Malvina wooo
&lt;br&gt;
&lt;br&gt;hey hey hey(x2)
&lt;br&gt;
&lt;br&gt;el tiempo corria la verdad no avanzaba
&lt;br&gt;ella me dio un beso y se despidio
&lt;br&gt;camino unos pasos y un arma saco
&lt;br&gt;yo le pregunte: &amp;ldquo;¿nena que vas a hacer?&amp;rdquo;
&lt;br&gt;no me respondio y el gatillo ella apreto
&lt;br&gt;
&lt;br&gt;hey hey hey(x2)
&lt;br&gt;
&lt;br&gt;ella se volo la cabeza por su viejo amor
&lt;br&gt;ella se volo la cabeza por su muerto amor
&lt;br&gt;ella se volo la cabeza por su viejo amor
&lt;br&gt;ella se volo la cabeza por su muerto amor&lt;/p&gt;
</description>
    </item>
    
    <item>
      <title> Angela</title>
      <link>http://letraspedia.com/lyric/2-minutos-angela/</link>
      <pubDate>Mon, 01 Sep 2008 00:00:00 UTC</pubDate>
      <author>Enthusiastic Hugo User</author>
      <guid>http://letraspedia.com/lyric/2-minutos-angela/</guid>
      <description>&lt;p&gt;Te estrellaste en esta inmunda ciudad
&lt;br&gt;Tu belleza es celestial,
&lt;br&gt;Probaste los vicios de las calle ya,
&lt;br&gt;Probaste el sexo y muchas cosas más,
&lt;br&gt;Ángela.. (4x)
&lt;br&gt;
&lt;br&gt;Tu belleza es celestial,
&lt;br&gt;No te comprendieron y esa es la verdad,
&lt;br&gt;Te encerraron en algún lugar
&lt;br&gt;Y ahora pensas en como escapar,
&lt;br&gt;Ángela.. (4x)
&lt;br&gt;
&lt;br&gt;Ángela, Ángela, Ángela, Ángela&lt;/p&gt;
</description>
    </item>
    
    <item>
      <title> Aquaman</title>
      <link>http://letraspedia.com/lyric/2-minutos-aquaman/</link>
      <pubDate>Mon, 01 Sep 2008 00:00:00 UTC</pubDate>
      <author>Enthusiastic Hugo User</author>
      <guid>http://letraspedia.com/lyric/2-minutos-aquaman/</guid>
      <description>&lt;p&gt;Quiero volar y estrellarme, en el fondo del mar
&lt;br&gt;
&lt;br&gt;Mis amigos surfers punks del salvador, me ayudaran
&lt;br&gt;
&lt;br&gt;Porque hay una sirena, que esta muriendo de pena, porque hay
&lt;br&gt;una sirena que esta
&lt;br&gt;muriendo de pena
&lt;br&gt;
&lt;br&gt;Cruzaremos los mares,y montañas de agua,con mis amigos surfers punk del salvador,trataremos de salvarla
&lt;br&gt;
&lt;br&gt;Porque hay una sirena, que esta muriendo de pena, porque hay
&lt;br&gt;una sirena que esta muriendo de pena
&lt;br&gt;
&lt;br&gt;Aquamaaan, donde estaras?
&lt;br&gt;
&lt;br&gt;Porque hay una sirena que esta muriendo de pena, porque hay
&lt;br&gt;una sirena que esta muriendo de pena
&lt;br&gt;
&lt;br&gt;Aquaman,donde estaras?&lt;/p&gt;
</description>
    </item>
    
    <item>
      <title> Ariel La Sirena</title>
      <link>http://letraspedia.com/lyric/2-minutos-ariel-la-sirena/</link>
      <pubDate>Mon, 01 Sep 2008 00:00:00 UTC</pubDate>
      <author>Enthusiastic Hugo User</author>
      <guid>http://letraspedia.com/lyric/2-minutos-ariel-la-sirena/</guid>
      <description>&lt;p&gt;Tus ojos ya no muestran
&lt;br&gt;Esa triste mirada
&lt;br&gt;Tan cerca del infierno
&lt;br&gt;
&lt;br&gt;Esa banda locura
&lt;br&gt;que te dejo en la nada
&lt;br&gt;Tratando de encontrarte
&lt;br&gt;
&lt;br&gt;Yahora que tu noche
&lt;br&gt;no lastiman tu alma
&lt;br&gt;Te importa en la mañana
&lt;br&gt;Si esta tu mirada
&lt;br&gt;
&lt;br&gt;Como si fuera facil
&lt;br&gt;Saber que nada es facil
&lt;br&gt;Que duro aceptarse
&lt;br&gt;
&lt;br&gt;Tu realidad es tuya
&lt;br&gt;No es ni un poquito amable
&lt;br&gt;No hay nada que explicarte
&lt;br&gt;
&lt;br&gt;Y cuando tire tetas
&lt;br&gt;Que pueda relajarte
&lt;br&gt;Sabran que el mundo es tuyo
&lt;br&gt;Y que ganaste&lt;/p&gt;
</description>
    </item>
    
    <item>
      <title> Arrebato</title>
      <link>http://letraspedia.com/lyric/2-minutos-arrebato/</link>
      <pubDate>Mon, 01 Sep 2008 00:00:00 UTC</pubDate>
      <author>Enthusiastic Hugo User</author>
      <guid>http://letraspedia.com/lyric/2-minutos-arrebato/</guid>
      <description>&lt;p&gt;Iba caminando un viernes muy confiado
&lt;br&gt;y de repente me comi un arrebato.
&lt;br&gt;Cai arruinado en la vereda
&lt;br&gt;y todos ellos me seguian boxeando.
&lt;br&gt;Arrebato, eran mucho para mi
&lt;br&gt;arrebato, eran mucho para vos.
&lt;br&gt;Arrebato, eran mucho para mi
&lt;br&gt;arrebato, eran mucho para vos.
&lt;br&gt;No vayas muy confiado por la calle
&lt;br&gt;por que de repente puede pintar
&lt;br&gt;un arrebato pór la noche
&lt;br&gt;un arrrebato en la ciudad.
&lt;br&gt;Arebato sera mucho para mi
&lt;br&gt;arrebato, parate y pelea.
&lt;br&gt;Arebato sera mucho para vos
&lt;br&gt;arrebato, parate y boxea
&lt;br&gt;Arrebato.&lt;/p&gt;
</description>
    </item>
    
    <item>
      <title> Ataque</title>
      <link>http://letraspedia.com/lyric/2-minutos-ataque/</link>
      <pubDate>Mon, 01 Sep 2008 00:00:00 UTC</pubDate>
      <author>Enthusiastic Hugo User</author>
      <guid>http://letraspedia.com/lyric/2-minutos-ataque/</guid>
      <description>&lt;p&gt;Ataque al barrio rival
&lt;br&gt;Ataque al barrio rival
&lt;br&gt;Ataque al barrio rival
&lt;br&gt;Nosotros vamos a aguantar.
&lt;br&gt;Le afanamos la bandera
&lt;br&gt;le afanamos la bandera.
&lt;br&gt;Ataque al barrio rival
&lt;br&gt;Ataque al barrio rival
&lt;br&gt;Ataque al barrio rival
&lt;br&gt;Nosotros vamos a aguantar.
&lt;br&gt;Le afanamos la bandera
&lt;br&gt;le afanamos la bandera.&lt;/p&gt;
</description>
    </item>
    
  </channel>
</rss>