<?xml version="1.0" encoding="utf-8" standalone="yes" ?>
<rss version="2.0" xmlns:atom="http://www.w3.org/2005/Atom">
  <channel>
      <title>13 Bastardi on Letraspedia.com thes best lyrics page </title>
    <link>http://letraspedia.com/artist/13-bastardi/</link>
    <language>en-US</language>
    <author>Enthusiastic Hugo User</author>
    <rights>Copyright (c) 2014, Enthusiastic Hugo User; all rights reserved.</rights>
    <updated>Mon, 01 Sep 2008 00:00:00 UTC</updated>
    
    <item>
      <title> Napoli</title>
      <link>http://letraspedia.com/lyric/13-bastardi-napoli/</link>
      <pubDate>Mon, 01 Sep 2008 00:00:00 UTC</pubDate>
      <author>Enthusiastic Hugo User</author>
      <guid>http://letraspedia.com/lyric/13-bastardi-napoli/</guid>
      <description>&lt;p&gt;Guardo Venezia e vedo Napoli
&lt;br&gt;sarà la nostalgia del sud
&lt;br&gt;lo stesso mare malinconico
&lt;br&gt;la cornice velata è quella
&lt;br&gt;e la tela sbiadita come giù
&lt;br&gt;Gondoliere ti prego accompagnami a Napoli
&lt;br&gt;una gondola giuro non corre pericoli
&lt;br&gt;se si arriva dal mare
&lt;br&gt;laggiù ti rispettano
&lt;br&gt;dal mare si
&lt;br&gt;Vivo a Venezia e penso a Napoli
&lt;br&gt;più il tempo passa e più è cosi&amp;rsquo;
&lt;br&gt;Ma il mio pensare è un&amp;rsquo; abitudine
&lt;br&gt;come un male che non mi passa
&lt;br&gt;come un male che non mi passa mai
&lt;br&gt;Il pensiero consuma la strada per Napoli
&lt;br&gt;e Venezia Signora mi offre i suoi vincoli
&lt;br&gt;ma di più come può
&lt;br&gt;qui non fanno miracoli
&lt;br&gt;come a Napoli
&lt;br&gt;A Napoli&amp;hellip;
&lt;br&gt;Grazie Venezia torno a Napoli
&lt;br&gt;ma un pò di me lo lascio qui
&lt;br&gt;e forse affiorano i miei limiti
&lt;br&gt;sono un uomo che torna indietro
&lt;br&gt;sono un uomo che vuol tornare giù
&lt;br&gt;Gondoliere verrà un pescatore da Napoli
&lt;br&gt;la sua barca non è bella come una gondola
&lt;br&gt;ma lui arriva dal mare
&lt;br&gt;e tu allora rispettalo, è come te
&lt;br&gt;A Napoli&amp;hellip;&lt;/p&gt;
</description>
    </item>
    
    <item>
      <title> Parrobb</title>
      <link>http://letraspedia.com/lyric/13-bastardi-parrobb/</link>
      <pubDate>Mon, 01 Sep 2008 00:00:00 UTC</pubDate>
      <author>Enthusiastic Hugo User</author>
      <guid>http://letraspedia.com/lyric/13-bastardi-parrobb/</guid>
      <description>&lt;p&gt;Ritornello (Joz):
&lt;br&gt;
&lt;br&gt;Pa&amp;rsquo; rrobb, pa&amp;rsquo; rrobb s&amp;rsquo; arrobb,
&lt;br&gt;pa&amp;rsquo; rrobb se fann e scipp,
&lt;br&gt;pa&amp;rsquo; rrobb se mettono e mane
&lt;br&gt;dint&amp;rsquo; a borsa e na mamma pe verè e apparà na cosa e spicc&amp;rsquo;.
&lt;br&gt;
&lt;br&gt;Strofa 1 (Ekspo):
&lt;br&gt;
&lt;br&gt;Apparen, arapene machine,
&lt;br&gt;trasen int e case pe se regnere e ssacc&amp;rsquo;,
&lt;br&gt;e chi s&amp;rsquo;accus e tarantelle more chiuse int a na celle,
&lt;br&gt;for e base so denare che chiovene.
&lt;br&gt;Già pigliast o ngripp cu e pippat e neve e mo te spar sta merd int
&lt;br&gt;e vene o frate!
&lt;br&gt;Ch&amp;rsquo; e apparate?
&lt;br&gt;Cellule bruciate, cellulare ca e mmacchiat r&amp;rsquo; e scipp int e cumane
&lt;br&gt; chiene
&lt;br&gt;e mo stai magnat c&amp;rsquo; a povere!
&lt;br&gt;Tien mman tu stu velene gia t&amp;rsquo;a fatt nire,
&lt;br&gt;mal int e rine ca &amp;lsquo;nze levene cchiu!
&lt;br&gt;Avuot e gire, na palline, na vit e lot, a mill lir a rot nu tire,
&lt;br&gt;e vir l&amp;rsquo;at che morene!
&lt;br&gt;N&amp;rsquo; at la ffor ca aspett r&amp;rsquo;e quatt t&amp;rsquo;e fatt e ancor fai a cullett for a biglietterì
&lt;br&gt;aspiett chi s&amp;rsquo;e ccatt e fazzulett!
&lt;br&gt;Ogni liniett e na curtellat ogni jurnat viene mene cu e frate che tiene,
&lt;br&gt;i t&amp;rsquo;o dicett!
&lt;br&gt;e mo vai annanz a cobrett e dice ca nun so&amp;rsquo; azz &amp;lsquo;e mì?
&lt;br&gt;1 e 1 e p&amp;rsquo;te! P&amp;rsquo; me è rimast 1 e 3!
&lt;br&gt;L&amp;rsquo; unic&amp;rsquo; effett ca accuse e nu delay ncopp o microfone e no a rrobb!!
&lt;br&gt;
&lt;br&gt;Ritornello (Joz):
&lt;br&gt;
&lt;br&gt;Pa&amp;rsquo; rrobb, pa&amp;rsquo; rrobb s&amp;rsquo; arrobb,
&lt;br&gt;pa&amp;rsquo; rrobb se fann e scipp,
&lt;br&gt;pa&amp;rsquo; rrobb se mettono e mane
&lt;br&gt;dint&amp;rsquo; a borsa e na mamma pe verè e apparà na cosa e spicc&amp;rsquo;.
&lt;br&gt;Pa&amp;rsquo; rrobb, pa&amp;rsquo; rrobb s&amp;rsquo; arrobb,
&lt;br&gt;pa&amp;rsquo; rrobb se stà dint&amp;rsquo; e mpicc&amp;rsquo;,
&lt;br&gt;vir ca si te guard attuorn e te lievi a sti casini
&lt;br&gt;vir o munn comm&amp;rsquo; è fatt e ce truovi chiù sfizzio.
&lt;br&gt;
&lt;br&gt;Strofa 2 (Zin):
&lt;br&gt;
&lt;br&gt;Na malatia ca ven
&lt;br&gt;ti da emozioni fort
&lt;br&gt;a natu lato a mort
&lt;br&gt;a vita a dato tuort
&lt;br&gt;e ancora allert t&amp;rsquo;manten,
&lt;br&gt;veleno ca nun cost caro,
&lt;br&gt;ma i veco chi mi è caro c&amp;rsquo;car.
&lt;br&gt;
&lt;br&gt;Strofa 3 (Joz):
&lt;br&gt;
&lt;br&gt;Fra butt&amp;rsquo; chella rrobb
&lt;br&gt;o sistema te vò abbabbià,
&lt;br&gt;nun abbia&amp;rsquo; che te accappuott&amp;rsquo;,
&lt;br&gt;saccio ca si vuoi si comme a nu babba,
&lt;br&gt;che e fa?
&lt;br&gt;Iett&amp;rsquo; chella bubbazz,
&lt;br&gt;pare aieri che ce stevamo fumann&amp;rsquo; nu Bob cu Marley a sott&amp;rsquo; e già
&lt;br&gt; eravamo cap&amp;rsquo; e cazz,
&lt;br&gt;nu mare annanz e senza tanti n&amp;rsquo;gripp.
&lt;br&gt;Pensavam a rrobb ? Noo!
&lt;br&gt;Pa&amp;rsquo; rrobb s&amp;rsquo; arrobb, pa&amp;rsquo; rrobb se sta dint&amp;rsquo; e mpicci!
&lt;br&gt;
&lt;br&gt;Strofa 4 (Zin):
&lt;br&gt;
&lt;br&gt;Venticinc na pallina,
&lt;br&gt;quaranta mila lire chell ca t&amp;rsquo;min into e vene,
&lt;br&gt;poi o risultato ca tieni
&lt;br&gt;dulur e stomm&amp;rsquo;c e rin, storie e for o buco nir,
&lt;br&gt;nuttate passate abbuccate miez a na via chiat,
&lt;br&gt;aret a gente ca o ten e si fa chiatt co o sang e llat.
&lt;br&gt;&amp;ldquo;Pass tra cinc minut&amp;rdquo;,
&lt;br&gt;tu quanta vote avisso vuluto
&lt;br&gt;a forza e nun turnà se campi p&amp;rsquo;murì,
&lt;br&gt;aiut&amp;rsquo;t, ca Dio t&amp;rsquo;aiuta ma a chi?
&lt;br&gt;Da o core nun l&amp;rsquo;ha mje cancellat,
&lt;br&gt;ancora o &amp;lsquo;ssaje ca nun c&amp;rsquo;ha negato o ben
&lt;br&gt;ten a te chiù e te e chi ato?
&lt;br&gt;Ma si oggi è nato nu criaturo che chiagne e sta già a rota,
&lt;br&gt;ca e cos so cagnat,
&lt;br&gt;e o Pateterno aret e cancellat
&lt;br&gt;ca si avota, stavota,
&lt;br&gt;ma o munno nun arrivota pa&amp;rsquo; rrobba?
&lt;br&gt;
&lt;br&gt;Ritornello (Joz):
&lt;br&gt;
&lt;br&gt;Pa&amp;rsquo; rrobb, pa&amp;rsquo; rrobb s&amp;rsquo; arrobb,
&lt;br&gt;pa&amp;rsquo; rrobb se fann e scipp,
&lt;br&gt;pa&amp;rsquo; rrobb se mettono e mane
&lt;br&gt;dint&amp;rsquo; a borsa e na mamma pe verè e apparà na cosa e spicc&amp;rsquo;.
&lt;br&gt;Strofa 5 (Castì):
&lt;br&gt;
&lt;br&gt;Quant guagliun sfurtunat &amp;lsquo;ngopp a stessa vì
&lt;br&gt;stann suffrenn nata vot pecchè vonn ascì
&lt;br&gt;a chistu gir ch&amp;rsquo;è peggio e na malatia,
&lt;br&gt;aiutl stanott Gesù Crist mì.
&lt;br&gt;Nu viagg int all&amp;rsquo;infern senza passaport
&lt;br&gt;vuliss turnà aret ma se chiuren e port,
&lt;br&gt;vuliss ascì ma a rot è chiù fort,
&lt;br&gt;è tropp tard quann te ne sì accort.
&lt;br&gt;
&lt;br&gt;Strofa 6 (Callister):
&lt;br&gt;
&lt;br&gt;Play gin metadone routin!
&lt;br&gt;Sei a metà del viaggione
&lt;br&gt;storie da sert, storie da tossico expert,
&lt;br&gt;storie di palline, sei all&amp;rsquo;inizio della fine!
&lt;br&gt;
&lt;br&gt;Ritornello (Joz):
&lt;br&gt;
&lt;br&gt;Pa&amp;rsquo; rrobb, pa&amp;rsquo; rrobb s&amp;rsquo; arrobb,
&lt;br&gt;pa&amp;rsquo; rrobb se fann e scipp,
&lt;br&gt;pa&amp;rsquo; rrobb se mettono e mane
&lt;br&gt;dint&amp;rsquo; a borsa e na mamma pe verè e apparà na cosa e spicc&amp;rsquo;.
&lt;br&gt;Pa&amp;rsquo; rrobb, pa&amp;rsquo; rrobb s&amp;rsquo; arrobb,
&lt;br&gt;pa&amp;rsquo; rrobb se stà dint&amp;rsquo; e mpicc&amp;rsquo;,
&lt;br&gt;vir ca si te guard attuorn e te lievi a sti casini
&lt;br&gt;vir o munn comm&amp;rsquo; è fatt e ce truovi chiù sfizzio&lt;/p&gt;
</description>
    </item>
    
    <item>
      <title> Rema Rema</title>
      <link>http://letraspedia.com/lyric/13-bastardi-rema-rema/</link>
      <pubDate>Mon, 01 Sep 2008 00:00:00 UTC</pubDate>
      <author>Enthusiastic Hugo User</author>
      <guid>http://letraspedia.com/lyric/13-bastardi-rema-rema/</guid>
      <description>&lt;p&gt;Ritornello (Ekspo):
&lt;br&gt;
&lt;br&gt;Rema rema! Che si va a mare!
&lt;br&gt;Tutto leso sotto al sole.
&lt;br&gt;Mi sparo una spora e si viaggia fino a Java!
&lt;br&gt;
&lt;br&gt;Strofa 1 (Zin):
&lt;br&gt;
&lt;br&gt;Oh! ma o vero è ca vir e rummur ?
&lt;br&gt;At ca Mururoa!
&lt;br&gt;Hawayan mushroom capa e muro,
&lt;br&gt;o gremo nun è chillo e sistema,
&lt;br&gt;e goccie e bergamotto into a leocrema.
&lt;br&gt;N&amp;rsquo;gopp a na barca attaccat a riva e mare che cav&amp;rsquo;r,
&lt;br&gt;marcato da o sole, a poco a poco me ne iev ca a cap da a casa mia,
&lt;br&gt;afa ca a pala, rin surati e russ, miezo a na via.
&lt;br&gt;Senza na lira sto nir
&lt;br&gt;tanto ca a ggent a me m&amp;rsquo;chiamma Mohammed Alì, tu chiammame accussì
&lt;br&gt;Zingone e stiso solo o sole mi assento n&amp;rsquo;atu poc
&lt;br&gt;scansann e sta vita sol e posti e blocco.
&lt;br&gt;
&lt;br&gt;Strofa 2 (Ekspo):
&lt;br&gt;
&lt;br&gt;A palet, o&amp;rsquo; sicchie, calumett, picchie! nticchie si ven o kenar,
&lt;br&gt;nuot a rane!
&lt;br&gt;jett pall, spicchiett o&amp;rsquo; tanga, manga, manc a forz e me mena a mare
&lt;br&gt;ma rest o&amp;rsquo; sole ca me da ncape, skunkat a ganja!
&lt;br&gt;gia nun cia facce cchiu!
&lt;br&gt;cchiu nfucate d&amp;rsquo;a Tefal,
&lt;br&gt;te&amp;rsquo;, fall&amp;rsquo;chist ca stu ledr gia e pal&amp;rsquo;,
&lt;br&gt;appicie tu o&amp;rsquo; svede&amp;rsquo;!
&lt;br&gt;
&lt;br&gt;Strofa 3 (Svez):
&lt;br&gt;
&lt;br&gt;Scustumat co costum nzevat e ragù,
&lt;br&gt;l&amp;rsquo;acqua è salat, squalo è arrivat, nun ce manca nisciun chiù!
&lt;br&gt;Qua capat e bamba a Cuba,
&lt;br&gt;perron e rind o bacù cumbà
&lt;br&gt;s&amp;rsquo;è bucat o salvagent mang sott a tend mo me fir chiù! Minl!
&lt;br&gt;Giret nun vir chistu sol comm picchia?
&lt;br&gt;Na passat e spirit e si pront pà nicchia,
&lt;br&gt;che jurnat che è schiarat lumin minl tu.
&lt;br&gt;Ritornello (Ekspo) x2:
&lt;br&gt;
&lt;br&gt;Rema rema! Che si va a mare!
&lt;br&gt;Tutto leso sotto al sole.
&lt;br&gt;Mi sparo una spora e si viaggia fino a Java!
&lt;br&gt;
&lt;br&gt;Strofa 4 (Castì):
&lt;br&gt;
&lt;br&gt;Ce mettimm d&amp;rsquo;accord pe diman ammatin e sett,
&lt;br&gt;teng iust e sord pe nu pacchett e sigarett,
&lt;br&gt;chi scenn primm aspett, je veng ca magliett
&lt;br&gt;me mett e scarpett bianc e zuoccl int o zainett.
&lt;br&gt;O cappiell a tip marines,
&lt;br&gt;o poc re llent e po o custum sott o jeans.
&lt;br&gt;Na partit a pallon, guard a chella guaglion,
&lt;br&gt;me scord e guaje che teng a cas cca sott o &amp;lsquo;mbrellon.
&lt;br&gt;
&lt;br&gt;Strofa 5 (Joz):
&lt;br&gt;
&lt;br&gt;Sole e sale, sale la temperatura sull&amp;rsquo;arena,
&lt;br&gt;su di un asciugamano bagnata sudi, ti muovi appena, bruciore di schiena
&lt;br&gt;colore in un bar fino a mattina
&lt;br&gt;a campari cavallo che la weeda cresce
&lt;br&gt;il suono esce
&lt;br&gt;da la radiolina di chi sul lido è nella fase più melanina
&lt;br&gt;molla la cima e metti le bottiglie in stiva.
&lt;br&gt;
&lt;br&gt;Strofa 6 (Domasan):
&lt;br&gt;
&lt;br&gt;Messi come cani messicani/ masticando mescalina
&lt;br&gt;Trasportati da venti di weeda
&lt;br&gt;Mosca cieca con gli squali/ lische di pesce
&lt;br&gt;Pesca subacquea/ sugli scogli/ dischi sotto la puntina
&lt;br&gt;Lupi di mare/ luci di fari/ lucidi mai
&lt;br&gt;In cerca di calamari/ cala l&amp;rsquo;amo/ non la loma/ l&amp;rsquo;aroma viene da riva
&lt;br&gt;Rema, rema/ che prima o poi si arriva al molo
&lt;br&gt;Grema, grema/ ohma chi è che cucina.
&lt;br&gt;
&lt;br&gt;Ritornello (Ekspo) x2:
&lt;br&gt;
&lt;br&gt;Rema rema! Che si va a mare!
&lt;br&gt;Tutto leso sotto al sole.
&lt;br&gt;Mi sparo una spora e si viaggia fino a Java!&lt;/p&gt;
</description>
    </item>
    
  </channel>
</rss>