<?xml version="1.0" encoding="utf-8" standalone="yes" ?>
<rss version="2.0" xmlns:atom="http://www.w3.org/2005/Atom">
  <channel>
      <title>2000 Años Luz on Letraspedia.com thes best lyrics page </title>
    <link>http://letraspedia.com/artist/2000-a%C3%B1os-luz/</link>
    <language>en-US</language>
    <author>Enthusiastic Hugo User</author>
    <rights>Copyright (c) 2014, Enthusiastic Hugo User; all rights reserved.</rights>
    <updated>Mon, 01 Sep 2008 00:00:00 UTC</updated>
    
    <item>
      <title> Adolescencia</title>
      <link>http://letraspedia.com/lyric/2000-anos-luz-adolescencia/</link>
      <pubDate>Mon, 01 Sep 2008 00:00:00 UTC</pubDate>
      <author>Enthusiastic Hugo User</author>
      <guid>http://letraspedia.com/lyric/2000-anos-luz-adolescencia/</guid>
      <description>&lt;p&gt;Con 16 años yo aprendi a no boludear
&lt;br&gt;hay tiempo para todo,pero nunca iremos mas alla
&lt;br&gt;mi Mamà me dice Nico no me jodas mas
&lt;br&gt;mi Papà me dice Nico no me llames mas
&lt;br&gt;
&lt;br&gt;Entonces yo me fumo,
&lt;br&gt;entonces escucho Punk Rock
&lt;br&gt;y si no estoy loco,vamos todos a fumar
&lt;br&gt;
&lt;br&gt;Veo todo verde,pajaros cantar
&lt;br&gt;no se si estoy fumado, pero es una realidad
&lt;br&gt;
&lt;br&gt;Entonces yo me fumo,
&lt;br&gt;entonces escucho punk rock
&lt;br&gt;y si no estoy loco,vamos todos a fumar&lt;/p&gt;
</description>
    </item>
    
    <item>
      <title> Un Dia Mas</title>
      <link>http://letraspedia.com/lyric/2000-anos-luz-un-dia-mas/</link>
      <pubDate>Mon, 01 Sep 2008 00:00:00 UTC</pubDate>
      <author>Enthusiastic Hugo User</author>
      <guid>http://letraspedia.com/lyric/2000-anos-luz-un-dia-mas/</guid>
      <description>&lt;p&gt;Es un dia en el que trato
&lt;br&gt;de hacer la cosas bien
&lt;br&gt;de poner mi cabeza en orden
&lt;br&gt;pero siempre esta esa persona que
&lt;br&gt;arruina todo lo bueno de mi.
&lt;br&gt;
&lt;br&gt;Todo lo bueno que hice ya no esta,
&lt;br&gt;todo se fue a la mierda
&lt;br&gt;mis intenciones no son buenas.
&lt;br&gt;
&lt;br&gt;Mis pensamientos son oscuros
&lt;br&gt;mis ideas llenas de maldad
&lt;br&gt;solo quiero saber si algun dia
&lt;br&gt;tendre la posibilidad de
&lt;br&gt;tener el control sobre mi.
&lt;br&gt;
&lt;br&gt;Todo lo bueno que hice ya no esta,
&lt;br&gt;todo se fue a la mierda
&lt;br&gt;mis intenciones no son buenas.
&lt;br&gt;
&lt;br&gt;Ahora solo quiero pensar
&lt;br&gt;en el daño que puedo causar
&lt;br&gt;solo para verte sufrir de la misma
&lt;br&gt;manera que sufri por tu culpa.&lt;/p&gt;
</description>
    </item>
    
  </channel>
</rss>