<?xml version="1.0" encoding="utf-8" standalone="yes" ?>
<rss version="2.0" xmlns:atom="http://www.w3.org/2005/Atom">
  <channel>
      <title>3 Of A Kind on Letraspedia.com thes best lyrics page </title>
    <link>http://letraspedia.com/artist/3-of-a-kind/</link>
    <language>en-US</language>
    <author>Enthusiastic Hugo User</author>
    <rights>Copyright (c) 2014, Enthusiastic Hugo User; all rights reserved.</rights>
    <updated>Mon, 01 Sep 2008 00:00:00 UTC</updated>
    
    <item>
      <title> Baby Cakes</title>
      <link>http://letraspedia.com/lyric/3-of-a-kind-baby-cakes/</link>
      <pubDate>Mon, 01 Sep 2008 00:00:00 UTC</pubDate>
      <author>Enthusiastic Hugo User</author>
      <guid>http://letraspedia.com/lyric/3-of-a-kind-baby-cakes/</guid>
      <description>&lt;p&gt;I just want you to know oh oh&lt;br /&gt;that i think our love will grow yeah yeah&lt;br /&gt;Baby cakes&lt;br /&gt;you just don&amp;#39;t know, know&lt;br /&gt;how i i &lt;br /&gt;i like it down low&lt;br /&gt;and i just want you to know&lt;br /&gt;that i think i love will grow&lt;br /&gt;will take it step by step&lt;br /&gt;because i&amp;#39;m not something you own [x2]&lt;br /&gt;Confused don&amp;#39;t know what i&amp;#39;m feeling&lt;br /&gt;confused relationships without meaning&lt;br /&gt;in the mist i can see it gleaming&lt;br /&gt;time to wake up and stop the dreaming&lt;br /&gt;coz your my lil baby cakes&lt;br /&gt;and i know you got what it takes&lt;br /&gt;the way you make me feel &lt;br /&gt;the way that i am&lt;br /&gt;when you talk to you friends &lt;br /&gt;and you call me your man&lt;br /&gt;im gonna tell you right now &lt;br /&gt;that i appriciate it&lt;br /&gt;your the one for me&lt;br /&gt;your the real s**t&lt;br /&gt;you was right there from the start&lt;br /&gt;when i was lost you helped me find my mark&lt;br /&gt;tell her i gotta thank you thank you &lt;br /&gt;through the bad times i jus picture me and you&lt;br /&gt;with our fun time whether funs loaded&lt;br /&gt;there&amp;#39;s just one thing i want you to know&lt;br /&gt;I just want you to know oh oh&lt;br /&gt;that i think our love will grow yeah yeah &lt;br /&gt;Baby cakes&lt;br /&gt;you just don&amp;#39;t know, know&lt;br /&gt;how i i &lt;br /&gt;i like it down low&lt;br /&gt;and i just want you to know&lt;br /&gt;that i think i love will grow&lt;br /&gt;will take it step by step&lt;br /&gt;because i&amp;#39;m not something you own [x2]&lt;br /&gt;Lovin every minute &lt;br /&gt;just you and me&lt;br /&gt;and i&amp;#39;m still dreaming&lt;br /&gt;you&amp;#39;d be my baby&lt;br /&gt;maybe there&amp;#39;s a possibility&lt;br /&gt;we grow old together live happily&lt;br /&gt;and your grave&lt;br /&gt;bring out the tiger in me&lt;br /&gt;he says do i never need cursing me&lt;br /&gt;your the man for me &lt;br /&gt;the one who thinks what will life be like&lt;br /&gt;if our eyes never met&lt;br /&gt;and they say it&amp;#39;s a song for everyone&lt;br /&gt;at the first sight you know it&amp;#39;s love&lt;br /&gt;see the person and you can&amp;#39;t be hostile&lt;br /&gt;coz you got butterflies in ya belly&lt;br /&gt;that&amp;#39;s why i like a different dimension&lt;br /&gt;coz you can&amp;#39;t help it but feel the affections&lt;br /&gt;sexual tention physical attractions&lt;br /&gt;instant flip flirtation actions&lt;br /&gt;I just want you to know oh oh&lt;br /&gt;that i think our love wil grow yeah yeah&lt;br /&gt;Baby cakes&lt;br /&gt;you just don&amp;#39;t know, know&lt;br /&gt;how i i &lt;br /&gt;i like it down low&lt;br /&gt;and i just want you to know&lt;br /&gt;that i think i love will grow&lt;br /&gt;will take it step by step&lt;br /&gt;because i&amp;#39;m not something you own [x2]&lt;br /&gt;I i got to know [x4]&lt;br /&gt;The way you look at me &lt;br /&gt;yeah you pull me closer&lt;br /&gt;our bodies together&lt;br /&gt;under the cover&lt;br /&gt;soft kisses&lt;br /&gt;with ya hands all over&lt;br /&gt;if i have to cry&lt;br /&gt;then ya cry on my shoulder&lt;br /&gt;can&amp;#39;t get enough &lt;br /&gt;when you loosen my neck&lt;br /&gt;goes down to my belly&lt;br /&gt;carress my breast&lt;br /&gt;well ship your body&lt;br /&gt;like you were a godess&lt;br /&gt;your the man for me&lt;br /&gt;need 2 gimmie the best&lt;br /&gt;your the number one for me&lt;br /&gt;and it&amp;#39;s no contest&lt;br /&gt;for any other man &lt;br /&gt;who got no interest&lt;br /&gt;loving you &lt;br /&gt;whenever it&amp;#39;s wrong or right&lt;br /&gt;i&amp;#39;m thinking of you &lt;br /&gt;everyday and night&lt;br /&gt;people don&amp;#39;t get the wrong idea&lt;br /&gt;it&amp;#39;s about us so don&amp;#39;t interfere&lt;br /&gt;the way you look at me&lt;br /&gt;cakes its gotta be&lt;br /&gt;when your out &lt;br /&gt;when your stood right next to me&lt;br /&gt;I just want you to know oh oh&lt;br /&gt;that i think i&amp;#39;ll have a go yeah yeah [x4]&lt;br /&gt;Baby cakes&lt;br /&gt;you just don&amp;#39;t know, know&lt;br /&gt;how i i &lt;br /&gt;i like it down low&lt;br /&gt;and i just want you to know&lt;br /&gt;that i think i love will grow&lt;br /&gt;will take it step by step&lt;br /&gt;because i&amp;#39;m not something you own [x2]&lt;br /&gt;&lt;br&gt;&lt;/p&gt;
</description>
    </item>
    
  </channel>
</rss>