<?xml version="1.0" encoding="utf-8" standalone="yes" ?>
<rss version="2.0" xmlns:atom="http://www.w3.org/2005/Atom">
  <channel>
      <title>2be3 on Letraspedia.com thes best lyrics page </title>
    <link>http://letraspedia.com/artist/2be3/</link>
    <language>en-US</language>
    <author>Enthusiastic Hugo User</author>
    <rights>Copyright (c) 2014, Enthusiastic Hugo User; all rights reserved.</rights>
    <updated>Mon, 01 Sep 2008 00:00:00 UTC</updated>
    
    <item>
      <title> Even If</title>
      <link>http://letraspedia.com/lyric/2be3-even-if/</link>
      <pubDate>Mon, 01 Sep 2008 00:00:00 UTC</pubDate>
      <author>Enthusiastic Hugo User</author>
      <guid>http://letraspedia.com/lyric/2be3-even-if/</guid>
      <description>&lt;p&gt;Even if the sun refused to shine&lt;br /&gt;even if we lived in different times&lt;br /&gt;even if the ocean left the sea&lt;br /&gt;there would still be you and me&lt;br /&gt;Ever since the start of time&lt;br /&gt;you&amp;#39;ve had my love (oh yeah)&lt;br /&gt;even before i knew your name&lt;br /&gt;i knew your heart (oh girl)&lt;br /&gt;in the dark of the darkest night&lt;br /&gt;i can see your face (yeah)&lt;br /&gt;i always knew from the very start&lt;br /&gt;i would find a way&lt;br /&gt;[chorus]&lt;br /&gt;even if the sun refused to shine&lt;br /&gt;even if we lived in differrent times&lt;br /&gt;even if the ocean left the sea&lt;br /&gt;there would still be you and me&lt;br /&gt;Even if the world would disappear&lt;br /&gt;even if the clouds would shed no tears&lt;br /&gt;even if tonite was juz a dream&lt;br /&gt;there would still be you and me&lt;br /&gt;You&amp;#39;ve always been there and you&amp;#39;ll always will be&lt;br /&gt;the only one (oh yeah)&lt;br /&gt;until forever you hold me girl (until forever)&lt;br /&gt;i&amp;#39;ll never know (ohh..)&lt;br /&gt;in the cold of a winter&amp;#39;s chill&lt;br /&gt;i&amp;#39;ll be there tomorrow (oh&amp;#39;ll)&lt;br /&gt;oh girl, and here you are with me for all of time&lt;br /&gt;no matter what&lt;br /&gt;[chorus]&lt;br /&gt;Two hearts that belong together&lt;br /&gt;from the very start&lt;br /&gt;one love, now and forever&lt;br /&gt;nothing can tear us apart&lt;br /&gt;[chorus 2x]&lt;br /&gt;&lt;br&gt;&lt;/p&gt;
</description>
    </item>
    
    <item>
      <title> Excuse My French</title>
      <link>http://letraspedia.com/lyric/2be3-excuse-my-french/</link>
      <pubDate>Mon, 01 Sep 2008 00:00:00 UTC</pubDate>
      <author>Enthusiastic Hugo User</author>
      <guid>http://letraspedia.com/lyric/2be3-excuse-my-french/</guid>
      <description>&lt;p&gt;Je t&amp;#39;adore, je t&amp;#39;adore&lt;br /&gt;when you walk&lt;br /&gt;through the door&lt;br /&gt;voulez-vous, voulez-vous&lt;br /&gt;i wanna be with you&lt;br /&gt;c&amp;#39;est la vie&lt;br /&gt;c&amp;#39;est la vie&lt;br /&gt;you were made for me&lt;br /&gt;ah ah ah ah&lt;br /&gt;the time has come and&lt;br /&gt;this is the night&lt;br /&gt;i&amp;#39;m gonna make my move&lt;br /&gt;get everything right&lt;br /&gt;i&amp;#39;m gonna drive the sweet&lt;br /&gt;of you an champane on ice&lt;br /&gt;i&amp;#39;ll be your sugar and spice&lt;br /&gt;and everything nice&lt;br /&gt;I may not be&lt;br /&gt;what you had in mind&lt;br /&gt;but if i get my act together&lt;br /&gt;it&amp;#39;s just a matter time&lt;br /&gt;I&amp;#39;m gonna tap&lt;br /&gt;on your shoulder&lt;br /&gt;i&amp;#39;m from a long time&lt;br /&gt;to hold ya&lt;br /&gt;showin&amp;#39; you that&lt;br /&gt;you need a lover&lt;br /&gt;who can be&lt;br /&gt;so smooth never met&lt;br /&gt;So fine that&lt;br /&gt;i&amp;#39;ll drive you crazy&lt;br /&gt;that way i&amp;#39;ll make&lt;br /&gt;you my baby&lt;br /&gt;dang, girl excuse my french&lt;br /&gt;i can&amp;#39;t believe how good&lt;br /&gt;you look to me&lt;br /&gt;dang, girl excuse my french&lt;br /&gt;i can&amp;#39;t believe how good&lt;br /&gt;you look to me&lt;br /&gt;Well here we are&lt;br /&gt;movin&amp;#39; to the beat&lt;br /&gt;i feel like a foolish dancer&lt;br /&gt;with two left feet&lt;br /&gt;i seem to fall flat on my face&lt;br /&gt;&amp;#39;cause when it comes to love &lt;br /&gt;i feel so out of place&lt;br /&gt;I&amp;#39;m try to be&lt;br /&gt;the man of your dreams&lt;br /&gt;but every time i look at you&lt;br /&gt;i get off from the seat and fall&lt;br /&gt;I&amp;#39;m gonna tap on your shoulder&lt;br /&gt;i&amp;#39;m from a long time to hold ya&lt;br /&gt;showin&amp;#39; you that you need a lover&lt;br /&gt;who can be so smooth never met&lt;br /&gt;So fine that&lt;br /&gt;i&amp;#39;ll drive you crazy&lt;br /&gt;that way i&amp;#39;ll make&lt;br /&gt;you my baby&lt;br /&gt;dang, girl excuse my french&lt;br /&gt;i can&amp;#39;t believe&lt;br /&gt;how good you look to me&lt;br /&gt;dang, girl excuse my french&lt;br /&gt;i can&amp;#39;t believe&lt;br /&gt;how good you look to me&lt;br /&gt;Don&amp;#39;t be afraid of me&lt;br /&gt;i&amp;#39;m just up and&lt;br /&gt;tangled in your aura&lt;br /&gt;girl shinin&amp;#39; for your love&lt;br /&gt;Je t&amp;#39;adore, je t&amp;#39;adore&lt;br /&gt;when you walk&lt;br /&gt;through the door&lt;br /&gt;voulez-vous, voulez-vous&lt;br /&gt;i wanna be with you&lt;br /&gt;c&amp;#39;est la vie,&lt;br /&gt;c&amp;#39;est la vie&lt;br /&gt;you were made for me&lt;br /&gt;ah ah ah ah&lt;br /&gt;I&amp;#39;m gonna tap&lt;br /&gt;on your shoulder&lt;br /&gt;i&amp;#39;m from a long time&lt;br /&gt;to hold ya&lt;br /&gt;showin you that&lt;br /&gt;you need a lover&lt;br /&gt;who can be so smooth&lt;br /&gt;never met&lt;br /&gt;So fine that&lt;br /&gt;i&amp;#39;ll drive you crazy&lt;br /&gt;that way i&amp;#39;ll make&lt;br /&gt;you my baby&lt;br /&gt;dang, girl excuse my french&lt;br /&gt;i can&amp;#39;t believe&lt;br /&gt;how good you look to me&lt;br /&gt;dang, girl excuse my french&lt;br /&gt;i can&amp;#39;t believe&lt;br /&gt;how good you look to me&lt;br /&gt;Can&amp;#39;t believe&lt;br /&gt;how good you look to me&lt;br /&gt;&lt;br&gt;&lt;/p&gt;
</description>
    </item>
    
  </channel>
</rss>