<?xml version="1.0" encoding="utf-8" standalone="yes" ?>
<rss version="2.0" xmlns:atom="http://www.w3.org/2005/Atom">
  <channel>
      <title>10 De Base on Letraspedia.com thes best lyrics page </title>
    <link>http://letraspedia.com/artist/10-de-base/</link>
    <language>en-US</language>
    <author>Enthusiastic Hugo User</author>
    <rights>Copyright (c) 2014, Enthusiastic Hugo User; all rights reserved.</rights>
    <updated>Mon, 01 Sep 2008 00:00:00 UTC</updated>
    
    <item>
      <title> Pido Libertad</title>
      <link>http://letraspedia.com/lyric/10-de-base-pido-libertad/</link>
      <pubDate>Mon, 01 Sep 2008 00:00:00 UTC</pubDate>
      <author>Enthusiastic Hugo User</author>
      <guid>http://letraspedia.com/lyric/10-de-base-pido-libertad/</guid>
      <description>&lt;p&gt;Domingo tres de la tarde
&lt;br&gt;horario de visita
&lt;br&gt;yo esperando mi madre
&lt;br&gt;que traiga la noticia,
&lt;br&gt;de como esta mi hija.,
&lt;br&gt;y yo aqui encerrado
&lt;br&gt;entre cuatros paredes
&lt;br&gt;pidiendo que un dia me dejen salir&amp;hellip;
&lt;br&gt;
&lt;br&gt;Entre abrazos y besos
&lt;br&gt;entre guardias y rejas
&lt;br&gt;ella empieza a contarme
&lt;br&gt;lo biem que la aconseja
&lt;br&gt;que ya camina solita
&lt;br&gt;y hasta dicho mi nombre,
&lt;br&gt;y me trajo una foto
&lt;br&gt;que cuando la veo
&lt;br&gt;me pongo a llorar&amp;hellip;
&lt;br&gt;
&lt;br&gt;Y llorando me despido de mamá,
&lt;br&gt;esperando que me vuelva a visitar.,
&lt;br&gt;enfrentando la realidad,
&lt;br&gt;de no poder salir en libertad
&lt;br&gt;se me parte el alma cuando la veo llorar.;
&lt;br&gt;
&lt;br&gt;Y llorando me despido de mamá,
&lt;br&gt;esperando que me vuelva a visitar.,
&lt;br&gt;enfrentando la realidad
&lt;br&gt;de no poder salir en libertad,
&lt;br&gt;se me parte el alma cuando la veo llorar&amp;hellip;
&lt;br&gt;
&lt;br&gt;
&lt;br&gt;&lt;/p&gt;
</description>
    </item>
    
  </channel>
</rss>