<?xml version="1.0" encoding="utf-8" standalone="yes" ?>
<rss version="2.0" xmlns:atom="http://www.w3.org/2005/Atom">
  <channel>
      <title>3lau on Letraspedia.com thes best lyrics page </title>
    <link>http://letraspedia.com/artist/3lau/</link>
    <language>en-US</language>
    <author>Enthusiastic Hugo User</author>
    <rights>Copyright (c) 2014, Enthusiastic Hugo User; all rights reserved.</rights>
    <updated>Mon, 01 Sep 2008 00:00:00 UTC</updated>
    
    <item>
      <title> Escape</title>
      <link>http://letraspedia.com/lyric/3lau-escape/</link>
      <pubDate>Mon, 01 Sep 2008 00:00:00 UTC</pubDate>
      <author>Enthusiastic Hugo User</author>
      <guid>http://letraspedia.com/lyric/3lau-escape/</guid>
      <description>&lt;p&gt;Free your, free your, oh yeah,
&lt;br&gt;Free your, free your, oh ha.
&lt;br&gt;
&lt;br&gt;Theres not time for fate theres just us,
&lt;br&gt;And all that we create turns to dust,
&lt;br&gt;So what you gonna leave behind,
&lt;br&gt;Show me what you keep locked inside,
&lt;br&gt;You got to free your mind,
&lt;br&gt;Free your mind,
&lt;br&gt;Free your mind.
&lt;br&gt;
&lt;br&gt;Theres no better place here and now,
&lt;br&gt;We can lose our way and still be found,
&lt;br&gt;So what you gonna leave behind,
&lt;br&gt;Show me what you keep locked inside,
&lt;br&gt;You got to free your mind,
&lt;br&gt;Free your mind,
&lt;br&gt;You got to free your mind&amp;hellip;
&lt;br&gt;
&lt;br&gt;Free your, free your,
&lt;br&gt;Free your, free your mind.&lt;/p&gt;
</description>
    </item>
    
    <item>
      <title> How You Love Me</title>
      <link>http://letraspedia.com/lyric/3lau-how-you-love-me/</link>
      <pubDate>Mon, 01 Sep 2008 00:00:00 UTC</pubDate>
      <author>Enthusiastic Hugo User</author>
      <guid>http://letraspedia.com/lyric/3lau-how-you-love-me/</guid>
      <description>&lt;p&gt;Nobody&amp;rsquo;s perfect I&amp;rsquo;ll never try,
&lt;br&gt;But I promise I&amp;rsquo;m worth it if you just open up your eyes,
&lt;br&gt;I don&amp;rsquo;t need a second chance,
&lt;br&gt;I need a friend,
&lt;br&gt;Someone who&amp;rsquo;s gon&amp;rsquo; stand by me right there till the end,
&lt;br&gt;If you want the best of my heart, you&amp;rsquo;ve just gotta see the good in me.
&lt;br&gt;
&lt;br&gt;&amp;lsquo;Cause I could be the rain in your desert sky,
&lt;br&gt;I could be the fire in your darkest night,
&lt;br&gt;I could be your curse or your angel,
&lt;br&gt;It&amp;rsquo;s all in how you love me.
&lt;br&gt;
&lt;br&gt;I could be your sun when it&amp;rsquo;s cold outside,
&lt;br&gt;I could be your rock when there&amp;rsquo;s nowhere to hide,
&lt;br&gt;I could be your curse or your angel,
&lt;br&gt;It&amp;rsquo;s all in how you love me.
&lt;br&gt;
&lt;br&gt;It&amp;rsquo;s how you love me.
&lt;br&gt;
&lt;br&gt;You get what you give, that&amp;rsquo;s the simple truth.
&lt;br&gt;So, just lend me your hand and I&amp;rsquo;ll give you someone to hold onto.
&lt;br&gt;
&lt;br&gt;I don&amp;rsquo;t need a second chance,
&lt;br&gt;I need a friend,
&lt;br&gt;Someone who&amp;rsquo;s gon&amp;rsquo; stand by me right there till the end,
&lt;br&gt;If you want the best of my heart, you&amp;rsquo;ve just gotta see the good in me.
&lt;br&gt;
&lt;br&gt;&amp;lsquo;Cause I could be the rain in your desert sky,
&lt;br&gt;I could be the fire in your darkest night,
&lt;br&gt;I could be your curse or your angel,
&lt;br&gt;It&amp;rsquo;s all in how you love me.
&lt;br&gt;
&lt;br&gt;I could be your sun when it&amp;rsquo;s cold outside,
&lt;br&gt;I could be your rock when there&amp;rsquo;s nowhere to hide,
&lt;br&gt;I could be your curse or your angel,
&lt;br&gt;It&amp;rsquo;s all in how you love me.
&lt;br&gt;
&lt;br&gt;It&amp;rsquo;s how you love me.
&lt;br&gt;
&lt;br&gt;Oh, you know I could be the rain in your desert sky,
&lt;br&gt;I could be the fire in your darkest night,
&lt;br&gt;I could be your curse or your angel,
&lt;br&gt;It&amp;rsquo;s all in how you love me.
&lt;br&gt;
&lt;br&gt;It&amp;rsquo;s all in how you love me.&lt;/p&gt;
</description>
    </item>
    
    <item>
      <title> How You Love Me (en Español)</title>
      <link>http://letraspedia.com/lyric/3lau-how-you-love-me-en-espanol/</link>
      <pubDate>Mon, 01 Sep 2008 00:00:00 UTC</pubDate>
      <author>Enthusiastic Hugo User</author>
      <guid>http://letraspedia.com/lyric/3lau-how-you-love-me-en-espanol/</guid>
      <description>&lt;p&gt;Nadie es perfecto Yo nunca lo intento
&lt;br&gt;
&lt;br&gt;Pero te prometo que valgo la pena si solo abres los ojos
&lt;br&gt;
&lt;br&gt;No necesito una segunda oportunidad, necesito una amiga
&lt;br&gt;
&lt;br&gt;Alguien quien va estar justo ahi hasta la mera final
&lt;br&gt;
&lt;br&gt;Si quieres ver lo mejor de mi corazon solo tienes que ver lo bueno de mi
&lt;br&gt;
&lt;br&gt;Porque yo podria ser la lluvia de tu cielo desierto
&lt;br&gt;
&lt;br&gt;Podria ser el fuego en tus noches mas oscuras
&lt;br&gt;
&lt;br&gt;Puedo ser tu maldicion o tu angel.
&lt;br&gt;Todo depende de como me ames.
&lt;br&gt;
&lt;br&gt;Puedo ser tu sol cuando afuera hace frio
&lt;br&gt;Puedo ser tu roca cuando no hay donde te escondas
&lt;br&gt;
&lt;br&gt;Puedo ser tu maldicion o tu angel.
&lt;br&gt;Todo depende de como me ames.
&lt;br&gt;
&lt;br&gt;De como me ames.
&lt;br&gt;
&lt;br&gt;2
&lt;br&gt;Recibes lo que das, eso es la simple verdad.
&lt;br&gt;Asi que solo dame tu mano y te dare a quien sostenerte
&lt;br&gt;
&lt;br&gt;No necesito una segunda oportunidad, necesito una amiga.
&lt;br&gt;Alguien quien va estar justo ahi hasta la mera final
&lt;br&gt;Si quieres ver lo mejor de mi corazon solo tienes que ver lo bueno de mi
&lt;br&gt;
&lt;br&gt;Porque yo podria ser la lluvia de tu cielo desierto
&lt;br&gt;Podria ser el fuego en tus noches mas oscuras
&lt;br&gt;Puedo ser tu maldicion o tu angel.
&lt;br&gt;Todo depende de como me ames.
&lt;br&gt;
&lt;br&gt;Puedo ser tu sol cuando afuera hace frio afuera.
&lt;br&gt;Puedo ser tu roca cuando no hay donde te escondas.
&lt;br&gt;Puedo ser tu maldicion o tu angel
&lt;br&gt;Todo depende de como me ames
&lt;br&gt;
&lt;br&gt;De como me ames
&lt;br&gt;
&lt;br&gt;Oh, sabes yo podria ser la lluvia de tu cielo desierto
&lt;br&gt;Podria ser el fuego en tus noches mas oscuras
&lt;br&gt;Puedo ser tu maldicion o tu angel.
&lt;br&gt;Todo depende de como me ames.
&lt;br&gt;
&lt;br&gt;De como me ames&lt;/p&gt;
</description>
    </item>
    
  </channel>
</rss>