<?xml version="1.0" encoding="utf-8" standalone="yes" ?>
<rss version="2.0" xmlns:atom="http://www.w3.org/2005/Atom">
  <channel>
      <title>2pac  Scarface on Letraspedia.com thes best lyrics page </title>
    <link>http://letraspedia.com/artist/2pac--scarface/</link>
    <language>en-US</language>
    <author>Enthusiastic Hugo User</author>
    <rights>Copyright (c) 2014, Enthusiastic Hugo User; all rights reserved.</rights>
    <updated>Mon, 01 Sep 2008 00:00:00 UTC</updated>
    
    <item>
      <title> Smile</title>
      <link>http://letraspedia.com/lyric/2pac-scarface-smile/</link>
      <pubDate>Mon, 01 Sep 2008 00:00:00 UTC</pubDate>
      <author>Enthusiastic Hugo User</author>
      <guid>http://letraspedia.com/lyric/2pac-scarface-smile/</guid>
      <description>&lt;p&gt;Smile: 2pac &amp;amp; scarface&lt;br /&gt;2pac:&lt;br /&gt;there&amp;#39;s gonna&amp;#39; be some stuff that your gonna&amp;#39; see&lt;br /&gt;that&amp;#39;s gonna&amp;#39; make it hard to smile in the future&lt;br /&gt;(no doubt)&lt;br /&gt;but whatever you see, through all the rain and pain&lt;br /&gt;you gotta keep a sense of humor&lt;br /&gt;gotta be able to smile through all this bullshit&lt;br /&gt;remember that&lt;br /&gt;just keep ya head up&lt;br /&gt;Our lifestyles be close caption&lt;br /&gt;addicted to fatal attraction&lt;br /&gt;pictures and actions be played back&lt;br /&gt;in the mist of mashin&amp;#39;&lt;br /&gt;no fairytales for this young black male&lt;br /&gt;some see me stranded in this land of hell&lt;br /&gt;jail and crack cells&lt;br /&gt;???? culture&lt;br /&gt;or the repercussion&lt;br /&gt;while bustin&amp;#39; on back-stabbing vultures&lt;br /&gt;sellin&amp;#39; my soul&lt;br /&gt;for material wishes&lt;br /&gt;fast cars and bitches&lt;br /&gt;wishin&amp;#39; i live my life a legend&lt;br /&gt;immortalized in pictures&lt;br /&gt;why shed tears, save your sympathy&lt;br /&gt;my childhood years&lt;br /&gt;was spend burying my peers in the cemetery&lt;br /&gt;here&amp;#39;s a message to the newborns&lt;br /&gt;waiting to breath:&lt;br /&gt;&amp;quot;if you believe&lt;br /&gt;you can achieve, just look at me&amp;quot;&lt;br /&gt;against all odds&lt;br /&gt;though life is hard, we carry on&lt;br /&gt;living in the projects&lt;br /&gt;broke with no lights on&lt;br /&gt;to all the g&amp;#39;s that follow me&lt;br /&gt;protect your essence&lt;br /&gt;born with less but your still precious&lt;br /&gt;just smile for me now&lt;br /&gt;Chorus:&lt;br /&gt;ohhh won&amp;#39;t you smile for me&lt;br /&gt;(2pac: just smile for me now)&lt;br /&gt;ohhh won&amp;#39;t you smile for me&lt;br /&gt;(nigga you black, smile for me now)&lt;br /&gt;ohhh won&amp;#39;t you smile for me&lt;br /&gt;(you ain&amp;#39;t got nothin&amp;#39; to worry about)&lt;br /&gt;(smile for me now)&lt;br /&gt;ohhh won&amp;#39;t you smile for me&lt;br /&gt;(and the next generation)&lt;br /&gt;Scarface:&lt;br /&gt;now as i open up my story&lt;br /&gt;with the blaze of your blunt&lt;br /&gt;so you can picture thoughts slowly&lt;br /&gt;upon phrases i run&lt;br /&gt;and i can walk you through the days that it done&lt;br /&gt;i often wish that i can save everyone&lt;br /&gt;but i&amp;#39;m a dreamer&lt;br /&gt;have you ever seen a nigga&lt;br /&gt;who was strong in the game?&lt;br /&gt;over-looking his tomorrows&lt;br /&gt;and they finally came&lt;br /&gt;look back on childhood memories&lt;br /&gt;and i&amp;#39;m still feelin&amp;#39; the pain&lt;br /&gt;turnin&amp;#39; circles in my 9th grade&lt;br /&gt;dealin&amp;#39; cocaine&lt;br /&gt;to many hassles in my local lights&lt;br /&gt;survivin&amp;#39; the strain&lt;br /&gt;and a man without a focused life&lt;br /&gt;could drive him insane&lt;br /&gt;stuck inside a ghetto fantasy&lt;br /&gt;hopin&amp;#39; it&amp;#39;d change&lt;br /&gt;but we&amp;#39;re not focused on reality&lt;br /&gt;we broken in jane&lt;br /&gt;had a dream of livin&amp;#39; wealthy&lt;br /&gt;makin&amp;#39; it big&lt;br /&gt;over football&lt;br /&gt;????&lt;br /&gt;what take it&lt;br /&gt;he did&lt;br /&gt;and after all my mama&amp;#39;s thankin&amp;#39; god&lt;br /&gt;for blessing her child&lt;br /&gt;all my mama gotz to do now is collect&lt;br /&gt;and then smile&lt;br /&gt;(2pac: smile)&lt;br /&gt;Chorus:&lt;br /&gt;ohhh won&amp;#39;t you smile for me&lt;br /&gt;(smile for me now)&lt;br /&gt;2pac:&lt;br /&gt;fuck tha world&lt;br /&gt;as we unload, we witness furious speeds&lt;br /&gt;un-answered questions keep us all stressin&amp;#39;&lt;br /&gt;curious g&amp;#39;s&lt;br /&gt;back stabbed and bleeding&lt;br /&gt;crooked thoughts&lt;br /&gt;laced with weed&lt;br /&gt;learnin&amp;#39;, duckin&amp;#39; stray shots&lt;br /&gt;bullets be hot&lt;br /&gt;they burnin&amp;#39;&lt;br /&gt;inhale the shurm smoke&lt;br /&gt;visualize the flames&lt;br /&gt;will i be smothered by my own pain?&lt;br /&gt;strange wisdom&amp;#39;s&lt;br /&gt;cowards conversate&amp;#39;&lt;br /&gt;so quick to dis&amp;#39; us&lt;br /&gt;takin&amp;#39; pictures for the fedz&lt;br /&gt;in desperate hopes they get us&lt;br /&gt;hit us all, give us plenty centuries&lt;br /&gt;forgive my stance&lt;br /&gt;sense i entered many penitentiaries&lt;br /&gt;the best revenge&lt;br /&gt;is fuck friends&lt;br /&gt;we military minded souljahs&lt;br /&gt;bustin&amp;#39; shots blindly&lt;br /&gt;trying to find jahova&lt;br /&gt;to help me&lt;br /&gt;somebody save me&lt;br /&gt;lost and crazy&lt;br /&gt;scared to drop a seed&lt;br /&gt;hopin&amp;#39; i ain&amp;#39;t cursed babies&lt;br /&gt;maybe now&lt;br /&gt;niggaz feel me now&lt;br /&gt;picture my pain&lt;br /&gt;embrace my words&lt;br /&gt;make the world change&lt;br /&gt;and still i smile nigga&lt;br /&gt;Chorus till fade&amp;hellip;.&lt;br /&gt;(background singer till fade)&lt;br /&gt;By justin p&lt;br /&gt;&lt;/p&gt;
</description>
    </item>
    
  </channel>
</rss>