<?xml version="1.0" encoding="utf-8" standalone="yes" ?>
<rss version="2.0" xmlns:atom="http://www.w3.org/2005/Atom">
  <channel>
      <title>3ra Dimension on Letraspedia.com thes best lyrics page </title>
    <link>http://letraspedia.com/artist/3ra-dimension/</link>
    <language>en-US</language>
    <author>Enthusiastic Hugo User</author>
    <rights>Copyright (c) 2014, Enthusiastic Hugo User; all rights reserved.</rights>
    <updated>Mon, 01 Sep 2008 00:00:00 UTC</updated>
    
    <item>
      <title> Mi Princesa De Amor</title>
      <link>http://letraspedia.com/lyric/3ra-dimension-mi-princesa-de-amor/</link>
      <pubDate>Mon, 01 Sep 2008 00:00:00 UTC</pubDate>
      <author>Enthusiastic Hugo User</author>
      <guid>http://letraspedia.com/lyric/3ra-dimension-mi-princesa-de-amor/</guid>
      <description>&lt;p&gt;Princesa De Amor
&lt;br&gt;
&lt;br&gt;(Leo)
&lt;br&gt;Solo escucha
&lt;br&gt;Desde aquel momento
&lt;br&gt;En que te marchastes
&lt;br&gt;Vivo en agonia y tristeza
&lt;br&gt;Las cosas (jeee)
&lt;br&gt;No han sido faciles para mi
&lt;br&gt;Lo ironico de todo esto
&lt;br&gt;Es que
&lt;br&gt;Cada vez que pienso en ti
&lt;br&gt;Mi cuerpo y mi alma
&lt;br&gt;Se invaden de felicidad
&lt;br&gt;Sera porque siemplemente TU
&lt;br&gt;Eres la mujer que mas amo
&lt;br&gt;Mi Princesa
&lt;br&gt;
&lt;br&gt;(Emmanuel)
&lt;br&gt;
&lt;br&gt;Miro al cielo y te veo
&lt;br&gt;El amor llego en mi todo lo se
&lt;br&gt;Por ti daria todo
&lt;br&gt;todo y enloquecer
&lt;br&gt;Esa noche sentiii
&lt;br&gt;Que tu eras para mi no me arrepiento
&lt;br&gt;Tu seras la dueña de mis pensamientos
&lt;br&gt;
&lt;br&gt;(Jesus)
&lt;br&gt;CORO
&lt;br&gt;Eres mi princesa de amor
&lt;br&gt;La dueña de mi corazon
&lt;br&gt;Y me tienes todo envuelto
&lt;br&gt;La que con sus labios de miel
&lt;br&gt;Me eriza toda la piel
&lt;br&gt;Y me tienes todo
&lt;br&gt;Envuelto De Amor
&lt;br&gt;
&lt;br&gt;(Leo)
&lt;br&gt;
&lt;br&gt;You are my queen And
&lt;br&gt;I see you in my Dream´s
&lt;br&gt;Tal parece que este cuento
&lt;br&gt;Llego a su fin
&lt;br&gt;Que ya no eres mi reina
&lt;br&gt;Tampoco mi princesa
&lt;br&gt;Pero dime como sacarte
&lt;br&gt;De mi cabeza
&lt;br&gt;
&lt;br&gt;(Jay dee)
&lt;br&gt;
&lt;br&gt;Pa no pensar en ti
&lt;br&gt;Pa olvidarme de ti
&lt;br&gt;Si todas mis canciones solo
&lt;br&gt;Hablan de tiii YEAHH
&lt;br&gt;De ti de ti de tiii
&lt;br&gt;
&lt;br&gt;(Diego)
&lt;br&gt;
&lt;br&gt;Es que yo pienso y pienso
&lt;br&gt;Y no me cabe en la cabeza
&lt;br&gt;Cuando fue el momento que perdi a mi princesa
&lt;br&gt;Aun recuerdo yo su aroma
&lt;br&gt;Y yo besando su piel Ummm
&lt;br&gt;Como te extraño Mujer
&lt;br&gt;
&lt;br&gt;(Jesus)
&lt;br&gt;CORO
&lt;br&gt;Eres mi princesa de amor
&lt;br&gt;La dueña de mi corazon
&lt;br&gt;Y me tienes todo envuelto
&lt;br&gt;La que con sus labios de miel
&lt;br&gt;Me eriza toda la piel
&lt;br&gt;Y me tienes todo
&lt;br&gt;Envuelto De Amor
&lt;br&gt;
&lt;br&gt;(Leo)
&lt;br&gt;Vente conmigo
&lt;br&gt;En mi camino
&lt;br&gt;Y montate en la alfombra de aladino AJA
&lt;br&gt;Yo lloro noche y dia
&lt;br&gt;Por tenerte en mi vida AJA
&lt;br&gt;Eres mi reina Tu la consentida
&lt;br&gt;
&lt;br&gt;(Jay Dee)
&lt;br&gt;
&lt;br&gt;Tu eres mi luna
&lt;br&gt;Eres mi sol
&lt;br&gt;Mi mayor ilusion
&lt;br&gt;La que me inspirado esta cancion
&lt;br&gt;
&lt;br&gt;(Frank)
&lt;br&gt;
&lt;br&gt;Cuando yo estaba contigo
&lt;br&gt;No sufria la ansiedad
&lt;br&gt;Pero ahora que tu te has ido
&lt;br&gt;Me mata la soledad
&lt;br&gt;ay vuelve pronto
&lt;br&gt;Mami mira que te necesito
&lt;br&gt;Ay vuelte pronto que sin ti
&lt;br&gt;Yo me debilito
&lt;br&gt;
&lt;br&gt;(Leo)
&lt;br&gt;
&lt;br&gt;Eres mi princesa y te digo la neta MI AMOR
&lt;br&gt;Por ti voy corriendo directo hacia la meta
&lt;br&gt;Y aunque ande con la nueva Ak 18 y la TERCERA
&lt;br&gt;En mi corazon
&lt;br&gt;Tu eres la primera
&lt;br&gt;
&lt;br&gt;(Jesus)
&lt;br&gt;CORO
&lt;br&gt;Eres mi princesa de amor
&lt;br&gt;La dueña de mi corazon
&lt;br&gt;Y me tienes todo envuelto
&lt;br&gt;La que con sus labios de miel
&lt;br&gt;Me eriza toda la piel
&lt;br&gt;Y me tienes todo
&lt;br&gt;Envuelto De Amor
&lt;br&gt;Y me tienes todo envuelto
&lt;br&gt;De amorrr
&lt;br&gt;Y me tienes todo envuelto
&lt;br&gt;De amorrr&lt;/p&gt;
</description>
    </item>
    
    <item>
      <title>Jame Tocarte</title>
      <link>http://letraspedia.com/lyric/3ra-dimension-dejame-tocarte/</link>
      <pubDate>Mon, 01 Sep 2008 00:00:00 UTC</pubDate>
      <author>Enthusiastic Hugo User</author>
      <guid>http://letraspedia.com/lyric/3ra-dimension-dejame-tocarte/</guid>
      <description>&lt;p&gt;Dejame Tocarte
&lt;br&gt;
&lt;br&gt;3era Dimensión tres talentos un destino
&lt;br&gt;
&lt;br&gt;(Emmanuel)
&lt;br&gt;
&lt;br&gt;Quiero verte y sentirte
&lt;br&gt;Con mis dedos rosar tu piel
&lt;br&gt;La verdad mi amor
&lt;br&gt;No dejemos que el orgullo afecte
&lt;br&gt;Nuestro sentimiento
&lt;br&gt;
&lt;br&gt;(Jay Dee)
&lt;br&gt;
&lt;br&gt;Coro (2)
&lt;br&gt;
&lt;br&gt;No puede ser que por temor Evite Lo que siento
&lt;br&gt;Olvida todo fue un error Escucha no te miento
&lt;br&gt;Dejame entrarte y tocarte todo tu cuerpo
&lt;br&gt;Q la distancia entre tu y yo fue solo un tiempo
&lt;br&gt;
&lt;br&gt;(Emmanuel)
&lt;br&gt;
&lt;br&gt;Ella   eyyy
&lt;br&gt;No la conocía
&lt;br&gt;Y con su mirada ella me envolvía
&lt;br&gt;Su tono de voz tiene sinfonía
&lt;br&gt;Al oído me hablaba
&lt;br&gt;con su dulce melodía
&lt;br&gt;y al tiempo tiempo
&lt;br&gt;se fue dando el momento
&lt;br&gt;nos fuimos conociendo
&lt;br&gt;Y expresando sentimiento
&lt;br&gt;Distancia
&lt;br&gt;Ya se acabo la confianza
&lt;br&gt;En ti todo es venganza
&lt;br&gt;Existe una esperanza
&lt;br&gt;
&lt;br&gt;(Jay Dee)
&lt;br&gt;
&lt;br&gt;Coro  (2)
&lt;br&gt;
&lt;br&gt;No puede ser que por temor Evite Lo que siento
&lt;br&gt;Olvida todo fue un error Escucha no te miento
&lt;br&gt;Dejame entrarte y tocarte todo tu cuerpo
&lt;br&gt;Q la distancia entre tu y yo fue solo un tiempo
&lt;br&gt;
&lt;br&gt;(Emmanuel)
&lt;br&gt;
&lt;br&gt;3 2 One jaa
&lt;br&gt;Piénsalo
&lt;br&gt;Que tu y yo nos queremos analízalo
&lt;br&gt;No pierdas mas el tiempo eso compruébalo
&lt;br&gt;Aun nos extrañamos eso confiezalo (analizalo)
&lt;br&gt;No niegues q te gusta y te facina a ti mi ritmo
&lt;br&gt;Si no estas a mi lado  mi flow ya no es el mismo
&lt;br&gt;Deja el dramatismo y el fucking egoismo
&lt;br&gt;Baby hoy me siento en un avismo
&lt;br&gt;
&lt;br&gt;(Diego)
&lt;br&gt;
&lt;br&gt;Si una vez yo sentí el calor de tu piel
&lt;br&gt;déjame como ayer sentir yo ese  calooor
&lt;br&gt;Mi amor solos los dos
&lt;br&gt;Vamos a sentirlo tu y yo
&lt;br&gt;Si una vez yo sentí el calor de tu piel
&lt;br&gt;déjame como ayer sentir yo ese  calooor
&lt;br&gt;Mi amor solos los dos
&lt;br&gt;Vamos a sentirlo tu y yo
&lt;br&gt;
&lt;br&gt;Morrocoy no sube palo ni que le
&lt;br&gt;Pongan escaleras jaja
&lt;br&gt;Eso está dicho ya
&lt;br&gt;La 3era Dimensión junto a la Potencia de Venezuela Calibu
&lt;br&gt;
&lt;br&gt;(Jay Dee)
&lt;br&gt;
&lt;br&gt;No puede ser que por temor Evite Lo que siento
&lt;br&gt;Olvida todo fue un error Escucha no te miento
&lt;br&gt;Dejame entrarte y tocarte todo tu cuerpo
&lt;br&gt;Q la distancia entre tu y yo fue solo un tiempo
&lt;br&gt;
&lt;br&gt;(Diego)
&lt;br&gt;
&lt;br&gt;Si una vez yo sentí el calor de tu piel
&lt;br&gt;déjame como ayer sentir yo ese  calor
&lt;br&gt;Mi amor solos los dos
&lt;br&gt;Vamos a sentirlo tú y yo.&lt;/p&gt;
</description>
    </item>
    
  </channel>
</rss>