<?xml version="1.0" encoding="utf-8" standalone="yes" ?>
<rss version="2.0" xmlns:atom="http://www.w3.org/2005/Atom">
  <channel>
      <title>112 Featuring P. Diddy on Letraspedia.com thes best lyrics page </title>
    <link>http://letraspedia.com/artist/112-featuring-p/index.-diddy/</link>
    <language>en-US</language>
    <author>Enthusiastic Hugo User</author>
    <rights>Copyright (c) 2014, Enthusiastic Hugo User; all rights reserved.</rights>
    <updated>Mon, 01 Sep 2008 00:00:00 UTC</updated>
    
    <item>
      <title> All I Want Is You</title>
      <link>http://letraspedia.com/lyric/112-featuring-p-diddy-all-i-want-is-you/</link>
      <pubDate>Mon, 01 Sep 2008 00:00:00 UTC</pubDate>
      <author>Enthusiastic Hugo User</author>
      <guid>http://letraspedia.com/lyric/112-featuring-p-diddy-all-i-want-is-you/</guid>
      <description>&lt;p&gt;20002000
&lt;br&gt;112112
&lt;br&gt;And we won t stop
&lt;br&gt;Cause we can t stop
&lt;br&gt;No we won t stop
&lt;br&gt;Cause we can t stop
&lt;br&gt;I heard you got
&lt;br&gt;Plenty of money
&lt;br&gt;Plenty of clothes
&lt;br&gt;An escaladea Porsche
&lt;br&gt;And a house on a hill
&lt;br&gt;A platinum watch
&lt;br&gt;Platinum rinds
&lt;br&gt;Platinum cards
&lt;br&gt;A condo in Beverly Hills
&lt;br&gt;And they say that
&lt;br&gt;You re a millionaire
&lt;br&gt;But baby I don t really care
&lt;br&gt;Cause I just want
&lt;br&gt;For you to see that
&lt;br&gt;All I want is you
&lt;br&gt;I heard you got Gucci belts
&lt;br&gt;To match ya boots
&lt;br&gt;Versace wearChanel
&lt;br&gt;And Fendi suits
&lt;br&gt;Purple light Benz
&lt;br&gt;Purple light Lexus coupe
&lt;br&gt;And you make sure
&lt;br&gt;Ya friends are bout it to
&lt;br&gt;And you say that
&lt;br&gt;You re a millionaire
&lt;br&gt;But baby I don t really care
&lt;br&gt;Cause I just want you
&lt;br&gt;To see that
&lt;br&gt;All I want is you
&lt;br&gt;[CHORUS:]
&lt;br&gt;All I really want is you
&lt;br&gt;Believe it
&lt;br&gt;Cause what I say is true
&lt;br&gt;Not interested in
&lt;br&gt;What you do
&lt;br&gt;Cause all I really want is you
&lt;br&gt;I heard you got
&lt;br&gt;Sexy eyessexy lips
&lt;br&gt;Sexy feetyou got
&lt;br&gt;Sex appeal
&lt;br&gt;The way you
&lt;br&gt;Wear your hair
&lt;br&gt;The way you dress
&lt;br&gt;And girl the way you
&lt;br&gt;Make me feel
&lt;br&gt;Makes me want
&lt;br&gt;You more and more
&lt;br&gt;You re everything
&lt;br&gt;I m lookin for
&lt;br&gt;And I just need for you
&lt;br&gt;To see that
&lt;br&gt;All I want is you
&lt;br&gt;Baby I love your personality
&lt;br&gt;I think you re everything
&lt;br&gt;A woman should be
&lt;br&gt;Like picture out of a magazine
&lt;br&gt;Or a vision from
&lt;br&gt;My wildest dreams
&lt;br&gt;Makes me want you
&lt;br&gt;More and more
&lt;br&gt;You re everything
&lt;br&gt;I m lookin for
&lt;br&gt;And I just need for you
&lt;br&gt;To see that all
&lt;br&gt;I really want is you
&lt;br&gt;[Repeat chorus five times]&lt;/p&gt;
</description>
    </item>
    
    <item>
      <title> Cupid</title>
      <link>http://letraspedia.com/lyric/112-featuring-p-diddy-cupid/</link>
      <pubDate>Mon, 01 Sep 2008 00:00:00 UTC</pubDate>
      <author>Enthusiastic Hugo User</author>
      <guid>http://letraspedia.com/lyric/112-featuring-p-diddy-cupid/</guid>
      <description>&lt;p&gt;Everybody put your hands together
&lt;br&gt;Whooo
&lt;br&gt;mmmm
&lt;br&gt;yeah
&lt;br&gt;Girl I love you so
&lt;br&gt;112
&lt;br&gt;listen
&lt;br&gt;Girl if I told you I love you
&lt;br&gt;That doesn t mean that I don t care
&lt;br&gt;oooh
&lt;br&gt;And when I tell you I need you
&lt;br&gt;Don t you think that I ll never be there
&lt;br&gt;ooooh
&lt;br&gt;1 - Baby I m so tired of the way you turn my words into
&lt;br&gt;Deception and lies
&lt;br&gt;Don t misunderstand me when I try to speak my mind
&lt;br&gt;I m only saying what s in my heart
&lt;br&gt;2 - Cupid doesn t lie
&lt;br&gt;But you won t know unless you give it a try
&lt;br&gt;Oh baby
&lt;br&gt;true love
&lt;br&gt;won t lie but we won t know unless we give it a try
&lt;br&gt;give it a try
&lt;br&gt;Girl when I ask you to trust me
&lt;br&gt;That doesn t mean that I m gonna cheat on you
&lt;br&gt;Cuz I m gonna never do anything to hurt you
&lt;br&gt;Or mislead you
&lt;br&gt;I love you
&lt;br&gt;Repeat 1
&lt;br&gt;Repeat 2
&lt;br&gt;Ain t no doubt about it
&lt;br&gt;Lord no
&lt;br&gt;I really mean it
&lt;br&gt;I rather die before
&lt;br&gt;before I lie to you
&lt;br&gt;Never wanna leave ya
&lt;br&gt;Ain t no life without you
&lt;br&gt;Never gonna leave
&lt;br&gt;never gonna go
&lt;br&gt;no
&lt;br&gt;No
&lt;br&gt;no
&lt;br&gt;no
&lt;br&gt;no
&lt;br&gt;no
&lt;br&gt;no
&lt;br&gt;no
&lt;br&gt;ohhhh
&lt;br&gt;Repeat 2
&lt;br&gt;Repeat until fade&lt;/p&gt;
</description>
    </item>
    
    <item>
      <title> Na Na Na</title>
      <link>http://letraspedia.com/lyric/112-featuring-p-diddy-na-na-na/</link>
      <pubDate>Mon, 01 Sep 2008 00:00:00 UTC</pubDate>
      <author>Enthusiastic Hugo User</author>
      <guid>http://letraspedia.com/lyric/112-featuring-p-diddy-na-na-na/</guid>
      <description>&lt;p&gt;[Supercat]
&lt;br&gt;This is the Long Long He Love fe the gal demNaNaNa Na
&lt;br&gt;The Rapper Don and 112 he nah gon stay pon the shelf.
&lt;br&gt;I wanna see you rock that ass
&lt;br&gt;Rock that ass
&lt;br&gt;Rock that ass
&lt;br&gt;Rock that ass
&lt;br&gt;Work your body body
&lt;br&gt;Work your body body
&lt;br&gt;Work your body body
&lt;br&gt;Work your body body
&lt;br&gt;Change positions
&lt;br&gt;Change positions
&lt;br&gt;Change positions
&lt;br&gt;New position
&lt;br&gt;I want a new position
&lt;br&gt;Twirk it for me
&lt;br&gt;Twirk it for me
&lt;br&gt;Twirk it for me
&lt;br&gt;Twirk it for me
&lt;br&gt;[Q]
&lt;br&gt;Come a little closer baby
&lt;br&gt;Girl I want to feel your body
&lt;br&gt;Lead you right next to me
&lt;br&gt;We can be the life of the party
&lt;br&gt;I just wanna let you know
&lt;br&gt;I love the way your movin
&lt;br&gt;Never wanna let you go
&lt;br&gt;Never wanna stop the music
&lt;br&gt;[Chorus:]
&lt;br&gt;Girl Na Na Na Na
&lt;br&gt;You don t know what you doin to me
&lt;br&gt;Girl you lookin so sexy
&lt;br&gt;When you doin the dance for me
&lt;br&gt;Hey we goin Na Na Na Na
&lt;br&gt;You don t know what you doin to me
&lt;br&gt;Girl you lookin so sexy
&lt;br&gt;When you doin the dance for me
&lt;br&gt;[Slim]
&lt;br&gt;Now that I ve got you babe
&lt;br&gt;Know we gotta keep it sexy
&lt;br&gt;Touchin all over me
&lt;br&gt;Baby it s ecstasy
&lt;br&gt;Lady won t you take my hand
&lt;br&gt;Let s go to VIP I don t think you understand
&lt;br&gt;What you are doin to me
&lt;br&gt;[Chorus:]
&lt;br&gt;Girl Na Na Na Na
&lt;br&gt;You don t know what you doin to me
&lt;br&gt;Girl you lookin so sexy
&lt;br&gt;When you doin the dance for me
&lt;br&gt;Hey we goin Na Na Na Na
&lt;br&gt;You don know what you doin to me
&lt;br&gt;Girl you lookin so sexy
&lt;br&gt;When you doin that dance for me
&lt;br&gt;I wanna see you rock that ass
&lt;br&gt;Rock that ass
&lt;br&gt;Rock that ass
&lt;br&gt;Rock that ass
&lt;br&gt;Work your body body
&lt;br&gt;Work your body body
&lt;br&gt;Work your body body
&lt;br&gt;Work your body body
&lt;br&gt;Change positions
&lt;br&gt;Change positions
&lt;br&gt;New positions
&lt;br&gt;I want a new position
&lt;br&gt;Twirk it for me
&lt;br&gt;Twirk it for me
&lt;br&gt;Twirk it for me
&lt;br&gt;Twirk it for me
&lt;br&gt;[Supercat]
&lt;br&gt;I m hollerin at this shorty
&lt;br&gt;This hot cutie beautie
&lt;br&gt;Tell me said that she was the managing duty
&lt;br&gt;She said she come in about work 10:30
&lt;br&gt;Tell her fe come a Room 112 and check me
&lt;br&gt;Between you and I we re havin a private party
&lt;br&gt;Sittin me down on the bed that means you re ready to strip me
&lt;br&gt;Jump off her coat and she take off the Vicki night
&lt;br&gt;Yard them gal them love the backshot
&lt;br&gt;Prima gal them love the backshot
&lt;br&gt;S&amp;hellip; gal them lovely said love and me said
&lt;br&gt;Put pon the shoulder gon touch head back
&lt;br&gt;ATL girl them make them lock
&lt;br&gt;Me said New York gal love it all like a yak non-stop
&lt;br&gt;A rapper dapper bounce back feel where the pepper come from blaze up the shot
&lt;br&gt;[Chorus:]
&lt;br&gt;Girl Na Na Na Na
&lt;br&gt;You don t know what you doin to me
&lt;br&gt;Girl you lookin so sexy
&lt;br&gt;When you doin the dance for me
&lt;br&gt;Hey we goin Na Na Na Na
&lt;br&gt;You don know what you doin to me
&lt;br&gt;Girl you lookin so sexy
&lt;br&gt;When you doin the dance for me
&lt;br&gt;I wanna see you rock that ass
&lt;br&gt;Rock that ass
&lt;br&gt;Rock that ass
&lt;br&gt;Rock that ass
&lt;br&gt;Work your body body
&lt;br&gt;Work your body body
&lt;br&gt;Work your body body
&lt;br&gt;Work your body body
&lt;br&gt;Change positions
&lt;br&gt;Change positions
&lt;br&gt;Change positions
&lt;br&gt;New position
&lt;br&gt;I want a new position
&lt;br&gt;Twirk it for me
&lt;br&gt;Twirk it for me
&lt;br&gt;Twirk it for me
&lt;br&gt;Twirk it for me
&lt;br&gt;[Chorus:]
&lt;br&gt;Girl Na Na Na Na
&lt;br&gt;You don t know what you doin to me
&lt;br&gt;Girl you lookin so sexy
&lt;br&gt;When you doin the dance for me
&lt;br&gt;Hey we goin Na Na Na Na
&lt;br&gt;You don know what you doin to me
&lt;br&gt;Girl you lookin so sexy
&lt;br&gt;When you doin the dance for me&lt;/p&gt;
</description>
    </item>
    
    <item>
      <title> Peaches &amp; Cream (remix)</title>
      <link>http://letraspedia.com/lyric/112-featuring-p-diddy-peaches-cream-remix/</link>
      <pubDate>Mon, 01 Sep 2008 00:00:00 UTC</pubDate>
      <author>Enthusiastic Hugo User</author>
      <guid>http://letraspedia.com/lyric/112-featuring-p-diddy-peaches-cream-remix/</guid>
      <description>&lt;p&gt;[p. diddy]&lt;br /&gt;yeah, yeah&lt;br /&gt;i like the way it&amp;#39;s goin down (that&amp;#39;s that shit right there)&lt;br /&gt;c&amp;#39;mon, c&amp;#39;mon (that&amp;#39;s that shit right there)&lt;br /&gt;for all my ladies (that&amp;#39;s that shit right there)&lt;br /&gt;bad boy baby (that&amp;#39;s that shit right there)&lt;br /&gt;i got that peaches and cream (that&amp;#39;s that shit right there)&lt;br /&gt;peaches and cream&lt;br /&gt;it&amp;#39;s the p the u the f the f&lt;br /&gt;From the car to the bar, from the bar to the telly&lt;br /&gt;from your neck to ya bra, ya bra to your belly&lt;br /&gt;and she know, where pd go, f to e go, catch me below &lt;br /&gt;her belt like a foul boxer&lt;br /&gt;she a freak, but she sweet so i can&amp;#39;t knock her&lt;br /&gt;i just push her legs back til she propped up&lt;br /&gt;tongue have her singin high notes like an opera&lt;br /&gt;and i don&amp;#39;t waste a drop til i taste the spot&lt;br /&gt;give me chills but i make it hot (hot)&lt;br /&gt;watch; i&amp;#39;ma prove in time, i&amp;#39;ma make ya lose your mind&lt;br /&gt;in a lengua smooth as mine&lt;br /&gt;and i never question what hon&amp;#39; do&lt;br /&gt;when she meet me, she knock on door 1,1,2&lt;br /&gt;from the 404 to 212&lt;br /&gt;you got peaches and cream, ma, where&amp;#39;s my school, c&amp;#39;mon!&lt;br /&gt;[slim]&lt;br /&gt;let me tell you what i wanna do&lt;br /&gt;let me show you that i&amp;#39;m feelin&amp;#39; you&lt;br /&gt;wanna sex, wanna ride with you&lt;br /&gt;wanna taste, wanna put my lips all over you&lt;br /&gt;can&amp;#39;t get enough of you&lt;br /&gt;always thinkin of you&lt;br /&gt;so sweet, so very wet&lt;br /&gt;so good, girl you make me sweat&lt;br /&gt;girl i&amp;#39;m talkin&amp;#39; &amp;#39;bout&lt;br /&gt;1 - peaches and cream&lt;br /&gt;i need it cause you know that i&amp;#39;m a fiend&lt;br /&gt;gettin&amp;#39; freaky in my bentley limousine&lt;br /&gt;it&amp;#39;s even better when it&amp;#39;s with ice cream&lt;br /&gt;know what i mean&lt;br /&gt;Peaches and cream&lt;br /&gt;i need it cause you know that i&amp;#39;m a fiend&lt;br /&gt;gettin&amp;#39; freaky in my bentley limousine&lt;br /&gt;it&amp;#39;s even better when it&amp;#39;s with ice cream&lt;br /&gt;know what i mean, peaches and cream&lt;br /&gt;[q]&lt;br /&gt;i never thought that i would be&lt;br /&gt;so addicted to you&lt;br /&gt;on top, underneath, on the side of you&lt;br /&gt;better yet, baby, inside of you&lt;br /&gt;love the way you&amp;#39;re just flowin down&lt;br /&gt;and i can feel it all around&lt;br /&gt;in the front, in the back of you&lt;br /&gt;ooh i love the taste of you&lt;br /&gt;girl you know what i&amp;#39;m talking about&lt;br /&gt;Repeat 1&lt;br /&gt;Won&amp;#39;t stop girl you know i can&amp;#39;t get enough&lt;br /&gt;wanna taste it in the morning when i&amp;#39;m wakin up&lt;br /&gt;like peach cobbler in my stomach when i eat it up&lt;br /&gt;got your legs around my neck so i can&amp;#39;t get up&lt;br /&gt;see the boys 112 we from the a&amp;#39;&lt;br /&gt;(a&amp;#39; - shorty we don&amp;#39;t play)&lt;br /&gt;and when it comes to eating peaches, shorty we don&amp;#39;t play&lt;br /&gt;so all the ladies in the house if your peach the shit&lt;br /&gt;put your hands in the air represent your clique&lt;br /&gt;Repeat 1&lt;br /&gt;repeat 1&lt;br /&gt;2 - oh girl i need it&lt;br /&gt;i gotta have it&lt;br /&gt;it&amp;#39;s always on my mind&lt;br /&gt;know what i mean&lt;br /&gt;peaches and cream&lt;br /&gt;i like it in my car&lt;br /&gt;or even in my bed&lt;br /&gt;or baby on the stairs&lt;br /&gt;know what i mean&lt;br /&gt;peaches and cream&lt;br /&gt;Repeat 2&lt;br /&gt;repeat 1 to fade&lt;br /&gt;&lt;br&gt;&lt;/p&gt;
</description>
    </item>
    
    <item>
      <title> Smile</title>
      <link>http://letraspedia.com/lyric/112-featuring-p-diddy-smile/</link>
      <pubDate>Mon, 01 Sep 2008 00:00:00 UTC</pubDate>
      <author>Enthusiastic Hugo User</author>
      <guid>http://letraspedia.com/lyric/112-featuring-p-diddy-smile/</guid>
      <description>&lt;p&gt;Another night and it seems that
&lt;br&gt;You made you cry yourself to sleep
&lt;br&gt;Reminiscing on how it began
&lt;br&gt;You found pleasure in this man
&lt;br&gt;You fell like you ll never leave
&lt;br&gt;For his life now you wanna lead
&lt;br&gt;Give me just one chance
&lt;br&gt;Cause I can believe that I can make you smile
&lt;br&gt;I know a thousand times
&lt;br&gt;You sit alone and cry
&lt;br&gt;You don t deserve it
&lt;br&gt;Cause I can believe that I can make you smile
&lt;br&gt;Tranquillity the misery
&lt;br&gt;Any day will it ever cease?
&lt;br&gt;Here s my shoulder it s okay to cry
&lt;br&gt;Cause I know how make it right
&lt;br&gt;Cause you feel like you wanna leave
&lt;br&gt;For his life now you won t lead
&lt;br&gt;Baby give me one chance
&lt;br&gt;Cause I can believe that I can make you smile
&lt;br&gt;I know a thousand times
&lt;br&gt;You sat alone and cry
&lt;br&gt;You don t deserve it
&lt;br&gt;Cause I can believe that I can make you smile
&lt;br&gt;Whoaa
&lt;br&gt;I never never make you cry
&lt;br&gt;So pretty baby dry your eyes
&lt;br&gt;I never never make you cry
&lt;br&gt;I promise baby your to precious
&lt;br&gt;I never never make you cry
&lt;br&gt;So pretty baby dry your eyes
&lt;br&gt;I never never make you cry
&lt;br&gt;Cause I believe that I can make you smile
&lt;br&gt;I know a thousand times
&lt;br&gt;You sat alone and cry
&lt;br&gt;You don t deserve it
&lt;br&gt;I believe that I can make you smile
&lt;br&gt;I know a thousand times
&lt;br&gt;You sat alone and cry
&lt;br&gt;Girl you don t deserve it
&lt;br&gt;I believe that I can make you smile
&lt;br&gt;I never never make you cry
&lt;br&gt;So pretty baby dry your eyes
&lt;br&gt;I never never make you cry
&lt;br&gt;So pretty baby dry your eyes
&lt;br&gt;For ever and ever oh yeah I believe..&lt;/p&gt;
</description>
    </item>
    
    <item>
      <title> You Letter</title>
      <link>http://letraspedia.com/lyric/112-featuring-p-diddy-you-letter/</link>
      <pubDate>Mon, 01 Sep 2008 00:00:00 UTC</pubDate>
      <author>Enthusiastic Hugo User</author>
      <guid>http://letraspedia.com/lyric/112-featuring-p-diddy-you-letter/</guid>
      <description>&lt;p&gt;I saw a letter lying on tha floor.
&lt;br&gt;I couldn t help but look inside.
&lt;br&gt;Thought it was something you must ve left&amp;hellip;
&lt;br&gt;left there for me to find.
&lt;br&gt;All the words were on that page.
&lt;br&gt;All my dreams came true that day&amp;hellip;
&lt;br&gt;I found
&lt;br&gt;your letter&amp;hellip;
&lt;br&gt;your letter&amp;hellip;
&lt;br&gt;It said you loved me but you didn t know the words to say
&lt;br&gt;It said you never knew that you could ever feel this way.
&lt;br&gt;It said you only wished someday that I would feel the same.
&lt;br&gt;In your letter
&lt;br&gt;your letter.
&lt;br&gt;I guess it just never occurred to me&amp;hellip;
&lt;br&gt;that you would feel the way I do.
&lt;br&gt;You kept the sweetest secret from my heart.
&lt;br&gt;You kept those feelings in&amp;hellip;
&lt;br&gt;No you never showed a sign.
&lt;br&gt;Give me proof to what I find&amp;hellip;
&lt;br&gt;inside your letter.
&lt;br&gt;your letter.
&lt;br&gt;It said you loved me but you didn t know the words to say.
&lt;br&gt;It said you never knew that you could ever feel this way.
&lt;br&gt;It said you only wished someday that I would feel the same.
&lt;br&gt;In your letter
&lt;br&gt;your letter.
&lt;br&gt;I was so happy that I almost cried.
&lt;br&gt;To think that you could think of me that way.
&lt;br&gt;It s like it s led my sweetest dream
&lt;br&gt;and may that dream come true
&lt;br&gt;I would be with you&amp;hellip;
&lt;br&gt;always&amp;hellip;
&lt;br&gt;I saw a name I didn t recognize.
&lt;br&gt;I felt the tears gone to my eyes.
&lt;br&gt;Seeing that the love that you ve been longing for
&lt;br&gt;was another love not mine.
&lt;br&gt;No you never showed a sign
&lt;br&gt;but it was rite there in the light
&lt;br&gt;inside your letter
&lt;br&gt;you letter.
&lt;br&gt;It said you loved him but you didn t know the words to say.
&lt;br&gt;It said you never knew that you could ever feel this way.
&lt;br&gt;It said you only wished someday that he would feel the same.
&lt;br&gt;In your letter
&lt;br&gt;your letter.
&lt;br&gt;I saw a letter lying on tha floor
&lt;br&gt;I&amp;hellip;. found&amp;hellip; your letter&amp;hellip;
&lt;br&gt;it said&amp;hellip;&lt;/p&gt;
</description>
    </item>
    
  </channel>
</rss>