<?xml version="1.0" encoding="utf-8" standalone="yes" ?>
<rss version="2.0" xmlns:atom="http://www.w3.org/2005/Atom">
  <channel>
      <title>1 De Kal on Letraspedia.com thes best lyrics page </title>
    <link>http://letraspedia.com/artist/1-de-kal/</link>
    <language>en-US</language>
    <author>Enthusiastic Hugo User</author>
    <rights>Copyright (c) 2014, Enthusiastic Hugo User; all rights reserved.</rights>
    <updated>Mon, 01 Sep 2008 00:00:00 UTC</updated>
    
    <item>
      <title> A Menear</title>
      <link>http://letraspedia.com/lyric/1-de-kal-a-menear/</link>
      <pubDate>Mon, 01 Sep 2008 00:00:00 UTC</pubDate>
      <author>Enthusiastic Hugo User</author>
      <guid>http://letraspedia.com/lyric/1-de-kal-a-menear/</guid>
      <description>&lt;p&gt;Y ahora quien te mueve más?
&lt;br&gt;una d kal
&lt;br&gt;quien te mueve más?
&lt;br&gt;una de kal
&lt;br&gt;
&lt;br&gt;este ritmo esta re piola pa&amp;rsquo; bailar
&lt;br&gt;este ritmo etsa re piola pa&amp;rsquo; bailar
&lt;br&gt;pero primero paso por el corralón
&lt;br&gt;a buscar una de kal
&lt;br&gt;a buscar una de kal
&lt;br&gt;
&lt;br&gt;este ritmo esta re piola pa&amp;rsquo; bailar
&lt;br&gt;este ritmo etsa re piola pa&amp;rsquo; bailar
&lt;br&gt;pero primero paso por el corralón
&lt;br&gt;a buscar una de kal
&lt;br&gt;a buscar una de kal
&lt;br&gt;
&lt;br&gt;y nos vamos de gira
&lt;br&gt;moveindo las manos de acá para alla
&lt;br&gt;y nos vamos de gira
&lt;br&gt;moveindo las manos de acá para alla
&lt;br&gt;
&lt;br&gt;y ahora bailando la cumbia
&lt;br&gt;bailo sin parar
&lt;br&gt;esta carpa baila que te hace gozar
&lt;br&gt;vamos todos a bailar
&lt;br&gt;
&lt;br&gt;y ahora bailando, yo bailo la cumbia
&lt;br&gt;bailo sin parar
&lt;br&gt;esta carpa baila que te hace gozar
&lt;br&gt;vamos todos a bailar
&lt;br&gt;vamos todos a bailar
&lt;br&gt;
&lt;br&gt;y ahora quien te mueve más?
&lt;br&gt;una d kal
&lt;br&gt;quien te mueve más?
&lt;br&gt;una de kal
&lt;br&gt;
&lt;br&gt;y ahora quien te mueve más?
&lt;br&gt;una d kal
&lt;br&gt;quien te mueve más?
&lt;br&gt;una de kal
&lt;br&gt;
&lt;br&gt;este ritmo esta re piola pa&amp;rsquo; bailar
&lt;br&gt;este ritmo etsa re piola pa&amp;rsquo; bailar
&lt;br&gt;pero primero paso por el corralón
&lt;br&gt;a buscar una de kal
&lt;br&gt;a buscar una de kal
&lt;br&gt;
&lt;br&gt;este ritmo esta re piola pa&amp;rsquo; bailar
&lt;br&gt;este ritmo etsa re piola pa&amp;rsquo; bailar
&lt;br&gt;pero primero paso por el corralón
&lt;br&gt;a buscar una de kal
&lt;br&gt;a buscar una de kal
&lt;br&gt;
&lt;br&gt;y nos vamos de gira
&lt;br&gt;moveindo las manos de acá para alla
&lt;br&gt;y nos vamos de gira
&lt;br&gt;moveindo las manos de acá para alla
&lt;br&gt;
&lt;br&gt;y ahora bailando la cumbia
&lt;br&gt;bailo sin parar
&lt;br&gt;esta carpa baila que te hace gozar
&lt;br&gt;vamos todos a bailar
&lt;br&gt;
&lt;br&gt;y ahora bailando, yo bailo la cumbia
&lt;br&gt;bailo sin parar
&lt;br&gt;esta carpa baila que te hace gozar
&lt;br&gt;vamos todos a bailar
&lt;br&gt;vamos todos a bailar&lt;/p&gt;
</description>
    </item>
    
    <item>
      <title> Alta Gira</title>
      <link>http://letraspedia.com/lyric/1-de-kal-alta-gira/</link>
      <pubDate>Mon, 01 Sep 2008 00:00:00 UTC</pubDate>
      <author>Enthusiastic Hugo User</author>
      <guid>http://letraspedia.com/lyric/1-de-kal-alta-gira/</guid>
      <description>&lt;p&gt;Y ahora quien te hace bailar?
&lt;br&gt;una de kal!
&lt;br&gt;y quien te hace bailar?
&lt;br&gt;una de kal!
&lt;br&gt;
&lt;br&gt;sabado a la noche
&lt;br&gt;comienza la joda
&lt;br&gt;me voy para el baile
&lt;br&gt;el esta todo piola
&lt;br&gt;
&lt;br&gt;junto a mis amigos
&lt;br&gt;para ir a bailar
&lt;br&gt;con alta gira vamos a empezar
&lt;br&gt;
&lt;br&gt;yo traigo mi ritmo
&lt;br&gt;bailemo mi cumbia
&lt;br&gt;con todos los pibes
&lt;br&gt;vamos a llegar
&lt;br&gt;
&lt;br&gt;de lejos la cumbia se escucha sonando
&lt;br&gt;porque una de kal
&lt;br&gt;pronto va empezar
&lt;br&gt;
&lt;br&gt;que suene una cumbia
&lt;br&gt;para empezar a bailar
&lt;br&gt;si no bailo la cumbia
&lt;br&gt;como voy a delirar
&lt;br&gt;
&lt;br&gt;y las pibas relocas
&lt;br&gt;comienzan a bailar
&lt;br&gt;y las pibas relocas
&lt;br&gt;comienzan a menear
&lt;br&gt;
&lt;br&gt;moviendo la cola
&lt;br&gt;moviendo ese tajo
&lt;br&gt;las pibas relocas
&lt;br&gt;menean para abajo
&lt;br&gt;
&lt;br&gt;moviendo la cola
&lt;br&gt;moviendo ese tajo
&lt;br&gt;las pibas relocas
&lt;br&gt;menean para abajo
&lt;br&gt;
&lt;br&gt;(se repite todo)&lt;/p&gt;
</description>
    </item>
    
    <item>
      <title> Asi</title>
      <link>http://letraspedia.com/lyric/1-de-kal-asi/</link>
      <pubDate>Mon, 01 Sep 2008 00:00:00 UTC</pubDate>
      <author>Enthusiastic Hugo User</author>
      <guid>http://letraspedia.com/lyric/1-de-kal-asi/</guid>
      <description>&lt;p&gt;Y ahora quien te hace bailar?
&lt;br&gt;una de kal!
&lt;br&gt;y quien te hace bailar?
&lt;br&gt;una de kal!
&lt;br&gt;
&lt;br&gt;mira como se mueve
&lt;br&gt;mira como se agacha
&lt;br&gt;menea la colita
&lt;br&gt;me mata su mirada
&lt;br&gt;
&lt;br&gt;esa piba se mueve
&lt;br&gt;pa delante y pa atras
&lt;br&gt;menea la colita
&lt;br&gt;sin parar
&lt;br&gt;
&lt;br&gt;todos la miran
&lt;br&gt;la quieren tocar
&lt;br&gt;menea la colita
&lt;br&gt;pa delante y pa atras
&lt;br&gt;
&lt;br&gt;asi&amp;hellip;asi!
&lt;br&gt;
&lt;br&gt;muy despacio, va bajando
&lt;br&gt;y su colita va meneando, meneando
&lt;br&gt;para arriba, mas arriba
&lt;br&gt;asi, asi
&lt;br&gt;
&lt;br&gt;(se repite todo)&lt;/p&gt;
</description>
    </item>
    
    <item>
      <title> Ay Mamacita</title>
      <link>http://letraspedia.com/lyric/1-de-kal-ay-mamacita/</link>
      <pubDate>Mon, 01 Sep 2008 00:00:00 UTC</pubDate>
      <author>Enthusiastic Hugo User</author>
      <guid>http://letraspedia.com/lyric/1-de-kal-ay-mamacita/</guid>
      <description>&lt;p&gt;Y ahora quien te hace bailar?
&lt;br&gt;una de kal!
&lt;br&gt;y quien te hace bailar?
&lt;br&gt;una de kal!
&lt;br&gt;
&lt;br&gt;ay mamacita como me acuerdo
&lt;br&gt;que bailamos y bailamos hasta cansarnos
&lt;br&gt;tirame unos besos (tirame unos besos)
&lt;br&gt;toda la noche
&lt;br&gt;
&lt;br&gt;ay mamacita como olvidar
&lt;br&gt;que esa cita nos uniera a la primera
&lt;br&gt;sabes que te quiero (sabes que te quiero)
&lt;br&gt;entonces yo a ti te quiero
&lt;br&gt;
&lt;br&gt;siente el movimiento
&lt;br&gt;acercate mas
&lt;br&gt;mira como me pongo
&lt;br&gt;con tu respirar
&lt;br&gt;
&lt;br&gt;mueve las caderas
&lt;br&gt;hazlo circular asi
&lt;br&gt;asi (todos bailando)
&lt;br&gt;asi (todos meneando)
&lt;br&gt;asi (todos gozando)
&lt;br&gt;asi (todos bailando)
&lt;br&gt;asi (todos gritando)
&lt;br&gt;asi&amp;hellip;!
&lt;br&gt;
&lt;br&gt;ahora quien te hace bailar?
&lt;br&gt;una de kal!
&lt;br&gt;y quien te hace bailar?
&lt;br&gt;una de kal!
&lt;br&gt;
&lt;br&gt;ay mamacita cuando bailamos
&lt;br&gt;tu yo muy pegaditos tomados de la mano
&lt;br&gt;sabes que te quiero (sabes que te quiero)
&lt;br&gt;y desespero
&lt;br&gt;
&lt;br&gt;mira a este gente
&lt;br&gt;como disfruta
&lt;br&gt;de seguro que este ritmo
&lt;br&gt;si que les gusta
&lt;br&gt;
&lt;br&gt;mira como gozan
&lt;br&gt;menea, menea
&lt;br&gt;solo menea asi
&lt;br&gt;
&lt;br&gt;siente el movimiento
&lt;br&gt;acercate mas
&lt;br&gt;mira como me pongo
&lt;br&gt;con tu respirar
&lt;br&gt;
&lt;br&gt;mueve las caderas
&lt;br&gt;hazlo circular asi
&lt;br&gt;asi (todos bailando)
&lt;br&gt;asi (todos meneando)
&lt;br&gt;asi (todos gozando)
&lt;br&gt;asi (todos bailando)
&lt;br&gt;asi (todos gritando)
&lt;br&gt;asi&amp;hellip;!&lt;/p&gt;
</description>
    </item>
    
    <item>
      <title> Baja Y Sube</title>
      <link>http://letraspedia.com/lyric/1-de-kal-baja-y-sube/</link>
      <pubDate>Mon, 01 Sep 2008 00:00:00 UTC</pubDate>
      <author>Enthusiastic Hugo User</author>
      <guid>http://letraspedia.com/lyric/1-de-kal-baja-y-sube/</guid>
      <description>&lt;p&gt;Esa piba se menea
&lt;br&gt;pa delante y par atras
&lt;br&gt;cuando ella mueve la cola
&lt;br&gt;todos la quieren mirar
&lt;br&gt;
&lt;br&gt;y baja y sube, y rebolea
&lt;br&gt;y mueve, mueve sus caderas
&lt;br&gt;con las piernas bien abiertas
&lt;br&gt;es mas sensual
&lt;br&gt;
&lt;br&gt;esa piba se menea
&lt;br&gt;pa delante y par atras
&lt;br&gt;cuando ella mueve la cola
&lt;br&gt;todos la quieren mirar
&lt;br&gt;
&lt;br&gt;y baja y sube, y rebolea
&lt;br&gt;y mueve, mueve sus caderas
&lt;br&gt;con las piernas bien abiertas
&lt;br&gt;es mas sensual
&lt;br&gt;
&lt;br&gt;baja que baja
&lt;br&gt;sube que sube
&lt;br&gt;moviendo la colita
&lt;br&gt;sin parar
&lt;br&gt;
&lt;br&gt;baja que baja
&lt;br&gt;sube que sube
&lt;br&gt;moviendo la colita
&lt;br&gt;pa delante y pa atras
&lt;br&gt;moviendo la colita
&lt;br&gt;pa delante y pa atras
&lt;br&gt;
&lt;br&gt;baja que baja
&lt;br&gt;sube que sube
&lt;br&gt;moviendo la colita
&lt;br&gt;sin parar
&lt;br&gt;
&lt;br&gt;baja que baja
&lt;br&gt;sube que sube
&lt;br&gt;moviendo la colita
&lt;br&gt;pa delante y pa atras
&lt;br&gt;moviendo la colita
&lt;br&gt;pa delante y pa atras
&lt;br&gt;
&lt;br&gt;(se repite todo)&lt;/p&gt;
</description>
    </item>
    
    <item>
      <title> Chica Indicada</title>
      <link>http://letraspedia.com/lyric/1-de-kal-chica-indicada/</link>
      <pubDate>Mon, 01 Sep 2008 00:00:00 UTC</pubDate>
      <author>Enthusiastic Hugo User</author>
      <guid>http://letraspedia.com/lyric/1-de-kal-chica-indicada/</guid>
      <description>&lt;p&gt;Fuiste la chica indicada a ser mi mujer
&lt;br&gt;yo a vos te vi sonreir por primera ves
&lt;br&gt;y aunque tus padras se opongan
&lt;br&gt;van a entender que tu serás para mi
&lt;br&gt;
&lt;br&gt;yo te decía no te rindas así
&lt;br&gt;déjame luchar por lo que siento por tí
&lt;br&gt;si es verdad que tú me amas como te quiero a ti
&lt;br&gt;entonces nuestro amor no lo podrán destruir
&lt;br&gt;
&lt;br&gt;y yo se que lo entienden pero no lo comprenden
&lt;br&gt;que para el amor no hay una edad suficiente
&lt;br&gt;lo vivo repitiendo una y mil veces
&lt;br&gt;que mi amor por ti durará por siempre
&lt;br&gt;
&lt;br&gt;y ahora quién te hace bailar?
&lt;br&gt;una de kal
&lt;br&gt;quien te hace bailar?
&lt;br&gt;una de kal
&lt;br&gt;
&lt;br&gt;fuiste la chica indicada a ser mi mujer
&lt;br&gt;yo a vos te vi sonreir por primera ves
&lt;br&gt;y aunque tus padras se opongan
&lt;br&gt;van a entender que tu serás para mi
&lt;br&gt;
&lt;br&gt;yo te decía no te rindas así
&lt;br&gt;déjame luchar por lo que siento por tí
&lt;br&gt;si es verdad que tú me amas como te quiero a ti
&lt;br&gt;entonces nuestro amor no lo podrán destruir
&lt;br&gt;
&lt;br&gt;y yo se que lo entienden pero no lo comprenden
&lt;br&gt;que para el amor no hay una edad suficiente
&lt;br&gt;lo vivo repitiendo una y mil veces
&lt;br&gt;que mi amor por ti durará por siempre
&lt;br&gt;
&lt;br&gt;y ahora quién te hace bailar?
&lt;br&gt;una de kal
&lt;br&gt;quien te hace bailar?
&lt;br&gt;una de kal
&lt;br&gt;
&lt;br&gt;y yo se que lo entienden pero no lo comprenden
&lt;br&gt;que para el amor no hay una edad suficiente
&lt;br&gt;lo vivo repitiendo una y mil veces
&lt;br&gt;que mi amor por ti durará por siempre
&lt;br&gt;
&lt;br&gt;y yo se que lo entienden pero no lo comprenden
&lt;br&gt;que para el amor no hay una edad suficiente
&lt;br&gt;lo vivo repitiendo una y mil veces
&lt;br&gt;que mi amor por ti durará por siempre
&lt;br&gt;durará por siempre&amp;hellip;&lt;/p&gt;
</description>
    </item>
    
    <item>
      <title> Dile</title>
      <link>http://letraspedia.com/lyric/1-de-kal-dile/</link>
      <pubDate>Mon, 01 Sep 2008 00:00:00 UTC</pubDate>
      <author>Enthusiastic Hugo User</author>
      <guid>http://letraspedia.com/lyric/1-de-kal-dile/</guid>
      <description>&lt;p&gt;Dile kien soy en tu vida
&lt;br&gt;y q nunk borraste esa herida
&lt;br&gt;
&lt;br&gt;dile q ya no duermes
&lt;br&gt;y q en las noches
&lt;br&gt;solo piensas en mi
&lt;br&gt;(solo piensas en mi)
&lt;br&gt;
&lt;br&gt;dile q tu me amas
&lt;br&gt;q el en tu vida
&lt;br&gt;no sera nada
&lt;br&gt;
&lt;br&gt;xq sabes q es dificil
&lt;br&gt;borrarme d tu mente
&lt;br&gt;explicale q lo intentaste
&lt;br&gt;q tu cuerpo al mal corazon
&lt;br&gt;nunk lo soporto
&lt;br&gt;
&lt;br&gt;dile q el nadie es para cambiar tu vida
&lt;br&gt;y q mi ausencia
&lt;br&gt;es la herida
&lt;br&gt;mas grande, q tiene tu corazon
&lt;br&gt;
&lt;br&gt;dile q ya no duermes
&lt;br&gt;y q en las noches
&lt;br&gt;solo piensas en mi
&lt;br&gt;(solo piensas en mi)
&lt;br&gt;
&lt;br&gt;dile q tu me amas
&lt;br&gt;q el en tu vida
&lt;br&gt;no sera nada
&lt;br&gt;
&lt;br&gt;kieres volver a lo d antes
&lt;br&gt;el hombre q te hizo sentir mujer a kada instante
&lt;br&gt;sabes q otro hombre como yo no existira
&lt;br&gt;(como yo no existira)
&lt;br&gt;aunq te trate igual
&lt;br&gt;oh yeah
&lt;br&gt;
&lt;br&gt;dile q el nadie es para cambiar tu vida
&lt;br&gt;y q mi ausencia
&lt;br&gt;es la herida
&lt;br&gt;mas grande, q tiene tu corazon
&lt;br&gt;
&lt;br&gt;dile q ya no duermes
&lt;br&gt;y q en las noches
&lt;br&gt;solo piensas en mi
&lt;br&gt;
&lt;br&gt;dile q tu me amas
&lt;br&gt;q el en tu vida
&lt;br&gt;no sera nada&lt;/p&gt;
</description>
    </item>
    
    <item>
      <title> El Corralon</title>
      <link>http://letraspedia.com/lyric/1-de-kal-el-corralon/</link>
      <pubDate>Mon, 01 Sep 2008 00:00:00 UTC</pubDate>
      <author>Enthusiastic Hugo User</author>
      <guid>http://letraspedia.com/lyric/1-de-kal-el-corralon/</guid>
      <description>&lt;p&gt;EII DON LOPEZZ!!
&lt;br&gt;N M DA 1 DE KAL?
&lt;br&gt;
&lt;br&gt;este ritmo esta r piola pa bailar
&lt;br&gt;este ritmo esta r piola pa bailar
&lt;br&gt;pero primero paso x el corralon
&lt;br&gt;a buscar 1 de kall!!
&lt;br&gt;a buscar 1 de kall!!
&lt;br&gt;este ritmo esta r piola pa bailar
&lt;br&gt;este ritmo esta r piola pa bailar
&lt;br&gt;pero primero paso x el corralon
&lt;br&gt;a buscar 1 de kall!!
&lt;br&gt;a buscar 1 de kall!!
&lt;br&gt;Y nos vamos d gira moviendo las manos d ak para alla
&lt;br&gt;Y nos vamos d gira moviendo las manos d ak para alla
&lt;br&gt;
&lt;br&gt;Y ahora bailaando la cumbiaaa
&lt;br&gt;bailoo sin pararr..
&lt;br&gt;esta kal pa bailar k t hac gozar
&lt;br&gt;vams tdos a bailar
&lt;br&gt;Y ahora bailaando la cumbiaaa
&lt;br&gt;bailoo sin pararr..
&lt;br&gt;esta kal pa bailar k t hac gozar
&lt;br&gt;vams tdos a bailar
&lt;br&gt;vams tdos a bailar
&lt;br&gt;
&lt;br&gt;Y AHORA KIEN T HAC BAILAR?
&lt;br&gt;1 DE KAL!
&lt;br&gt;Y KIEN T HAC BAILAR?
&lt;br&gt;1 DE KAL!&lt;/p&gt;
</description>
    </item>
    
    <item>
      <title> Ella Me Quiere</title>
      <link>http://letraspedia.com/lyric/1-de-kal-ella-me-quiere/</link>
      <pubDate>Mon, 01 Sep 2008 00:00:00 UTC</pubDate>
      <author>Enthusiastic Hugo User</author>
      <guid>http://letraspedia.com/lyric/1-de-kal-ella-me-quiere/</guid>
      <description>&lt;p&gt;Ya estoy cansado de repetirle que a su hija yo la amo
&lt;br&gt;que no puedo vivir sin su amor,
&lt;br&gt;que si me falta yo me muero de amor.
&lt;br&gt;
&lt;br&gt;Ella me quiere, y usted lo sabe muy bien por que no puede entender que nos
&lt;br&gt;amamos
&lt;br&gt;que no soporto  estar sin la miel de sus labios que le da fuerzas a mi
&lt;br&gt;corazón!
&lt;br&gt;
&lt;br&gt;Hu se le hace tan difícil a usted comprender que en el amor no hay edad, ni
&lt;br&gt;razón, ni por quee. Cada minuto, cada segundo mi corazón, se muere por tener
&lt;br&gt;su amor!..
&lt;br&gt;Yo se muy bien que le molesta mi vocación, que arriba del escenario su hija
&lt;br&gt;ami me conoció, ella me quiere tanto como yo, será para siempre todo nuestro
&lt;br&gt;amor.
&lt;br&gt;
&lt;br&gt;Ella me quiere, y usted lo sabe muy bien por que no puede entender que nos
&lt;br&gt;amamos
&lt;br&gt;que no soporto  estar sin la miel de sus labios que le da fuerzas a mi
&lt;br&gt;corazón!
&lt;br&gt;
&lt;br&gt;Ya estoy cansado de repetirle que a su hija yo la amo
&lt;br&gt;que no puedo vivir sin su amor,
&lt;br&gt;que si me falta yo me muero de amor.&lt;/p&gt;
</description>
    </item>
    
    <item>
      <title> Ella Se Menea</title>
      <link>http://letraspedia.com/lyric/1-de-kal-ella-se-menea/</link>
      <pubDate>Mon, 01 Sep 2008 00:00:00 UTC</pubDate>
      <author>Enthusiastic Hugo User</author>
      <guid>http://letraspedia.com/lyric/1-de-kal-ella-se-menea/</guid>
      <description>&lt;p&gt;Ella se menea moviendo la cadera
&lt;br&gt;cuando baja pa dentro y pa afuera
&lt;br&gt;y los pibes la miran de arriba
&lt;br&gt;y ahora este paso repiten las pibas
&lt;br&gt;
&lt;br&gt;es para abajo y arriba menean
&lt;br&gt;mueven la cola para adentro y para afuera
&lt;br&gt;sube para arriba bien para arriba
&lt;br&gt;que relocos los pibes la miran
&lt;br&gt;
&lt;br&gt;y a mi me gusta cuando bailan
&lt;br&gt;las pibas se desarman
&lt;br&gt;las manos bien arriba
&lt;br&gt;de los pibes haciendo palmas
&lt;br&gt;
&lt;br&gt;la gente ya se copa
&lt;br&gt;con este ritmo piola
&lt;br&gt;y todas las pibitas
&lt;br&gt;meneando la cola
&lt;br&gt;
&lt;br&gt;es para abajo y arriba menean
&lt;br&gt;mueven la cola para adentro y para afuera
&lt;br&gt;sube para arriba bien para arriba
&lt;br&gt;que relocos los pibes la miran
&lt;br&gt;
&lt;br&gt;(se repite todo)&lt;/p&gt;
</description>
    </item>
    
    <item>
      <title> En Tus Manos</title>
      <link>http://letraspedia.com/lyric/1-de-kal-en-tus-manos/</link>
      <pubDate>Mon, 01 Sep 2008 00:00:00 UTC</pubDate>
      <author>Enthusiastic Hugo User</author>
      <guid>http://letraspedia.com/lyric/1-de-kal-en-tus-manos/</guid>
      <description>&lt;p&gt;Hoy volveré a sentir, tu cuerpo junto a mí
&lt;br&gt;O sentirte otra vez, etre mis brazos mujer
&lt;br&gt;O sentir tu calor, el roce de tu piel
&lt;br&gt;Yo daría mi vida, porque volvieras un día.
&lt;br&gt;Ay amor, yo te sigo queriendo
&lt;br&gt;Porque aquí, pertenece mi vida&amp;hellip;
&lt;br&gt;
&lt;br&gt;En tus manos, yo pongo mi vida en tus manos
&lt;br&gt;Y en cada caricia un te amo, te hablan un poco de mi
&lt;br&gt;Yo te amo, yo quiero decir que te amo
&lt;br&gt;No sabes amor como extraño, sentirte muy cerca de mí.
&lt;br&gt;En tus manos, mi vida la pongo en tus manos
&lt;br&gt;Quisiera tenerte a mi lado, y hacerte mi amor muy feliz
&lt;br&gt;Mi vida te amo&amp;hellip;&lt;/p&gt;
</description>
    </item>
    
    <item>
      <title> Enganchado</title>
      <link>http://letraspedia.com/lyric/1-de-kal-enganchado/</link>
      <pubDate>Mon, 01 Sep 2008 00:00:00 UTC</pubDate>
      <author>Enthusiastic Hugo User</author>
      <guid>http://letraspedia.com/lyric/1-de-kal-enganchado/</guid>
      <description>&lt;p&gt;Siento tu cuerpo temblar de emocion
&lt;br&gt;por amor
&lt;br&gt;aunque tu digas que no y que no
&lt;br&gt;yo ya se aunque me mientas
&lt;br&gt;tu tiemblas con mi presencia
&lt;br&gt;eso es amor
&lt;br&gt;dises que si dises que no
&lt;br&gt;desidete
&lt;br&gt;pones a prueva a mi corazon
&lt;br&gt;y sin queres no se te escapa una mirada
&lt;br&gt;q delata todo tu amor
&lt;br&gt;y sin mentiras corni ven ami
&lt;br&gt;kiero sentir esa claridad
&lt;br&gt;que una ves vivi cuando llegaste ami
&lt;br&gt;sin vanidad
&lt;br&gt;digas lo que digas
&lt;br&gt;se que no es asi
&lt;br&gt;se que tu orgullo no te dejara
&lt;br&gt;vive el momento y serca de mi
&lt;br&gt;dejate amar dejate amar&lt;/p&gt;
</description>
    </item>
    
    <item>
      <title> Fórmula De Amor</title>
      <link>http://letraspedia.com/lyric/1-de-kal-formula-de-amor/</link>
      <pubDate>Mon, 01 Sep 2008 00:00:00 UTC</pubDate>
      <author>Enthusiastic Hugo User</author>
      <guid>http://letraspedia.com/lyric/1-de-kal-formula-de-amor/</guid>
      <description>&lt;p&gt;escucho tu voz &amp;hellip;susurro tu nombre
&lt;br&gt;estraño el calor de nuestros rincones
&lt;br&gt;no puedo fingir si tu no estas aki
&lt;br&gt;junto ami no soi felis
&lt;br&gt;konfieso mi amor ia no soi el mismo
&lt;br&gt;te kiero olvidar i no lo konsigo
&lt;br&gt;te recuerdo mas ke hace un año atras
&lt;br&gt;siempre tu mi mundo tu
&lt;br&gt;
&lt;br&gt;y pienso en ti mi formula de amor
&lt;br&gt;y pienso en ti sin ver la solucion
&lt;br&gt;porke te tengo ke olvidar
&lt;br&gt;porke te tengo ke olvidar
&lt;br&gt;si yo te amo (2)
&lt;br&gt;
&lt;br&gt;escucho tu vos susurro tu nombre
&lt;br&gt;estraño el calor de nuestros rincones
&lt;br&gt;no puedo fingir si tu no estas aki
&lt;br&gt;junto ami no soi felis
&lt;br&gt;
&lt;br&gt;konfieso mi amor ia no soi el mismo
&lt;br&gt;te kiero olvidar i no lo konsigo
&lt;br&gt;te recuerdo mas ke hace un año atras
&lt;br&gt;siempre tu mi mundo tuu
&lt;br&gt;
&lt;br&gt;y pienso en ti mi formula de amor
&lt;br&gt;y pienso en ti sin ver la solucion
&lt;br&gt;porkje te tengo ke olvidar
&lt;br&gt;porke te tengo ke olvidar
&lt;br&gt;si yo te amoo!! (2)&lt;/p&gt;
</description>
    </item>
    
    <item>
      <title> La Bragetera</title>
      <link>http://letraspedia.com/lyric/1-de-kal-la-bragetera/</link>
      <pubDate>Mon, 01 Sep 2008 00:00:00 UTC</pubDate>
      <author>Enthusiastic Hugo User</author>
      <guid>http://letraspedia.com/lyric/1-de-kal-la-bragetera/</guid>
      <description>&lt;p&gt;Si la vs x ahi ni lo dudes
&lt;br&gt;xk la bragetera los churros t va a hacerrr..
&lt;br&gt;y no seas cagon si t la manotio
&lt;br&gt;xk la bragetera tirando es la mejorr..
&lt;br&gt;
&lt;br&gt;si la vs x ahi ni lo dudes
&lt;br&gt;xk la bragetera los churros t va a hacerrr..
&lt;br&gt;y no seas cagon si t la manotio
&lt;br&gt;xk la bragetera tirando es la mejorr..
&lt;br&gt;
&lt;br&gt;Hace lo k t digoo..
&lt;br&gt;agarrala y enkaralaa..
&lt;br&gt;xk la bragetera siempre t saka las ganas
&lt;br&gt;estos sn los pibs d 1 d kal
&lt;br&gt;k se vienen a avivar y las pones a tirar
&lt;br&gt;
&lt;br&gt;ESTA KAL Q T MUEVEEE, TE MUEVE!!&lt;/p&gt;
</description>
    </item>
    
    <item>
      <title> La Loca</title>
      <link>http://letraspedia.com/lyric/1-de-kal-la-loca/</link>
      <pubDate>Mon, 01 Sep 2008 00:00:00 UTC</pubDate>
      <author>Enthusiastic Hugo User</author>
      <guid>http://letraspedia.com/lyric/1-de-kal-la-loca/</guid>
      <description>&lt;p&gt;La loca se re copa y empiieza a mover la coola
&lt;br&gt;La loca se re copa y empiieza a mover la coola
&lt;br&gt;Y todos la miran y la empiezan a imitaar.
&lt;br&gt;pq en niingun momento ella deja d baiilar
&lt;br&gt;
&lt;br&gt;La loca se re copa y empiieza a mover la coola
&lt;br&gt;La loca se re copa y empiieza a mover la coola
&lt;br&gt;Y todos la miran y la empiezan a imitaar.
&lt;br&gt;pq en niingun momento ella deja d baiilar
&lt;br&gt;
&lt;br&gt;Y todas las maanos arriiba
&lt;br&gt;haciiendo asii
&lt;br&gt;haciiendo asii
&lt;br&gt;haciiendo asii
&lt;br&gt;asii asii asiii
&lt;br&gt;haciiendo asii
&lt;br&gt;haciiendo asii
&lt;br&gt;haciiendo asii
&lt;br&gt;asii asii asii
&lt;br&gt;
&lt;br&gt;Y suu forma de moveer m hace enloqecer
&lt;br&gt;pq en ningun momento ella djaa d jodeer.
&lt;br&gt;suu forma de moveer m hace enloqecer
&lt;br&gt;pq en ningun momento ella djaa d jodeer
&lt;br&gt;
&lt;br&gt;Cuumbia
&lt;br&gt;
&lt;br&gt;La loca se re copa y empiieza a mover la coola
&lt;br&gt;La loca se re copa y empiieza a mover la coola
&lt;br&gt;Y todos la miran y la empiezan a imitaar.
&lt;br&gt;pq en niingun momento ella deja d baiilar
&lt;br&gt;
&lt;br&gt;La loca se re copa y empiieza a mover la coola
&lt;br&gt;La loca se re copa y empiieza a mover la coola
&lt;br&gt;Y todos la miran y la empiezan a imitaar.
&lt;br&gt;pq en niingun momento ella deja d baiilar
&lt;br&gt;
&lt;br&gt;Y todas las maanos arriiba
&lt;br&gt;haciiendo asii
&lt;br&gt;haciiendo asii
&lt;br&gt;haciiendo asii
&lt;br&gt;asii asii asiii
&lt;br&gt;haciiendo asii
&lt;br&gt;haciiendo asii
&lt;br&gt;haciiendo asii
&lt;br&gt;asii asii asii
&lt;br&gt;
&lt;br&gt;Y suu forma de moveer m hace enloqecer
&lt;br&gt;pq en ningun momento ella djaa d jodeer.
&lt;br&gt;suu forma de moveer m hace enloqecer
&lt;br&gt;pq en ningun momento ella djaa d jodeer&lt;/p&gt;
</description>
    </item>
    
  </channel>
</rss>