<?xml version="1.0" encoding="utf-8" standalone="yes" ?>
<rss version="2.0" xmlns:atom="http://www.w3.org/2005/Atom">
  <channel>
      <title>1000 Clowns on Letraspedia.com thes best lyrics page </title>
    <link>http://letraspedia.com/artist/1000-clowns/</link>
    <language>en-US</language>
    <author>Enthusiastic Hugo User</author>
    <rights>Copyright (c) 2014, Enthusiastic Hugo User; all rights reserved.</rights>
    <updated>Mon, 01 Sep 2008 00:00:00 UTC</updated>
    
    <item>
      <title> Can We Talk</title>
      <link>http://letraspedia.com/lyric/1000-clowns-can-we-talk/</link>
      <pubDate>Mon, 01 Sep 2008 00:00:00 UTC</pubDate>
      <author>Enthusiastic Hugo User</author>
      <guid>http://letraspedia.com/lyric/1000-clowns-can-we-talk/</guid>
      <description>&lt;p&gt;Last night I
&lt;br&gt;I saw you standing
&lt;br&gt;and i started,started pretending
&lt;br&gt;I knew you and you knew me too
&lt;br&gt;And just like a roni
&lt;br&gt;You were too shy
&lt;br&gt;But you weren&amp;rsquo;t the only&amp;rsquo;cause so was I
&lt;br&gt;And i&amp;rsquo;ve dreamed of you ever since
&lt;br&gt;Now i&amp;rsquo;ve built up my confidence
&lt;br&gt;Girl next, next time you come my way
&lt;br&gt;I&amp;rsquo;ll know just what to say
&lt;br&gt;(Can we talk for a minute
&lt;br&gt;Girl i want to know your name
&lt;br&gt;Can we talk for a minute
&lt;br&gt;Girl i want to know your name)
&lt;br&gt;I started to write you letters
&lt;br&gt;But i wanted to be more clever
&lt;br&gt;I wanted to get down and sweet talk to you
&lt;br&gt;But just like a baby
&lt;br&gt;I could not talk
&lt;br&gt;I tried to come closer
&lt;br&gt;But could not walk
&lt;br&gt;And i think of it every night
&lt;br&gt;How i just could not get it right
&lt;br&gt;If we ever come close again
&lt;br&gt;I know what i&amp;rsquo;ll say then
&lt;br&gt;(HOOK)
&lt;br&gt;Oh girl, one more chance
&lt;br&gt;With you again
&lt;br&gt;I will not let it go
&lt;br&gt;Oh please, give me just one more chance for love (HOOK)&lt;/p&gt;
</description>
    </item>
    
    <item>
      <title> Greatest Rapper</title>
      <link>http://letraspedia.com/lyric/1000-clowns-greatest-rapper/</link>
      <pubDate>Mon, 01 Sep 2008 00:00:00 UTC</pubDate>
      <author>Enthusiastic Hugo User</author>
      <guid>http://letraspedia.com/lyric/1000-clowns-greatest-rapper/</guid>
      <description>&lt;p&gt;Not the Greatest Rapper
&lt;br&gt;I wanna be down, yo, will you let me?
&lt;br&gt;I get real close, I kiss her face real gently.
&lt;br&gt;Don&amp;rsquo;t sweat me girl your everything I ever needed
&lt;br&gt;And when I&amp;rsquo;m with you, my heart starts to bleed
&lt;br&gt;I plead and plead and plead and plead for a little kiss
&lt;br&gt;And if you say &amp;ldquo;okay&amp;rdquo; I just got my wish
&lt;br&gt;On the town the night will be just right
&lt;br&gt;I hold your hand but I won&amp;rsquo;t squeeze too tight.
&lt;br&gt;I feed you food that you&amp;rsquo;ve never eaten
&lt;br&gt;I think about it and my heart starts beating
&lt;br&gt;I look at you and it nearly wrecks me
&lt;br&gt;I never met a girl who was so damn sexy!
&lt;br&gt;A week later and some daisies after,
&lt;br&gt;You get a postcard from this silly rapper
&lt;br&gt;And it says I&amp;rsquo;ll be knocking on your front door,
&lt;br&gt;Cuz I&amp;rsquo;ve never loved a girl like this before!I know I&amp;rsquo;m not
&lt;br&gt;the greatest rapper in the world
&lt;br&gt;But would ya, would ya, would ya please be my girl?
&lt;br&gt;I know I&amp;rsquo;m not the greatest rapper in the world
&lt;br&gt;But would ya, would ya, would ya please be my girl?
&lt;br&gt;I know I&amp;rsquo;m not the greatest rapper in the world
&lt;br&gt;But please baby, please baby be my girl.
&lt;br&gt;I know I&amp;rsquo;m not the greatest rapper in this land
&lt;br&gt;But I&amp;rsquo;ll do anything if you&amp;rsquo;ll hold my hand.I pick her up
&lt;br&gt;and its raining heavy
&lt;br&gt;I meet her mom, I say my name is Kevi
&lt;br&gt;I&amp;rsquo;m so dizzy when I&amp;rsquo;m with your daughter
&lt;br&gt;But I treat her right, I never cross no border
&lt;br&gt;We get in the car, I say &amp;ldquo;Ya want some music?&amp;rdquo;
&lt;br&gt;She says &amp;ldquo;Okay.&amp;rdquo;
&lt;br&gt;So I say &amp;ldquo;You choose it.&amp;rdquo;
&lt;br&gt;Straight out the purse comes 1000 Clowns, and I say &amp;ldquo;Oh, God.
&lt;br&gt; I know my girl is down.&amp;rdquo;
&lt;br&gt;We go away for the cozy vacation
&lt;br&gt;Santa Barbara is our destination.
&lt;br&gt;Halfway on our way I start to feel real ready
&lt;br&gt;I pull the car over &amp;ldquo;Will you be my steady?&amp;rdquo;
&lt;br&gt;She says &amp;ldquo;Okay.&amp;rdquo;
&lt;br&gt;And my heart gets swollen
&lt;br&gt;It feels so damn good to even take her bowling
&lt;br&gt;Now she knows I&amp;rsquo;ll be knocking on her front door
&lt;br&gt;Cuz I&amp;rsquo;ve never loved a girl like this before.I know I&amp;rsquo;m not
&lt;br&gt;the greatest rapper in the world
&lt;br&gt;But would ya, would ya, would ya please be my girl?
&lt;br&gt;I know I&amp;rsquo;m not the greatest rapper in the world
&lt;br&gt;But would ya, would ya, would ya please be my girl?
&lt;br&gt;I know I&amp;rsquo;m not the greatest rapper in the world
&lt;br&gt;But please baby, please baby be my girl.
&lt;br&gt;I know I&amp;rsquo;m not the greatest rapper in this land
&lt;br&gt;But I&amp;rsquo;ll do anything if you&amp;rsquo;ll hold my hand.Would ya be my sunshine?
&lt;br&gt;Would ya be all mine?
&lt;br&gt;{Okay}
&lt;br&gt;(Repeat 3 times)We&amp;rsquo;re still together, we hang out all the time
&lt;br&gt;She comes to the shows when I bust a rhyme
&lt;br&gt;She never minds that my friends keep me late
&lt;br&gt;She&amp;rsquo;s cool like that, she&amp;rsquo;ll kick back and wait.
&lt;br&gt;Never hesitate to hold my hand, whispers in my ear,
&lt;br&gt;&amp;ldquo;Kevi you&amp;rsquo;re my man.&amp;rdquo;
&lt;br&gt;See, thats the plan, now there&amp;rsquo;s no more adore
&lt;br&gt;I&amp;rsquo;ve never loved a girl like this before.I know I&amp;rsquo;m not
&lt;br&gt;the greatest rapper in the world
&lt;br&gt;But would ya, would ya, would ya please be my girl?
&lt;br&gt;I know I&amp;rsquo;m not the greatest rapper in the world
&lt;br&gt;But would ya, would ya, would ya please be my girl?
&lt;br&gt;I know I&amp;rsquo;m not the greatest rapper in the world
&lt;br&gt;But please baby, please baby be my girl.
&lt;br&gt;I know I&amp;rsquo;m not the greatest rapper in this land&lt;/p&gt;
</description>
    </item>
    
    <item>
      <title> Kitty Kat Max</title>
      <link>http://letraspedia.com/lyric/1000-clowns-kitty-kat-max/</link>
      <pubDate>Mon, 01 Sep 2008 00:00:00 UTC</pubDate>
      <author>Enthusiastic Hugo User</author>
      <guid>http://letraspedia.com/lyric/1000-clowns-kitty-kat-max/</guid>
      <description>&lt;p&gt;Kitty kitty,&lt;br /&gt;Kitty kitty cat,&lt;br /&gt;Kitty kitty,&lt;br /&gt;Kitty kitty cat.&lt;br /&gt;&lt;br /&gt;Thousand clowns,&lt;br /&gt;Thousand, thousand clowns, clowns, clowns, clowns&lt;br /&gt;Thousand clowns,&lt;br /&gt;Thousand, thousand clowns, clowns, clowns, clowns&lt;br /&gt;&lt;br /&gt;&lt;br /&gt;Thousand clowns,&lt;br /&gt;Thousand, thousand clowns,&lt;br /&gt;Thousand clowns got a funky sound.&lt;br /&gt;Thousand clowns,&lt;br /&gt;Thousand, thousand clowns,&lt;br /&gt;Thousand clowns got a funky sound,f funky sound, funky sound&lt;br /&gt;&lt;br /&gt;Kitty, kitty cat&lt;br /&gt;Kitty, kitty cat.&lt;br /&gt;&lt;br&gt;&lt;/p&gt;
</description>
    </item>
    
  </channel>
</rss>