<?xml version="1.0" encoding="utf-8" standalone="yes" ?>
<rss version="2.0" xmlns:atom="http://www.w3.org/2005/Atom">
  <channel>
      <title>30footfall on Letraspedia.com thes best lyrics page </title>
    <link>http://letraspedia.com/artist/30footfall/</link>
    <language>en-US</language>
    <author>Enthusiastic Hugo User</author>
    <rights>Copyright (c) 2014, Enthusiastic Hugo User; all rights reserved.</rights>
    <updated>Mon, 01 Sep 2008 00:00:00 UTC</updated>
    
    <item>
      <title> Opposite Day</title>
      <link>http://letraspedia.com/lyric/30footfall-opposite-day/</link>
      <pubDate>Mon, 01 Sep 2008 00:00:00 UTC</pubDate>
      <author>Enthusiastic Hugo User</author>
      <guid>http://letraspedia.com/lyric/30footfall-opposite-day/</guid>
      <description>&lt;p&gt;It&amp;#39;s opposite day and that&amp;#39;s why i&amp;#39;m smilin&amp;#39;&lt;br /&gt;about all the phone numbers i keep dialin&amp;#39;&lt;br /&gt;to tell everyone i hate that i love you&lt;br /&gt;You&amp;#39;ll shrug and you&amp;#39;ll smile when you hear the good news&lt;br /&gt;about how i&amp;#39;d love to walk in your shoes&lt;br /&gt;look me right in the eye and tell me that you love me too&lt;br /&gt;There are letters to write and places to visit&lt;br /&gt;for 24 hours i&amp;#39;ll eat my own shit, &lt;br /&gt;pretend like i&amp;#39;m jesus so we can all be friends&amp;hellip;&lt;br /&gt;Because it&amp;#39;s opposite day, oh yeah&lt;br /&gt;and tomorrow i might hate you&lt;br /&gt;and probably the next day too&lt;br /&gt;it&amp;#39;s opposite day, and i love you&lt;br /&gt;It&amp;#39;s opposite day and metallica&amp;#39;s old stuff&lt;br /&gt;is so much better than master of puppets&lt;br /&gt;and i don&amp;#39;t need a shower &amp;#39;cause i don&amp;#39;t stink&lt;br /&gt;It&amp;#39;s opposite day and i&amp;#39;m eating a big steak&lt;br /&gt;and washing it down with a frosty milkshake&lt;br /&gt;i truly believe that all cows have to die, cows, die&lt;br /&gt;It&amp;#39;s opposite day that&amp;#39;s why, oh, why&lt;br /&gt;and tomorrow i&amp;#39;ll eat tofu&lt;br /&gt;and probably the next day too&lt;br /&gt;it&amp;#39;s opposite day so fuck tofu&lt;br /&gt;You know, i&amp;#39;m really glad i quit school for this, because you guys are all so intelligent. of course, i never masturbate in the back of the van on tour. you know, i&amp;#39;m a way better bass player than most people. you know it&amp;#39;s really great playing in a band with you guys, seriously.&lt;br /&gt;It&amp;#39;s opposite day!&lt;br /&gt;it&amp;#39;s dark outside!&lt;br /&gt;it&amp;#39;s opposite day!&lt;br /&gt;i really like you guys!&lt;br /&gt;it&amp;#39;s opposite day!&lt;br /&gt;&amp;#39;cause you&amp;#39;re so smart!&lt;br /&gt;it&amp;#39;s opposite day!&lt;br /&gt;you&amp;#39;re a work of art!&lt;br /&gt;it&amp;#39;s opposite day!&lt;br /&gt;your breath smells great!&lt;br /&gt;it&amp;#39;s opposite day!&lt;br /&gt;i never masturbate!&lt;br /&gt;it&amp;#39;s opposite day!&lt;br /&gt;i wanna be like you!&lt;br /&gt;it&amp;#39;s opposite day!&lt;br /&gt;and i love you!&lt;br /&gt;&lt;br&gt;&lt;/p&gt;
</description>
    </item>
    
    <item>
      <title> People Are Stupid</title>
      <link>http://letraspedia.com/lyric/30footfall-people-are-stupid/</link>
      <pubDate>Mon, 01 Sep 2008 00:00:00 UTC</pubDate>
      <author>Enthusiastic Hugo User</author>
      <guid>http://letraspedia.com/lyric/30footfall-people-are-stupid/</guid>
      <description>&lt;p&gt;I&amp;#39;m surrounded by idiots everyday&lt;br /&gt;frustrated by the games that people play&lt;br /&gt;confused by what the t.v. says i need&lt;br /&gt;Lost in space and ugly too&lt;br /&gt;people act like they&amp;#39;ve been sniffing glue&lt;br /&gt;never questioning the things that they believe&lt;br /&gt;Freedom of choice must be a joke&lt;br /&gt;just look at all the people that cannot cope&lt;br /&gt;well i got something i wanna say to them&lt;br /&gt;There&amp;#39;s a lot of stuff that i can do&lt;br /&gt;that doesn&amp;#39;t mean i have to impose on you&lt;br /&gt;if you take offense to common sense that&amp;#39;s your problem&lt;br /&gt;I can do what i want&lt;br /&gt;listen to some slayer and play nintendo all night long&lt;br /&gt;i can do what i want&lt;br /&gt;Racism sucks and so do you &lt;br /&gt;if you hate somebody &amp;#39;cause they&amp;#39;re not like you&lt;br /&gt;and that goes for homophobia, zenophobia, and classism too&lt;br /&gt;I can sit around and masturbate &lt;br /&gt;have different colored friends that i don&amp;#39;t hate&lt;br /&gt;and it doesn&amp;#39;t matter if you don&amp;#39;t approve&lt;br /&gt;I stick my finger up my nose&lt;br /&gt;never take a bath or change my clothes&lt;br /&gt;my underarms can ruin someone&amp;#39;s day &lt;br /&gt;I can ride a float in the gay parade&lt;br /&gt;terrorize the christian right for a day&lt;br /&gt;and sing &amp;quot;homophobes are just pissed &amp;#39;cause they can&amp;#39;t get laid&amp;quot;&lt;br /&gt;I can do what i want&lt;br /&gt;go to sunday school and read the necronomicon&lt;br /&gt;i can do what i want&lt;br /&gt;i can do what i want&lt;br /&gt;&lt;br&gt;&lt;/p&gt;
</description>
    </item>
    
    <item>
      <title> Which Way To Go Kaboom</title>
      <link>http://letraspedia.com/lyric/30footfall-which-way-to-go-kaboom/</link>
      <pubDate>Mon, 01 Sep 2008 00:00:00 UTC</pubDate>
      <author>Enthusiastic Hugo User</author>
      <guid>http://letraspedia.com/lyric/30footfall-which-way-to-go-kaboom/</guid>
      <description>&lt;p&gt;It&amp;#39;s the 21st century and elvis is still dead&lt;br /&gt;and we&amp;#39;re not wearing oxygen bubbles around our heads&lt;br /&gt;and new year&amp;#39;s wasn&amp;#39;t doomed&lt;br /&gt;and not a damn thing went kaboom&lt;br /&gt;and the party just fizzled out and we went home&lt;br /&gt;It&amp;#39;s the 21st century and god still hides away&lt;br /&gt;in the clouds from down here civil leaders still love to say&lt;br /&gt;that god likes to wave our flag&lt;br /&gt;and he likes it when you beat up fags&lt;br /&gt;and jesus was white even though it&amp;#39;s not geographically probable&lt;br /&gt;It&amp;#39;s hard enough just to believe in anyone that isn&amp;#39;t me&lt;br /&gt;(i do believe)&lt;br /&gt;everyone&amp;#39;s got their convictions&lt;br /&gt;settle for the contradictions&lt;br /&gt;and all i really know right now is&lt;br /&gt;I got no map to follow&lt;br /&gt;and i can&amp;#39;t see into tomorrow&lt;br /&gt;i don&amp;#39;t know which direction to set sail&lt;br /&gt;i&amp;#39;m always under construction&lt;br /&gt;in constant danger of malfunction&lt;br /&gt;i got no backup plan in case i fail&lt;br /&gt;It&amp;#39;s the 21st century, the outlook&amp;#39;s pretty sick&lt;br /&gt;take a temperature drop, what do you think will do the trick&lt;br /&gt;he said humans are a disease&lt;br /&gt;how we got here is a mystery&lt;br /&gt;we need a planetary penicillin shot&lt;br /&gt;Religion is crowd control, there&amp;#39;s always t.v.&lt;br /&gt;i had a lifetime of uncle sam confusing me&lt;br /&gt;and if i ever have a kid&lt;br /&gt;i hope it doesn&amp;#39;t go through all the shit i did&lt;br /&gt;just trying to make sense of random rules&lt;br /&gt;A lot of broken hearts, a lot of broken minds&lt;br /&gt;we break &amp;#39;em fast, and rebuild them slow&lt;br /&gt;(rebuild them slow)&lt;br /&gt;pushed and pulled in all directions&lt;br /&gt;illuminate your imperfections&lt;br /&gt;and all i really know right now is&lt;br /&gt;I got no map to follow &lt;br /&gt;and i can&amp;#39;t see into tomorrow&lt;br /&gt;i don&amp;#39;t know which direction to set sail&lt;br /&gt;i&amp;#39;m always under construction&lt;br /&gt;in constant danger of malfunction&lt;br /&gt;i got no backup plan in case i fail&lt;br /&gt;Held together &lt;br /&gt;by vice grips and duct tape&lt;br /&gt;don&amp;#39;t know what time it is&lt;br /&gt;but i think it&amp;#39;s getting late&lt;br /&gt;isolated &lt;br /&gt;from my society&lt;br /&gt;motivated&lt;br /&gt;by my anxiety&lt;br /&gt;I got no map to follow &lt;br /&gt;and i can&amp;#39;t see into tomorrow&lt;br /&gt;and i don&amp;#39;t wanna brave the dead-end trail&lt;br /&gt;i&amp;#39;m always under construction&lt;br /&gt;in constant danger of malfunction&lt;br /&gt;i got no backup plan in case i fail&lt;br /&gt;I got no map to follow &lt;br /&gt;and i can&amp;#39;t see into tomorrow&lt;br /&gt;i got no map to follow&lt;br /&gt;and i can&amp;#39;t see into tomorrow&lt;br /&gt;I got no map to follow&lt;br /&gt;i got no map to follow&lt;br /&gt;i got no map to follow&lt;br /&gt;i got no map to follow&lt;br /&gt;&lt;br&gt;&lt;/p&gt;
</description>
    </item>
    
  </channel>
</rss>