<?xml version="1.0" encoding="utf-8" standalone="yes" ?>
<rss version="2.0" xmlns:atom="http://www.w3.org/2005/Atom">
  <channel>
      <title>12 Letras on Letraspedia.com thes best lyrics page </title>
    <link>http://letraspedia.com/artist/12-letras/</link>
    <language>en-US</language>
    <author>Enthusiastic Hugo User</author>
    <rights>Copyright (c) 2014, Enthusiastic Hugo User; all rights reserved.</rights>
    <updated>Mon, 01 Sep 2008 00:00:00 UTC</updated>
    
    <item>
      <title> 3 Por 4</title>
      <link>http://letraspedia.com/lyric/12-letras-3-por-4/</link>
      <pubDate>Mon, 01 Sep 2008 00:00:00 UTC</pubDate>
      <author>Enthusiastic Hugo User</author>
      <guid>http://letraspedia.com/lyric/12-letras-3-por-4/</guid>
      <description>&lt;p&gt;mira weon
&lt;br&gt;no nos llegay ni a los talones
&lt;br&gt;el cronos rapea y destaca en improvisaciones
&lt;br&gt;pone mi rap deslumbra los weones deja ciego
&lt;br&gt;mientras 12 letras triunfa usted recien arma su lego
&lt;br&gt;juego con el fuego y no me quemo
&lt;br&gt;eso es normal
&lt;br&gt;weones fracasados no hacen na y quieren destacar
&lt;br&gt;sal ya !
&lt;br&gt;weon estay pintando el mono
&lt;br&gt;baja del trono
&lt;br&gt;pa hablar del cronos
&lt;br&gt;anda bajando el tono
&lt;br&gt;es esta la mierda que suena en tus parlantes
&lt;br&gt;hablay mierda de nosotros y nos escushay en todas partes
&lt;br&gt;el rap es para grandes
&lt;br&gt;valla a repazar su libro
&lt;br&gt;subo el volumen cuando escucho rap vibro
&lt;br&gt;usted no puede recurre al garrabato
&lt;br&gt;esto es sencillo mas facil que 3 por 4
&lt;br&gt;multiplica tus rimas quedan chicas ante las nuestras
&lt;br&gt;vete de aqui tu estilo ya nos apesta
&lt;br&gt;
&lt;br&gt;cuatro elementos de rutina cotidian
&lt;br&gt;no me sobra vida sana simplemente descontrol
&lt;br&gt;raperos bobos mi cuerpo fluye en alcohol
&lt;br&gt;es el cosmo !
&lt;br&gt;soy el que maneja el naipe
&lt;br&gt;estupido el rapero que se la da de flaite
&lt;br&gt;entiendes con un paipe y ya me pasa la lucura
&lt;br&gt;tu genio y tu flow yo lo encuentro en la basura
&lt;br&gt;la lengua tartamuda es la imagen de un weon
&lt;br&gt;lapiz y papel musica marca mi adiccion
&lt;br&gt;la razon es que te falta humildad
&lt;br&gt;por los suelos esta tu capacidad
&lt;br&gt;la verdad habria muchas formas de decirla
&lt;br&gt;sigue el camino recto
&lt;br&gt;no te salgas de la curva
&lt;br&gt;hago rap en tardes que tu te masturbas
&lt;br&gt;en movias turbias a veces se vacila
&lt;br&gt;el que quiere atao que se ponga en la fila
&lt;br&gt;
&lt;br&gt;CORO
&lt;br&gt;yo digo que que !
&lt;br&gt;tu rap es basico
&lt;br&gt;practico en lo clasico mastico
&lt;br&gt;mi estilo siempre ha sido drastico
&lt;br&gt;simpatico y magico lastimo
&lt;br&gt;atipicos raprs de plasticos
&lt;br&gt;que que !
&lt;br&gt;tu rap es basico
&lt;br&gt;practico en lo clasico mastico
&lt;br&gt;mi estilo siempre ha sido drastico
&lt;br&gt;simpatico y magico lastimo
&lt;br&gt;atipicos raprs de plasticos
&lt;br&gt;
&lt;br&gt;
&lt;br&gt;
&lt;br&gt;12 letras
&lt;br&gt;se divierte con la hiperbole
&lt;br&gt;no estamos ni arriba abajo somos como el miercoles
&lt;br&gt;entiendes ?
&lt;br&gt;son dos palabras que te aplastan
&lt;br&gt;mucha cara fea y ya te crees un gansta
&lt;br&gt;mi juicio ha seguido hacer este ejercicio como vicio
&lt;br&gt;tampoco se trata de una amenza
&lt;br&gt;se trata de que dejes el garabatito en casa
&lt;br&gt;tanto cuesta si todavia sigues siendo un niño
&lt;br&gt;una tropa de weones nunca ha sido el gran piño
&lt;br&gt;letras tontas, graffos feos, ni un brillo
&lt;br&gt;nose si logray captar mi puto mensaje
&lt;br&gt;que vo como emsi persona te vay al drenaje
&lt;br&gt;una mierda
&lt;br&gt;cuenta hasta 3 y multiplicalo por 4
&lt;br&gt;12 letras lapiz papel y te mato
&lt;br&gt;nervios !
&lt;br&gt;siempre te dejaron el osico mudo
&lt;br&gt;angos que !
&lt;br&gt;esto solo fue un saludos
&lt;br&gt;
&lt;br&gt;perico te tengo en la cuerda
&lt;br&gt;mira que el que no gana que pierda
&lt;br&gt;vez que es sencillo continua esta mierda
&lt;br&gt;cuanto faltan rimas hay trucos bajo la manga
&lt;br&gt;esto es rap o laura se te ve la tanga
&lt;br&gt;salgan !
&lt;br&gt;vallanse de mi terreno
&lt;br&gt;12 letras canta y rapea sin frenos
&lt;br&gt;bueno lo que traigo mas o menos suena asi
&lt;br&gt;usted rapea un dia y al otro se jura emsi
&lt;br&gt;que haci weon, usted rapea y no destaca
&lt;br&gt;no cacho ingles pero te digo madafaca
&lt;br&gt;empaca !
&lt;br&gt;largate de este mundo
&lt;br&gt;te elimino en seguida asi que dame un segundo
&lt;br&gt;lo captaste ?
&lt;br&gt;o te hago un dibujo
&lt;br&gt;12 letras es grande y usted queda chiquitito
&lt;br&gt;
&lt;br&gt;CORO
&lt;br&gt;yo digo que que !
&lt;br&gt;tu rap es basico
&lt;br&gt;practico en lo clasico mastico
&lt;br&gt;mi estilo siempre ha sido drastico
&lt;br&gt;simpatico y magico lastimo
&lt;br&gt;atipicos raprs de plasticos
&lt;br&gt;que que !
&lt;br&gt;tu rap es basico
&lt;br&gt;practico en lo clasico mastico
&lt;br&gt;mi estilo siempre ha sido drastico
&lt;br&gt;simpatico y magico lastimo
&lt;br&gt;atipicos raprs de plasticos&lt;/p&gt;
</description>
    </item>
    
    <item>
      <title> Chica Mala</title>
      <link>http://letraspedia.com/lyric/12-letras-chica-mala/</link>
      <pubDate>Mon, 01 Sep 2008 00:00:00 UTC</pubDate>
      <author>Enthusiastic Hugo User</author>
      <guid>http://letraspedia.com/lyric/12-letras-chica-mala/</guid>
      <description>&lt;p&gt;(Ma ma mala)
&lt;br&gt;(Ma ma mala)
&lt;br&gt;(Ma ma mala)
&lt;br&gt;(Ma ma mala)
&lt;br&gt;(Ma ma mala)
&lt;br&gt;soy una chica mala como puedes ver
&lt;br&gt;me gusta ir caminando y las cosas romper
&lt;br&gt;un comportamiento así jamás encontraras
&lt;br&gt;soy una hija terrible no obedezco a mis papas
&lt;br&gt;o ooo ooo ooo
&lt;br&gt;nunca me lavo las manos con jabón
&lt;br&gt;o ooo oooo ooo
&lt;br&gt;me gusta el que el queso y el jamón
&lt;br&gt;Soy así soy así soy más violenta que un jabalí (no te metas con ella)
&lt;br&gt;Soy así soy así si no te gusta vete de aquí  (no lo dudes vete de aquí)
&lt;br&gt;ma ma ma ma mala mala mala  soy
&lt;br&gt;ma ma ma ma mala mala mala soy
&lt;br&gt;Odio a la chica del chori y morcipan
&lt;br&gt;lo único que hace es tirarme sin parar
&lt;br&gt;Mi video va a tener 100.000 visitas mas
&lt;br&gt;Si no lo recomiendas esto va a terminar mal
&lt;br&gt;o ooo oooo ooo
&lt;br&gt;tengo ganas de pegarle al profesor
&lt;br&gt;o ooo oooo ooo
&lt;br&gt;me dicen que que yo soy de terror
&lt;br&gt;ya lo se ya lo se mi video es mejor que el de (paty in the usa)
&lt;br&gt;Soy así soy así si no te gusta vete de aquí  (no lo dudes vete de aquí)
&lt;br&gt;ma ma ma ma mala mala mala soy
&lt;br&gt;ma ma ma ma mala mala mala soy
&lt;br&gt;(intermedio)
&lt;br&gt;Soy así soy así soy más violenta que un jabalí (no te metas con ella)
&lt;br&gt;Soy así soy así si no te gusta vete de aquí  (no lo dudes vete de aquí)
&lt;br&gt;ya lo se ya lo se mi video es mejor que el de (paty in the usa)
&lt;br&gt;Soy así soy así si no te gusta vete de aquí  (no lo dudes vete de aquí)&lt;/p&gt;
</description>
    </item>
    
    <item>
      <title> Secuestro</title>
      <link>http://letraspedia.com/lyric/12-letras-secuestro/</link>
      <pubDate>Mon, 01 Sep 2008 00:00:00 UTC</pubDate>
      <author>Enthusiastic Hugo User</author>
      <guid>http://letraspedia.com/lyric/12-letras-secuestro/</guid>
      <description>&lt;p&gt;Sale a paso firme cada dia del hogar
&lt;br&gt;va directo pal colegio preparada pa estudiar
&lt;br&gt;una semana mas dentro de lo cotidiano
&lt;br&gt;sabe que el destino no lo tiene en sus manos
&lt;br&gt;es una chica de catorce y sin ningun hermano
&lt;br&gt;mirar pa la casa pa alla siempre fue temprano
&lt;br&gt;un llamado telefonico no suena tan logico
&lt;br&gt;entra luego el panico comienza aqui lo tragico
&lt;br&gt;
&lt;br&gt;anda sube al auto fueron palabras macabras
&lt;br&gt;sabras mas rato saldras, para la boca no habras
&lt;br&gt;fueron cuadras de ver caras con mascaras
&lt;br&gt;se atascaran no pagaran tu pagaras
&lt;br&gt;si el fin se acerca llegara
&lt;br&gt;y ahora somos dos incomodos atonitos
&lt;br&gt;ante una situacion que ya nos supero por completo
&lt;br&gt;ante un secuestro estamos, poco razonamos
&lt;br&gt;en mano de otro esta la niña que criamos
&lt;br&gt;toda una familia derrama lagrimas que no secaran
&lt;br&gt;seran hasta el final heridas que el tiempo no borrara
&lt;br&gt;se desesperaran, se cansaran
&lt;br&gt;haran como que todo pasara
&lt;br&gt;y que pasara nadie sabra
&lt;br&gt;una llamada entrara a esta lista tu muñeca
&lt;br&gt;espero con tu hija y un millon en la maleta
&lt;br&gt;
&lt;br&gt;el tiempo pasa y ya no hay nada que hacer
&lt;br&gt;el dolor profundo de una hija perder
&lt;br&gt;era la princesa del hogar ya no tiene caminar
&lt;br&gt;el dolor en el pecho solo te hace llorar
&lt;br&gt;el tiempo escapa y ya no hay nada que hacer
&lt;br&gt;le quitaron el sueño de verla crecer
&lt;br&gt;mantener un dolor saber que ya no esta
&lt;br&gt;hacerse la idea y dejar todo atras
&lt;br&gt;
&lt;br&gt;en el corazon de una madre el dolor aora se teje
&lt;br&gt;nadie sabe si deverdad ella se lo merece
&lt;br&gt;al auto la subio y no penso que una familia entera destrozo
&lt;br&gt;la chica apenas llego de ella abuso
&lt;br&gt;ahora el hombre ya nisiquiera quiere parar
&lt;br&gt;sabe que dinero le va a llegar pero tiene que maltratar
&lt;br&gt;aunque la madre no la puede ver sabe lo que le puede pasar
&lt;br&gt;y si no tiene pa pagar el paso tiene que apresurar
&lt;br&gt;porque ya la ayuda ya nisiquiera te ayuda
&lt;br&gt;llego a la casa no esta la hija esa voz tierna que te saluda
&lt;br&gt;pues hablan palabras muda que marcan el retrato
&lt;br&gt;un mal trato a la doncella la esperanza brilla mas
&lt;br&gt;que una aclama estrella no habran palabras bellas
&lt;br&gt;dentro del refugio la chica pasa hambre la chica pasa frio
&lt;br&gt;algo que ella nunca imagino
&lt;br&gt;ahora javier cuentale como esta historia termino
&lt;br&gt;
&lt;br&gt;ya no hay noches pa soñar solo tiempo pa exrañar
&lt;br&gt;ya no quiere recordar lo que añora es olvidar
&lt;br&gt;secuestros por minutos en un mundo diminuto
&lt;br&gt;todo el plan fue muy astuto y la familia esta de luto
&lt;br&gt;él fue cruel se aprovesho del momento
&lt;br&gt;abusos contra ella dejo estigmas en su cuerpo
&lt;br&gt;sus gritos alocados solo pedian clemencia
&lt;br&gt;un disparo en la cabeza termino con su existencia
&lt;br&gt;
&lt;br&gt;las horas pasaron
&lt;br&gt;con la chica terminaron
&lt;br&gt;el tiempo termino en una mala jugada ella callo&lt;/p&gt;
</description>
    </item>
    
  </channel>
</rss>