<?xml version="1.0" encoding="utf-8" standalone="yes" ?>
<rss version="2.0" xmlns:atom="http://www.w3.org/2005/Atom">
  <channel>
      <title>3l1nd on Letraspedia.com thes best lyrics page </title>
    <link>http://letraspedia.com/artist/3l1nd/</link>
    <language>en-US</language>
    <author>Enthusiastic Hugo User</author>
    <rights>Copyright (c) 2014, Enthusiastic Hugo User; all rights reserved.</rights>
    <updated>Mon, 01 Sep 2008 00:00:00 UTC</updated>
    
    <item>
      <title> Cinderella</title>
      <link>http://letraspedia.com/lyric/3l1nd-cinderella/</link>
      <pubDate>Mon, 01 Sep 2008 00:00:00 UTC</pubDate>
      <author>Enthusiastic Hugo User</author>
      <guid>http://letraspedia.com/lyric/3l1nd-cinderella/</guid>
      <description>&lt;p&gt;Tu te acercaste una noche fria
&lt;br&gt;tan fria como la razon
&lt;br&gt;yo no te quise hablar de mi
&lt;br&gt;tu tampoco contaste nada de ti
&lt;br&gt;ya hace tiempo que soñaba con ella
&lt;br&gt;ya estabas cansada de soñar
&lt;br&gt;
&lt;br&gt;Tu sabes bien de mi dolor
&lt;br&gt;porque tambien tus ojos tristes
&lt;br&gt;ya no pueden sonreir
&lt;br&gt;mirando estoy el gran reloj
&lt;br&gt;pues solo queda un minuto nada mas
&lt;br&gt;y luego te iras y luego te iras
&lt;br&gt;mi cinderella
&lt;br&gt;
&lt;br&gt;Cenicienta ya te tienes que ir
&lt;br&gt;Cinderella ya eres toda una mujer
&lt;br&gt;ya habias perdido tu zapato de cristal
&lt;br&gt;
&lt;br&gt;Tu sales sin prisa
&lt;br&gt;pues a las 12 ya no tienes
&lt;br&gt;nada que perder
&lt;br&gt;y yo me quedo entre la gente
&lt;br&gt;entre la gente que mis ojos ya no pueden ver
&lt;br&gt;y es que ya lo se,ahora ya lo se
&lt;br&gt;mi cenicienta la niña hecha mujer
&lt;br&gt;
&lt;br&gt;Cinderella ya te tienes que ir
&lt;br&gt;Cenicienta ya eres toda un mujer
&lt;br&gt;ya habias perdido tu zapato de cristal(2x)&lt;/p&gt;
</description>
    </item>
    
    <item>
      <title> Perdiendo El Tiempo</title>
      <link>http://letraspedia.com/lyric/3l1nd-perdiendo-el-tiempo/</link>
      <pubDate>Mon, 01 Sep 2008 00:00:00 UTC</pubDate>
      <author>Enthusiastic Hugo User</author>
      <guid>http://letraspedia.com/lyric/3l1nd-perdiendo-el-tiempo/</guid>
      <description>&lt;p&gt;Cuando sientas que ya el sol
&lt;br&gt;no brilla para ti
&lt;br&gt;cuando sientas que el alcohol
&lt;br&gt;ya no te embriaga
&lt;br&gt;si supieras lo que pasa
&lt;br&gt;no te lo puedo advertir
&lt;br&gt;y es que paso otra vez.
&lt;br&gt;Hoy no tengo ganas
&lt;br&gt;de mirar de nuevo al cielo
&lt;br&gt;porque ya no soy el mismo
&lt;br&gt;me doy cuenta que creci
&lt;br&gt;cuando siento que todo
&lt;br&gt;no se puede remediar
&lt;br&gt;porfavor perdoname
&lt;br&gt;
&lt;br&gt;Cuando pase y el tiempo
&lt;br&gt;y no quiera correr
&lt;br&gt;cuando en las noches
&lt;br&gt;ya no sientas que te quiero ver
&lt;br&gt;ya no habra mas miedo
&lt;br&gt;y porfin te olvidare
&lt;br&gt;porque oye nena gravemente
&lt;br&gt;tu me heriste
&lt;br&gt;
&lt;br&gt;Luego de unos tragos
&lt;br&gt;me puse a pensar
&lt;br&gt;si todo este tiempo fui feliz
&lt;br&gt;ya no lo quiero mas
&lt;br&gt;si,te ame
&lt;br&gt;pero no puedo arriesgar
&lt;br&gt;porque asi estoy muy bien
&lt;br&gt;
&lt;br&gt;Cuando pase y el tiempo
&lt;br&gt;y no quiera correr
&lt;br&gt;cuando en las noches
&lt;br&gt;ya no sientas que te quiero ver
&lt;br&gt;ya no habra mas miedo
&lt;br&gt;y porfin te olvidare
&lt;br&gt;porque oye nena gravemente
&lt;br&gt;tu me heriste(2x)&lt;/p&gt;
</description>
    </item>
    
  </channel>
</rss>