<?xml version="1.0" encoding="utf-8" standalone="yes" ?>
<rss version="2.0" xmlns:atom="http://www.w3.org/2005/Atom">
  <channel>
      <title>16 Down on Letraspedia.com thes best lyrics page </title>
    <link>http://letraspedia.com/artist/16-down/</link>
    <language>en-US</language>
    <author>Enthusiastic Hugo User</author>
    <rights>Copyright (c) 2014, Enthusiastic Hugo User; all rights reserved.</rights>
    <updated>Mon, 01 Sep 2008 00:00:00 UTC</updated>
    
    <item>
      <title> In The Bleak Mid Winter</title>
      <link>http://letraspedia.com/lyric/16-down-in-the-bleak-mid-winter/</link>
      <pubDate>Mon, 01 Sep 2008 00:00:00 UTC</pubDate>
      <author>Enthusiastic Hugo User</author>
      <guid>http://letraspedia.com/lyric/16-down-in-the-bleak-mid-winter/</guid>
      <description>&lt;p&gt;In the bleak mid winter frosty winds made morn earth stood hard as iron water like a&lt;br /&gt;&lt;br&gt;stone&lt;br /&gt;if you nver eanted me&lt;br /&gt;why did you break my heart&lt;br /&gt;never let me go &lt;br /&gt;coz ill never know&lt;br /&gt;what you mean to me&lt;br /&gt;&lt;br /&gt;I cant belive you left me&lt;br /&gt;yeah &lt;br /&gt;yeah&lt;br /&gt;yeah&lt;br /&gt;&lt;br /&gt;I never know how u could do this to me&lt;br /&gt;love me love&lt;br /&gt;but let me go&lt;br /&gt;I loved you&lt;br /&gt; but you never returned my calls&lt;br /&gt;oh well&lt;br /&gt; love me love me but dont be sorry&lt;br /&gt;chorus x2&lt;/p&gt;
</description>
    </item>
    
    <item>
      <title> Subtle Movements</title>
      <link>http://letraspedia.com/lyric/16-down-subtle-movements/</link>
      <pubDate>Mon, 01 Sep 2008 00:00:00 UTC</pubDate>
      <author>Enthusiastic Hugo User</author>
      <guid>http://letraspedia.com/lyric/16-down-subtle-movements/</guid>
      <description>&lt;p&gt;Subtle movements&lt;br&gt;&lt;br&gt;The subtle movements of her eyes said it all&lt;br&gt;Made my thoughts wonder of, couldnt get enough&lt;br&gt;The perfume of this girls, in front of me, is killin me&lt;br&gt;&lt;br&gt;This soultrip rolls along this road&lt;br&gt;Straight into the unknown is where I wanna go&lt;br&gt;Im losing my head, losing my head over her&lt;br&gt;&lt;br&gt;Spinning round and round so fast&lt;br&gt;When she touches me and I see her smile&lt;br&gt;She makes it all worthwhile&lt;br&gt;Spinning round and round so fast I believe she&lt;br&gt;Makes me whole, I never felt this much alive&lt;br&gt;&lt;br&gt;So divine, shes pure, shes beautiful&lt;br&gt;And on days like this in the autumn winds&lt;br&gt;I feel that all I am is about her, about her&lt;br&gt;&lt;br&gt;Spinning round and round so fast&lt;br&gt;When she touches me and I see her smile&lt;br&gt;She makes it all worthwhile&lt;br&gt;Spinning round and round so fast I believe she&lt;br&gt;Makes me whole, I never felt this much alive&lt;br&gt;She makes it all worthwhile (4x)&lt;br&gt;&lt;br&gt;Spinning round and round so fast&lt;br&gt;When she touches me and I see her smile&lt;br&gt;She makes it all worthwhile&lt;br&gt;Spinning round and round so fast I believe she&lt;br&gt;Makes me whole, I never felt this much alive&lt;br&gt;Much alive&lt;br&gt;She makes me feel alive&lt;br&gt;&lt;/p&gt;
</description>
    </item>
    
  </channel>
</rss>