<?xml version="1.0" encoding="utf-8" standalone="yes" ?>
<rss version="2.0" xmlns:atom="http://www.w3.org/2005/Atom">
  <channel>
      <title>28 Days on Letraspedia.com thes best lyrics page </title>
    <link>http://letraspedia.com/artist/28-days/</link>
    <language>en-US</language>
    <author>Enthusiastic Hugo User</author>
    <rights>Copyright (c) 2014, Enthusiastic Hugo User; all rights reserved.</rights>
    <updated>Mon, 01 Sep 2008 00:00:00 UTC</updated>
    
    <item>
      <title> A General</title>
      <link>http://letraspedia.com/lyric/28-days-a-general/</link>
      <pubDate>Mon, 01 Sep 2008 00:00:00 UTC</pubDate>
      <author>Enthusiastic Hugo User</author>
      <guid>http://letraspedia.com/lyric/28-days-a-general/</guid>
      <description>&lt;p&gt;Tonight &lt;br /&gt;i saw your true face&lt;br /&gt;vindictive&lt;br /&gt;a language of your reaction&lt;br /&gt;and thank you for returning my faith in what i believed in&lt;br /&gt;it nearly went in vain &lt;br /&gt;while you took aim&lt;br /&gt;So when you wake tomorrow with no one left to crucify &lt;br /&gt;you know that you&amp;#39;ll still feel afraid&lt;br /&gt;the way you woke up this morning, today&lt;br /&gt;That&amp;#39;s right &lt;br /&gt;i saw your true face &lt;br /&gt;or rather &lt;br /&gt;a representative of hatred&lt;br /&gt;don&amp;#39;t you fight your own wars?&lt;br /&gt;a general saluting yourself for yesterday&lt;br /&gt;while you think about your prey&lt;br /&gt;I hope for your sake you work out your problem lies within&lt;br /&gt;your tortured mindset you put out&lt;br /&gt;so where&amp;#39;s your violin?&lt;br /&gt;&lt;br&gt;&lt;/p&gt;
</description>
    </item>
    
    <item>
      <title> Ball Of Hate</title>
      <link>http://letraspedia.com/lyric/28-days-ball-of-hate/</link>
      <pubDate>Mon, 01 Sep 2008 00:00:00 UTC</pubDate>
      <author>Enthusiastic Hugo User</author>
      <guid>http://letraspedia.com/lyric/28-days-ball-of-hate/</guid>
      <description>&lt;p&gt;Inside you is you heart &lt;br /&gt;as also is a ball of hatred &lt;br /&gt;you struggle within &lt;br /&gt;dont let that hatred swallow you whole &lt;br /&gt;cause darkness is all you see &lt;br /&gt;you use it as a foundation of strength &lt;br /&gt;but in fact its what makes you weak &lt;br /&gt;you are so much more &lt;br /&gt;than that ball of hate &lt;br /&gt;(but it&amp;#39;s all that you&amp;#39;ll let us see) &lt;br /&gt;we won&amp;#39;t tear you apart &lt;br /&gt;we&amp;#39;re you&amp;#39;re fucking friends &lt;br /&gt;but i won&amp;#39;t take the fall &lt;br /&gt;just to save your ball of bitter hatred &lt;br /&gt;it&amp;#39;s your call now it&amp;#39;s up to you &lt;br /&gt;what will you do? &lt;br /&gt;i know you can be yourself &lt;br /&gt;again closer to the kid i knew &lt;br /&gt;you can be you it&amp;#39;s not that hard to do &lt;br /&gt;if you trust in us like i said &lt;br /&gt;we won&amp;#39;t tear you apart &lt;br /&gt;it&amp;#39;s up to you to make a start&lt;br /&gt;&lt;br&gt;&lt;/p&gt;
</description>
    </item>
    
    <item>
      <title> Do Our Part</title>
      <link>http://letraspedia.com/lyric/28-days-do-our-part/</link>
      <pubDate>Mon, 01 Sep 2008 00:00:00 UTC</pubDate>
      <author>Enthusiastic Hugo User</author>
      <guid>http://letraspedia.com/lyric/28-days-do-our-part/</guid>
      <description>&lt;p&gt;All i fucking do is complain &lt;br /&gt;me and the rest of the scene &lt;br /&gt;that&amp;#39;s what&amp;#39;s wrong with us &lt;br /&gt;whinging does nothing &lt;br /&gt;when did we become so clean &lt;br /&gt;i&amp;#39;m really over this &lt;br /&gt;no one want&amp;#39;s to hit close to home &lt;br /&gt;i&amp;#39;m this i&amp;#39;m that which makes me right &lt;br /&gt;no it makes you narrow minded you&amp;#39;re&lt;br /&gt;choking on your words you fucking clone &lt;br /&gt;Get straight up do our part &lt;br /&gt;word up do our part &lt;br /&gt;we&amp;#39;re not the only ones &lt;br /&gt;I know you think you are so smart &lt;br /&gt;so heres a four one one for you &lt;br /&gt;i know you&amp;#39;ve got know heart &lt;br /&gt;so i can see right through &lt;br /&gt;why don&amp;#39;t you just do your part &lt;br /&gt;make a start show us heart &lt;br /&gt;see that shit right through &lt;br /&gt;what the fuck are gonna do &lt;br /&gt;What are we gonna do &lt;br /&gt;like i said before &lt;br /&gt;it&amp;#39;s up to you and me &lt;br /&gt;whinging does nothing &lt;br /&gt;does nothing&lt;br /&gt;&lt;br&gt;&lt;/p&gt;
</description>
    </item>
    
    <item>
      <title> Early Mornings</title>
      <link>http://letraspedia.com/lyric/28-days-early-mornings/</link>
      <pubDate>Mon, 01 Sep 2008 00:00:00 UTC</pubDate>
      <author>Enthusiastic Hugo User</author>
      <guid>http://letraspedia.com/lyric/28-days-early-mornings/</guid>
      <description>&lt;p&gt;Early mornings make me angry&lt;br /&gt;and routine takes away the very essence of the day&lt;br /&gt;but when reflection shows a need for the latter then it matters&lt;br /&gt;so i don&amp;#39;t waste away&lt;br /&gt;I used to wakeup at eleven and i &lt;br /&gt;never did shit i&amp;#39;m thinking as i pen it that i &lt;br /&gt;could have used my time a little wiser &lt;br /&gt;but it&amp;#39;s too late i should have fucken opened my eyes up&lt;br /&gt;Don&amp;#39;t you waste today&lt;br /&gt;You say you think that nothing matters&lt;br /&gt;well put your head back in your arse you fucking waste of skin&lt;br /&gt;the fact you&amp;#39;re here&amp;#39;s a bonus&lt;br /&gt;i think you&amp;#39;ll find the onus &lt;br /&gt;is on you to learn &lt;br /&gt;that he who tries is he who wins&lt;br /&gt;I don&amp;#39;t want to waste my time away&lt;br /&gt;&lt;br&gt;&lt;/p&gt;
</description>
    </item>
    
    <item>
      <title> Eats Away</title>
      <link>http://letraspedia.com/lyric/28-days-eats-away/</link>
      <pubDate>Mon, 01 Sep 2008 00:00:00 UTC</pubDate>
      <author>Enthusiastic Hugo User</author>
      <guid>http://letraspedia.com/lyric/28-days-eats-away/</guid>
      <description>&lt;p&gt;I can&amp;#39;t stand &lt;br /&gt;the taste of defeat&lt;br /&gt;just like any man&lt;br /&gt;but i know i&amp;#39;ll lose more sleep&lt;br /&gt;if i waste another chance&lt;br /&gt;for nothing more than the fear of the unknown&lt;br /&gt;Don&amp;#39;t wait&lt;br /&gt;People may have broken down your trust in yourself&lt;br /&gt;so you take that bitter pill and it hurts when you swallow down on it&lt;br /&gt;and it sits inside of you and it slowly eats away&lt;br /&gt;take that step&lt;br /&gt;So don&amp;#39;t wait&lt;br /&gt;&amp;#39;cause you know you can&amp;#39;t afford to&lt;br /&gt;Take a step&lt;br /&gt;without your fear of failure&lt;br /&gt;let the rest&lt;br /&gt;just drop into place &lt;br /&gt;you&amp;#39;ll never know until you place some trust in yourself&lt;br /&gt;Years will pass&lt;br /&gt;but nothing may ever change&lt;br /&gt;if you don&amp;#39;t want that for a life and do something today&lt;br /&gt;all those dreams that you have&lt;br /&gt;not that far out of reach &lt;br /&gt;you can&amp;#39;t live a life &lt;br /&gt;a life of what ifs&lt;br /&gt;the chances you had&lt;br /&gt;the time that you waste&lt;br /&gt;realise now that they may never come again&lt;br /&gt;the rest of your life has just begun &lt;br /&gt;so step to the plate &lt;br /&gt;what&amp;#39;s done is done&lt;br /&gt;&lt;br&gt;&lt;/p&gt;
</description>
    </item>
    
    <item>
      <title> Friends</title>
      <link>http://letraspedia.com/lyric/28-days-friends/</link>
      <pubDate>Mon, 01 Sep 2008 00:00:00 UTC</pubDate>
      <author>Enthusiastic Hugo User</author>
      <guid>http://letraspedia.com/lyric/28-days-friends/</guid>
      <description>&lt;p&gt;Why do we bother sometimes &lt;br /&gt;why not give this shit up &lt;br /&gt;we&amp;#39;re meant to be friends but we &lt;br /&gt;can&amp;#39;t let our guard down for too long &lt;br /&gt;we value our friendship so highly &lt;br /&gt;but too easily forgotten &lt;br /&gt;when we want what we want &lt;br /&gt;we were so tight when we were seventeen &lt;br /&gt;what fucking happend that&amp;#39;s what i want to know &lt;br /&gt;I think we&amp;#39;ve lost touch with &lt;br /&gt;what our friendships really all about &lt;br /&gt;or maybe things have changed &lt;br /&gt;people do that&amp;#39;s cool we can work it out &lt;br /&gt;Now we are older and stronger &lt;br /&gt;and more our own men &lt;br /&gt;just a little confused cause we don&amp;#39;t understand &lt;br /&gt;why we can&amp;#39;t hangout forever like the old days &lt;br /&gt;our friendship was real it couldn&amp;#39;t &lt;br /&gt;have been just a phase the conflict we feel &lt;br /&gt;in fact is just confussion cause it feels &lt;br /&gt;like you went and changed it &lt;br /&gt;wasn&amp;#39;t me it wasn&amp;#39;t you it&amp;#39;s all and illusion &lt;br /&gt;happens to us all its just not that strange &lt;br /&gt;I thought we were meant to be friends&lt;br /&gt;&lt;br&gt;&lt;/p&gt;
</description>
    </item>
    
    <item>
      <title> Goodbye</title>
      <link>http://letraspedia.com/lyric/28-days-goodbye/</link>
      <pubDate>Mon, 01 Sep 2008 00:00:00 UTC</pubDate>
      <author>Enthusiastic Hugo User</author>
      <guid>http://letraspedia.com/lyric/28-days-goodbye/</guid>
      <description>&lt;p&gt;Thought i left you all behind,&lt;br /&gt;when you feel out of my mind, &lt;br /&gt;thought i made it clear that i just didn&amp;#39;t want to be, &lt;br /&gt;near you, comply again, &lt;br /&gt;we can never ben classed as just friends, &lt;br /&gt;and we both know it was time to go&amp;hellip; &lt;br /&gt;And as i walk away, &lt;br /&gt;i distinctly remember hearing you say, &lt;br /&gt;under your breath, yeah i&amp;#39;ll be back, &lt;br /&gt;but i didn&amp;#39;t come back did i? &lt;br /&gt;did i expect this one to last? &lt;br /&gt;respect is what ou had. &lt;br /&gt;And it was just the same, &lt;br /&gt;no you hadn&amp;#39;t changed a bit, &lt;br /&gt;those simultaneous things, and we are all friends, &lt;br /&gt;i&amp;#39;ve got somethign you want, &lt;br /&gt;i&amp;#39;ve sold my cue, so what&amp;#39;s the question oh? &lt;br /&gt;[chorus]&lt;br /&gt;Goodbye again, &lt;br /&gt;we both know it just had to end. &lt;br /&gt;Goodbye again, goodbye again. &lt;br /&gt;[chorus]&lt;br /&gt;It was time to go, &lt;br /&gt;goodbye, goodbye again&lt;br /&gt;&lt;br&gt;&lt;/p&gt;
</description>
    </item>
    
    <item>
      <title> I Remember</title>
      <link>http://letraspedia.com/lyric/28-days-i-remember/</link>
      <pubDate>Mon, 01 Sep 2008 00:00:00 UTC</pubDate>
      <author>Enthusiastic Hugo User</author>
      <guid>http://letraspedia.com/lyric/28-days-i-remember/</guid>
      <description>&lt;p&gt;One time i remember&lt;br /&gt;i remember when you used to think&lt;br /&gt;that you were much better&lt;br /&gt;now you smoke and now you drink&lt;br /&gt;You lost it your legal&lt;br /&gt;taking pills and you contrdict&lt;br /&gt;those sweeping comments you&lt;br /&gt;comments you made before you backflipped&lt;br /&gt;I hope you feel like you belong&lt;br /&gt;yeah just like you did before&lt;br /&gt;just another scenester fool&lt;br /&gt;just another fashion whore&lt;br /&gt;We sure saw who stuck around&lt;br /&gt;morals walked on out the door&lt;br /&gt;now we see you at the club&lt;br /&gt;and you&amp;#39;re grinding on your jaw&lt;br /&gt;Was it worth it&lt;br /&gt;feel like you belong&lt;br /&gt;turn your back&lt;br /&gt;feel like you belong&lt;br /&gt;was it worth it&lt;br /&gt;feel like you belong&lt;br /&gt;turn your back&lt;br /&gt;feel like you belong&lt;br /&gt;was it worth it, turn your back&lt;br /&gt;One time i remember&lt;br /&gt;i remember when you used to think&lt;br /&gt;that you were much better&lt;br /&gt;now you smoke and now you drink&lt;br /&gt;I hope you feel like you belong&lt;br /&gt;yeah just like you did before&lt;br /&gt;just another scenester fool&lt;br /&gt;just another fashion whore&lt;br /&gt;We sure saw who stuck around&lt;br /&gt;morals walked on out the door&lt;br /&gt;now we see you at the club&lt;br /&gt;and you&amp;#39;re grinding on your jaw&lt;br /&gt;&lt;br&gt;&lt;/p&gt;
</description>
    </item>
    
    <item>
      <title> Information Overload</title>
      <link>http://letraspedia.com/lyric/28-days-information-overload/</link>
      <pubDate>Mon, 01 Sep 2008 00:00:00 UTC</pubDate>
      <author>Enthusiastic Hugo User</author>
      <guid>http://letraspedia.com/lyric/28-days-information-overload/</guid>
      <description>&lt;p&gt;Too many messages multi media sponge &lt;br /&gt;too many to address i guess&lt;br /&gt;you could say i&amp;#39;m out lunch&lt;br /&gt;television tells me what to think.&lt;br /&gt;i don&amp;#39;t even realise i know nothing&lt;br /&gt;Nothing at all&lt;br /&gt;nothing at all&lt;br /&gt;i know nothing&lt;br /&gt;Mulder tells me what to think&lt;br /&gt;lunatics what would they know &lt;br /&gt;coke can tell me what to drink&lt;br /&gt;i can consume with nothing to show &lt;br /&gt;jerry makes me feel better&lt;br /&gt;i call them all freaks and do the jerry call&lt;br /&gt;nothing makes you realise i know nothing&lt;br /&gt;nothing at all&lt;br /&gt;I know nothing &lt;br /&gt;nothing, nothing&lt;br /&gt;you won&amp;#39;t know nothing&lt;br /&gt;I took with one hand and pushed &lt;br /&gt;away with the other&lt;br /&gt;still my cup overflows &lt;br /&gt;can&amp;#39;t make up my mind one way&lt;br /&gt;or the other information overload&lt;br /&gt;Can&amp;#39;t make up my mind&lt;br /&gt;&lt;br&gt;&lt;/p&gt;
</description>
    </item>
    
    <item>
      <title> January</title>
      <link>http://letraspedia.com/lyric/28-days-january/</link>
      <pubDate>Mon, 01 Sep 2008 00:00:00 UTC</pubDate>
      <author>Enthusiastic Hugo User</author>
      <guid>http://letraspedia.com/lyric/28-days-january/</guid>
      <description>&lt;p&gt;January&lt;br /&gt;january to the one &lt;br /&gt;january to the nine&lt;br /&gt;i swear i&amp;#39;ve found my piece of mind&lt;br /&gt;Can you let me tell you the rest of your life?&lt;br /&gt;that you can be anything if you so please and you try&lt;br /&gt;you just try&lt;br /&gt;What can i say?&lt;br /&gt;i try&lt;br /&gt;words will not suffice&lt;br /&gt;to express the emotion that seems to just flood from your eyes&lt;br /&gt;when january comes in the summer time&lt;br /&gt;the marker one and nine&lt;br /&gt;we&amp;#39;ll celebrate your life&lt;br /&gt;In january&lt;br /&gt;When you woke up and you looked up for the first time&lt;br /&gt;and i looked into your eyes&lt;br /&gt;you changed my fucking life&lt;br /&gt;&lt;br&gt;&lt;/p&gt;
</description>
    </item>
    
    <item>
      <title> Just To Make You Happy</title>
      <link>http://letraspedia.com/lyric/28-days-just-to-make-you-happy/</link>
      <pubDate>Mon, 01 Sep 2008 00:00:00 UTC</pubDate>
      <author>Enthusiastic Hugo User</author>
      <guid>http://letraspedia.com/lyric/28-days-just-to-make-you-happy/</guid>
      <description>&lt;p&gt;I can not hang onto this bullshit forever&lt;br /&gt;can you? &lt;br /&gt;if you can that&amp;#39;s up to you&lt;br /&gt;We are so foolish all this coolness can be fickle&lt;br /&gt;lacking in foundation and i&amp;#39;m quickly losing patience&lt;br /&gt;i&amp;#39;m jaded just like you &lt;br /&gt;and if you want me to&lt;br /&gt;i&amp;#39;ll show you all of my bank statements&lt;br /&gt;just got off the welfare payments&lt;br /&gt;I&amp;#39;m not going back to having nothing&lt;br /&gt;just to make you happy, just to make you happy&lt;br /&gt;i don&amp;#39;t want to be the one who tells you what you want to hear &lt;br /&gt;i don&amp;#39;t want to be the one&lt;br /&gt;I do this for the love of it&lt;br /&gt;while jealous people email bullshit &lt;br /&gt;but it&amp;#39;s o.k.&lt;br /&gt;we get to play our songs and we&amp;#39;ve done nothing wrong&lt;br /&gt;so sit at your computer screen&lt;br /&gt;think of something safe and mean&lt;br /&gt;&lt;br&gt;&lt;/p&gt;
</description>
    </item>
    
    <item>
      <title> Know The Score</title>
      <link>http://letraspedia.com/lyric/28-days-know-the-score/</link>
      <pubDate>Mon, 01 Sep 2008 00:00:00 UTC</pubDate>
      <author>Enthusiastic Hugo User</author>
      <guid>http://letraspedia.com/lyric/28-days-know-the-score/</guid>
      <description>&lt;p&gt;Turned on the tv screen and what did i see&lt;br /&gt;a video collage of our atrocities&lt;br /&gt;turtles getting cut open by poachers &lt;br /&gt;knife how can i just look at that and not &lt;br /&gt;change my life&lt;br /&gt;&lt;br&gt;Sometimes my life is so lucky and &lt;br /&gt;sometimes its not &lt;br /&gt;i&amp;#39;m lucky enough to do something more&lt;br /&gt;Something else i saw that made&lt;br /&gt;me want to boff&lt;br /&gt;it was a video of an elephants tusk&lt;br /&gt;while they were chopping it off&lt;br /&gt;why do us human beings have to wreck&lt;br /&gt;everything without a fuckin thought&lt;br /&gt;of the pain, yeah that it brings&lt;br /&gt;yeah that it brings, yeah that it brings&lt;br /&gt;yeah that it brings&lt;br /&gt;Brings brings brings&lt;br /&gt;that it brings&lt;br /&gt;brings brings brings &lt;br /&gt;yes of the pain that it brings&lt;br /&gt;yeah that it brings&lt;br /&gt;&lt;br&gt;&lt;/p&gt;
</description>
    </item>
    
    <item>
      <title> Kool</title>
      <link>http://letraspedia.com/lyric/28-days-kool/</link>
      <pubDate>Mon, 01 Sep 2008 00:00:00 UTC</pubDate>
      <author>Enthusiastic Hugo User</author>
      <guid>http://letraspedia.com/lyric/28-days-kool/</guid>
      <description>&lt;p&gt;You want so much for everyone &lt;br /&gt;to like you for who you really are &lt;br /&gt;but you care about it so much &lt;br /&gt;you won&amp;#39;t be yourself &lt;br /&gt;but i know you feel so much better &lt;br /&gt;than that and i know you &lt;br /&gt;would not have to let someone else &lt;br /&gt;do this bullshit to you &lt;br /&gt;what i want to know is why you let &lt;br /&gt;those fucking wankers talk to you like that &lt;br /&gt;What makes you think they are so kool &lt;br /&gt;You want so much for everyone &lt;br /&gt;to like you for who you really are &lt;br /&gt;but you care about it so much &lt;br /&gt;you won&amp;#39;t be yourself &lt;br /&gt;is it because for them &lt;br /&gt;everything seems to go so well &lt;br /&gt;not like you because you struggle &lt;br /&gt;for everything like hell &lt;br /&gt;let me tell you i respect that &lt;br /&gt;because it&amp;#39;s easy when it&amp;#39;s easy &lt;br /&gt;What makes you think they are so kool&lt;br /&gt;&lt;br&gt;&lt;/p&gt;
</description>
    </item>
    
    <item>
      <title> Pessimy And The Devil</title>
      <link>http://letraspedia.com/lyric/28-days-pessimy-and-the-devil/</link>
      <pubDate>Mon, 01 Sep 2008 00:00:00 UTC</pubDate>
      <author>Enthusiastic Hugo User</author>
      <guid>http://letraspedia.com/lyric/28-days-pessimy-and-the-devil/</guid>
      <description>&lt;p&gt;Don&amp;#39;t kid yourself&lt;br /&gt;&amp;#39;cause there&amp;#39;s a good chance&lt;br /&gt;your life means nothing&lt;br /&gt;you&amp;#39;ve got enough to confuse the facts&lt;br /&gt;in time they&amp;#39;ll know you&amp;#39;re bluffing&lt;br /&gt;You&amp;#39;ll catch one out &lt;br /&gt;but in the meantime thousands more are breeding&lt;br /&gt;it&amp;#39;s always you and me who pay &lt;br /&gt;that&amp;#39;s why my heart is bleeding&lt;br /&gt;They are nameless&lt;br /&gt;they are faceless&lt;br /&gt;they are dollar signs&lt;br /&gt;hostile mergers&lt;br /&gt;taking over&lt;br /&gt;killing people from the inside&lt;br /&gt;drink it down&lt;br /&gt;throw your package to the ground&lt;br /&gt;I am the devil&lt;br /&gt;i spread myself pretty thin&lt;br /&gt;i&amp;#39;m getting busy with the gluttony and sin&lt;br /&gt;the world is lookin&amp;#39; fresh&lt;br /&gt;i did this emptiness&lt;br /&gt;the world is a girl i&amp;#39;m raping&lt;br /&gt;the real tv&amp;#39;s taping the whole thing &lt;br /&gt;and you were doing nothing but watch me&lt;br /&gt;i am the people you trust &lt;br /&gt;you&amp;#39;re never gonna stop me&lt;br /&gt;buy your coke or pepsi it doesn&amp;#39;t matter&lt;br /&gt;either way my crew&amp;#39;s pockets are getting fatter&lt;br /&gt;What&amp;#39;s my name?&lt;br /&gt;&lt;br&gt;&lt;/p&gt;
</description>
    </item>
    
    <item>
      <title> Photos</title>
      <link>http://letraspedia.com/lyric/28-days-photos/</link>
      <pubDate>Mon, 01 Sep 2008 00:00:00 UTC</pubDate>
      <author>Enthusiastic Hugo User</author>
      <guid>http://letraspedia.com/lyric/28-days-photos/</guid>
      <description>&lt;p&gt;You always gave your four-leaf clover&lt;br /&gt;it&amp;#39;s over&lt;br /&gt;and i don&amp;#39;t know if i&amp;#39;m gonna see your face again&lt;br /&gt;you always gave your four-leaf clover&lt;br /&gt;it&amp;#39;s over&lt;br /&gt;and i don&amp;#39;t know if you&amp;#39;re coming back to earth again&lt;br /&gt;I hope there&amp;#39;s a heaven and the light&amp;#39;s good&lt;br /&gt;i hope you can see us all from there&lt;br /&gt;i don&amp;#39;t have faith to just fall back on&lt;br /&gt;got photos, memories and an empty space&lt;br /&gt;nothing will feel the same now you&amp;#39;ve gone&lt;br /&gt;I cannot dignify this let alone justify it&lt;br /&gt;you had got it so together&lt;br /&gt;you found your perfect subject&lt;br /&gt;completed composition&lt;br /&gt;what am i meant to learn from this?&lt;br /&gt;&lt;br&gt;&lt;/p&gt;
</description>
    </item>
    
  </channel>
</rss>