<?xml version="1.0" encoding="utf-8" standalone="yes" ?>
<rss version="2.0" xmlns:atom="http://www.w3.org/2005/Atom">
  <channel>
      <title>2ble Kra on Letraspedia.com thes best lyrics page </title>
    <link>http://letraspedia.com/artist/2ble-kra/</link>
    <language>en-US</language>
    <author>Enthusiastic Hugo User</author>
    <rights>Copyright (c) 2014, Enthusiastic Hugo User; all rights reserved.</rights>
    <updated>Mon, 01 Sep 2008 00:00:00 UTC</updated>
    
    <item>
      <title> A Tres</title>
      <link>http://letraspedia.com/lyric/2ble-kra-de-a-tres/</link>
      <pubDate>Mon, 01 Sep 2008 00:00:00 UTC</pubDate>
      <author>Enthusiastic Hugo User</author>
      <guid>http://letraspedia.com/lyric/2ble-kra-de-a-tres/</guid>
      <description>&lt;p&gt;Te lo dije una vez y tu no quisiste creer
&lt;br&gt;Tienes que para por que esto ya no da más
&lt;br&gt;Y asi logramos terminar pues nunca iva a resultar
&lt;br&gt;Yo te lo dije una vez
&lt;br&gt;Que son mejores de a tres
&lt;br&gt;Y ahora me dices que esto no es normal
&lt;br&gt;
&lt;br&gt;Siempre te crei
&lt;br&gt;Y nunca fue asi
&lt;br&gt;Mirate&amp;hellip;Ahora ya eres feliz
&lt;br&gt;
&lt;br&gt;Tu en tu lugar
&lt;br&gt;Y yo vuelvo a mirar las cosas que aun quedan por borrar
&lt;br&gt;No mires atras
&lt;br&gt;Por que te vas a quedar
&lt;br&gt;Ya no puedo esperar por verte andar
&lt;br&gt;Caminando por ahi pensado en mi
&lt;br&gt;Y aunque te fuiste de aqui
&lt;br&gt;Igual me hiciste feliz
&lt;br&gt;Y ahora regresas por que no aguantas más
&lt;br&gt;
&lt;br&gt;Volvamos a empezar lo que nunca tuvo final
&lt;br&gt;Mirame&amp;hellip;Ahora esto es ideal
&lt;br&gt;
&lt;br&gt;Una vez y otra más&amp;hellip;Vamos a encontrar esta realidad
&lt;br&gt;Piensa ya si es asi&amp;hellip;Vamos a tapar la inseguridad
&lt;br&gt;Piensa ya piensa bien&amp;hellip;Vamos a ver lo que hay que hacer
&lt;br&gt;
&lt;br&gt;No quiero hacerte mal
&lt;br&gt;Volvamos a intentar
&lt;br&gt;Pero escucha bien&amp;hellip;Esto es mejor de a tres&lt;/p&gt;
</description>
    </item>
    
    <item>
      <title> Asunto Resuelto</title>
      <link>http://letraspedia.com/lyric/2ble-kra-asunto-resuelto/</link>
      <pubDate>Mon, 01 Sep 2008 00:00:00 UTC</pubDate>
      <author>Enthusiastic Hugo User</author>
      <guid>http://letraspedia.com/lyric/2ble-kra-asunto-resuelto/</guid>
      <description>&lt;p&gt;Otro día aburrido en esta enorme ciudad
&lt;br&gt;no me acuerdo que hora es ni me importa saber
&lt;br&gt;hay muchas personas a mi alrededor
&lt;br&gt;no me doy cuenta escuchando aquella canción,
&lt;br&gt;
&lt;br&gt;Y me haces creer correr
&lt;br&gt;siendo que solo aquí parado estoy,
&lt;br&gt;y me das esa razón
&lt;br&gt;no necesito ya paso lo peor
&lt;br&gt;
&lt;br&gt;Toma lo que quieras
&lt;br&gt;no me sirve mas
&lt;br&gt;que tu voz no es mas cenizas que un cigarro de ayer
&lt;br&gt;Mi cuerpo pide más de lo que tu puedes dar
&lt;br&gt;una boca decadente rozando mi piel
&lt;br&gt;
&lt;br&gt;Y me haces creer correr
&lt;br&gt;siendo que solo aquí parado estoy,
&lt;br&gt;y me das esa razón
&lt;br&gt;no necesito ya paso lo peor
&lt;br&gt;prefiero empezar a correr
&lt;br&gt;que detenerme y no volver a creer
&lt;br&gt;y me das esa razón
&lt;br&gt;no necesito repetirlo otra vez
&lt;br&gt;uuooo..
&lt;br&gt;
&lt;br&gt;Y me haces creer correr
&lt;br&gt;siendo que solo aquí parado estoy,
&lt;br&gt;y me das esa razón
&lt;br&gt;no necesito ya paso lo peor
&lt;br&gt;prefiero empezar a correr
&lt;br&gt;que detenerme y no volver a creer
&lt;br&gt;y me das esa razón
&lt;br&gt;no necesito repetirlo otra vez
&lt;br&gt;
&lt;br&gt;Ya no es  nada personal
&lt;br&gt;una canción que ya no quiero tocar
&lt;br&gt;y me dices otra vez
&lt;br&gt;ya la noche proto va a terminar!!!!!&lt;/p&gt;
</description>
    </item>
    
    <item>
      <title> Celular Maricon</title>
      <link>http://letraspedia.com/lyric/2ble-kra-celular-maricon/</link>
      <pubDate>Mon, 01 Sep 2008 00:00:00 UTC</pubDate>
      <author>Enthusiastic Hugo User</author>
      <guid>http://letraspedia.com/lyric/2ble-kra-celular-maricon/</guid>
      <description>&lt;p&gt;Me levanto al despertar
&lt;br&gt;Y me mandan a comprar
&lt;br&gt;Busco y no encuentro mi celular
&lt;br&gt;Lo busque en mi pantalon
&lt;br&gt;Tambien en mi poleron
&lt;br&gt;No se donde deje esa huea
&lt;br&gt;
&lt;br&gt;Celular maricon no se donde quedo
&lt;br&gt;Te busco y no estas y no tienes seal
&lt;br&gt;Tienes que aparecer
&lt;br&gt;No se que voy hacer
&lt;br&gt;Te tengo que encontrar o me van a matar
&lt;br&gt;
&lt;br&gt;Lo busque en un calcetin
&lt;br&gt;Y no estaba el infeliz
&lt;br&gt;Lo busco y no logra aparecer
&lt;br&gt;Mi papa me miro
&lt;br&gt;Y se empezo a reir
&lt;br&gt;Me dijo lo tienes en tu mano&lt;/p&gt;
</description>
    </item>
    
    <item>
      <title> Engañado</title>
      <link>http://letraspedia.com/lyric/2ble-kra-enganado/</link>
      <pubDate>Mon, 01 Sep 2008 00:00:00 UTC</pubDate>
      <author>Enthusiastic Hugo User</author>
      <guid>http://letraspedia.com/lyric/2ble-kra-enganado/</guid>
      <description>&lt;p&gt;Ya es la hora acordada
&lt;br&gt;De encontrarme con mi amada
&lt;br&gt;Hoy es nuestro aniversario
&lt;br&gt;Ya lo vi en el calendario
&lt;br&gt;Caminando sonriente
&lt;br&gt;Saludo a toda la gente
&lt;br&gt;Nadie entorpece el camino
&lt;br&gt;Y su casa es mi destino
&lt;br&gt;
&lt;br&gt;Enga^ado
&lt;br&gt;Por mi propio amigo
&lt;br&gt;Y con eso que
&lt;br&gt;no hacen faltan enemigos
&lt;br&gt;Enga^ado
&lt;br&gt;Pasado a llevar
&lt;br&gt;Dejado de lado
&lt;br&gt;Nunca lo iva a Imaginar
&lt;br&gt;Enga^ado
&lt;br&gt;De aniversario
&lt;br&gt;Eso nos pasa
&lt;br&gt;Solo a los Betanios
&lt;br&gt;
&lt;br&gt;Enga^ado!!!!!!!!!!!!!!!!!!!!
&lt;br&gt;
&lt;br&gt;Ya en su casa apurado
&lt;br&gt;Veo los Vidrios empaados
&lt;br&gt;Me dirijo hacia su pieza
&lt;br&gt;Y me encuentro una sorpresa
&lt;br&gt;Juntos estaban en la cama
&lt;br&gt;Y a mi lado habia una pala
&lt;br&gt;Con la rabia que tenia
&lt;br&gt;No olvidaron ese dia&lt;/p&gt;
</description>
    </item>
    
    <item>
      <title> Mi Pantalón</title>
      <link>http://letraspedia.com/lyric/2ble-kra-mi-pantalon/</link>
      <pubDate>Mon, 01 Sep 2008 00:00:00 UTC</pubDate>
      <author>Enthusiastic Hugo User</author>
      <guid>http://letraspedia.com/lyric/2ble-kra-mi-pantalon/</guid>
      <description>&lt;p&gt;Hoy por la mañana ensucie mi pantalón
&lt;br&gt;Tomando desayuno se me dio vuelta el tazón
&lt;br&gt;No supe que hacer fui corriendo a mi pieza
&lt;br&gt;Me lo saque rapido y le hice una limpieza
&lt;br&gt;
&lt;br&gt;La mancha no salia y ya estaba en la hora
&lt;br&gt;De irme al liceo sin demasiada demora
&lt;br&gt;Entonces encontre un frasco que decia
&lt;br&gt;Quita manchas al instante pero no salia
&lt;br&gt;
&lt;br&gt;Coro:
&lt;br&gt;
&lt;br&gt;Mi pantalón se ensucio
&lt;br&gt;Solo por ser un pobre hueón
&lt;br&gt;Por que a mi
&lt;br&gt;Como fue a ocurrir
&lt;br&gt;Soy un infeliz
&lt;br&gt;
&lt;br&gt;Cinco para las ocho ya era un caso perdido
&lt;br&gt;Mi amigo que esperaba se aburrio y se habia ido
&lt;br&gt;En eso mi madre se levanto y me dijo
&lt;br&gt;&amp;ldquo;Quedate no mas si ya no alcanzas ni la micro&amp;rdquo;&lt;/p&gt;
</description>
    </item>
    
    <item>
      <title> Mi Problema</title>
      <link>http://letraspedia.com/lyric/2ble-kra-mi-problema/</link>
      <pubDate>Mon, 01 Sep 2008 00:00:00 UTC</pubDate>
      <author>Enthusiastic Hugo User</author>
      <guid>http://letraspedia.com/lyric/2ble-kra-mi-problema/</guid>
      <description>&lt;p&gt;Cada quien con su destino
&lt;br&gt;Yo ya tengo mi camino
&lt;br&gt;Mi vida es una miseria
&lt;br&gt;Todo envuelto en una histeria
&lt;br&gt;Mis papas se han separado
&lt;br&gt;Mi novia me dejado
&lt;br&gt;Mis amigos me han botado
&lt;br&gt;Y el colegio esta olvidado
&lt;br&gt;
&lt;br&gt;Todo este tiempo he sido
&lt;br&gt;Mas que un mal agragdecido
&lt;br&gt;Miro y pienso en un instante
&lt;br&gt;Todo por ser arrogante
&lt;br&gt;
&lt;br&gt;Siempre fui un bagabundo
&lt;br&gt;Que daaba a todo el mundo
&lt;br&gt;Todo era por soberbia
&lt;br&gt;Y yo no me daba cuenta
&lt;br&gt;Miro el dao que he causado
&lt;br&gt;No Hay Presente ni pasado
&lt;br&gt;Solo me queda el futuro
&lt;br&gt;Y cambiar sera muy duro
&lt;br&gt;
&lt;br&gt;Mis maletas en la puerta
&lt;br&gt;Esa vida ya esta muerta
&lt;br&gt;Listo para empezar lo que pueda pasar
&lt;br&gt;Y vivia en un lugar sin salida
&lt;br&gt;Se escapaba mi vida
&lt;br&gt;No sabia lo que hacia&lt;/p&gt;
</description>
    </item>
    
    <item>
      <title> No Me Quiero Quedar</title>
      <link>http://letraspedia.com/lyric/2ble-kra-no-me-quiero-quedar/</link>
      <pubDate>Mon, 01 Sep 2008 00:00:00 UTC</pubDate>
      <author>Enthusiastic Hugo User</author>
      <guid>http://letraspedia.com/lyric/2ble-kra-no-me-quiero-quedar/</guid>
      <description>&lt;p&gt;Con nueve años en los ojos
&lt;br&gt;Tu podras comprender
&lt;br&gt;Que no entiendo cuando me dicen que no te vuelvo a ver
&lt;br&gt;¿Por que tanto alboroto?
&lt;br&gt;¿Quien me puede explicar?
&lt;br&gt;¿Por que todos ahora se han puesto a llorar?
&lt;br&gt;
&lt;br&gt;Quiero decirte que hoy todo esta muy bien
&lt;br&gt;Me hace falta ese cariño de ayer
&lt;br&gt;Se que una flor no te hara volver
&lt;br&gt;Pero en el cielo se que te encontrare
&lt;br&gt;
&lt;br&gt;Se fue sin despedirse
&lt;br&gt;En un segundo volvera
&lt;br&gt;Pero mi padre dice que me debo acostumbrar
&lt;br&gt;¿Por que me abrazan tanto?
&lt;br&gt;Ya paren de llorar
&lt;br&gt;Parece que algo malo aqui acaba de pasar
&lt;br&gt;
&lt;br&gt;De este sueño hoy no volveras
&lt;br&gt;Preferiria ser yo quien duerme hoy
&lt;br&gt;Deja que me quede junto a ti hasta el amanecer
&lt;br&gt;Y en cada pensamiento te hare volver
&lt;br&gt;
&lt;br&gt;¿Quien es toda esta gente?
&lt;br&gt;¿De donde aparecio?
&lt;br&gt;¿Por que esa cara llena de tanta compasion?
&lt;br&gt;¿Por que no te volteas? Estoy parado aqui
&lt;br&gt;Sabia que te irias no lo quise asumir&lt;/p&gt;
</description>
    </item>
    
    <item>
      <title>Silucion</title>
      <link>http://letraspedia.com/lyric/2ble-kra-desilucion/</link>
      <pubDate>Mon, 01 Sep 2008 00:00:00 UTC</pubDate>
      <author>Enthusiastic Hugo User</author>
      <guid>http://letraspedia.com/lyric/2ble-kra-desilucion/</guid>
      <description>&lt;p&gt;Lunes por la tarde estaba yo
&lt;br&gt;Mirando television
&lt;br&gt;Con la radio encendida
&lt;br&gt;En eso sono su voz
&lt;br&gt;Diciendo mi nombre y
&lt;br&gt;Declarando su amor
&lt;br&gt;Y pensaba yo ahi
&lt;br&gt;Que eso era para mi
&lt;br&gt;
&lt;br&gt;Entonces me cito a un lugar
&lt;br&gt;Que no quiero recordar
&lt;br&gt;Por que no vale la pena
&lt;br&gt;Busque mi ropa y me fui a duchar
&lt;br&gt;Para irme a presentar
&lt;br&gt;Con la chica de mis sueños
&lt;br&gt;
&lt;br&gt;Que decepcion
&lt;br&gt;Que gran desilucion
&lt;br&gt;No era yo
&lt;br&gt;Era otro el hueon
&lt;br&gt;Que se llamaba igual que yo
&lt;br&gt;
&lt;br&gt;Al ver que ella hablaba con el
&lt;br&gt;No lo podia creer
&lt;br&gt;Era algo insoportable
&lt;br&gt;Entonces me largue a correr
&lt;br&gt;Por que no podia ver
&lt;br&gt;La forma en que se besaban
&lt;br&gt;
&lt;br&gt;Que decepcion
&lt;br&gt;Que gran desilucion
&lt;br&gt;No era yo
&lt;br&gt;Era otro el hueon
&lt;br&gt;Que se llamaba igual que yo
&lt;br&gt;No puede ser
&lt;br&gt;Como fue a suceder
&lt;br&gt;Que voy a Hacer
&lt;br&gt;Si era otro el hueon
&lt;br&gt;Que se llamaba igual que yo&lt;/p&gt;
</description>
    </item>
    
  </channel>
</rss>