<?xml version="1.0" encoding="utf-8" standalone="yes" ?>
<rss version="2.0" xmlns:atom="http://www.w3.org/2005/Atom">
  <channel>
      <title>2 Pistols on Letraspedia.com thes best lyrics page </title>
    <link>http://letraspedia.com/artist/2-pistols/</link>
    <language>en-US</language>
    <author>Enthusiastic Hugo User</author>
    <rights>Copyright (c) 2014, Enthusiastic Hugo User; all rights reserved.</rights>
    <updated>Mon, 01 Sep 2008 00:00:00 UTC</updated>
    
    <item>
      <title> Blinded</title>
      <link>http://letraspedia.com/lyric/2-pistols-blinded/</link>
      <pubDate>Mon, 01 Sep 2008 00:00:00 UTC</pubDate>
      <author>Enthusiastic Hugo User</author>
      <guid>http://letraspedia.com/lyric/2-pistols-blinded/</guid>
      <description>&lt;p&gt;Refrain
&lt;br&gt;Blinded by the light
&lt;br&gt;JUSTICE LEAGUE (echos)
&lt;br&gt;I risk it all for her
&lt;br&gt;Give it all for her
&lt;br&gt;Just to see her smile more
&lt;br&gt;Remember the days when I didn&amp;rsquo;t have her next to me
&lt;br&gt;It&amp;rsquo;s clear to see I&amp;rsquo;m in love boy I gotta be..
&lt;br&gt;X2
&lt;br&gt;
&lt;br&gt;Open my eyes to the sunrise
&lt;br&gt;Thinking bout life without my sunshine
&lt;br&gt;Wipe my eyes cause I started crying
&lt;br&gt;Baby girl you my better half, im on a different path
&lt;br&gt;You should be happy im not on the air
&lt;br&gt;Uh oh now she mad
&lt;br&gt;Garbbing her louie bag cussin and fussin about how she aint comin back
&lt;br&gt;As usual she over react
&lt;br&gt;im just speaking my mind baby try to relax
&lt;br&gt;She say
&lt;br&gt;Well explain all these texts from your exes picture mail from your ex excreta den
&lt;br&gt;I say
&lt;br&gt;I can&amp;rsquo;t explain what she do baby, im just focus on you baby, know I love you baby
&lt;br&gt;
&lt;br&gt;Refrain
&lt;br&gt;
&lt;br&gt;Im running out of words that express how I feel
&lt;br&gt;You keep it so real I want a buy a spot just for us to chill
&lt;br&gt;No neighbors just heels in the ocean air
&lt;br&gt;Vacation there when the world start to stress us jea
&lt;br&gt;But until then I be staring out my win-dow
&lt;br&gt;Wishing that the life that we had never it thooo
&lt;br&gt;Momma it might sound like game wedding rang but this time I aint playing
&lt;br&gt;Here what im saying
&lt;br&gt;You looking at a better man a second chance
&lt;br&gt;I thank you for that I thank you for that I was walking around dead
&lt;br&gt;Til my life came back, true story my life came back
&lt;br&gt;Ahhhhhhhhhh
&lt;br&gt;
&lt;br&gt;Refrain&lt;/p&gt;
</description>
    </item>
    
    <item>
      <title> Candy Coated Diamonds</title>
      <link>http://letraspedia.com/lyric/2-pistols-candy-coated-diamonds/</link>
      <pubDate>Mon, 01 Sep 2008 00:00:00 UTC</pubDate>
      <author>Enthusiastic Hugo User</author>
      <guid>http://letraspedia.com/lyric/2-pistols-candy-coated-diamonds/</guid>
      <description>&lt;p&gt;Blue raspberries, red strawberries, honey apple suckers
&lt;br&gt;i got all kinds of colors. if your talkin bout candy coated
&lt;br&gt;diamonds. talkin&amp;rsquo; bout candy coated diamonds.
&lt;br&gt;
&lt;br&gt;First off, i&amp;rsquo;m icin&amp;rsquo; and i&amp;rsquo;m nicer than the most you
&lt;br&gt;can&amp;rsquo;t help but see me diamonds in all colors.is she
&lt;br&gt;stingy with it? i&amp;rsquo;ll pay for her, slim soldier pocket stay
&lt;br&gt;bulging. bmu be the click i claim this universal cut the
&lt;br&gt;check then claim our change. clothes maybe, i&amp;rsquo;m froze baby.
&lt;br&gt;you should talk the chick. why, hello ladies.
&lt;br&gt;
&lt;br&gt;Blue raspberries, red strawberries, honey apple suckers
&lt;br&gt;i got all kinds of colors. if your talkin bout candy coated
&lt;br&gt;diamonds. talkin&amp;rsquo; bout candy coated diamonds.
&lt;br&gt;
&lt;br&gt;I got ten round my neck(neck) twenty on my wrists (wrists)
&lt;br&gt;billion dolla&amp;rsquo;, billion dolla&amp;rsquo;, million dolla&amp;rsquo; kisses. i swear to
&lt;br&gt;god that&amp;rsquo;s my lifestyle. pull the magnums out f**kin
&lt;br&gt;with my lifestyle. let ya hair down baby, wipe me down.
&lt;br&gt;say goodbye to mixed drinks
&lt;br&gt;Hello crystal. range rove twenty four all in mid-day yeah
&lt;br&gt;that&amp;rsquo;s the trouble we was talkin bout ice.
&lt;br&gt;
&lt;br&gt;Blue raspberries, red strawberries, honey apple suckers
&lt;br&gt;i got all kinds of colors. if your talkin bout candy coated
&lt;br&gt;diamonds. talkin&amp;rsquo; bout candy coated diamonds.
&lt;br&gt;
&lt;br&gt;Uh uh uh ayy. uh uh uh ayy. ten round my neck
&lt;br&gt;twenty round my wrists, billion dolla&amp;rsquo;, billion dolla&amp;rsquo;,
&lt;br&gt;million dolla&amp;rsquo; kisses.
&lt;br&gt;
&lt;br&gt;Uh uh uh ayy. uh uh uh ayy.&lt;/p&gt;
</description>
    </item>
    
    <item>
      <title> Flex</title>
      <link>http://letraspedia.com/lyric/2-pistols-flex/</link>
      <pubDate>Mon, 01 Sep 2008 00:00:00 UTC</pubDate>
      <author>Enthusiastic Hugo User</author>
      <guid>http://letraspedia.com/lyric/2-pistols-flex/</guid>
      <description>&lt;p&gt;Crying, moaning, just can&amp;rsquo;t wait &amp;lsquo;til morning
&lt;br&gt;Waiting too long, finally yuh come a long
&lt;br&gt;Baby love, explain yuhself, baby girl
&lt;br&gt;Lead out, lead out, lead out, lead out
&lt;br&gt;
&lt;br&gt;Like a clock ticking on the wall, seven days a week
&lt;br&gt;So weak I need yuh body next to mine
&lt;br&gt;Cyaan eat nor sleep like a club to a screw
&lt;br&gt;I do you so neat, spread your feet
&lt;br&gt;
&lt;br&gt;Lord
&lt;br&gt;(Hear mi tell di girl)
&lt;br&gt;
&lt;br&gt;Girl flex, time to have sex
&lt;br&gt;Long time yuh have di rude bwoy
&lt;br&gt;Yah a sweat girl, flex time to have sex
&lt;br&gt;Look how long yuh have di rude bwoy a sweat
&lt;br&gt;
&lt;br&gt;I rather wait out-a patience
&lt;br&gt;Lovin&amp;rsquo; she get that will be sufficient
&lt;br&gt;I rather wait till I cyaan wait no more
&lt;br&gt;X amount of lovin hardcore
&lt;br&gt;Me a listen jus to hear she knock &amp;lsquo;pon di door
&lt;br&gt;Only to touch her me nuh want know no more
&lt;br&gt;
&lt;br&gt;Girl, flex time to have sex
&lt;br&gt;Look how long yuh have di rude bwoy a sweat
&lt;br&gt;Girl, flex time to have sex
&lt;br&gt;Look how long yuh have di rude bwoy a
&lt;br&gt;
&lt;br&gt;Before she reach, I could smell her perfume
&lt;br&gt;I could not wait to get her inna di room
&lt;br&gt;Before she reach I could smell her perfume
&lt;br&gt;I could not wait to get her inna
&lt;br&gt;
&lt;br&gt;Feel like a surgeon, prepare di surgery
&lt;br&gt;But I hope di likkle girl no charge me fi perjury
&lt;br&gt;Action wit di injection
&lt;br&gt;Worky, worky girl, according to plan
&lt;br&gt;
&lt;br&gt;Girl flex, time to have sex
&lt;br&gt;Look how long yuh have di rude bwoy a wait
&lt;br&gt;Girl flex, time to have sex
&lt;br&gt;Look how long yuh have di rude bwoy a
&lt;br&gt;
&lt;br&gt;Know me ready, gal tickle up mi fancy
&lt;br&gt;Skin to skin perform di surgery
&lt;br&gt;Know me ready ain&amp;rsquo;t wasting no time
&lt;br&gt;Reach yuh climax girl anytime
&lt;br&gt;
&lt;br&gt;Know me ready, receive what me affi give
&lt;br&gt;Good lovin every day that yuh live
&lt;br&gt;Ready gal let&amp;rsquo;s go for it
&lt;br&gt;Agony gal from start to finish
&lt;br&gt;
&lt;br&gt;Girl flex time to have sex
&lt;br&gt;Look how long yuh have di rude bwoy a sweat
&lt;br&gt;Girl flex time to have sex
&lt;br&gt;Look how long she have di rude bwoy a
&lt;br&gt;
&lt;br&gt;Bet mi life, she not go late again
&lt;br&gt;When she remember what where or when
&lt;br&gt;Bet mi life she`ll be always early
&lt;br&gt;For me to perform a long-a surgery
&lt;br&gt;Bet mi life I cyaan count on dat
&lt;br&gt;Surgeon knife a slice it like a flechette
&lt;br&gt;
&lt;br&gt;Girl flex, time to have sex
&lt;br&gt;Look how long yuh have di rude bwoy a sweat
&lt;br&gt;Girl flex, time to have sex
&lt;br&gt;Look how long yuh have di rude bwoy a&amp;hellip;
&lt;br&gt;
&lt;br&gt;I rather wait out-a patience
&lt;br&gt;Lovin&amp;rsquo; she get that will be sufficient
&lt;br&gt;I rather wait till I cyaan wait no more
&lt;br&gt;X amount of lovin hardcore, me a listen
&lt;br&gt;Jus to her she knock pon di door
&lt;br&gt;Jus to touch her me nuh want know no more
&lt;br&gt;
&lt;br&gt;Girl flex, time to have sex
&lt;br&gt;Look how long yuh have di rude bwoy a sweat
&lt;br&gt;Girl flex, time to have sex
&lt;br&gt;Look how long yuh have di rude bwoy a
&lt;br&gt;
&lt;br&gt;Know me ready, gal tickle up mi fancy
&lt;br&gt;Skin to skin perform di surgery
&lt;br&gt;Know me ready girl ain&amp;rsquo;t wasting no time
&lt;br&gt;Reach yuh climax girl anytime
&lt;br&gt;
&lt;br&gt;Know me ready
&lt;br&gt;Receive what me affi give
&lt;br&gt;Good lovin&amp;rsquo; every day that&lt;/p&gt;
</description>
    </item>
    
    <item>
      <title> Lets Ride</title>
      <link>http://letraspedia.com/lyric/2-pistols-lets-ride/</link>
      <pubDate>Mon, 01 Sep 2008 00:00:00 UTC</pubDate>
      <author>Enthusiastic Hugo User</author>
      <guid>http://letraspedia.com/lyric/2-pistols-lets-ride/</guid>
      <description>&lt;p&gt;when you see me in slow mo once i turn my back
&lt;br&gt;you wanna talk real tough but you not real like that
&lt;br&gt;so let&amp;rsquo;s ride x2
&lt;br&gt;you don&amp;rsquo;t want to try me, leavin niggas soggy
&lt;br&gt;heated repeated the nina be hot as wasabbi
&lt;br&gt;feelin the fury of missouri sicker than ozzy
&lt;br&gt;laughin at playa haters gigglin like fozzie
&lt;br&gt;wocka wocka wocka the nina poppin your shockara
&lt;br&gt;bout to stop up and lock up office i got the body
&lt;br&gt;out at mecropolis fuckin offa this pop of this
&lt;br&gt;toss em off in a *** cuz murderin is a hobbie
&lt;br&gt;you be actin like you bleedin the block preachin
&lt;br&gt;crack and rap and you needin to stop
&lt;br&gt;we can wack wax and imediately flop be
&lt;br&gt;the type of crap that indeed it be brought
&lt;br&gt;the want the drama it can be they way but
&lt;br&gt;they don&amp;rsquo;t really wanna see the ninay spary
&lt;br&gt;let em all bleed it can be they day fuckin up
&lt;br&gt;with tech n9ne and dj clay
&lt;br&gt;chorus
&lt;br&gt;you dont even know me actin like we homies then
&lt;br&gt;when i turn my back&amp;rsquo;s when you hold me
&lt;br&gt;pussy motha fuckas the ones we call phonies
&lt;br&gt;keep talkin that leave yo momma lonely
&lt;br&gt;all black van creepin down your street slowly doors
&lt;br&gt;open up and we leave your home holey
&lt;br&gt;if your not in then we know where your ho
&lt;br&gt;be barrel to her head while im makin her blow me
&lt;br&gt;listen
&lt;br&gt;for all you fake flakes givin real a bad name
&lt;br&gt;you can save it cuz we can seee through you
&lt;br&gt;like glasses what you was made of ima let
&lt;br&gt;the oozles like im not aimin make you loose
&lt;br&gt;noodles and i aint talkin ramen
&lt;br&gt;garentee you aint leavin with what you came in me
&lt;br&gt;and tech n9ne will pray for you amen&lt;/p&gt;
</description>
    </item>
    
    <item>
      <title> Lights Low</title>
      <link>http://letraspedia.com/lyric/2-pistols-lights-low/</link>
      <pubDate>Mon, 01 Sep 2008 00:00:00 UTC</pubDate>
      <author>Enthusiastic Hugo User</author>
      <guid>http://letraspedia.com/lyric/2-pistols-lights-low/</guid>
      <description>&lt;p&gt;(Feat. C- Joe)
&lt;br&gt;
&lt;br&gt;[Intro]
&lt;br&gt;She&amp;rsquo;s Say
&lt;br&gt;Turn the lights off!
&lt;br&gt;I&amp;rsquo;m like no!
&lt;br&gt;
&lt;br&gt;This is! This is!
&lt;br&gt;2 Pistols! Young Joe!
&lt;br&gt;
&lt;br&gt;I like my Lights Low.
&lt;br&gt;
&lt;br&gt;[Chorus]
&lt;br&gt;Lights Down Low!
&lt;br&gt;
&lt;br&gt;Nice &amp;lsquo;n slow!
&lt;br&gt;I&amp;rsquo;mma&amp;rsquo; give yo&amp;rsquo; body what its fiendin fo&amp;rsquo;!
&lt;br&gt;Lights Down Low!
&lt;br&gt;I&amp;rsquo;mma&amp;rsquo; pro!
&lt;br&gt;Ain&amp;rsquo;t no limitations, when this love unfolds!
&lt;br&gt;Wanna&amp;rsquo; do you over here! Do you over there!
&lt;br&gt;Don&amp;rsquo;t tell nobody the freaky moments that we share!
&lt;br&gt;Lights Down Low! (Oh Oh Oh)
&lt;br&gt;Lights Down Low! (Oh Oh Oh)
&lt;br&gt;Lights Down Low!
&lt;br&gt;
&lt;br&gt;(Verse 1)
&lt;br&gt;I took a glance at the ? it said 2:30.
&lt;br&gt;Dj screaming last call, vision blurry.
&lt;br&gt;She say she gon&amp;rsquo;e get freaky, as i wanna the best.
&lt;br&gt;So i took her home, in the rover with me, we blowin on tricks.
&lt;br&gt;Down 275, shawty wide open.
&lt;br&gt;Coops gotta noose, i reached down shes soakin.
&lt;br&gt;Wet for daddy, can i help you with that shawty?
&lt;br&gt;We at the mansion now, tounge starts caressing her body.
&lt;br&gt;Protection (whats next?) im feeling her.
&lt;br&gt;I know she feeling me, way we going extra slow. (oh yeah)
&lt;br&gt;I&amp;rsquo;mma&amp;rsquo; beast with them lights down low, multiple positions and la-la-la-licking fo&amp;rsquo;sho.
&lt;br&gt;
&lt;br&gt;[Chorus]
&lt;br&gt;Lights Down Low!
&lt;br&gt;
&lt;br&gt;Nice &amp;lsquo;n slow!
&lt;br&gt;I&amp;rsquo;mma&amp;rsquo; give yo&amp;rsquo; body what its fiendin fo&amp;rsquo;!
&lt;br&gt;Lights Down Low!
&lt;br&gt;I&amp;rsquo;mma&amp;rsquo; pro!
&lt;br&gt;Ain&amp;rsquo;t no limitations, when this love unfolds!
&lt;br&gt;Wanna&amp;rsquo; do you over here! Do you over there!
&lt;br&gt;Don&amp;rsquo;t tell nobody the freaky moments that we share!
&lt;br&gt;Lights Down Low! (Oh Oh Oh)
&lt;br&gt;Lights Down Low! (Oh Oh Oh)
&lt;br&gt;Lights Down Low!
&lt;br&gt;
&lt;br&gt;(Verse 2)
&lt;br&gt;Lights down, Face down
&lt;br&gt;U kno wats up, Juss love makin out
&lt;br&gt;Baby, We dont **** (Non of dat)
&lt;br&gt;Wat that, Leave that to them lames
&lt;br&gt;We be poppin champagne, Strawberrys &amp;amp; Whip Cream
&lt;br&gt;No Friends to intervene
&lt;br&gt;Private things, wildest dreams come true
&lt;br&gt;there aint no limits to the things that we do
&lt;br&gt;Come closers, I bet U work like a nine to five
&lt;br&gt;If shes not satisfied, Ill put in overtime
&lt;br&gt;From behind, smack-smack, she said that&amp;rsquo;s mine
&lt;br&gt;Body like a goddess, Angel face
&lt;br&gt;And U know shorty aint neva lie
&lt;br&gt;I&amp;rsquo;mma&amp;rsquo; beast with them lights down low, multiple positions and la-la-la-licking fo&amp;rsquo;sho.
&lt;br&gt;
&lt;br&gt;[Chorus]
&lt;br&gt;Lights Down Low!
&lt;br&gt;
&lt;br&gt;Nice &amp;lsquo;n slow!
&lt;br&gt;I&amp;rsquo;mma&amp;rsquo; give yo&amp;rsquo; body what its fiendin fo&amp;rsquo;!
&lt;br&gt;Lights Down Low!
&lt;br&gt;I&amp;rsquo;mma&amp;rsquo; pro!
&lt;br&gt;Ain&amp;rsquo;t no limitations, when this love unfolds!
&lt;br&gt;Wanna&amp;rsquo; do you over here! Do you over there!
&lt;br&gt;Don&amp;rsquo;t tell nobody the freaky moments that we share!
&lt;br&gt;Lights Down Low! (Oh Oh Oh)
&lt;br&gt;Lights Down Low! (Oh Oh Oh)
&lt;br&gt;Lights Down Low!
&lt;br&gt;
&lt;br&gt;(To be continued)&lt;/p&gt;
</description>
    </item>
    
    <item>
      <title> Lookin Down On Em</title>
      <link>http://letraspedia.com/lyric/2-pistols-lookin-down-on-em/</link>
      <pubDate>Mon, 01 Sep 2008 00:00:00 UTC</pubDate>
      <author>Enthusiastic Hugo User</author>
      <guid>http://letraspedia.com/lyric/2-pistols-lookin-down-on-em/</guid>
      <description>&lt;p&gt;F/ Bmu
&lt;br&gt;
&lt;br&gt;(Intro, 2 Pistols)
&lt;br&gt;Yeahhh
&lt;br&gt;Young boss of the city nigga
&lt;br&gt;BMU, Deck, C-bo, J-Flame, Young Ski
&lt;br&gt;
&lt;br&gt;(Hook)
&lt;br&gt;I got the Chevy sittin right
&lt;br&gt;Rims shinin bright (Bitch I&amp;rsquo;m-Bitch I&amp;rsquo;m super fly)
&lt;br&gt;When I pull up to that light
&lt;br&gt;I&amp;rsquo;m lookin down on &amp;lsquo;em (Eyyy eyyy)
&lt;br&gt;I&amp;rsquo;m lookin down on &amp;lsquo;em (Wet-wet paint drippin)
&lt;br&gt;Off the side
&lt;br&gt;Every time I ride
&lt;br&gt;I be ridin through the city, choppin like I&amp;rsquo;m Micheal Myers
&lt;br&gt;I&amp;rsquo;m lookin down on &amp;lsquo;em (Eyyy eyyy)
&lt;br&gt;I&amp;rsquo;m lookin down on &amp;lsquo;em (Eyyy eyyy)
&lt;br&gt;
&lt;br&gt;(verse 1, Deck)
&lt;br&gt;I just lit a blunt of &amp;lsquo;dro
&lt;br&gt;Where da bottle? I don&amp;rsquo;t know
&lt;br&gt;I just flow to buddy suckers and my nickname UFO
&lt;br&gt;I got a super-duper flow
&lt;br&gt;Arms shootin for the sky
&lt;br&gt;Steady chokin on that killa
&lt;br&gt;I just murdered Micheal Myers
&lt;br&gt;Ridin past the city lights
&lt;br&gt;I maneuver through the night
&lt;br&gt;Movin colors, I got green and I got purp (M.U. got white)
&lt;br&gt;BMU bitch, get it right
&lt;br&gt;You got nothin, but you da pain
&lt;br&gt;All attention for you lames
&lt;br&gt;I got money on my brain
&lt;br&gt;Flashin in lanes
&lt;br&gt;Sit so high bitch, they compare me to a crane
&lt;br&gt;Dump so wet, got off and jumpin out the paint
&lt;br&gt;Come ride with me dawg, you better buy a skuba tank
&lt;br&gt;The chrome is so strong
&lt;br&gt;The paint is on all shine
&lt;br&gt;If it creep through them clouds, them niggas gon&amp;rsquo; be blind
&lt;br&gt;All I need is UV rays to put them hoes in a daze
&lt;br&gt;Flippin different flavors, bitch can just calls me Lay&amp;rsquo;s
&lt;br&gt;C-bo dawg, aye!
&lt;br&gt;
&lt;br&gt;(Hook)
&lt;br&gt;
&lt;br&gt;(Verse 2, 2 Pistols)
&lt;br&gt;I pull up to the light, you know I&amp;rsquo;m ridin old school
&lt;br&gt;The main four&amp;rsquo;s lookin down, nigga where ya ruler? (So high)
&lt;br&gt;Twenty-eight inch deep-dish (Yes)
&lt;br&gt;Orange candy paint, baby call it Sunkist (Young boss)
&lt;br&gt;Who me? I&amp;rsquo;m just that nigga
&lt;br&gt;She wanna ride with the boss cause my rims is bigger (Oh yeah)
&lt;br&gt;If I don&amp;rsquo;t look down, I won&amp;rsquo;t even see you niggas (Where they at?)
&lt;br&gt;I don&amp;rsquo;t even see you niggas
&lt;br&gt;I&amp;rsquo;m with a bad bitch fornicating
&lt;br&gt;With her two friends, and they participating
&lt;br&gt;Yeah that&amp;rsquo;s just the life I live
&lt;br&gt;Young boss of the city baby, it is what it is
&lt;br&gt;
&lt;br&gt;(Hook)
&lt;br&gt;
&lt;br&gt;(Verse 3, J-Flame &amp;amp; Young Ski)
&lt;br&gt;Jizzy!
&lt;br&gt;I&amp;rsquo;m gettin money so, that&amp;rsquo;s the word man
&lt;br&gt;I was fly with the white like Birdman (brdrdrdrdr)
&lt;br&gt;Aye Khaled, I&amp;rsquo;m so hood (Hood)
&lt;br&gt;I shoulda been on &amp;ldquo;I&amp;rsquo;m So Hood&amp;rdquo;
&lt;br&gt;Wiggle in the shop, I grip the Oak wood
&lt;br&gt;Twenty-six inches on I-O, what&amp;rsquo;s good?
&lt;br&gt;I&amp;rsquo;m the man, understand?
&lt;br&gt;Death before dishonor, that&amp;rsquo;s the plan
&lt;br&gt;
&lt;br&gt;(Young Ski)
&lt;br&gt;I&amp;rsquo;m so fly bitch, I think I grow feathers
&lt;br&gt;My cliques mob out, call us the &amp;ldquo;Blues Brothers&amp;rdquo;
&lt;br&gt;I&amp;rsquo;m sittin real high, them haters might stare
&lt;br&gt;I Freddy Crougar&amp;rsquo;d the whip, to give &amp;lsquo;em nightmares
&lt;br&gt;Pull up in somethin fly, oh that was light-year
&lt;br&gt;I spit a little game, cover your wife&amp;rsquo;s ears
&lt;br&gt;I&amp;rsquo;m lookin down on her, call my whip papsmear
&lt;br&gt;Then they come out of this world, like William Shat-neer
&lt;br&gt;
&lt;br&gt;(Hook)&lt;/p&gt;
</description>
    </item>
    
    <item>
      <title> My Gurl</title>
      <link>http://letraspedia.com/lyric/2-pistols-my-gurl/</link>
      <pubDate>Mon, 01 Sep 2008 00:00:00 UTC</pubDate>
      <author>Enthusiastic Hugo User</author>
      <guid>http://letraspedia.com/lyric/2-pistols-my-gurl/</guid>
      <description>&lt;p&gt;All the noise and the voices are screaming what they have to say
&lt;br&gt;And the headlines and sound bites are giving me demons to hate
&lt;br&gt;And the man on tv, he tell sme it&amp;rsquo;s ugly but if you ask me it&amp;rsquo;s a
&lt;br&gt;
&lt;br&gt;Beautiful world, it&amp;rsquo;s a beautiful world.
&lt;br&gt;
&lt;br&gt;There&amp;rsquo;s tears and there&amp;rsquo;s fears and there&amp;rsquo;s losses and crosses to bear
&lt;br&gt;And sometimes the best we can do is just to whisper a prayer
&lt;br&gt;Then press on because
&lt;br&gt;There&amp;rsquo;s so much to live for and so much to love in this
&lt;br&gt;
&lt;br&gt;Beautiful world
&lt;br&gt;Say what you will but i still believe
&lt;br&gt;It&amp;rsquo;s a beautiful world
&lt;br&gt;It&amp;rsquo;s a beautiful world
&lt;br&gt;
&lt;br&gt;And i know i&amp;rsquo;m not dreaming
&lt;br&gt;I just choose to believe it
&lt;br&gt;
&lt;br&gt;So i hate that i sometimes miss what&amp;rsquo;s right in front of my eyes
&lt;br&gt;And i know at the end of my road i&amp;rsquo;ll be wanting more time
&lt;br&gt;Just another sunset,
&lt;br&gt;One more kiss from my baby,
&lt;br&gt;A smile from my friend, in this
&lt;br&gt;
&lt;br&gt;Beautiful world
&lt;br&gt;It&amp;rsquo;s a beautiful world
&lt;br&gt;Year, it&amp;rsquo;s a beautiful world
&lt;br&gt;Say what you will but i still believe
&lt;br&gt;It&amp;rsquo;s a beautiful world
&lt;br&gt;It&amp;rsquo;s a beautiful world&lt;/p&gt;
</description>
    </item>
    
    <item>
      <title> She Got It</title>
      <link>http://letraspedia.com/lyric/2-pistols-she-got-it/</link>
      <pubDate>Mon, 01 Sep 2008 00:00:00 UTC</pubDate>
      <author>Enthusiastic Hugo User</author>
      <guid>http://letraspedia.com/lyric/2-pistols-she-got-it/</guid>
      <description>&lt;p&gt;[Intro:]
&lt;br&gt;J.U.S.T.I.C.E. League [echoes and fades]
&lt;br&gt;
&lt;br&gt;Yeah, 2 Pistols&amp;hellip;
&lt;br&gt;T-Pain, &amp;ldquo;She Got It&amp;rdquo;
&lt;br&gt;
&lt;br&gt;[T-Pain:]
&lt;br&gt;Ahhhh, YEAHH
&lt;br&gt;Yeahhh, HEY~!
&lt;br&gt;
&lt;br&gt;[Chorus: T-Pain]
&lt;br&gt;I know she got it cause she lookin at me like she want it (want it)
&lt;br&gt;She drop it low, make me wanna throw some D&amp;rsquo;s on it (HEY~!)
&lt;br&gt;Whatever it is you cain&amp;rsquo;t stop it
&lt;br&gt;Cause she get low, when she on that pole, and that let&amp;rsquo;s me know
&lt;br&gt;She got it (she got it) she got it (she got it)
&lt;br&gt;She got it (she got it) she got it (she got it)
&lt;br&gt;Ooooooooh! (she got it) she got it (she got it)
&lt;br&gt;Whoahh (she got it) shor-tay (she&amp;hellip; got&amp;hellip; it)
&lt;br&gt;
&lt;br&gt;[2 Pistols - overlaps last line of Chorus]
&lt;br&gt;Ay, supermodel, lemme holla at you for a second&amp;hellip;
&lt;br&gt;Excuse moi, let me talk to you for a second
&lt;br&gt;Lil&amp;rsquo; mama so fine she got the whole squad sweatin
&lt;br&gt;Damn, how you fit all that in them jeans?
&lt;br&gt;Was the question that I asked followed by let me buy you a drink (drink)
&lt;br&gt;Young boss baby, I treat&amp;rsquo;cha treat&amp;rsquo;cha to the finer things
&lt;br&gt;The neck bling, wrist bling, wedding ring - nah~! I&amp;rsquo;m playin
&lt;br&gt;Might light you neck or your wrist
&lt;br&gt;But&amp;rsquo;cha gotta ride nice dick and uhh, take trips with the bricks
&lt;br&gt;She got it (she got it) she got it (she got it) that&amp;rsquo;s what Pain said
&lt;br&gt;Them other niggaz lame man, lil&amp;rsquo; mama I got the game plan
&lt;br&gt;2 Pistols, me and you boss
&lt;br&gt;I make it happen while they talk, ridin 6&amp;rsquo;s while they walk
&lt;br&gt;
&lt;br&gt;[Chorus]
&lt;br&gt;
&lt;br&gt;[Interlude: T-Pain {2 Pistols}]
&lt;br&gt;Ooooh (HEY!) ooooh (HEY!)
&lt;br&gt;She got it (she got it) - {she got it, she got it}
&lt;br&gt;Ooooh (HEY!) ooooh (HEY!)
&lt;br&gt;She got it (she got it) - {she got it, she got it}
&lt;br&gt;Shorty know she&amp;rsquo;s got it (HEY!) got it, got it (HEY!)
&lt;br&gt;She got it (she got it) - {she got it, she got it}
&lt;br&gt;Shorty know she&amp;rsquo;s got it (HEY!) got it, got it (HEY!)
&lt;br&gt;She got it (she got it) - {she&amp;hellip; got&amp;hellip; it)
&lt;br&gt;
&lt;br&gt;[2 Pistols:]
&lt;br&gt;Damn she bad (damn she bad) damn she thick (yes indeed)
&lt;br&gt;Five foot five, hazel eyes, redbone you da shit
&lt;br&gt;Make a nigga wanna stop and stare, I just wanna pull your hair
&lt;br&gt;Freaky shit, kinky shit, but we don&amp;rsquo;t need to take it there
&lt;br&gt;I&amp;rsquo;m a young boss girl, let me upgrade ya
&lt;br&gt;He&amp;rsquo;s a worker, I get work out, what you &amp;lsquo;bout girl
&lt;br&gt;Trips to Venice (Venice) what&amp;rsquo;s the bid&amp;rsquo;ness
&lt;br&gt;Bet this, Swiss your digits, and the rest is history
&lt;br&gt;
&lt;br&gt;[Chorus]
&lt;br&gt;
&lt;br&gt;[Tay Dizm:]
&lt;br&gt;I see my superwoman, nobody cain&amp;rsquo;t do it like she can
&lt;br&gt;And she got it, I&amp;rsquo;m tellin you like nobody YEAH
&lt;br&gt;And I love the way she talk them lames out they dreams
&lt;br&gt;Bestest thing in fresh Louis with the matching jeans
&lt;br&gt;And I love the tatted down baby, I&amp;rsquo;m your fit
&lt;br&gt;Can I be yo&amp;rsquo; appetizer, yo just her and me
&lt;br&gt;Oh, she&amp;rsquo;s on tonight, the baddest in the club
&lt;br&gt;I grab that ass when she give me a hug cause
&lt;br&gt;
&lt;br&gt;[Chorus]&lt;/p&gt;
</description>
    </item>
    
    <item>
      <title> Thats My Word</title>
      <link>http://letraspedia.com/lyric/2-pistols-thats-my-word/</link>
      <pubDate>Mon, 01 Sep 2008 00:00:00 UTC</pubDate>
      <author>Enthusiastic Hugo User</author>
      <guid>http://letraspedia.com/lyric/2-pistols-thats-my-word/</guid>
      <description>&lt;p&gt;Chorus
&lt;br&gt;Don&amp;rsquo;t let his wrist game fool ya
&lt;br&gt;You the deal, be my ghetto princess,
&lt;br&gt;Needta leave him right where you found him
&lt;br&gt;Shawty you gon&amp;rsquo; be straight without him
&lt;br&gt;That&amp;rsquo;s my word
&lt;br&gt;And if your man can&amp;rsquo;t please you, aint real
&lt;br&gt;Go on and kick him to the curb
&lt;br&gt;Needta leave him right where you found him
&lt;br&gt;Shawty you gon&amp;rsquo; be without him
&lt;br&gt;That&amp;rsquo;s my word
&lt;br&gt;
&lt;br&gt;Verse 1
&lt;br&gt;Leave ya man I&amp;rsquo;m a betta look, why you stessin on me
&lt;br&gt;Way to challenged(?) the &amp;hellip; goddess
&lt;br&gt;And I dont mind if you need time
&lt;br&gt;Just as long as my number get dialed when you decide to walk out
&lt;br&gt;So much stress on these shoulders
&lt;br&gt;We aint gotta fck I just wanna hold ya, so close
&lt;br&gt;Let you know that I&amp;rsquo;m here for you
&lt;br&gt;Stop cryin, I dont wanna see no tears from you
&lt;br&gt;
&lt;br&gt;Chorus
&lt;br&gt;Don&amp;rsquo;t let his wrist game fool ya
&lt;br&gt;You the deal, be my ghetto princess,
&lt;br&gt;Needta leave him right where you found him
&lt;br&gt;Shawty you gon&amp;rsquo; be straight without him
&lt;br&gt;That&amp;rsquo;s my word
&lt;br&gt;And if your man can&amp;rsquo;t please you, aint real
&lt;br&gt;Go and kick him to the curb
&lt;br&gt;Needta leave him right where you found him
&lt;br&gt;Shawty you gon&amp;rsquo; be without him
&lt;br&gt;That&amp;rsquo;s my word
&lt;br&gt;
&lt;br&gt;Verse 2
&lt;br&gt;That&amp;rsquo;s my word and I stand on it
&lt;br&gt;Take a chance on me
&lt;br&gt;Start answerin those fone calls, there homie
&lt;br&gt;Move on, let&amp;rsquo;s go do us
&lt;br&gt;Im thinkin bout the car seat in the rover truck
&lt;br&gt;Nah, I dont wanna rest nothin
&lt;br&gt;Just wanna let you know how committed I am to ya
&lt;br&gt;Deep feeling for ya
&lt;br&gt;I keep it 100 I&amp;rsquo;m the realest for ya
&lt;br&gt;
&lt;br&gt;Chorus
&lt;br&gt;Don&amp;rsquo;t let his wrist game fool ya
&lt;br&gt;You the deal, be my ghetto princess,
&lt;br&gt;Needta leave him right where you found him
&lt;br&gt;Shawty you gon&amp;rsquo; be straight without him
&lt;br&gt;That&amp;rsquo;s my word
&lt;br&gt;And if your man can&amp;rsquo;t please you, aint real
&lt;br&gt;Go and kick him to the curb
&lt;br&gt;Needta leave him right where you found him
&lt;br&gt;Shawty you gon&amp;rsquo; be without him
&lt;br&gt;That&amp;rsquo;s my word
&lt;br&gt;
&lt;br&gt;Hook
&lt;br&gt;Brand new life, sky blue iced out
&lt;br&gt;Rings quart thous&amp;rsquo; tonight
&lt;br&gt;Brand new life, sky blue iced out
&lt;br&gt;Rings fly, you my wife
&lt;br&gt;
&lt;br&gt;What I gotta do to make you my girl
&lt;br&gt;Take you to the hood, show you my world
&lt;br&gt;
&lt;br&gt;Yeah I&amp;rsquo;m on my grown man
&lt;br&gt;Out in public hold hand
&lt;br&gt;Dont you feel better now that you took a chance
&lt;br&gt;
&lt;br&gt;Two seat equip, big body full equip
&lt;br&gt;Hair blowin in the wind, shawty you straight with me
&lt;br&gt;Chorus w/ Ad libs
&lt;br&gt;Don&amp;rsquo;t let his wrist game fool ya
&lt;br&gt;You the deal, be my ghetto princess,
&lt;br&gt;Needta leave him right where you found him
&lt;br&gt;Shawty you gon&amp;rsquo; be straight without him
&lt;br&gt;That&amp;rsquo;s my word
&lt;br&gt;And if your man can&amp;rsquo;t please you, aint real
&lt;br&gt;Go and kick him to the curb
&lt;br&gt;Needta leave him right where you found him
&lt;br&gt;Shawty you gon&amp;rsquo; be without him
&lt;br&gt;That&amp;rsquo;s my word
&lt;br&gt;
&lt;br&gt;Talking
&lt;br&gt;Songz and 2 P baby
&lt;br&gt;You know there nothing aint like us in the game&lt;/p&gt;
</description>
    </item>
    
    <item>
      <title> You Know Me</title>
      <link>http://letraspedia.com/lyric/2-pistols-you-know-me/</link>
      <pubDate>Mon, 01 Sep 2008 00:00:00 UTC</pubDate>
      <author>Enthusiastic Hugo User</author>
      <guid>http://letraspedia.com/lyric/2-pistols-you-know-me/</guid>
      <description>&lt;p&gt;Ooooh Ooooh, Ooooh Ooooh
&lt;br&gt;Ooooh Ooooh, Ooooh Ooooh
&lt;br&gt;
&lt;br&gt;[Interlude: 2 Pistols &amp;amp; Ray J]
&lt;br&gt;Somethin serious&amp;hellip; Shorty you know wat it is
&lt;br&gt;
&lt;br&gt;[Chorus: Ray J]
&lt;br&gt;I know you shorty, you know me and you know
&lt;br&gt;I can&amp;rsquo;t leave these streets, cause
&lt;br&gt;I mean it&amp;rsquo;s in my veins shorty wish
&lt;br&gt;I could stay but for now just pray for me.
&lt;br&gt;I know you shorty, you know me so hard for me
&lt;br&gt;to leave these blocks got my head tied in a knot
&lt;br&gt;always runnin from the cops prayin that I don&amp;rsquo;t get caught.
&lt;br&gt;
&lt;br&gt;[2 Pistols: x2]
&lt;br&gt;You know I push it to the limit sun up, sun down,
&lt;br&gt;baby I got to get it, gotta get it&amp;hellip; I gotta get it
&lt;br&gt;
&lt;br&gt;[Verse 1:]
&lt;br&gt;Baby girl, you know my situation.
&lt;br&gt;I know sometime you get impatient. I be on tha grind.
&lt;br&gt;You be at tha house, probably think I&amp;rsquo;m at
&lt;br&gt;another broad house. Shorty I&amp;rsquo;m gettin money more than
&lt;br&gt;I&amp;rsquo;ve ever seen. True Religion jeans, I know you like those.
&lt;br&gt;That&amp;rsquo;s why I buy&amp;rsquo;em for ya
&lt;br&gt;Smile for me. You can&amp;rsquo;t believe them hatin B&lt;strong&gt;ches,
&lt;br&gt;they be lyin on me. Keep a nine on me,
&lt;br&gt;you know they plottin on me, you just keep that pu&lt;/strong&gt;y tight.
&lt;br&gt;I&amp;rsquo;m comin home early. I gotta get it, get it. I can&amp;rsquo;t leave the streets.
&lt;br&gt;I did&amp;rsquo;nt choose tha hustle, tha hustle chose me.
&lt;br&gt;
&lt;br&gt;[Chorus: Ray J]
&lt;br&gt;I know you shorty, you know me and you know
&lt;br&gt;I can&amp;rsquo;t leave these streets, cause I mean it&amp;rsquo;s in my veins
&lt;br&gt;shorty wish I could stay but for now just pray for me.
&lt;br&gt;I know you shorty, you know me, so hard for me to leave
&lt;br&gt;these blocks got my head tied in a knot always runnin
&lt;br&gt;from the cops prayin that I don&amp;rsquo;t get caught.
&lt;br&gt;
&lt;br&gt;[2 Pistols: x2]
&lt;br&gt;You know I push it to the limit sun up, sun down, baby
&lt;br&gt;I got to get it, gotta get it&amp;hellip; I gotta get it
&lt;br&gt;
&lt;br&gt;[Singing: Ray J] Pray for me pray for me
&lt;br&gt;
&lt;br&gt;Streets keep callin, the block keep on watchin.
&lt;br&gt;You&amp;rsquo;re my shorty, hope&amp;rsquo;n you stay down be with me win
&lt;br&gt;or lose. Girl my heart is always with you, don&amp;rsquo;t get confused.
&lt;br&gt;Just hold me down, I promise that we&amp;rsquo;ll make it through.
&lt;br&gt;
&lt;br&gt;[Verse 2: 2 Pistols]
&lt;br&gt;I&amp;rsquo;m gettin money &lt;sup&gt;24&lt;/sup&gt;&amp;frasl;&lt;sub&gt;7&lt;/sub&gt; life as a hustler, they wanna throw
&lt;br&gt;away the key and lock a ni&lt;strong&gt;a up, I remember when they
&lt;br&gt;put me in handcuffs. I look you in tha eye
&lt;br&gt;&amp;ldquo;Shawty what u cryin for? &amp;rdquo; I&amp;rsquo;ll be out in the morning,
&lt;br&gt;baby post bail. Get your hair done cause I&amp;rsquo;m comin
&lt;br&gt;straight over there. I trust her with tha money, shorty so real.
&lt;br&gt;I put them diamonds on her,
&lt;br&gt;Just to show I care. You stuck with a ni&lt;/strong&gt;a, in and out of jail.
&lt;br&gt;I know you love me baby, I put you through hell.
&lt;br&gt;I gotta get it, get it. I can&amp;rsquo;t leave the streets.
&lt;br&gt;I did&amp;rsquo;nt choose tha hustle, tha hustle chose me
&lt;br&gt;
&lt;br&gt;[Chorus: Ray J]
&lt;br&gt;I know you shorty, you know me and you know
&lt;br&gt;I can&amp;rsquo;t leave these streets, cause I mean it&amp;rsquo;s in my veins
&lt;br&gt;shorty wish I could stay but for now just pray for me.
&lt;br&gt;I know you shorty, you know me, so hard for me to leave
&lt;br&gt;these blocks got my head tied in a knot always runnin
&lt;br&gt;from the cops prayin that I don&amp;rsquo;t get knocked.
&lt;br&gt;
&lt;br&gt;[2 Pistols: x2]
&lt;br&gt;You know I push it to the limit sun up, sun down, baby
&lt;br&gt;I got to get it, gotta get it&amp;hellip; I gotta get it
&lt;br&gt;
&lt;br&gt;[Chorus x2: Ray J]&lt;/p&gt;
</description>
    </item>
    
    <item>
      <title>Ath Before Dishonor</title>
      <link>http://letraspedia.com/lyric/2-pistols-death-before-dishonor/</link>
      <pubDate>Mon, 01 Sep 2008 00:00:00 UTC</pubDate>
      <author>Enthusiastic Hugo User</author>
      <guid>http://letraspedia.com/lyric/2-pistols-death-before-dishonor/</guid>
      <description>&lt;p&gt;Let Your Pistols Play it out [repeated]
&lt;br&gt;
&lt;br&gt;[Chorus:]
&lt;br&gt;To every real nigga in the game put
&lt;br&gt;your hand on heart make a pledge
&lt;br&gt;to the streets you will never ever talk
&lt;br&gt;Death Before Dishonor nigga [x4]
&lt;br&gt;Jury and the judge I put that on my life
&lt;br&gt;I&amp;rsquo;ll never take a stand even if I&amp;rsquo;m facing life
&lt;br&gt;Death Before Dishonor nigga [x4]
&lt;br&gt;
&lt;br&gt;[Verse:]
&lt;br&gt;See these pussy ass niggas got the game twisted
&lt;br&gt;Try to justify this thing they call dry snitching
&lt;br&gt;Listen real niggas stay solid but these
&lt;br&gt;kanye west ass nigga trying speakin through the wire
&lt;br&gt;Fire that boy hot don&amp;rsquo;t sell him nothing
&lt;br&gt;He want an ounce now half a bird later
&lt;br&gt;Them people coming
&lt;br&gt;With them indictment papers
&lt;br&gt;When I was a titty boy than call them hour laters
&lt;br&gt;Our money ain&amp;rsquo;t good better know that
&lt;br&gt;When I was 7 alphabet boys snatched back
&lt;br&gt;Phat!
&lt;br&gt;It&amp;rsquo;s what I got for you cheese eaters
&lt;br&gt;Rat niggas that be fuckin with them fed people
&lt;br&gt;Dat nigga got loose vowels at the mouth
&lt;br&gt;Solid niggas know the niggas that I&amp;rsquo;m talking bout
&lt;br&gt;Ya it&amp;rsquo;s blood money in this mother fucker
&lt;br&gt;No need to ask questions cause I ain&amp;rsquo;t sayin nothing
&lt;br&gt;
&lt;br&gt;[Chorus]
&lt;br&gt;
&lt;br&gt;Welcome to the Album haha&lt;/p&gt;
</description>
    </item>
    
  </channel>
</rss>