<?xml version="1.0" encoding="utf-8" standalone="yes" ?>
<rss version="2.0" xmlns:atom="http://www.w3.org/2005/Atom">
  <channel>
      <title>250 Centavos on Letraspedia.com thes best lyrics page </title>
    <link>http://letraspedia.com/artist/250-centavos/</link>
    <language>en-US</language>
    <author>Enthusiastic Hugo User</author>
    <rights>Copyright (c) 2014, Enthusiastic Hugo User; all rights reserved.</rights>
    <updated>Mon, 01 Sep 2008 00:00:00 UTC</updated>
    
    <item>
      <title> Atrapado En Mi Prisión</title>
      <link>http://letraspedia.com/lyric/250-centavos-atrapado-en-mi-prision/</link>
      <pubDate>Mon, 01 Sep 2008 00:00:00 UTC</pubDate>
      <author>Enthusiastic Hugo User</author>
      <guid>http://letraspedia.com/lyric/250-centavos-atrapado-en-mi-prision/</guid>
      <description>&lt;p&gt;Otro día menos,
&lt;br&gt;otra raya en la pared,
&lt;br&gt;es la luz del tiempo que de nuevo me vuelve a vencer.
&lt;br&gt;Y el instante previo,
&lt;br&gt;lleno de resignación,
&lt;br&gt;me halla mirándome al espejo,
&lt;br&gt;viendo quien realmente soy.
&lt;br&gt;
&lt;br&gt;Y otra vez en el reloj,
&lt;br&gt;mi libertad condicional se terminó.
&lt;br&gt;
&lt;br&gt;Dónde estoy a dónde voy
&lt;br&gt;dónde fue mi corazón.
&lt;br&gt;Atrapado en mi prisión,
&lt;br&gt;haciendo mi túnel.
&lt;br&gt;
&lt;br&gt;Y el instante previo,
&lt;br&gt;lleno de resignación,
&lt;br&gt;me halla mirándome al espejo,
&lt;br&gt;viendo quien realmente soy.
&lt;br&gt;
&lt;br&gt;Y otra vez en el reloj,
&lt;br&gt;mi libertad condicional se terminó.
&lt;br&gt;
&lt;br&gt;Dónde estoy a dónde voy
&lt;br&gt;dónde fue mi corazón.
&lt;br&gt;Atrapado en mi prisión,
&lt;br&gt;haciendo mi túnel.&lt;/p&gt;
</description>
    </item>
    
    <item>
      <title> Caer</title>
      <link>http://letraspedia.com/lyric/250-centavos-caer/</link>
      <pubDate>Mon, 01 Sep 2008 00:00:00 UTC</pubDate>
      <author>Enthusiastic Hugo User</author>
      <guid>http://letraspedia.com/lyric/250-centavos-caer/</guid>
      <description>&lt;p&gt;No puedo ser, no puedo estar
&lt;br&gt;buscando una oportunidad
&lt;br&gt;que me permita volver a intentar&amp;hellip;
&lt;br&gt;
&lt;br&gt;Puedo caer, puedo volar
&lt;br&gt;puedo sentir que es el final
&lt;br&gt;que el mundo gira y no es real&amp;hellip;
&lt;br&gt;
&lt;br&gt;uoooooouooooouooooooouoooooooo
&lt;br&gt;uoooooouoooooooooooooo&amp;hellip;.
&lt;br&gt;
&lt;br&gt;No puedo ser, no puedo estar
&lt;br&gt;buscando una oportunidad
&lt;br&gt;que me permita volver a intentar&amp;hellip;
&lt;br&gt;
&lt;br&gt;Puedo caer, puedo volar
&lt;br&gt;puedo sentir que es el final
&lt;br&gt;que el mundo gira y no es real&amp;hellip;
&lt;br&gt;
&lt;br&gt;uoooooouooooouoooooooooooooo
&lt;br&gt;uoooooouooooooooooooo&amp;hellip;
&lt;br&gt;
&lt;br&gt;Yo no quiero el podeer
&lt;br&gt;no controles mi seer
&lt;br&gt;es parte de mi pieel
&lt;br&gt;nacer siempre naceeer&amp;hellip;
&lt;br&gt;creceer&amp;hellip;caeer&amp;hellip;.
&lt;br&gt;uoo,oh
&lt;br&gt;
&lt;br&gt;uoooooouooooooouoooooooooooo&amp;hellip;
&lt;br&gt;uooooouoooooooooooooo&amp;hellip;&lt;/p&gt;
</description>
    </item>
    
    <item>
      <title> Con Mis Flores De Papel</title>
      <link>http://letraspedia.com/lyric/250-centavos-con-mis-flores-de-papel/</link>
      <pubDate>Mon, 01 Sep 2008 00:00:00 UTC</pubDate>
      <author>Enthusiastic Hugo User</author>
      <guid>http://letraspedia.com/lyric/250-centavos-con-mis-flores-de-papel/</guid>
      <description>&lt;p&gt;Estaba yo sentado
&lt;br&gt;Fumándome un churrito
&lt;br&gt;Y vino el wachu wachu
&lt;br&gt;y me enseñó ese arte
&lt;br&gt;el de hacer rosas de papel
&lt;br&gt;rosas de papel
&lt;br&gt;las hago y las quemo
&lt;br&gt;rosas de papel
&lt;br&gt;aguante san telmo
&lt;br&gt;
&lt;br&gt;salgo y voy a la calle
&lt;br&gt;me paro en un bar
&lt;br&gt;veo a una mina en la barra
&lt;br&gt;y le doy un cable usb
&lt;br&gt;y me voy corriendo
&lt;br&gt;
&lt;br&gt;rosas de papel
&lt;br&gt;las hago y las quemo
&lt;br&gt;rosas de papel
&lt;br&gt;aguante san telmo
&lt;br&gt;
&lt;br&gt;salí y me pegué contra un poste
&lt;br&gt;vino un cana
&lt;br&gt;y me metió preso por indigente
&lt;br&gt;me la re ponen en la cárcel
&lt;br&gt;pero igual&amp;hellip;
&lt;br&gt;
&lt;br&gt;rosas de papel
&lt;br&gt;las hago y las quemo
&lt;br&gt;rosas de papel
&lt;br&gt;aguante san telmo
&lt;br&gt;
&lt;br&gt;rosas de papel
&lt;br&gt;ya más hay no luego
&lt;br&gt;rosas de papel
&lt;br&gt;me rasco los huevos&lt;/p&gt;
</description>
    </item>
    
    <item>
      <title> El Cordobés</title>
      <link>http://letraspedia.com/lyric/250-centavos-el-cordobes/</link>
      <pubDate>Mon, 01 Sep 2008 00:00:00 UTC</pubDate>
      <author>Enthusiastic Hugo User</author>
      <guid>http://letraspedia.com/lyric/250-centavos-el-cordobes/</guid>
      <description>&lt;p&gt;El cordobés
&lt;br&gt;esta al revés
&lt;br&gt;esta borracho
&lt;br&gt;
&lt;br&gt;no tiene novio
&lt;br&gt;es un soltero
&lt;br&gt;hace dos la mama se le murió
&lt;br&gt;
&lt;br&gt;el cordobés
&lt;br&gt;va a su vez
&lt;br&gt;cantando nada y algo mas
&lt;br&gt;
&lt;br&gt;no se sabe si la otra vez
&lt;br&gt;choreo al cristal de mi vieja&lt;/p&gt;
</description>
    </item>
    
    <item>
      <title> Falsas Sonrisas</title>
      <link>http://letraspedia.com/lyric/250-centavos-falsas-sonrisas/</link>
      <pubDate>Mon, 01 Sep 2008 00:00:00 UTC</pubDate>
      <author>Enthusiastic Hugo User</author>
      <guid>http://letraspedia.com/lyric/250-centavos-falsas-sonrisas/</guid>
      <description>&lt;p&gt;Cambian las caras, y cambian los nombres
&lt;br&gt;El discurso es igual
&lt;br&gt;Siembran esperanzas y hacen promesas que nunca cumpliran
&lt;br&gt;falsas sonrisas, muchas mentiras
&lt;br&gt;nos quieren engañar
&lt;br&gt;no creo nada de lo que dicen conmigo no podrán
&lt;br&gt;todo sigue igual
&lt;br&gt;
&lt;br&gt;sin futuro, sin futuro esta todo mal
&lt;br&gt;sin futuro, sin futuro nada va a cambiar
&lt;br&gt;sin futuro, sin futuro vamos para atrás
&lt;br&gt;sin furo, sin futuro oh
&lt;br&gt;
&lt;br&gt;Veo mi plata hise campañas el hambre no se va
&lt;br&gt;veo mas gente durmiendo en las calles y vos comodo estas
&lt;br&gt;te llevaste todo no dejaste nada, nada por robar
&lt;br&gt;se vende tu cara no sos distinto sos igual a los demas
&lt;br&gt;todo sigue igual
&lt;br&gt;
&lt;br&gt;sin futuro, sin futuro esta todo mal
&lt;br&gt;sin futuro, sin futuro nada va a cambiar
&lt;br&gt;sin futuro, sin futuro vamos para atrás
&lt;br&gt;sin furo, sin futuro oh
&lt;br&gt;
&lt;br&gt;todo sigue igual
&lt;br&gt;
&lt;br&gt;sin futuro, sin futuro esta todo mal
&lt;br&gt;sin futuro, sin futuro nada va a cambiar
&lt;br&gt;sin futuro, sin futuro vamos para atrás
&lt;br&gt;sin furo, sin futuro oh&lt;/p&gt;
</description>
    </item>
    
    <item>
      <title> Los Rios</title>
      <link>http://letraspedia.com/lyric/250-centavos-los-rios/</link>
      <pubDate>Mon, 01 Sep 2008 00:00:00 UTC</pubDate>
      <author>Enthusiastic Hugo User</author>
      <guid>http://letraspedia.com/lyric/250-centavos-los-rios/</guid>
      <description>&lt;p&gt;Las cosas son muy claras,
&lt;br&gt;el tiempo nunca para,
&lt;br&gt;y la mentira no abandona su disfraz.
&lt;br&gt;Y mientras todo explota
&lt;br&gt;debajo de sus botas,
&lt;br&gt;sus ojos sobrevuelan
&lt;br&gt;toda la ciudad.
&lt;br&gt;
&lt;br&gt;Y no estas,
&lt;br&gt;pero estas acá,
&lt;br&gt;es difícil de escapar.
&lt;br&gt;
&lt;br&gt;No existe un rumbo fijo,
&lt;br&gt;no intentes destruirlo,
&lt;br&gt;solo tus propios pasos
&lt;br&gt;te pueden llevar.
&lt;br&gt;Lo que queda del mundo,
&lt;br&gt;no es un lugar seguro,
&lt;br&gt;detrás del arco iris
&lt;br&gt;ya no queda mas.
&lt;br&gt;
&lt;br&gt;Y no estas,
&lt;br&gt;pero estas acá,
&lt;br&gt;es difícil de escapar.
&lt;br&gt;
&lt;br&gt;Pueden llevarse todo,
&lt;br&gt;matarnos de mil modos,
&lt;br&gt;pero los ríos no se detendrán.
&lt;br&gt;
&lt;br&gt;Las cosas son muy claras,
&lt;br&gt;el tiempo nunca para,
&lt;br&gt;y la mentira no abandona su disfraz.
&lt;br&gt;Y mientras todo explota
&lt;br&gt;debajo de sus botas,
&lt;br&gt;sus ojos sobrevuelan
&lt;br&gt;toda la ciudad.
&lt;br&gt;
&lt;br&gt;Pueden llevarse todo,
&lt;br&gt;matarnos de mil modos,
&lt;br&gt;pero los ríos no se detendrán.&lt;/p&gt;
</description>
    </item>
    
    <item>
      <title> Magma</title>
      <link>http://letraspedia.com/lyric/250-centavos-magma/</link>
      <pubDate>Mon, 01 Sep 2008 00:00:00 UTC</pubDate>
      <author>Enthusiastic Hugo User</author>
      <guid>http://letraspedia.com/lyric/250-centavos-magma/</guid>
      <description>&lt;p&gt;Siempre digo lo que siento
&lt;br&gt;no oculto el pensamiento
&lt;br&gt;esa es,
&lt;br&gt;mi anarquía y es mi guía en esta vida.
&lt;br&gt;Puede que muchas veces yo me encuentre equivocado,
&lt;br&gt;puedo aceptarlo pero no puedo evitarlo
&lt;br&gt;y vuelvo a cometer el mismo error,
&lt;br&gt;ese error que cometí ya tantas veces.
&lt;br&gt;
&lt;br&gt;La ciudad, mi barrio y yo
&lt;br&gt;que estoy inerte,
&lt;br&gt;y en mi mente hay un magma incandescente.
&lt;br&gt;Todo puede cambiar, no puedo volver,
&lt;br&gt;tan solo mirar
&lt;br&gt;postales de ayer
&lt;br&gt;y ver..
&lt;br&gt;
&lt;br&gt;Siempre digo lo que siento,
&lt;br&gt;no oculto el pensamiento
&lt;br&gt;esa es
&lt;br&gt;mi anarquía y es mi guía en esta vida.
&lt;br&gt;No voy a negar nuestros errores ni a desechar lo diferente,
&lt;br&gt;voy a bancarme los dolores,
&lt;br&gt;mirando a los ojos a la gente,
&lt;br&gt;vamos a vencer los desengaños.
&lt;br&gt;
&lt;br&gt;La ciudad, mi barrio y yo
&lt;br&gt;que estoy inerte,
&lt;br&gt;y en mi mente hay un magma incandescente.
&lt;br&gt;Todo puede cambiar, no puedo volver,
&lt;br&gt;tan solo mirar
&lt;br&gt;postales de ayer
&lt;br&gt;y ver..&lt;/p&gt;
</description>
    </item>
    
    <item>
      <title> Navegando</title>
      <link>http://letraspedia.com/lyric/250-centavos-navegando/</link>
      <pubDate>Mon, 01 Sep 2008 00:00:00 UTC</pubDate>
      <author>Enthusiastic Hugo User</author>
      <guid>http://letraspedia.com/lyric/250-centavos-navegando/</guid>
      <description>&lt;p&gt;Voy navegando por asfalto
&lt;br&gt;bajo un sol naciente,
&lt;br&gt;me siento tranquilo
&lt;br&gt;mi risa y el viento
&lt;br&gt;y varios pensamientos.
&lt;br&gt;Que la hipocresía y la mediocridad que te inundan
&lt;br&gt;no sean mi rumbo,
&lt;br&gt;porque lo único que quiero es cantar para todo el mundo.
&lt;br&gt;
&lt;br&gt;Si no te gusta lo que ves
&lt;br&gt;pega la vuelta,
&lt;br&gt;no lo intentes no hay manera
&lt;br&gt;de arruinar esta fiesta. (x2)
&lt;br&gt;
&lt;br&gt;Pasando los dias,
&lt;br&gt;pensando en el tiempo,
&lt;br&gt;viviendo cada momento.
&lt;br&gt;Sacudiendo esta ciudad hasta el amanecer.
&lt;br&gt;Que la hipocresía y la mediocridad que te inundan
&lt;br&gt;no sean mi rumbo,
&lt;br&gt;porque lo único que quiero es cantar para todo el mundo.
&lt;br&gt;
&lt;br&gt;Si no te gusta lo que ves
&lt;br&gt;pega la vuelta,
&lt;br&gt;no lo intentes no hay manera
&lt;br&gt;de arruinar esta fiesta.&lt;/p&gt;
</description>
    </item>
    
    <item>
      <title> No Me Importa Nada</title>
      <link>http://letraspedia.com/lyric/250-centavos-no-me-importa-nada/</link>
      <pubDate>Mon, 01 Sep 2008 00:00:00 UTC</pubDate>
      <author>Enthusiastic Hugo User</author>
      <guid>http://letraspedia.com/lyric/250-centavos-no-me-importa-nada/</guid>
      <description>&lt;p&gt;Ya no puedo seguir así (uoo)
&lt;br&gt;Pasa el tiempo y siento morir
&lt;br&gt;Una vez más (una vez mas)
&lt;br&gt;veneno corre en mi
&lt;br&gt;No siento nada (nada)
&lt;br&gt;no puedo sonreír
&lt;br&gt;Afuera aun brilla el sol y todo se derrumba
&lt;br&gt;Y no me importa mas nada (nada mas) (X 4)
&lt;br&gt;Nada!!
&lt;br&gt;Ya no puedo seguir así (uoo)
&lt;br&gt;Pasa el tiempo y siento morir
&lt;br&gt;Una vez más (una vez mas) veneno corre en mi
&lt;br&gt;No siento nada (nada) no puedo sonreír
&lt;br&gt;Afuera aun brilla el sol
&lt;br&gt;Y todo se derrumba
&lt;br&gt;Y no me importa mas nada (nada mas) (X 4)
&lt;br&gt;Nada!!&lt;/p&gt;
</description>
    </item>
    
    <item>
      <title> No Quiero Verte Más</title>
      <link>http://letraspedia.com/lyric/250-centavos-no-quiero-verte-mas/</link>
      <pubDate>Mon, 01 Sep 2008 00:00:00 UTC</pubDate>
      <author>Enthusiastic Hugo User</author>
      <guid>http://letraspedia.com/lyric/250-centavos-no-quiero-verte-mas/</guid>
      <description>&lt;p&gt;No puedo yo entender
&lt;br&gt;Porque me tratas asi de mal
&lt;br&gt;Rompi mi corazón
&lt;br&gt;No te das cuenta amor el daño que causas
&lt;br&gt;
&lt;br&gt;(oh,oh,oh,oh) no quiero verte más
&lt;br&gt;(oh,oh,oh,oh) no quiero verte más
&lt;br&gt;(oh,oh,oh,oh) no quiero verte más
&lt;br&gt;(oh,oh,oh,oh) no quiero verte
&lt;br&gt;
&lt;br&gt;No puedo yo entender
&lt;br&gt;Porque me tratas asi de mal (no,no,no)
&lt;br&gt;Rompí mi corazón
&lt;br&gt;No te das cuenta amor el daño que causas
&lt;br&gt;
&lt;br&gt;(oh,oh,oh,oh) no quiero verte más
&lt;br&gt;(oh,oh,oh,oh) no quiero verte más
&lt;br&gt;(oh,oh,oh,oh) no quiero verte más
&lt;br&gt;(oh,oh,oh,oh) no quiero verte
&lt;br&gt;
&lt;br&gt;(oh,oh,oh,oh) no quiero verte más
&lt;br&gt;(oh,oh,oh,oh) no quiero verte más&lt;/p&gt;
</description>
    </item>
    
    <item>
      <title> No Radio No Tv</title>
      <link>http://letraspedia.com/lyric/250-centavos-no-radio-no-tv/</link>
      <pubDate>Mon, 01 Sep 2008 00:00:00 UTC</pubDate>
      <author>Enthusiastic Hugo User</author>
      <guid>http://letraspedia.com/lyric/250-centavos-no-radio-no-tv/</guid>
      <description>&lt;p&gt;250 centavos (no radio no televisión)
&lt;br&gt;
&lt;br&gt;Señoras y señoras sean bienvenidos nuevamente
&lt;br&gt;a una edición de yellow TV
&lt;br&gt;en una hora de programa hoy en esta noche un solo tema
&lt;br&gt;250 Centavos
&lt;br&gt;¿cambiaron?  ¿están distintos?
&lt;br&gt;
&lt;br&gt;se rumorea que hablan solo a través sus asesores letrados
&lt;br&gt;llegan en sus autos particulares al Escenario
&lt;br&gt;y  no bien terminan se van
&lt;br&gt;
&lt;br&gt;Te están quemando tu cabeza lentamente
&lt;br&gt;no lo ves te estas comiendo la basura de la radio y la TV
&lt;br&gt;fabricas de las mentiras manipulan
&lt;br&gt;las noticias propagandas consumistas son los medios terroristas
&lt;br&gt;
&lt;br&gt;no radio no televisión nonono no radio
&lt;br&gt;no televisión nonono no radio no televisión
&lt;br&gt;nonono no radio no televisión.
&lt;br&gt;
&lt;br&gt;no se mueva  he no se mueva
&lt;br&gt;por que hoy en yellow TV usted va a ver el video que muestra
&lt;br&gt;a uno de los integrantes de la banda
&lt;br&gt;en su departamento con 3, 3 modelos menores de edad
&lt;br&gt;livianísimas de ropa
&lt;br&gt;bailando alocadamente al ritmo de la mona
&lt;br&gt;no se mueva
&lt;br&gt;
&lt;br&gt;Te están quemando tu cabeza lentamente no lo ves te estas
&lt;br&gt;comiendo la basura de la radio y la TV
&lt;br&gt;fabricas de las mentiras manipulan  las noticias
&lt;br&gt;propagandas consumistas son los medios terroristas
&lt;br&gt;
&lt;br&gt;no radio no televisión nonono no radio
&lt;br&gt;no televisión nonono no radio no televisión
&lt;br&gt;nonono no radio no televisión
&lt;br&gt;si queres llorar llora
&lt;br&gt;no radio no televisión nonono no radio no televisión nonono
&lt;br&gt;no  radio no televisión nonono no radio no televisión
&lt;br&gt;worrrrrrrr
&lt;br&gt;
&lt;br&gt;Tenemos que seguir permitiendo
&lt;br&gt;los excesos del punk hasta la próxima edición de yellow TV&lt;/p&gt;
</description>
    </item>
    
    <item>
      <title> Parañoños</title>
      <link>http://letraspedia.com/lyric/250-centavos-paranonos/</link>
      <pubDate>Mon, 01 Sep 2008 00:00:00 UTC</pubDate>
      <author>Enthusiastic Hugo User</author>
      <guid>http://letraspedia.com/lyric/250-centavos-paranonos/</guid>
      <description>&lt;p&gt;Dificil debe ser, ser como vos
&lt;br&gt;y que a nadie le interese tu opinion
&lt;br&gt;Asumis por tu gran ??? para negociar
&lt;br&gt;cultivas tu sucio look en los demas
&lt;br&gt;
&lt;br&gt;Ver vender tu imagen me da gracia
&lt;br&gt;ya todos conocemos bien tu farsa
&lt;br&gt;Lo de pogo en recitales se acavó
&lt;br&gt;Adoremos a tu amada gran nacion
&lt;br&gt;
&lt;br&gt;Yo que vos me mato
&lt;br&gt;y me cago en tu opinion
&lt;br&gt;hagan pogo loco
&lt;br&gt;que no acave esta emocion
&lt;br&gt;Y vos lo sabes (yo tambien lo se!)
&lt;br&gt;que sos un careta mas
&lt;br&gt;otra rata de carga mas
&lt;br&gt;
&lt;br&gt;Ver vender tu imagen me da gracia
&lt;br&gt;ya todos conocemos bien tu farsa
&lt;br&gt;Lo de pogo en recitales se acavó
&lt;br&gt;Adoremos a tu amada gran nacion
&lt;br&gt;
&lt;br&gt;Yo que vos me mato
&lt;br&gt;y me cago en tu opinion
&lt;br&gt;hagan pogo loco
&lt;br&gt;que no acave esta emocion
&lt;br&gt;Y vos lo sabes (yo tambien lo se!)
&lt;br&gt;que sos un careta mas
&lt;br&gt;otra rata de carga mas&lt;/p&gt;
</description>
    </item>
    
    <item>
      <title> Porque Será?</title>
      <link>http://letraspedia.com/lyric/250-centavos-porque-sera/</link>
      <pubDate>Mon, 01 Sep 2008 00:00:00 UTC</pubDate>
      <author>Enthusiastic Hugo User</author>
      <guid>http://letraspedia.com/lyric/250-centavos-porque-sera/</guid>
      <description>&lt;p&gt;Porque sera que el tiempo pasa?
&lt;br&gt;y no vuelve mas
&lt;br&gt;por que la vida es un flashh?
&lt;br&gt;hoy estoy aca
&lt;br&gt;mañana no lo se
&lt;br&gt;lo que me pueda suceder
&lt;br&gt;sigo asi buscando una razon
&lt;br&gt;para no volver a caer
&lt;br&gt;ni siquiera pienso
&lt;br&gt;en mirar para atras
&lt;br&gt;tal vez me vuelva a equivocar
&lt;br&gt;
&lt;br&gt;Y aunque no se
&lt;br&gt;que es lo que quiero
&lt;br&gt;no me podras engañar
&lt;br&gt;y buscare hasta encontrarte
&lt;br&gt;solo dale una señal
&lt;br&gt;
&lt;br&gt;Cuantas veces dije
&lt;br&gt;&amp;lsquo;No volvera a pasar&amp;rsquo;
&lt;br&gt;y sin embargo lo hize otra vez
&lt;br&gt;yo soy asi y nose por que
&lt;br&gt;tal vez nunca lo entendere
&lt;br&gt;
&lt;br&gt;Y aunque no se
&lt;br&gt;que es lo que quiero
&lt;br&gt;no me podras engañar
&lt;br&gt;y buscare hasta encontrarte
&lt;br&gt;solo dale una señal
&lt;br&gt;
&lt;br&gt;Y aunque no se
&lt;br&gt;que es lo que quiero
&lt;br&gt;no me podras engañar
&lt;br&gt;y buscare hasta encontrarte
&lt;br&gt;solo dale una señal&lt;/p&gt;
</description>
    </item>
    
    <item>
      <title> Sin Espejos</title>
      <link>http://letraspedia.com/lyric/250-centavos-sin-espejos/</link>
      <pubDate>Mon, 01 Sep 2008 00:00:00 UTC</pubDate>
      <author>Enthusiastic Hugo User</author>
      <guid>http://letraspedia.com/lyric/250-centavos-sin-espejos/</guid>
      <description>&lt;p&gt;Quien un tiempo atrás,
&lt;br&gt;fue a buscar al manos sucias para estar mejor,
&lt;br&gt;solo y sin remedio,
&lt;br&gt;encontró ese vende sueños, le hizo ver el sol.
&lt;br&gt;
&lt;br&gt;Me quiero ir uuuu
&lt;br&gt;y no te quiero aquí,
&lt;br&gt;yo ya me fui uuuu
&lt;br&gt;pero aún sigo aquí
&lt;br&gt;
&lt;br&gt;No tengo nada que esperar
&lt;br&gt;y nada que decir,
&lt;br&gt;en mi cuarto sin espejos no hay reflejos para ti.
&lt;br&gt;
&lt;br&gt;Excesos y satisfacción,
&lt;br&gt;que muy tarde se dio cuenta que quería un poco mas,
&lt;br&gt;siempre al borde de caer,
&lt;br&gt;todo gira sobre todo y sin embargo sigo en pie.
&lt;br&gt;
&lt;br&gt;Me quiero ir uuuu
&lt;br&gt;y no te quiero aquí,
&lt;br&gt;yo ya me fui uuuu
&lt;br&gt;pero aún sigo aquí
&lt;br&gt;
&lt;br&gt;No tengo nada que esperar
&lt;br&gt;y nada que decir,
&lt;br&gt;en mi cuarto sin espejos no hay reflejos para ti.
&lt;br&gt;
&lt;br&gt;No tengo nada que esperar,
&lt;br&gt;no tengo nada que decir.&lt;/p&gt;
</description>
    </item>
    
    <item>
      <title> Sonrie</title>
      <link>http://letraspedia.com/lyric/250-centavos-sonrie/</link>
      <pubDate>Mon, 01 Sep 2008 00:00:00 UTC</pubDate>
      <author>Enthusiastic Hugo User</author>
      <guid>http://letraspedia.com/lyric/250-centavos-sonrie/</guid>
      <description>&lt;p&gt;Una vez mas
&lt;br&gt;y otra vez mas
&lt;br&gt;siempre lo mismo
&lt;br&gt;siempre es igual
&lt;br&gt;
&lt;br&gt;Casi amanece
&lt;br&gt;en la ciudad
&lt;br&gt;y tu mujer descansa
&lt;br&gt;aun en tu hogar
&lt;br&gt;
&lt;br&gt;Sonrie, sonrie mañana sera peor
&lt;br&gt;Sonrie, sonrie mañana sera peor
&lt;br&gt;Sonrie, sonrie mañana sera peor
&lt;br&gt;Sonrie, sonrie mañana sera peor
&lt;br&gt;
&lt;br&gt;Cada madrugada
&lt;br&gt;mientras desayunas
&lt;br&gt;ves pasar la vida
&lt;br&gt;que lenta se te va
&lt;br&gt;
&lt;br&gt;Y asi salis de nuevo
&lt;br&gt;tenes que laburar
&lt;br&gt;y tu mujer descansa
&lt;br&gt;en tu hogar
&lt;br&gt;
&lt;br&gt;Sonrie, sonrie mañana sera peor
&lt;br&gt;Sonrie, sonrie mañana sera peor
&lt;br&gt;Sonrie, sonrie mañana sera peor
&lt;br&gt;Sonrie, sonrie mañana sera peor
&lt;br&gt;
&lt;br&gt;Y se va, y se va, y se va
&lt;br&gt;la vida se te va
&lt;br&gt;Y se va, y se va, y se va
&lt;br&gt;la vida se te va&lt;/p&gt;
</description>
    </item>
    
  </channel>
</rss>