<?xml version="1.0" encoding="utf-8" standalone="yes" ?>
<rss version="2.0" xmlns:atom="http://www.w3.org/2005/Atom">
  <channel>
      <title>3lw on Letraspedia.com thes best lyrics page </title>
    <link>http://letraspedia.com/artist/3lw/</link>
    <language>en-US</language>
    <author>Enthusiastic Hugo User</author>
    <rights>Copyright (c) 2014, Enthusiastic Hugo User; all rights reserved.</rights>
    <updated>Mon, 01 Sep 2008 00:00:00 UTC</updated>
    
    <item>
      <title> After This</title>
      <link>http://letraspedia.com/lyric/3lw-after-this/</link>
      <pubDate>Mon, 01 Sep 2008 00:00:00 UTC</pubDate>
      <author>Enthusiastic Hugo User</author>
      <guid>http://letraspedia.com/lyric/3lw-after-this/</guid>
      <description>&lt;p&gt;Mmmmm mmm mmm mm mmm
&lt;br&gt;Oooohh
&lt;br&gt;
&lt;br&gt;Kiely:
&lt;br&gt;I was just about to walk away
&lt;br&gt;When I felt your gravity
&lt;br&gt;Pulling me closer
&lt;br&gt;There was no breakin&amp;rsquo; free
&lt;br&gt;It had a hold on me
&lt;br&gt;So what was I suppossed to do
&lt;br&gt;When it&amp;rsquo;s getting so hot
&lt;br&gt;Was it your or the lemon drop (mm)
&lt;br&gt;Like a shot straight to my head
&lt;br&gt;Think I better catch my breath (hah hah)
&lt;br&gt;
&lt;br&gt;I can&amp;rsquo;t let you get away
&lt;br&gt;So I&amp;rsquo;ll just make a move
&lt;br&gt;Step to you and then say (ooooh)
&lt;br&gt;
&lt;br&gt;Chorus:
&lt;br&gt;What you doin&amp;rsquo; after this?
&lt;br&gt;Got me thinkin&amp;rsquo; bout doin&amp;rsquo; them thangs I ain&amp;rsquo;t never did (yeeea)
&lt;br&gt;And I might wanna roll with you
&lt;br&gt;But before we hit the lot (yeah)
&lt;br&gt;Tell me what you wanna do (ah hah)
&lt;br&gt;
&lt;br&gt;Adrienne:
&lt;br&gt;Thinkin&amp;rsquo; you know the deal
&lt;br&gt;So baby come and grab the wheel
&lt;br&gt;What you gon say now (mm)
&lt;br&gt;Tell me are you down tonight
&lt;br&gt;Cuz I&amp;rsquo;m in for the long ride
&lt;br&gt;Cuz you&amp;rsquo;re a hot boy (you&amp;rsquo;re a hot boy)
&lt;br&gt;And even if the clock strikes one, two (twoo)
&lt;br&gt;Ain&amp;rsquo;t no way we gon move cuz
&lt;br&gt;I came to get my party on
&lt;br&gt;Wasn&amp;rsquo;t lookin&amp;rsquo; but I think that you&amp;rsquo;re the one
&lt;br&gt;
&lt;br&gt;I can&amp;rsquo;t let you get away (can&amp;rsquo;t let you get away)
&lt;br&gt;So I&amp;rsquo;ll just make a move (so i&amp;rsquo;ll just make a move)
&lt;br&gt;Step to you and then say (step to you and just say)
&lt;br&gt;
&lt;br&gt;Chorus:
&lt;br&gt;What you doin&amp;rsquo; after this?
&lt;br&gt;Got me thinkin&amp;rsquo; bout doin&amp;rsquo; them thangs I ain&amp;rsquo;t never did (i ain&amp;rsquo;t never diiiid)
&lt;br&gt;And I might wanna roll with you
&lt;br&gt;But before we hit the lot (yeah)
&lt;br&gt;Tell me what you wanna do (ah hah)
&lt;br&gt;
&lt;br&gt;What you doin&amp;rsquo; after this? (yeaah)
&lt;br&gt;Got me thinkin&amp;rsquo; bout doin&amp;rsquo; them thangs I ain&amp;rsquo;t never did (i ain&amp;rsquo;t never diiiid)
&lt;br&gt;And I might wanna roll with you
&lt;br&gt;But before we hit the lot (yeah)
&lt;br&gt;Tell me what you wanna do (ah hah)
&lt;br&gt;
&lt;br&gt;Say I don&amp;rsquo;t care, where we go
&lt;br&gt;As long as I&amp;rsquo;m with you around
&lt;br&gt;Even in a crowd, we&amp;rsquo;re all alone
&lt;br&gt;Cuz all I&amp;rsquo;m thinkin&amp;rsquo; about is You (oooooh)
&lt;br&gt;
&lt;br&gt;What you doin&amp;rsquo; after this?
&lt;br&gt;Got me thinkin&amp;rsquo; bout doin&amp;rsquo; them thangs I ain&amp;rsquo;t never did (i ain&amp;rsquo;t never diiiid)
&lt;br&gt;And I might wanna roll with you
&lt;br&gt;But before we hit the lot (yeah)
&lt;br&gt;Tell me what you wanna do (yeaaaaah)
&lt;br&gt;
&lt;br&gt;What you doin&amp;rsquo; after this?
&lt;br&gt;Got me thinkin&amp;rsquo; bout doin&amp;rsquo; them thangs I ain&amp;rsquo;t never did (i ain&amp;rsquo;t never diiiid)
&lt;br&gt;And I might wanna roll with you
&lt;br&gt;But before we hit the lot (yeah)
&lt;br&gt;Tell me what you wanna do (ohhh)
&lt;br&gt;
&lt;br&gt;oooh ohh ohh oh
&lt;br&gt;Tell me what you wanna do
&lt;br&gt;oooh ohh ohh oh
&lt;br&gt;Ohh tell me what you wanna do oohh (&lt;em&gt;laugh&lt;/em&gt;)
&lt;br&gt;
&lt;br&gt;Ooooh ooh ohh oooh
&lt;br&gt;Ohh yeaaah
&lt;br&gt;Wanna know what you wanna do oooh
&lt;br&gt;
&lt;br&gt;What you doin after this?
&lt;br&gt;
&lt;br&gt;Got me doin&amp;rsquo; things I ain&amp;rsquo;t never did
&lt;br&gt;
&lt;br&gt;Ooooh&lt;/p&gt;
</description>
    </item>
    
    <item>
      <title> Ahh Hell Nah</title>
      <link>http://letraspedia.com/lyric/3lw-ahh-hell-nah/</link>
      <pubDate>Mon, 01 Sep 2008 00:00:00 UTC</pubDate>
      <author>Enthusiastic Hugo User</author>
      <guid>http://letraspedia.com/lyric/3lw-ahh-hell-nah/</guid>
      <description>&lt;p&gt;[verse 1:]
&lt;br&gt;Woke up
&lt;br&gt;Couldnt hardly sleep cause it was xmas
&lt;br&gt;Ran downstairs to open gifts up
&lt;br&gt;Could it be the fendi bag that I want, that I want?
&lt;br&gt;So I shook the box up like what could this be?
&lt;br&gt;Dont sound like a fendi to me
&lt;br&gt;Tore it open and what did I see?
&lt;br&gt;(I was like)
&lt;br&gt;What the hell is this? this aint what I asked for
&lt;br&gt;What the hell is that?
&lt;br&gt;(a barbie magic castle? )
&lt;br&gt;Yo Im getting pissed cause everything is crap
&lt;br&gt;Im about to take it back, Im about to take it back
&lt;br&gt;
&lt;br&gt;[chorus:]
&lt;br&gt;Ahh hell nah
&lt;br&gt;Santa you best to get at me
&lt;br&gt;Ahh hell nah
&lt;br&gt;Xmas aint what it used to be
&lt;br&gt;Ahh hell nah
&lt;br&gt;Cant believe you did this to me
&lt;br&gt;Ahh hell nah
&lt;br&gt;This aint no fa-la-la-la-la-la-la-la xmas
&lt;br&gt;
&lt;br&gt;[verse 2:]
&lt;br&gt;My man, came to the door
&lt;br&gt;My gift in his hand
&lt;br&gt;We been going out for four or five months
&lt;br&gt;I know he gonna give me just what I want, what I want
&lt;br&gt;So i, shook the box up like what could this be?
&lt;br&gt;It sounds just like a fendi bag to me
&lt;br&gt;Tore it open and what did I see?
&lt;br&gt;(I was like)
&lt;br&gt;What the hell is this? I cant believe you took it there
&lt;br&gt;What the hell is that?
&lt;br&gt;(yo, whered you find a carebear? )
&lt;br&gt;Yo Im getting pissed cause everything is crap
&lt;br&gt;Im about to take it back
&lt;br&gt;(yo they dont even sell those anymore)
&lt;br&gt;
&lt;br&gt;[repeat chorus]
&lt;br&gt;
&lt;br&gt;[bridge:]
&lt;br&gt;Fa-la-la-la-la fa-la-la-la-la fa-la-la-la-la
&lt;br&gt;This aint no fa-la-la-la-la xmas (ho ho ho)
&lt;br&gt;No fa-la-la-la-la xmas (ho ho ho)
&lt;br&gt;Fa-la-la-la-la fa-la-la-la-la fa-la-la-la-la
&lt;br&gt;This aint no fa-la-la-la-la xmas (ho ho ho)
&lt;br&gt;No fa-la-la-la-la xmas (ho ho ho)
&lt;br&gt;What the hell is this? now youve gone really far
&lt;br&gt;What the hell is that?
&lt;br&gt;(I dont need a vcr)
&lt;br&gt;Wheres the dvds? !
&lt;br&gt;Everything is crap, everything is crap, everything is crap
&lt;br&gt;(I hate you!!!!!)
&lt;br&gt;
&lt;br&gt;[repeat chorus (2x)]&lt;/p&gt;
</description>
    </item>
    
    <item>
      <title> Aint No Maybe</title>
      <link>http://letraspedia.com/lyric/3lw-aint-no-maybe/</link>
      <pubDate>Mon, 01 Sep 2008 00:00:00 UTC</pubDate>
      <author>Enthusiastic Hugo User</author>
      <guid>http://letraspedia.com/lyric/3lw-aint-no-maybe/</guid>
      <description>&lt;p&gt;This ain&amp;rsquo;t no maybe, baby
&lt;br&gt;
&lt;br&gt;Today is my day that i know fo sho
&lt;br&gt;Gotta speak first, gotta let you know
&lt;br&gt;In case you&amp;rsquo;re wondering if i&amp;rsquo;m available
&lt;br&gt;If you think that i am , i am and if
&lt;br&gt;Something&amp;rsquo;s on your mind, you should let it off
&lt;br&gt;I got time, maybe we should talk
&lt;br&gt;It&amp;rsquo;s no coincidence when you&amp;rsquo;re caught off guard
&lt;br&gt;You and me supposed to be baby&amp;hellip;
&lt;br&gt;
&lt;br&gt;I ain&amp;rsquo;t trippin on your car or where you live
&lt;br&gt;It don&amp;rsquo;t matter if your broke, we&amp;rsquo;ll be struggling
&lt;br&gt;What i&amp;rsquo;m saying is that i will be your baby
&lt;br&gt;This ain&amp;rsquo;t no maybe
&lt;br&gt;Ain&amp;rsquo;t tryna get my floss on in your wheel
&lt;br&gt;I don&amp;rsquo;t even want your chippas
&lt;br&gt;You&amp;rsquo;re the one i wanna kick it wit
&lt;br&gt;This ain&amp;rsquo;t no maybe, is you feeling me
&lt;br&gt;
&lt;br&gt;You&amp;rsquo;ll have to pardon if i come on strong
&lt;br&gt;It&amp;rsquo;s just that you got everything i want
&lt;br&gt;It&amp;rsquo;s your character, the way you be
&lt;br&gt;It&amp;rsquo;s so intriguing to me baby
&lt;br&gt;I like your braids and your thug appeal
&lt;br&gt;Keep it real
&lt;br&gt;How&amp;rsquo;s about me and you on the low, what the deal
&lt;br&gt;Baby in case you haven&amp;rsquo;t noticed
&lt;br&gt;Without you boy i&amp;rsquo;m so hopeless
&lt;br&gt;
&lt;br&gt;I ain&amp;rsquo;t trippin on your car or where you live
&lt;br&gt;It don&amp;rsquo;t matter if your broke, we&amp;rsquo;ll be struggling
&lt;br&gt;What i&amp;rsquo;m saying is that i will be your baby
&lt;br&gt;This ain&amp;rsquo;t no maybe
&lt;br&gt;Ain&amp;rsquo;t tryna get my f;oss on in your wheel
&lt;br&gt;I don&amp;rsquo;t even want your chippas
&lt;br&gt;You&amp;rsquo;re the one i wanna kick it wit
&lt;br&gt;This ain&amp;rsquo;t no maybe, is you feeling me
&lt;br&gt;
&lt;br&gt;You make me weak in the knees
&lt;br&gt;I can&amp;rsquo;t sleep, i can&amp;rsquo;t eat
&lt;br&gt;I cant even think baby
&lt;br&gt;Can&amp;rsquo;t even concentrate
&lt;br&gt;I can&amp;rsquo;t even think straight
&lt;br&gt;See you need a lady
&lt;br&gt;Hey boy i wanna be your lady
&lt;br&gt;Let me be your baby
&lt;br&gt;I know that i&amp;rsquo;m the one for you
&lt;br&gt;Boy don&amp;rsquo;t you know
&lt;br&gt;
&lt;br&gt;I ain&amp;rsquo;t trippin on your car or where you live
&lt;br&gt;It don&amp;rsquo;t matter if your broke, we&amp;rsquo;ll be struggling
&lt;br&gt;What i&amp;rsquo;m saying is that i will be your baby
&lt;br&gt;This ain&amp;rsquo;t no maybe
&lt;br&gt;Ain&amp;rsquo;t tryna get my floss on in your wheel
&lt;br&gt;I don&amp;rsquo;t even want your chippas
&lt;br&gt;You&amp;rsquo;re the one i wanna kick it wit
&lt;br&gt;This ain&amp;rsquo;t no maybe, is you feeling me
&lt;br&gt;
&lt;br&gt;I wanna be your lady
&lt;br&gt;No actin shady
&lt;br&gt;And i put that on everything
&lt;br&gt;I wanna be your lady
&lt;br&gt;No actin shady cuz i&amp;rsquo;m your baby
&lt;br&gt;And i put that on everything, everything&lt;/p&gt;
</description>
    </item>
    
    <item>
      <title> All I Need</title>
      <link>http://letraspedia.com/lyric/3lw-all-i-need/</link>
      <pubDate>Mon, 01 Sep 2008 00:00:00 UTC</pubDate>
      <author>Enthusiastic Hugo User</author>
      <guid>http://letraspedia.com/lyric/3lw-all-i-need/</guid>
      <description>&lt;p&gt;I, i wanna love ya
&lt;br&gt;I, i wanna love ya
&lt;br&gt;
&lt;br&gt;Baby ever since i found you seem&amp;rsquo;s like
&lt;br&gt;Every day i&amp;rsquo;ve been happy
&lt;br&gt;Said the way that you love me turns me out
&lt;br&gt;I can feel my heart beat
&lt;br&gt;Seem&amp;rsquo;s like lately i&amp;rsquo;ve been thinkin&amp;rsquo;, feelin&amp;rsquo; that you are everything
&lt;br&gt;Seem&amp;rsquo;s like more and more i&amp;rsquo;m hopin&amp;rsquo;
&lt;br&gt;That you will be all i need, all i need
&lt;br&gt;
&lt;br&gt;Chorus
&lt;br&gt;All i need, all i need, all i need is you
&lt;br&gt;Baby you&amp;rsquo;re everything, everything, everything baby you
&lt;br&gt;All i need, all i need, all i need is you
&lt;br&gt;Baby you&amp;rsquo;re everything, everything, everything that&amp;rsquo;s you
&lt;br&gt;
&lt;br&gt;Baby it&amp;rsquo;s that way you do me
&lt;br&gt;Keepin&amp;rsquo; me straight up strung out on ya lovin&amp;rsquo;
&lt;br&gt;Baby it&amp;rsquo;s so amazin&amp;rsquo;
&lt;br&gt;Never dreamed i&amp;rsquo;d be cravin&amp;rsquo; to be open
&lt;br&gt;Never knew love could be alive
&lt;br&gt;Swear i always thought it was a joke and
&lt;br&gt;Didn&amp;rsquo;t know and now i realize real love
&lt;br&gt;Now baby i&amp;rsquo;m hopin&amp;rsquo; that you
&lt;br&gt;
&lt;br&gt;Stay right here with me
&lt;br&gt;Givin&amp;rsquo; me all, givin&amp;rsquo; me all
&lt;br&gt;All the love i need
&lt;br&gt;Baby you&amp;rsquo;re all, all i need
&lt;br&gt;
&lt;br&gt;Chorus
&lt;br&gt;
&lt;br&gt;I don&amp;rsquo;t wan&amp;rsquo;t nobody but you
&lt;br&gt;I don&amp;rsquo;t need nobody but you
&lt;br&gt;Said i don&amp;rsquo;t want nobody but you
&lt;br&gt;Cuz i don&amp;rsquo;t love nobody but you
&lt;br&gt;
&lt;br&gt;I, i wanna love ya (yes i do)
&lt;br&gt;I, i wanna love ya (can i love you?)
&lt;br&gt;I, i wanna love ya
&lt;br&gt;I, i wanna love ya
&lt;br&gt;
&lt;br&gt;Chorus&lt;/p&gt;
</description>
    </item>
    
    <item>
      <title> Baby Im A Do Right</title>
      <link>http://letraspedia.com/lyric/3lw-baby-im-a-do-right/</link>
      <pubDate>Mon, 01 Sep 2008 00:00:00 UTC</pubDate>
      <author>Enthusiastic Hugo User</author>
      <guid>http://letraspedia.com/lyric/3lw-baby-im-a-do-right/</guid>
      <description>&lt;p&gt;I&amp;rsquo;m gettin little tired of your broken promises, promises
&lt;br&gt;Looking at your pager seein different numbers, numbers
&lt;br&gt;Call you on the cell, you hanging with fellas, the fellas
&lt;br&gt;Hanging with my friends, you always getting jealous and jealous
&lt;br&gt;I was with you when you didn&amp;rsquo;t have no dollas, no dollas
&lt;br&gt;Hangin at the crib chllin with your mama, your mama
&lt;br&gt;Never fronted you, never brought the drama, the drama
&lt;br&gt;Now you flip the script playa please
&lt;br&gt;
&lt;br&gt;No Im not the one (say it again, say it again, oh)
&lt;br&gt;No Im not the one (you do or you dont)
&lt;br&gt;
&lt;br&gt;You do or you dont, dont
&lt;br&gt;You will or you wont, wont
&lt;br&gt;No more, no more (baby Im a do right)
&lt;br&gt;You can or you cant, can&amp;rsquo;t be a man, be a man, man
&lt;br&gt;No more, no more (baby Im a do right)
&lt;br&gt;
&lt;br&gt;You treat me like a lady when you open doors and doors
&lt;br&gt;But then you wanna front when you&amp;rsquo;re with your boys, your boys
&lt;br&gt;How you gonna play me when I bought your clothes, your clothes
&lt;br&gt;The ones that you be wearin when you with your boys, your boys
&lt;br&gt;You know you never thought I would have the nerve, the nerve
&lt;br&gt;Think about it more since you at the curb, the curb
&lt;br&gt;Blowin up my pager saying you want a chance, a chance
&lt;br&gt;Listen when I say it player please
&lt;br&gt;
&lt;br&gt;You do or you dont, dont
&lt;br&gt;You will or you wont, wont
&lt;br&gt;No more, no more (baby Im a do right)
&lt;br&gt;You can or you cant, can&amp;rsquo;t, be a man, be a man, man
&lt;br&gt;No more, no more (baby Im a do right)
&lt;br&gt;
&lt;br&gt;I just want to know what happen to our love
&lt;br&gt;We used to be best friends where did it go wrong
&lt;br&gt;When you gonna see how good it is with me
&lt;br&gt;Im tired and Im through with all your &amp;ldquo;listen baby&amp;rdquo;
&lt;br&gt;
&lt;br&gt;Hey boy you promise me case fade
&lt;br&gt;but that was last year
&lt;br&gt;boy in the 8th grade
&lt;br&gt;But you aint biggie baby boy
&lt;br&gt;so no it aint one more chance
&lt;br&gt;When your friends around
&lt;br&gt;you dont want to hold my hand
&lt;br&gt;And now you see a girl stylin&amp;rsquo; and whillin&amp;rsquo; by the mix
&lt;br&gt;Poppin out the whips
&lt;br&gt;the whips, the 5 or 6
&lt;br&gt;Here fly cromes
&lt;br&gt;so pardon my tones
&lt;br&gt;here go quarter go call Tyrone
&lt;br&gt;either you do it or you dont
&lt;br&gt;(You do or you dont)
&lt;br&gt;
&lt;br&gt;You do or you dont, dont
&lt;br&gt;You will or you wont, wont
&lt;br&gt;No more, no more (baby Im a do right)
&lt;br&gt;You can or you cant, can&amp;rsquo;t, be a man, be a man, man
&lt;br&gt;No more, no more (baby Im a do right)
&lt;br&gt;
&lt;br&gt;No Im not the one, say it again, say it again, oh
&lt;br&gt;No Im not the one
&lt;br&gt;(Im tired of hearing &amp;ldquo;baby Im a do right&amp;rdquo;)
&lt;br&gt;No Im not the one
&lt;br&gt;(Never again, never again, no no)
&lt;br&gt;No Im not the one, say it again say, it again oh
&lt;br&gt;(Im not the one)
&lt;br&gt;No Im not the one
&lt;br&gt;Say it again say, say it, say it again
&lt;br&gt;No Im not the one
&lt;br&gt;Say it again say, say it, say it again
&lt;br&gt;No Im not the one
&lt;br&gt;(I can do better all by myself)
&lt;br&gt;No Im not the one
&lt;br&gt;Im not the one, the one&lt;/p&gt;
</description>
    </item>
    
    <item>
      <title> Be Like That</title>
      <link>http://letraspedia.com/lyric/3lw-be-like-that/</link>
      <pubDate>Mon, 01 Sep 2008 00:00:00 UTC</pubDate>
      <author>Enthusiastic Hugo User</author>
      <guid>http://letraspedia.com/lyric/3lw-be-like-that/</guid>
      <description>&lt;p&gt;Be like that
&lt;br&gt;why can&amp;rsquo;t we, you and me, we just
&lt;br&gt;Be like that
&lt;br&gt;more than friends more than we ever been
&lt;br&gt;Be like that
&lt;br&gt;stop
&lt;br&gt;
&lt;br&gt;[verse 1:]
&lt;br&gt;been feelin these feelins since we&amp;rsquo;ve been rulen i wont lie
&lt;br&gt;caught up and could as and should as bleed all of my pride
&lt;br&gt;keep bumpin heads in the moment be there i wont blush
&lt;br&gt;can&amp;rsquo;t keep this secret much longer when it&amp;rsquo;s you that i want
&lt;br&gt;can&amp;rsquo;t keep my
&lt;br&gt;eyes off ya
&lt;br&gt;can&amp;rsquo;t keep my
&lt;br&gt;mind off ya
&lt;br&gt;i can&amp;rsquo;t keep this love all to myself
&lt;br&gt;can this
&lt;br&gt;be right
&lt;br&gt;can it be
&lt;br&gt;all night
&lt;br&gt;tell me what you wanna do cuz i&amp;rsquo;m tryin to get with you
&lt;br&gt;
&lt;br&gt;[chorus:]
&lt;br&gt;be like that
&lt;br&gt;why can&amp;rsquo;t we, you and me, we just
&lt;br&gt;Be like that
&lt;br&gt;more than friends more than we&amp;rsquo;ve ever been
&lt;br&gt;Be like that
&lt;br&gt;stop the shiness the frontin it&amp;rsquo;s all about lovin you
&lt;br&gt;be like that,
&lt;br&gt;why can&amp;rsquo;t we, you and me, be like that
&lt;br&gt;
&lt;br&gt;[verse 2:]
&lt;br&gt;you act like you don&amp;rsquo;t know
&lt;br&gt;what&amp;rsquo;s goin&amp;rsquo; on
&lt;br&gt;thinkin&amp;rsquo; of the girl could be it cuz that&amp;rsquo;s where you&amp;rsquo;re wrong
&lt;br&gt;it&amp;rsquo;s me, it&amp;rsquo;s me,
&lt;br&gt;oh it&amp;rsquo;s always been me
&lt;br&gt;i&amp;rsquo;ve been feelin&amp;rsquo; you from the door,
&lt;br&gt;i just want us to be more,
&lt;br&gt;can&amp;rsquo;t keep my
&lt;br&gt;eyes off ya
&lt;br&gt;can&amp;rsquo;t keep my
&lt;br&gt;mind off ya
&lt;br&gt;i can&amp;rsquo;t keep this love all to myself
&lt;br&gt;can this
&lt;br&gt;be right
&lt;br&gt;can it be
&lt;br&gt;all night
&lt;br&gt;tell me what you wanna do cuz i&amp;rsquo;m tryin to get with you
&lt;br&gt;
&lt;br&gt;[chorus x2]
&lt;br&gt;
&lt;br&gt;[hook:]
&lt;br&gt;baby you&amp;rsquo;re wrong, for comin&amp;rsquo; on so strong,
&lt;br&gt;but the love we had is friends that really grow,
&lt;br&gt;everything i could want you to bring to my life, happiness, peacefullness, joyfullness,
&lt;br&gt;
&lt;br&gt;[chorus x3]&lt;/p&gt;
</description>
    </item>
    
    <item>
      <title> Bout It</title>
      <link>http://letraspedia.com/lyric/3lw-bout-it/</link>
      <pubDate>Mon, 01 Sep 2008 00:00:00 UTC</pubDate>
      <author>Enthusiastic Hugo User</author>
      <guid>http://letraspedia.com/lyric/3lw-bout-it/</guid>
      <description>&lt;p&gt;3LW:
&lt;br&gt;(Chorus)
&lt;br&gt;You think you know me but you have no idea
&lt;br&gt;Act like you bout it
&lt;br&gt;Well lemme put this in your ear
&lt;br&gt;If you really bout it
&lt;br&gt;Do like a fus like you don&amp;rsquo;t care
&lt;br&gt;If you bout it
&lt;br&gt;I dont doubt it
&lt;br&gt;Show me that you sure bout it (bout it)
&lt;br&gt;
&lt;br&gt;Yung Joc:
&lt;br&gt;Ill get your mind off ties
&lt;br&gt;Cause the hustla don&amp;rsquo;t stop
&lt;br&gt;If your girl don&amp;rsquo;t chew then my name ain&amp;rsquo;t Joc
&lt;br&gt;The money don&amp;rsquo;t flip then the block ain&amp;rsquo;t hot
&lt;br&gt;If she don&amp;rsquo;t scream your name then your game just shot
&lt;br&gt;I gotta couple reasons you can call me the boss
&lt;br&gt;Ill drop a couple stacks and watch your ass get lost
&lt;br&gt;Joc the real shit Shorty bes believe that
&lt;br&gt;If you ain&amp;rsquo;t ride till die
&lt;br&gt;Bring them car keys back
&lt;br&gt;Take your foot off the brake
&lt;br&gt;Baby gon ride out
&lt;br&gt;If them suckas wanna hate Put um in time out
&lt;br&gt;I get that cake you&amp;rsquo;ll soon find out
&lt;br&gt;If you ever cross me you&amp;rsquo;ll get crossed out
&lt;br&gt;
&lt;br&gt;3LW:
&lt;br&gt;I&amp;rsquo;ve seen it before in a rhyme and a roll
&lt;br&gt;Come and catch up with me baby don&amp;rsquo;t stop
&lt;br&gt;Get to the floor whatchu waiting for
&lt;br&gt;Cause we can ride b straight to the top
&lt;br&gt;Wayy too long and now its the time to show um all that is not a game
&lt;br&gt;Cause I dont care what im lookin like
&lt;br&gt;I just wanna show you that im not goin no where
&lt;br&gt;
&lt;br&gt;(Chorus)
&lt;br&gt;You think you know me but you have no idea
&lt;br&gt;Act like you bout it
&lt;br&gt;Well lemme put this in your ear
&lt;br&gt;If you really bout it
&lt;br&gt;Do like a fus like you don&amp;rsquo;t care
&lt;br&gt;If you bout it
&lt;br&gt;I dont doubt it
&lt;br&gt;Show me that you sure bout it (bout it)
&lt;br&gt;
&lt;br&gt;Yung Joc:
&lt;br&gt;Imma get rich and imma die tryin&amp;rsquo;
&lt;br&gt;I ain&amp;rsquo;t 50 Cent but respect my mind
&lt;br&gt;Respect my gansgsta respect my shine
&lt;br&gt;Put your click in chick if you step outta line
&lt;br&gt;I ain&amp;rsquo;t Kanye but I been thru the wire
&lt;br&gt;Couple more albums before I retire
&lt;br&gt;Most of these rappers ain&amp;rsquo;t nothin but liars
&lt;br&gt;How are they The Killers when they sing in the choir?
&lt;br&gt;Straight from the bottom and im tryin&amp;rsquo; to get higher
&lt;br&gt;Too many strikes, Got too many priors
&lt;br&gt;Messin with us like playin with fire
&lt;br&gt;Get your wick split, time to meet your messiah
&lt;br&gt;
&lt;br&gt;3LW:
&lt;br&gt;I&amp;rsquo;ve seen it before in a rhyme and a roll
&lt;br&gt;Come and catch up with me baby don&amp;rsquo;t stop
&lt;br&gt;Get to the floor whatchu waiting for
&lt;br&gt;Cause we can ride b straight to the top
&lt;br&gt;Wayy too long and now its the time to show um all that is not a game
&lt;br&gt;Cause I dont care what im lookin like
&lt;br&gt;I just wanna show you that im not goin no where
&lt;br&gt;
&lt;br&gt;(Chorus)
&lt;br&gt;You think you know me but you have no idea
&lt;br&gt;Act like you bout it
&lt;br&gt;Well lemme put this in your ear
&lt;br&gt;If you really bout it
&lt;br&gt;Do like a fus like you don&amp;rsquo;t care
&lt;br&gt;If you bout it
&lt;br&gt;I dont doubt it
&lt;br&gt;Show me that you sure bout it (bout it)
&lt;br&gt;
&lt;br&gt;Now I been walking up this road tryin&amp;rsquo; to find which way to go
&lt;br&gt;Tryin&amp;rsquo; to pull my faith
&lt;br&gt;Sometimes it seems like I don&amp;rsquo;t know
&lt;br&gt;Now I gotta chance to touch ?
&lt;br&gt;And the answers right in front of me
&lt;br&gt;Yeah! Yeah! Yeah!
&lt;br&gt;
&lt;br&gt;(Chorus)
&lt;br&gt;You think you know me but you have no idea
&lt;br&gt;Act like you bout it
&lt;br&gt;Well lemme put this in your ear
&lt;br&gt;If you really bout it
&lt;br&gt;Do like a fus like you don&amp;rsquo;t care
&lt;br&gt;If you bout it
&lt;br&gt;I dont doubt it
&lt;br&gt;Show me that you sure bout it (bout it)
&lt;br&gt;
&lt;br&gt;(Chorus)
&lt;br&gt;You think you know me but you have no idea (No Idea!)
&lt;br&gt;Act like you bout it
&lt;br&gt;Well lemme put this in your ear
&lt;br&gt;If you really bout it
&lt;br&gt;Do like a fus like you don&amp;rsquo;t care
&lt;br&gt;If you bout it
&lt;br&gt;I dont doubt it
&lt;br&gt;Show me that you sure bout it (bout it)&lt;/p&gt;
</description>
    </item>
    
    <item>
      <title> Can I Talk 2 U</title>
      <link>http://letraspedia.com/lyric/3lw-can-i-talk-2-u/</link>
      <pubDate>Mon, 01 Sep 2008 00:00:00 UTC</pubDate>
      <author>Enthusiastic Hugo User</author>
      <guid>http://letraspedia.com/lyric/3lw-can-i-talk-2-u/</guid>
      <description>&lt;p&gt;Oooh oh, oooh oh, yea yea yea
&lt;br&gt;Dj clue: r&amp;amp;b shit, 3lw, whaat!!!
&lt;br&gt;
&lt;br&gt;(3lw) can i talk 2 you, cuz i wanna ride with you, ooh, can i roll wit
&lt;br&gt;You, maybe we can take a minute or two, just to kick it for a few, what
&lt;br&gt;You wanna do, tell me what you wanna do, i really wanna know you
&lt;br&gt;
&lt;br&gt;(adrienne) watchin you how you move on the dance floor, oooh ooh,
&lt;br&gt;Somethin about the way you do, what you do, got me wantin to see
&lt;br&gt;More of you, the smile on your face, can we hook up after we leave this
&lt;br&gt;Place, wassup for the night boo, can i talk 2 you, oooh
&lt;br&gt;
&lt;br&gt;(3lw) can i talk 2 you, cuz i wanna ride with you, ooh, can i roll wit
&lt;br&gt;You, maybe we can take a minute or two, just to kick it for a few, what
&lt;br&gt;You wanna do, tell me what you wanna do, i really wanna know you
&lt;br&gt;
&lt;br&gt;(kiely) i don&amp;rsquo;t normally push like this, but i&amp;rsquo;m feelin what i&amp;rsquo;m seeing,and
&lt;br&gt;I can&amp;rsquo;t resist it, something drawing me more, into you
&lt;br&gt;(adrienne) you don&amp;rsquo;t, want to figure it, i see it in your eyes, you can&amp;rsquo;t
&lt;br&gt;Deny it, i really wanna know can i talk 2 u, ooh oh
&lt;br&gt;
&lt;br&gt;(3lw) can i talk 2 you, cuz i wanna ride with you, ooh, can i roll wit
&lt;br&gt;You, maybe we can take a minute or two, just to kick it for a few, what
&lt;br&gt;You wanna do, tell me what you wanna do, i really wanna know you
&lt;br&gt;
&lt;br&gt;(kiely) maybe it&amp;rsquo;s the, way you move that thang, maybe it&amp;rsquo;s your smile
&lt;br&gt;That&amp;rsquo;s drivin&amp;rsquo; me insane, i didn&amp;rsquo;t mean to offend you, i&amp;rsquo;m just interested
&lt;br&gt;In you, kinda wanna get 2 know u, can i talk 2 u, i really wanna know you
&lt;br&gt;
&lt;br&gt;(music solo)
&lt;br&gt;
&lt;br&gt;(3lw) can i talk 2 you, cuz i wanna ride with you, ooh, can i roll wit
&lt;br&gt;You, maybe we can take a minute or two, just to kick it for a few, what
&lt;br&gt;You wanna do, tell me what you wanna do, i really wanna know you
&lt;br&gt;(repeat til end)&lt;/p&gt;
</description>
    </item>
    
    <item>
      <title> Christmas In The Hood</title>
      <link>http://letraspedia.com/lyric/3lw-christmas-in-the-hood/</link>
      <pubDate>Mon, 01 Sep 2008 00:00:00 UTC</pubDate>
      <author>Enthusiastic Hugo User</author>
      <guid>http://letraspedia.com/lyric/3lw-christmas-in-the-hood/</guid>
      <description>&lt;p&gt;[verse 1:]
&lt;br&gt;Guess who rolled up? big s with the d rolled up
&lt;br&gt;Girls jockin so the gs loc up, know what, santa aint playin
&lt;br&gt;that stuff
&lt;br&gt;See, santa steady ridin on them scrubs for xmas
&lt;br&gt;Sleigh stay flyin on them dubbs and switches
&lt;br&gt;Hes vicious, gear on point and iced out
&lt;br&gt;When santa hit the floor ya know its lights out
&lt;br&gt;From the west to the east up north and down south it
&lt;br&gt;Ghetto santa claus is bout it
&lt;br&gt;3l dub so throw ya hands up for me
&lt;br&gt;You know wassup, get yo dance on home cuz
&lt;br&gt;
&lt;br&gt;[chorus:]
&lt;br&gt;We bout to get the shhhhh started
&lt;br&gt;We given you just what you wanted
&lt;br&gt;From yo block to my block, we gonna keep it hot
&lt;br&gt;Its xmas in the hood
&lt;br&gt;Ghetto xmas lights flickin
&lt;br&gt;Police aint even round trippin
&lt;br&gt;From yo block to my block, we gonna make it hot
&lt;br&gt;Its xmas in the hood
&lt;br&gt;
&lt;br&gt;[break:]
&lt;br&gt;Its going down fa sho
&lt;br&gt;Ghetto santa claus is at the door
&lt;br&gt;Ima get mine, you get yours
&lt;br&gt;Xmas in the ghetto yo
&lt;br&gt;
&lt;br&gt;[verse 2:]
&lt;br&gt;Yo today, I gotta fat knot, in my stash box
&lt;br&gt;And from this block to that block, they be like thats hot
&lt;br&gt;Santa hit the jackpot, seen him in the rag-top
&lt;br&gt;Flossin, tossin toys at us have-nots
&lt;br&gt;3l dub and tell it best to from dirty jerz to l.e.s.
&lt;br&gt;Youd never guess who I seen on the dance floor up in the mix
&lt;br&gt;Santa claus for the cause with a thousand chicks
&lt;br&gt;Im like nick, tell me what you gots for me, we in the hood
&lt;br&gt;where its good
&lt;br&gt;Like it oughts to be, havin the time of my life too
&lt;br&gt;I gots to be back home with my peeps thats the spot for me cuz
&lt;br&gt;
&lt;br&gt;[repeat chorus]
&lt;br&gt;
&lt;br&gt;[verse 3:]
&lt;br&gt;Celebrating from the west to east coastin
&lt;br&gt;I stay posted, this is for my people on the block with toastaz
&lt;br&gt;My down home hotties hold it down you know this
&lt;br&gt;The goody goodies got no time to notice
&lt;br&gt;How we get down from my town to your town
&lt;br&gt;L.a. to the bricks, v.a. and back down
&lt;br&gt;We clownin while we downin egg nog by the case
&lt;br&gt;50 aint trippin today about your case
&lt;br&gt;Aint nobody stressin turkey and dressing
&lt;br&gt;At the table with the fam thankin God for the blessings
&lt;br&gt;Its all good from the grimey to the meadow
&lt;br&gt;It aint nothing like xmas in the ghetto, holla back&lt;/p&gt;
</description>
    </item>
    
    <item>
      <title> Christmas Love</title>
      <link>http://letraspedia.com/lyric/3lw-christmas-love/</link>
      <pubDate>Mon, 01 Sep 2008 00:00:00 UTC</pubDate>
      <author>Enthusiastic Hugo User</author>
      <guid>http://letraspedia.com/lyric/3lw-christmas-love/</guid>
      <description>&lt;p&gt;[verse 1:]
&lt;br&gt;Early in the morning
&lt;br&gt;I smell the breakfast
&lt;br&gt;Mamas gone and dressed up the table
&lt;br&gt;I love this time of the year
&lt;br&gt;At a time when I know I should be nothing but thankful
&lt;br&gt;Somethings got me sitting here troubled
&lt;br&gt;And Ive been thinking bout it
&lt;br&gt;And I dont understand
&lt;br&gt;
&lt;br&gt;[hook:]
&lt;br&gt;Shouldnt just be at this time of the year
&lt;br&gt;The love that you be showin your
&lt;br&gt;Family and friends should be
&lt;br&gt;Always and forever love
&lt;br&gt;Not just christmas love
&lt;br&gt;Shouldnt just be at this time of year
&lt;br&gt;He gave his life for you
&lt;br&gt;Just to show you his love for you
&lt;br&gt;Always and forever love
&lt;br&gt;Not just christmas love
&lt;br&gt;
&lt;br&gt;[verse 2:]
&lt;br&gt;All of the children are outside playin
&lt;br&gt;And all the parents in the house singing
&lt;br&gt;Theres so much joy in the air
&lt;br&gt;But what about yesterday?
&lt;br&gt;And what about tomorrow when the snow melts away?
&lt;br&gt;And what about the other day after?
&lt;br&gt;Will we realize that his love is forever and always?
&lt;br&gt;
&lt;br&gt;[repeat hook]
&lt;br&gt;
&lt;br&gt;[break:]
&lt;br&gt;What about yesterday?
&lt;br&gt;The day after and the day after that?
&lt;br&gt;Shouldnt just be at this time of year
&lt;br&gt;
&lt;br&gt;[hook out]&lt;/p&gt;
</description>
    </item>
    
    <item>
      <title> Christmas Party</title>
      <link>http://letraspedia.com/lyric/3lw-christmas-party/</link>
      <pubDate>Mon, 01 Sep 2008 00:00:00 UTC</pubDate>
      <author>Enthusiastic Hugo User</author>
      <guid>http://letraspedia.com/lyric/3lw-christmas-party/</guid>
      <description>&lt;p&gt;[verse 1:]
&lt;br&gt;Wont you get up? its a party
&lt;br&gt;What you waitin on?
&lt;br&gt;What you came here for?
&lt;br&gt;Why you sittin there for?
&lt;br&gt;Playing that role?
&lt;br&gt;Actin unsure?
&lt;br&gt;What all that for?
&lt;br&gt;Its christmas, its a holiday
&lt;br&gt;Time for shopping, spend that money
&lt;br&gt;We gon party cause I know you wanna dance
&lt;br&gt;
&lt;br&gt;[hook:]
&lt;br&gt;Hey, get off the wall
&lt;br&gt;Get on the floor
&lt;br&gt;And get to steppin
&lt;br&gt;Hey, kill all the talk
&lt;br&gt;Get on the floor
&lt;br&gt;And get to steppin
&lt;br&gt;
&lt;br&gt;[verse 2:]
&lt;br&gt;Wont you get up out that corner
&lt;br&gt;Throw ya hands up
&lt;br&gt;Get yo mans and them up
&lt;br&gt;Hurry up before the dj quit
&lt;br&gt;Spinning that-
&lt;br&gt;Playing that-
&lt;br&gt;Hot stuff cant get enough
&lt;br&gt;So dont stop
&lt;br&gt;Til you get enough
&lt;br&gt;Get on the floor
&lt;br&gt;Its that time of year again
&lt;br&gt;
&lt;br&gt;[repeat hook (2x)]
&lt;br&gt;
&lt;br&gt;[treachs rap]
&lt;br&gt;
&lt;br&gt;[vamp out]&lt;/p&gt;
</description>
    </item>
    
    <item>
      <title> Crazy</title>
      <link>http://letraspedia.com/lyric/3lw-crazy/</link>
      <pubDate>Mon, 01 Sep 2008 00:00:00 UTC</pubDate>
      <author>Enthusiastic Hugo User</author>
      <guid>http://letraspedia.com/lyric/3lw-crazy/</guid>
      <description>&lt;p&gt;I don&amp;rsquo;t apolize
&lt;br&gt;But i have compromised
&lt;br&gt;Myself and another guy
&lt;br&gt;It&amp;rsquo;s you that i&amp;rsquo;m talkin bout
&lt;br&gt;Been with him for years
&lt;br&gt;But baby you
&lt;br&gt;I must be crazy
&lt;br&gt;
&lt;br&gt;I want you for my own
&lt;br&gt;You been with her so long
&lt;br&gt;She neva done you wrong
&lt;br&gt;And she&amp;rsquo;s so nice to me
&lt;br&gt;We should have neva touched
&lt;br&gt;Cause now were in luv
&lt;br&gt;We must be crazy
&lt;br&gt;
&lt;br&gt;Chorus-
&lt;br&gt;You got a girl, i got a man but i can&amp;rsquo;t lie( i can&amp;rsquo;t lie)
&lt;br&gt;I wanna leave him when i look into your eyes(your eyes)
&lt;br&gt;You neva thought that holding me would change ur life(your life)
&lt;br&gt;I guess that just this once two wrongs can make a right
&lt;br&gt;(two wrongs make a right)
&lt;br&gt;
&lt;br&gt;It&amp;rsquo;s something that i can&amp;rsquo;t help
&lt;br&gt;My heart wants someone else
&lt;br&gt;There&amp;rsquo;s nothing that i can do
&lt;br&gt;Neva thought it would be you
&lt;br&gt;You say your not afraid
&lt;br&gt;Although listen to you
&lt;br&gt;You must be&amp;hellip;crazy
&lt;br&gt;
&lt;br&gt;It&amp;rsquo;s too late to turn back now
&lt;br&gt;I&amp;rsquo;m afraid we don&amp;rsquo;t know how
&lt;br&gt;Baby keep your faith in me
&lt;br&gt;I&amp;rsquo;ll neva let you down
&lt;br&gt;It&amp;rsquo;s funny how we both know how
&lt;br&gt;There&amp;rsquo;s no one else for us
&lt;br&gt;It&amp;rsquo;s crazy
&lt;br&gt;
&lt;br&gt;Chorus-
&lt;br&gt;You got a girl, i got a man but i can&amp;rsquo;t lie( you got a girl)
&lt;br&gt;I wanna leave him when i look into ur eyes
&lt;br&gt;You neva thought that holding me would change your life(your life)
&lt;br&gt;I guess that just this once two wrongs can make a right
&lt;br&gt;(crazy)
&lt;br&gt;
&lt;br&gt;You got a gurl, i got a man but i can&amp;rsquo;t lie( i can&amp;rsquo;t lie)
&lt;br&gt;I wanna leave him when i look into your eyes(your eyes)
&lt;br&gt;Neva thought that holding me would change your life(your life)
&lt;br&gt;I guess that just this once two wrongs can make a right
&lt;br&gt;(it&amp;rsquo;s crazy)
&lt;br&gt;
&lt;br&gt;I&amp;rsquo;ve been dreamin(baby i&amp;rsquo;ve been dreamin)
&lt;br&gt;Baby u and i just leavin&amp;rsquo;( just u and i)
&lt;br&gt;All of this behind
&lt;br&gt;Hit the bank and get enough
&lt;br&gt;Pack our bags baby lets go(lets go)
&lt;br&gt;I just wanna be alone
&lt;br&gt;You and i against the world
&lt;br&gt;
&lt;br&gt;I&amp;rsquo;ve been dreamin( baby i&amp;rsquo;ve been dreamin)
&lt;br&gt;Baby you and i just leavin&amp;rsquo;( just leavin&amp;rsquo; leavin&amp;rsquo; leavin)
&lt;br&gt;All of this behind( behind)
&lt;br&gt;Hit the bank and get enough
&lt;br&gt;Pack our bags baby lets go(baby lets go)
&lt;br&gt;I just wanna be alone
&lt;br&gt;You and i against the world
&lt;br&gt;Baby&lt;/p&gt;
</description>
    </item>
    
    <item>
      <title> Crush On You</title>
      <link>http://letraspedia.com/lyric/3lw-crush-on-you/</link>
      <pubDate>Mon, 01 Sep 2008 00:00:00 UTC</pubDate>
      <author>Enthusiastic Hugo User</author>
      <guid>http://letraspedia.com/lyric/3lw-crush-on-you/</guid>
      <description>&lt;p&gt;Yeah&lt;br&gt;Yeah, yeah&lt;br&gt;Yeah&lt;br&gt;Yeah&lt;br&gt;Yeah, yeah&lt;br&gt;Yeah&lt;br&gt;&lt;br&gt;Boy, I got a crush on you&lt;br&gt;My dad would kill me if he only knew&lt;br&gt;Naughty things going through my mind&lt;br&gt;When I think of you&lt;br&gt;Boy I&amp;rsquo;m diggin&amp;rsquo; you&lt;br&gt;My dad would kill me if he only knew&lt;br&gt;Babygirl&amp;rsquo;s been puttin&amp;rsquo; it down&lt;br&gt;When he ain&amp;rsquo;t around&lt;br&gt;&lt;br&gt;I bend some of the rules&lt;br&gt;When it comes to you&lt;br&gt;You make me wanna do&lt;br&gt;(All the things that he said not to)&lt;br&gt;I call you on the creep&lt;br&gt;Late at night when my pop&amp;rsquo;s asleep&lt;br&gt;Gotta keep in on the low&lt;br&gt;Can&amp;rsquo;t let my daddy know&lt;br&gt;&lt;br&gt;Boy, I got a crush on you&lt;br&gt;My dad would kill me if he only knew&lt;br&gt;Naughty things going through my mind&lt;br&gt;When I think of you&lt;br&gt;Boy I&amp;rsquo;m diggin&amp;rsquo; you&lt;br&gt;My dad would kill me if he only knew&lt;br&gt;Babygirl&amp;rsquo;s been puttin&amp;rsquo; it down&lt;br&gt;When he ain&amp;rsquo;t around&lt;br&gt;&lt;br&gt;Is this some crazy dream?&lt;br&gt;Can&amp;rsquo;t stop the way I feel&lt;br&gt;When I&amp;rsquo;m alone with you&lt;br&gt;The pressure is for real&lt;br&gt;I&amp;rsquo;m feelin&amp;rsquo; all these ways&lt;br&gt;I never felt before&lt;br&gt;Come here and close the door&lt;br&gt;A kiss is what I been waiting for&lt;br&gt;&lt;br&gt;Boy, I got a crush on you&lt;br&gt;My dad would kill me if he only knew&lt;br&gt;Naughty things going through my mind&lt;br&gt;When I think of you&lt;br&gt;Boy I&amp;rsquo;m diggin&amp;rsquo; you&lt;br&gt;My dad would kill me if he only knew&lt;br&gt;Babygirl&amp;rsquo;s been puttin&amp;rsquo; it down&lt;br&gt;When he ain&amp;rsquo;t around&lt;br&gt;&lt;br&gt;[Rap]&lt;br&gt;Keelay is, the one gettin&amp;rsquo; the busiest&lt;br&gt;Far from the silliest&lt;br&gt;Tell me, are you feelin&amp;rsquo; this?&lt;br&gt;Not just for little kids&lt;br&gt;Little Women be strong enough&lt;br&gt;We rock long enough, for real&lt;br&gt;But the ones that been waitin&amp;rsquo; to drop&lt;br&gt;They say yo, shorty rock&lt;br&gt;She be makin&amp;rsquo; it hot&lt;br&gt;You know, A.G. know&lt;br&gt;Toy, she know&lt;br&gt;Little Women, 2000&lt;br&gt;You know how we go&lt;br&gt;&lt;br&gt;I&amp;rsquo;ll take my chances boy &lt;br&gt;When it comes to you&lt;br&gt;Just name the time and place&lt;br&gt;Do what I gotta do&lt;br&gt;My heart is sayin&amp;rsquo; yes&lt;br&gt;My mind is sayin&amp;rsquo; no&lt;br&gt;I&amp;rsquo;ll risk it all for you&lt;br&gt;Daddy don&amp;rsquo;t have to know&lt;br&gt;&lt;br&gt;Boy, I got a crush on you&lt;br&gt;My dad would kill me if he only knew&lt;br&gt;Naughty things going through my mind&lt;br&gt;When I think of you&lt;br&gt;Boy I&amp;rsquo;m diggin&amp;rsquo; you&lt;br&gt;My dad would kill me if he only knew&lt;br&gt;Babygirl&amp;rsquo;s been puttin&amp;rsquo; it down&lt;br&gt;When he ain&amp;rsquo;t around&lt;br&gt;&lt;br&gt;Yeah&lt;br&gt;Yeah, yeah&lt;br&gt;(I got a crush on you)&lt;br&gt;Yeah&lt;br&gt;(I thought you knew)&lt;br&gt;(Uh-huh)&lt;br&gt;Yeah&lt;br&gt;Yeah, yeah&lt;br&gt;Yeah&lt;br&gt;&lt;br&gt;Boy, I got a crush on you&lt;br&gt;My dad would kill me if he only knew&lt;br&gt;Naughty things going through my mind&lt;br&gt;When I think of you&lt;br&gt;Boy I&amp;rsquo;m diggin&amp;rsquo; you&lt;br&gt;My dad would kill me if he only knew&lt;br&gt;Babygirl&amp;rsquo;s been puttin&amp;rsquo; it down&lt;br&gt;When he ain&amp;rsquo;t around&lt;br&gt;&lt;br&gt;Boy, I got a crush on you&lt;br&gt;My dad would kill me if he only knew&lt;br&gt;Naughty things going through my mind&lt;br&gt;When I think of you&lt;br&gt;Boy I&amp;rsquo;m diggin&amp;rsquo; you&lt;br&gt;My dad would kill me if he only knew&lt;br&gt;Babygirl&amp;rsquo;s been puttin&amp;rsquo; it down&lt;br&gt;When he ain&amp;rsquo;t around&lt;br&gt;&lt;br&gt;Yeah&lt;br&gt;Yeah, yeah&lt;br&gt;Yeah&lt;br&gt;Yeah&lt;br&gt;Yeah, yeah&lt;br&gt;Yeah&lt;br&gt;Yeah&lt;br&gt;Yeah, yeah&lt;br&gt;Yeah&lt;br&gt;Yeah&lt;br&gt;Yeah, yeah&lt;br&gt;Yeah&lt;br&gt;&lt;br&gt;&lt;/p&gt;
</description>
    </item>
    
    <item>
      <title> Curious</title>
      <link>http://letraspedia.com/lyric/3lw-curious/</link>
      <pubDate>Mon, 01 Sep 2008 00:00:00 UTC</pubDate>
      <author>Enthusiastic Hugo User</author>
      <guid>http://letraspedia.com/lyric/3lw-curious/</guid>
      <description>&lt;p&gt;There&amp;rsquo;s some things on my mind&lt;br&gt;I don&amp;rsquo;t know that I should be thinkin&amp;rsquo;&lt;br&gt;Am I wastin&amp;rsquo; my time thinkin&amp;rsquo; &amp;lsquo;bout&lt;br&gt;You and I, and these feelings&lt;br&gt;Cuz I see you and me holdin&amp;rsquo; hands&lt;br&gt;Doin&amp;rsquo; things, goin&amp;rsquo; further&lt;br&gt;But they say we&amp;rsquo;re too young&lt;br&gt;And those things will come&lt;br&gt;I&amp;rsquo;m just curious&lt;br&gt;&lt;br&gt;When can I touch you?&lt;br&gt;When can I kiss you?&lt;br&gt;I&amp;rsquo;m curious&lt;br&gt;Nothin&amp;rsquo; more than a girl&lt;br&gt;Comin&amp;rsquo; straight from the heart&lt;br&gt;I&amp;rsquo;m just feelin&amp;rsquo; us&lt;br&gt;&lt;br&gt;Thinkin&amp;rsquo; &amp;lsquo;bout you and me&lt;br&gt;Thinkin&amp;rsquo; &amp;lsquo;bout how it feels&lt;br&gt;I&amp;rsquo;m curious&lt;br&gt;I just wanna know what&lt;br&gt;True love is, though&lt;br&gt;I&amp;rsquo;m just feelin&amp;rsquo; us&lt;br&gt;&lt;br&gt;On the phone in my bed&lt;br&gt;On my back, starin&amp;rsquo; at the ceiling&lt;br&gt;When I&amp;rsquo;m talkin&amp;rsquo; to you&lt;br&gt;What I feel, is it true?&lt;br&gt;I&amp;rsquo;m wondering&lt;br&gt;Well I tell it, and I&lt;br&gt;What I feel deep inside&lt;br&gt;It keeps burning&lt;br&gt;Does my man understand&lt;br&gt;Everything that I am&lt;br&gt;I&amp;rsquo;m just curious&lt;br&gt;I&amp;rsquo;m just curious&lt;br&gt;&lt;br&gt;When can I touch you?&lt;br&gt;When can I kiss you?&lt;br&gt;I&amp;rsquo;m curious&lt;br&gt;Nothin&amp;rsquo; more than a girl&lt;br&gt;Comin&amp;rsquo; straight from the heart&lt;br&gt;I&amp;rsquo;m just feelin&amp;rsquo; us&lt;br&gt;&lt;br&gt;If I could have things my way&lt;br&gt;We&amp;rsquo;d go pass time&lt;br&gt;Maybe we&amp;rsquo;d do the things&lt;br&gt;I&amp;rsquo;m thinkin&amp;rsquo; in my mind&lt;br&gt;And all the things I want to know, I&amp;rsquo;d know&lt;br&gt;The places we&amp;rsquo;d explore, I&amp;rsquo;d go&lt;br&gt;But now I see us both together&lt;br&gt;Learnin&amp;rsquo; more about each other&lt;br&gt;&lt;br&gt;When can I touch you?&lt;br&gt;When can I kiss you?&lt;br&gt;I&amp;rsquo;m curious&lt;br&gt;Nothin&amp;rsquo; more than a girl&lt;br&gt;Comin&amp;rsquo; straight from the heart&lt;br&gt;I&amp;rsquo;m just feelin&amp;rsquo; us&lt;br&gt;&lt;br&gt;When can I touch you?&lt;br&gt;When can I kiss you?&lt;br&gt;I&amp;rsquo;m curious&lt;br&gt;Nothin&amp;rsquo; more than a girl&lt;br&gt;Comin&amp;rsquo; straight from the heart&lt;br&gt;I&amp;rsquo;m just feelin&amp;rsquo; us&lt;br&gt;&lt;br&gt;You know boy&lt;br&gt;We both know that we have a thing for each other&lt;br&gt;And it&amp;rsquo;s natural for us to both wonder&lt;br&gt;What it would be like&lt;br&gt;But the time is not right&lt;br&gt;And I hope you&amp;rsquo;re satisfied&lt;br&gt;Because I&amp;rsquo;m satisfied&lt;br&gt;Just bein&amp;rsquo; curious&lt;br&gt;&lt;br&gt;I can&amp;rsquo;t get you off my mind&lt;br&gt;&lt;br&gt;When can I touch you?&lt;br&gt;When can I kiss you?&lt;br&gt;I&amp;rsquo;m curious&lt;br&gt;Nothin&amp;rsquo; more than a girl&lt;br&gt;Comin&amp;rsquo; straight from the heart&lt;br&gt;I&amp;rsquo;m just feelin&amp;rsquo; us&lt;br&gt;&lt;/p&gt;
</description>
    </item>
    
    <item>
      <title> Do I Ever Make You Wonder</title>
      <link>http://letraspedia.com/lyric/3lw-do-i-ever-make-you-wonder/</link>
      <pubDate>Mon, 01 Sep 2008 00:00:00 UTC</pubDate>
      <author>Enthusiastic Hugo User</author>
      <guid>http://letraspedia.com/lyric/3lw-do-i-ever-make-you-wonder/</guid>
      <description>&lt;p&gt;I can tell you all the truth tonight
&lt;br&gt;To say the things to you I knew would hurt inside
&lt;br&gt;Just because Im down its no excuse
&lt;br&gt;To take the way I feel in out on you
&lt;br&gt;But I apalogize to you for acting like a child
&lt;br&gt;But could we start tonight again by holding me a while
&lt;br&gt;
&lt;br&gt;[Chorus]
&lt;br&gt;Do I ever make you wonder why you fell in love with me?
&lt;br&gt;I can be frustrating and I know I make you crazy
&lt;br&gt;Do you still think about me in you&amp;rsquo;re dreams
&lt;br&gt;Do I ever make you wonder about me
&lt;br&gt;
&lt;br&gt;Dont know why I say the things I say
&lt;br&gt;You have always understood me anyways
&lt;br&gt;Close to you is where I wanna be
&lt;br&gt;I dont have to test your love for me
&lt;br&gt;Dont know where Id be if you werent always by my side
&lt;br&gt;Taking you for granted never hurt more than tonight
&lt;br&gt;
&lt;br&gt;[Chorus]
&lt;br&gt;
&lt;br&gt;Even though I make mistakes
&lt;br&gt;Look I never wonder
&lt;br&gt;What a day would be without you
&lt;br&gt;And I hope we never loose what keeps us together
&lt;br&gt;Always me and you
&lt;br&gt;
&lt;br&gt;[Chorus]&lt;/p&gt;
</description>
    </item>
    
  </channel>
</rss>