<?xml version="1.0" encoding="utf-8" standalone="yes" ?>
<rss version="2.0" xmlns:atom="http://www.w3.org/2005/Atom">
  <channel>
      <title>3 Ases on Letraspedia.com thes best lyrics page </title>
    <link>http://letraspedia.com/artist/3-ases/</link>
    <language>en-US</language>
    <author>Enthusiastic Hugo User</author>
    <rights>Copyright (c) 2014, Enthusiastic Hugo User; all rights reserved.</rights>
    <updated>Mon, 01 Sep 2008 00:00:00 UTC</updated>
    
    <item>
      <title> Alivio</title>
      <link>http://letraspedia.com/lyric/3-ases-alivio/</link>
      <pubDate>Mon, 01 Sep 2008 00:00:00 UTC</pubDate>
      <author>Enthusiastic Hugo User</author>
      <guid>http://letraspedia.com/lyric/3-ases-alivio/</guid>
      <description>&lt;p&gt;Claro veo en tus ojos, que la pena
&lt;br&gt;Va minando tu enfermo, corazón
&lt;br&gt;Yo no se, porque sufres, si eres buena,
&lt;br&gt;Yo no se porque sufres, sin razón
&lt;br&gt;Toda tu alma esta llena, de tristeza
&lt;br&gt;Nadie en la vida a ti, te comprendió
&lt;br&gt;Y en el tiempo se pierde, tu belleza
&lt;br&gt;Como algo que se fue, y no volvió
&lt;br&gt;Yo que no soy culpable, de tu pena
&lt;br&gt;En tu calvario triste, surgiré
&lt;br&gt;Como alivio que rompa, la cadena
&lt;br&gt;Con las fuerzas de mi alma, te amare
&lt;br&gt;
&lt;br&gt;Yo que no soy culpable, de tu pena
&lt;br&gt;En tu calvario triste, surgiré
&lt;br&gt;Como alivio que rompa, la cadena
&lt;br&gt;Con las fuerzas de mi alma, te amare&lt;/p&gt;
</description>
    </item>
    
    <item>
      <title> Aunque Pasen Los Años</title>
      <link>http://letraspedia.com/lyric/3-ases-aunque-pasen-los-anos/</link>
      <pubDate>Mon, 01 Sep 2008 00:00:00 UTC</pubDate>
      <author>Enthusiastic Hugo User</author>
      <guid>http://letraspedia.com/lyric/3-ases-aunque-pasen-los-anos/</guid>
      <description>&lt;p&gt;Una noche serena y obscura, me juraste cariño sincero,
&lt;br&gt;Me dijiste que en toda tu vida, mi cariño sería lo primero,
&lt;br&gt;Yo no se que pensabas entonces,
&lt;br&gt;que en silencio besaste mis manos,
&lt;br&gt;Con un beso que no he de olvidarlo, aunque pasen y pasen los años
&lt;br&gt;
&lt;br&gt;Ahora solo me queda el recuerdo, el recuerdo me agobia y me mata
&lt;br&gt;Yo no se que le debo a la vida, que otra vez a la mala me trata
&lt;br&gt;Ya no puedo mirarme en tus ojos,
&lt;br&gt;ni tampoco soñarme en tus brazos
&lt;br&gt;Porque al irte quebraste mi vida,
&lt;br&gt;y hasta el alma me hiciste pedazos,
&lt;br&gt;
&lt;br&gt;Cuando pueda volver a mirarte, ya verán que se acaba mi llanto,
&lt;br&gt;Mientras tanto que siga mi pena, pa poder dedicarte mi canto,
&lt;br&gt;Hay amor que tristeza tan grande, la que llevo en mi alma prendida,
&lt;br&gt;Si tú puedes vivir sin mirarme, ven mejor a quitarme la vida
&lt;br&gt;Si tú puedes vivir sin mirarme, ven mejor a quitarme la vida&lt;/p&gt;
</description>
    </item>
    
    <item>
      <title> Ave Negra</title>
      <link>http://letraspedia.com/lyric/3-ases-ave-negra/</link>
      <pubDate>Mon, 01 Sep 2008 00:00:00 UTC</pubDate>
      <author>Enthusiastic Hugo User</author>
      <guid>http://letraspedia.com/lyric/3-ases-ave-negra/</guid>
      <description>&lt;p&gt;Si piensa que por tu ausencia,
&lt;br&gt;me estoy muriendo piensas mal,
&lt;br&gt;porque piensa que vivo triste
&lt;br&gt;piensas mal porque piensas que estoy llorando
&lt;br&gt;te equivocas, traidora, vivo soñando
&lt;br&gt;y de nuevo dichoso porque te fuiste
&lt;br&gt;
&lt;br&gt;Las mujeres traidoras
&lt;br&gt;no me hacen daño
&lt;br&gt;mi corazón de mármol
&lt;br&gt;es insensible,
&lt;br&gt;huye cual ave negra
&lt;br&gt;del desengaño
&lt;br&gt;porque tengo la experiencia
&lt;br&gt;de muchos años
&lt;br&gt;y jamás me enamoro de lo imposible.
&lt;br&gt;
&lt;br&gt;Y no sigas pensando
&lt;br&gt;que vivo triste,
&lt;br&gt;ya que pude apartarte
&lt;br&gt;de mi memoria
&lt;br&gt;y no sigas pensando
&lt;br&gt;que estoy llorando
&lt;br&gt;desde que con tu ausencia
&lt;br&gt;tal me ofendiste,
&lt;br&gt;no pude haberte amado,
&lt;br&gt;cierra esta historia.&lt;/p&gt;
</description>
    </item>
    
    <item>
      <title> Cerezo Rosa</title>
      <link>http://letraspedia.com/lyric/3-ases-cerezo-rosa/</link>
      <pubDate>Mon, 01 Sep 2008 00:00:00 UTC</pubDate>
      <author>Enthusiastic Hugo User</author>
      <guid>http://letraspedia.com/lyric/3-ases-cerezo-rosa/</guid>
      <description>&lt;p&gt;Inolvidable primavera, aquella en que te di mi amor
&lt;br&gt;Sentí latir por vez primera, mi corazón
&lt;br&gt;Enamorado te esperaba, acariciando una ilusión
&lt;br&gt;Fue una pasión de cuerpo y alma, dicha y dolor
&lt;br&gt;Una palabra le di, una palabra me dio
&lt;br&gt;Amarnos siempre los dos, y no dejarnos jamás
&lt;br&gt;Fue una promesa de amor, que nadie pudo quebrar
&lt;br&gt;Fue un juramento de azar, que fue verdad
&lt;br&gt;Inolvidable primavera, aquella en que te di mi amor
&lt;br&gt;La más hermosa primavera, del corazón
&lt;br&gt;No, no, no puedes pensar en olvidar, cuando has amado de verdad,
&lt;br&gt;No, no, no, puedes mentir más,
&lt;br&gt;cuando el alma ya no sabe mentir más
&lt;br&gt;Inolvidable primavera, aquella en que te di mi amor
&lt;br&gt;La más hermosa primavera, del corazón
&lt;br&gt;
&lt;br&gt;Una palabra le di, una palabra me dio
&lt;br&gt;Amarnos siempre los dos, y no dejarnos jamás
&lt;br&gt;Fue una promesa de amor, que nadie pudo quebrar
&lt;br&gt;Fue un juramento de azar, que fue verdad
&lt;br&gt;Inolvidable primavera, aquella en que te di mi amor
&lt;br&gt;La más hermosa primavera, del corazón&lt;/p&gt;
</description>
    </item>
    
    <item>
      <title> Cien Mujeres</title>
      <link>http://letraspedia.com/lyric/3-ases-cien-mujeres/</link>
      <pubDate>Mon, 01 Sep 2008 00:00:00 UTC</pubDate>
      <author>Enthusiastic Hugo User</author>
      <guid>http://letraspedia.com/lyric/3-ases-cien-mujeres/</guid>
      <description>&lt;p&gt;Esta desesperación, aumenta mi dolor, por ti
&lt;br&gt;No me deja vivir, ni me deja morir,
&lt;br&gt;Tú serás la salvación, para encontrar la paz, en mí
&lt;br&gt;No comprendes que la vida se me va,
&lt;br&gt;Y la dicha que yo espero, no se cuando llegara
&lt;br&gt;Cien mujeres han pasado por mi vida,
&lt;br&gt;Y ninguna me ha robado tu cariño
&lt;br&gt;Muchas veces he tratado de olvidarte
&lt;br&gt;Pero sigues aquí dentro de mi ser
&lt;br&gt;Los placeres que una a una me brindaron
&lt;br&gt;No lograron arrancarte de mi mente
&lt;br&gt;Y hoy que busco las caricias de tus manos
&lt;br&gt;Ya no encuentro la ternura de tu amor
&lt;br&gt;
&lt;br&gt;Cien mujeres han pasado por mi vida,
&lt;br&gt;Y ninguna me ha robado tu cariño
&lt;br&gt;Muchas veces he tratado de olvidarte
&lt;br&gt;Pero sigues aquí dentro de mi ser
&lt;br&gt;Los placeres que una a una me brindaron
&lt;br&gt;No lograron arrancarte de mi mente
&lt;br&gt;Y hoy que busco las caricias de tus manos
&lt;br&gt;Ya no encuentro la ternura de tu amor&lt;/p&gt;
</description>
    </item>
    
    <item>
      <title> Contigo A La Distancia</title>
      <link>http://letraspedia.com/lyric/3-ases-contigo-a-la-distancia/</link>
      <pubDate>Mon, 01 Sep 2008 00:00:00 UTC</pubDate>
      <author>Enthusiastic Hugo User</author>
      <guid>http://letraspedia.com/lyric/3-ases-contigo-a-la-distancia/</guid>
      <description>&lt;p&gt;No existe un momento del día,
&lt;br&gt;en que pueda apartarte de mi,
&lt;br&gt;El mundo parece distinto,
&lt;br&gt;cuando no estas, junto a mi,
&lt;br&gt;
&lt;br&gt;No hay bella melodía, en que no surjas tú,
&lt;br&gt;Ni yo quiero escucharla, si no la escuchas tú
&lt;br&gt;Es que te has convertido en parte de mi alma,
&lt;br&gt;Ya nada me conforma, si no estas tu también,
&lt;br&gt;Más allá de tus labios, del sol y las estrellas,
&lt;br&gt;Contigo a la distancia, amada mía estoy,
&lt;br&gt;
&lt;br&gt;Es que te has convertido en parte de mi alma,
&lt;br&gt;Ya nada me conforma, si no estas tu también,
&lt;br&gt;Más allá de tus labios, del sol y las estrellas,
&lt;br&gt;Contigo a la distancia, amada mía estoy,&lt;/p&gt;
</description>
    </item>
    
    <item>
      <title> El árbol</title>
      <link>http://letraspedia.com/lyric/3-ases-el-arbol/</link>
      <pubDate>Mon, 01 Sep 2008 00:00:00 UTC</pubDate>
      <author>Enthusiastic Hugo User</author>
      <guid>http://letraspedia.com/lyric/3-ases-el-arbol/</guid>
      <description>&lt;p&gt;En el tronco del árbol una niña, grabo su nombre henchida de placer
&lt;br&gt;Y el árbol conmovido allá en su seno, a la niña una flor dejo caer
&lt;br&gt;Yo soy el árbol, conmovido y triste,
&lt;br&gt;tu eres la niña, que mi tronco hirió,
&lt;br&gt;Yo guardo siempre tu, querido nombre,
&lt;br&gt;y tu que has hecho de mi pobre flor,
&lt;br&gt;
&lt;br&gt;Yo soy el árbol, conmovido y triste,
&lt;br&gt;tu eres la niña, que mi tronco hirió,
&lt;br&gt;Yo guardo siempre tu, querido nombre,
&lt;br&gt;y tu que has hecho de mi pobre flor,&lt;/p&gt;
</description>
    </item>
    
    <item>
      <title> Ella</title>
      <link>http://letraspedia.com/lyric/3-ases-ella/</link>
      <pubDate>Mon, 01 Sep 2008 00:00:00 UTC</pubDate>
      <author>Enthusiastic Hugo User</author>
      <guid>http://letraspedia.com/lyric/3-ases-ella/</guid>
      <description>&lt;p&gt;Ella, la que hubiera amado tanto, la que hechizo de música mi alma
&lt;br&gt;Me pide con ternura que la olvide,
&lt;br&gt;que la olvide sin odios, y sin llantos
&lt;br&gt;Yo que llevo, enterrados tantos sueños,
&lt;br&gt;yo que guardo, tantas tumbas en el alma
&lt;br&gt;No se, porque sollozo y tiemblo, al cavar,
&lt;br&gt;una mas, una mas en mis entrañas
&lt;br&gt;
&lt;br&gt;Yo que llevo, enterrados tantos sueños,
&lt;br&gt;yo que guardo, tantas tumbas en el alma
&lt;br&gt;No se, porque sollozo y tiemblo,
&lt;br&gt;al cavar, una mas, una mas en mis entrañas&lt;/p&gt;
</description>
    </item>
    
    <item>
      <title> Enamorado De Ti</title>
      <link>http://letraspedia.com/lyric/3-ases-enamorado-de-ti/</link>
      <pubDate>Mon, 01 Sep 2008 00:00:00 UTC</pubDate>
      <author>Enthusiastic Hugo User</author>
      <guid>http://letraspedia.com/lyric/3-ases-enamorado-de-ti/</guid>
      <description>&lt;p&gt;&lt;br&gt;Si vivo para ti, porque lo he de negar,
&lt;br&gt;Si es mucho mi sufrir, porque lo he de ocultar
&lt;br&gt;No he de vivir separado no, yo quiero estar a tu lado,
&lt;br&gt;vivir la vida o morir
&lt;br&gt;Yo vivo enamorado de ti, porque tienes el perfume de una flor,
&lt;br&gt;Yo vivo enamorado de ti, porque tienes de una virgen el candor
&lt;br&gt;Yo vivo enamorado de ti, porque llevas en tu alma una canción
&lt;br&gt;Porque guardas un cariño para mi,
&lt;br&gt;en el fondo de tu amante corazón
&lt;br&gt;Porque hablan los destellos, de tus ojos,
&lt;br&gt;Y también tus labios rojos, de una mística ilusión
&lt;br&gt;
&lt;br&gt;Porque hablan los destellos, de tus ojos,
&lt;br&gt;Y también tus labios rojos, de una mística ilusión&lt;/p&gt;
</description>
    </item>
    
    <item>
      <title> Esperando Tu Amor</title>
      <link>http://letraspedia.com/lyric/3-ases-esperando-tu-amor/</link>
      <pubDate>Mon, 01 Sep 2008 00:00:00 UTC</pubDate>
      <author>Enthusiastic Hugo User</author>
      <guid>http://letraspedia.com/lyric/3-ases-esperando-tu-amor/</guid>
      <description>&lt;p&gt;Esperando tu amor
&lt;br&gt;he pasado mi vida
&lt;br&gt;Esperando el regreso
&lt;br&gt;a tus brazos vida mía
&lt;br&gt;Yo no puedo vivir
&lt;br&gt;si me faltan tus besos
&lt;br&gt;Si me faltan tus manos
&lt;br&gt;Las caricias de embeleso
&lt;br&gt;Tus besos me hacen falta
&lt;br&gt;Como la sangre a mis venas
&lt;br&gt;La luz de tus ojazos
&lt;br&gt;Que mitiguen mis penas
&lt;br&gt;Esperando tu amor
&lt;br&gt;he pasado mi vida
&lt;br&gt;Esperando el regreso
&lt;br&gt;a tus brazos vida mía
&lt;br&gt;
&lt;br&gt;Tus besos me hacen falta
&lt;br&gt;Como la sangre a mis venas
&lt;br&gt;La luz de tus ojazos
&lt;br&gt;Que mitiguen mis penas
&lt;br&gt;Esperando tu amor
&lt;br&gt;he pasado mi vida
&lt;br&gt;Esperando el regreso
&lt;br&gt;a tus brazos vida mía, vida mía&lt;/p&gt;
</description>
    </item>
    
    <item>
      <title> Estoy Perdido</title>
      <link>http://letraspedia.com/lyric/3-ases-estoy-perdido/</link>
      <pubDate>Mon, 01 Sep 2008 00:00:00 UTC</pubDate>
      <author>Enthusiastic Hugo User</author>
      <guid>http://letraspedia.com/lyric/3-ases-estoy-perdido/</guid>
      <description>&lt;p&gt;Estoy perdido y no se que camino, me trajo hasta aquí,
&lt;br&gt;Estoy vencido y será mi destino, sufrir hasta el fin,
&lt;br&gt;Siento aquí en mi pecho, el remordimiento, de mi proceder,
&lt;br&gt;Pues me duele el alma, vivo con la angustia, de mí padecer.
&lt;br&gt;Hoy me arrepiento de haberte dejado, tan sola y sin mí
&lt;br&gt;Tanto he sufrido que hasta en mi delirio, me acuerdo de ti
&lt;br&gt;Hoy vago solo en el mundo sin fin, no se si pueda volverte a besar
&lt;br&gt;Y como un niño me pongo a llorar, porque ya te perdí
&lt;br&gt;
&lt;br&gt;Siento aquí en mi pecho, el remordimiento, de mi proceder,
&lt;br&gt;Pues me duele el alma, vivo con la angustia, de mí padecer.
&lt;br&gt;Hoy me arrepiento de haberte dejado, tan sola y sin mí
&lt;br&gt;Tanto he sufrido que hasta en mi delirio, me acuerdo de ti
&lt;br&gt;Hoy vago solo en el mundo sin fin, no se si pueda volverte a besar
&lt;br&gt;Y como un niño me pongo a llorar, porque ya te perdí&lt;/p&gt;
</description>
    </item>
    
    <item>
      <title> Franqueza</title>
      <link>http://letraspedia.com/lyric/3-ases-franqueza/</link>
      <pubDate>Mon, 01 Sep 2008 00:00:00 UTC</pubDate>
      <author>Enthusiastic Hugo User</author>
      <guid>http://letraspedia.com/lyric/3-ases-franqueza/</guid>
      <description>&lt;p&gt;Perdona mi franqueza que tal vez, juzgues descaro
&lt;br&gt;Yo se que voy a herirte por decirte, lo que pienso
&lt;br&gt;Espero que comprendas que es mejor, que hablemos claro
&lt;br&gt;Debemos, sepáranos porque amor, ya no te tengo
&lt;br&gt;Tú, puedes encontrar lejos de mí, quien te comprenda
&lt;br&gt;
&lt;br&gt;Yo, se que no te puedo hacer feliz, aunque pretenda
&lt;br&gt;Tú, siempre me pediste la verdad, fuera cual fuera
&lt;br&gt;Hoy, debes admitir la realidad, aunque te hiera
&lt;br&gt;No quiero darte mas desilusiones, es preferible así, el tiempo lo dirá
&lt;br&gt;Te ruego nuevamente me perdones,
&lt;br&gt;y no quieras hacer, aclaraciones
&lt;br&gt;Pero tú, puedes encontrar lejos de mí, quien te comprenda
&lt;br&gt;Yo, se que no te puedo hacer feliz, aunque pretenda
&lt;br&gt;
&lt;br&gt;No quiero darte mas desilusiones, es preferible así, el tiempo lo dirá
&lt;br&gt;Te ruego nuevamente me perdones,
&lt;br&gt;y no quieras hacer, aclaraciones
&lt;br&gt;Pero tú, puedes encontrar lejos de mí, quien te comprenda
&lt;br&gt;Yo, se que no te puedo hacer feliz, aunque pretenda&lt;/p&gt;
</description>
    </item>
    
    <item>
      <title> Irresistible</title>
      <link>http://letraspedia.com/lyric/3-ases-irresistible/</link>
      <pubDate>Mon, 01 Sep 2008 00:00:00 UTC</pubDate>
      <author>Enthusiastic Hugo User</author>
      <guid>http://letraspedia.com/lyric/3-ases-irresistible/</guid>
      <description>&lt;p&gt;Desde el cielo he recibido la noticia de,
&lt;br&gt;Que un ángel  se ha escapado sin querer,
&lt;br&gt;Y que anda perdido por la tierra,
&lt;br&gt;lo que tiene es que se viste de mujer,
&lt;br&gt;
&lt;br&gt;Yo conozco una criatura que yo he visto y,
&lt;br&gt;Que cada vez que yo la puedo ver,
&lt;br&gt;Me parece que estoy mirando a un ángel, el ángel de mi querer,
&lt;br&gt;
&lt;br&gt;Pero yo no soy, más que un infeliz,
&lt;br&gt;que no puedo mas, que decirte así,
&lt;br&gt;Dios te guarde criatura irresistible, Dios te bendiga mujer
&lt;br&gt;
&lt;br&gt;El consuelo que me queda es que he podido ver,
&lt;br&gt;De cerca la mas hermosa mujer,
&lt;br&gt;La criatura mas linda que yo he visto,
&lt;br&gt;la figura mas henchida de placer
&lt;br&gt;
&lt;br&gt;Es tan rara tan sencilla y tan hermosa,
&lt;br&gt;Como la más linda rosa de un vergel,
&lt;br&gt;Que me muera si al verla yo no tiemblo, o que preciosa mujer
&lt;br&gt;Pero yo no soy, más que un infeliz,
&lt;br&gt;que no puedo mas, que decirte así,
&lt;br&gt;
&lt;br&gt;Dios te guarde criatura irresistible, Dios te bendiga mujer&lt;/p&gt;
</description>
    </item>
    
    <item>
      <title> La Enrramada</title>
      <link>http://letraspedia.com/lyric/3-ases-la-enrramada/</link>
      <pubDate>Mon, 01 Sep 2008 00:00:00 UTC</pubDate>
      <author>Enthusiastic Hugo User</author>
      <guid>http://letraspedia.com/lyric/3-ases-la-enrramada/</guid>
      <description>&lt;p&gt;Las flores y la lluvia me acompañan,
&lt;br&gt;En mis horas de nostalgia, y de tristeza
&lt;br&gt;Me arrebata el pensamiento, la distancia,
&lt;br&gt;Para hacer de mi vida, una pavesa
&lt;br&gt;
&lt;br&gt;Ya la enramada se seco, el cielo el agua le negó
&lt;br&gt;Así tu altivo corazón, no me escucho
&lt;br&gt;Como ave errante viviré, buscando alivio a mi dolor
&lt;br&gt;Con la añoranza de tu amor, yo moriré
&lt;br&gt;
&lt;br&gt;Ya la enramada se seco, el cielo el agua le negó
&lt;br&gt;Así tu altivo corazón, no me escucho
&lt;br&gt;Como ave errante viviré, buscando alivio a mi dolor
&lt;br&gt;Con la añoranza de tu amor, yo moriré&lt;/p&gt;
</description>
    </item>
    
    <item>
      <title> La Historia De Un Amor</title>
      <link>http://letraspedia.com/lyric/3-ases-la-historia-de-un-amor/</link>
      <pubDate>Mon, 01 Sep 2008 00:00:00 UTC</pubDate>
      <author>Enthusiastic Hugo User</author>
      <guid>http://letraspedia.com/lyric/3-ases-la-historia-de-un-amor/</guid>
      <description>&lt;p&gt;Ya no estas más a mi lado corazón, en el alma solo tengo soledad
&lt;br&gt;Y si ya no puedo verte, porque Dios me hizo quererte,
&lt;br&gt;para hacerme sufrir más
&lt;br&gt;Siempre fuiste la razón de mi existir, adorarte para mi fue religión,
&lt;br&gt;Y en tus brazos encontraba, el amor que me brindaba,
&lt;br&gt;el calor de tu pasión
&lt;br&gt;
&lt;br&gt;Es la historia de un amor, como no hay otro igual
&lt;br&gt;Que me hizo comprender, todo el bien, todo el mal
&lt;br&gt;Que le dio luz a mi vida, apagándola  después,
&lt;br&gt;Hay que noche tan obscura, todo se me ha de volver,
&lt;br&gt;
&lt;br&gt;Ya no estas más a mi lado corazón, en el alma solo tengo soledad
&lt;br&gt;Y si ya no puedo verte, porque Dios me hizo quererte, para hacerme sufrir más
&lt;br&gt;
&lt;br&gt;Es la historia de un amor, como no hay otro igual
&lt;br&gt;Que me hizo comprender, todo el bien, todo el mal
&lt;br&gt;Que le dio luz a mi vida, apagándola  después,
&lt;br&gt;Hay que noche tan obscura, todo se me ha de volver,
&lt;br&gt;Ya no estas más a mi lado corazón, en el alma solo tengo soledad
&lt;br&gt;Y si ya no puedo verte, porque Dios me hizo quererte,
&lt;br&gt; para hacerme sufrir más&lt;/p&gt;
</description>
    </item>
    
  </channel>
</rss>