<?xml version="1.0" encoding="utf-8" standalone="yes" ?>
<rss version="2.0" xmlns:atom="http://www.w3.org/2005/Atom">
  <channel>
      <title>25 Ta Life on Letraspedia.com thes best lyrics page </title>
    <link>http://letraspedia.com/artist/25-ta-life/</link>
    <language>en-US</language>
    <author>Enthusiastic Hugo User</author>
    <rights>Copyright (c) 2014, Enthusiastic Hugo User; all rights reserved.</rights>
    <updated>Mon, 01 Sep 2008 00:00:00 UTC</updated>
    
    <item>
      <title> Abort</title>
      <link>http://letraspedia.com/lyric/25-ta-life-abort/</link>
      <pubDate>Mon, 01 Sep 2008 00:00:00 UTC</pubDate>
      <author>Enthusiastic Hugo User</author>
      <guid>http://letraspedia.com/lyric/25-ta-life-abort/</guid>
      <description>&lt;p&gt;And I remember
&lt;br&gt;Felt so in love
&lt;br&gt;Believed everything you said
&lt;br&gt;About a family
&lt;br&gt;Changed my life for the better
&lt;br&gt;Happiness erased the hate
&lt;br&gt;Joy over pain
&lt;br&gt;And I remember
&lt;br&gt;When you said you were pregnant
&lt;br&gt;I was thinking
&lt;br&gt;Yo I&amp;rsquo;m gonna be a dad
&lt;br&gt;And then you started saying some wack shit
&lt;br&gt;About how you weren&amp;rsquo;t sure if you were gonna keep it
&lt;br&gt;Betrayal I felt
&lt;br&gt;Pain you caused me
&lt;br&gt;How could you throw it away
&lt;br&gt;
&lt;br&gt;And I can&amp;rsquo;t tell you it&amp;rsquo;ll be okay
&lt;br&gt;And I can&amp;rsquo;t say I&amp;rsquo;ll ever feel the same
&lt;br&gt;Killer of our child
&lt;br&gt;I can&amp;rsquo;t forgive
&lt;br&gt;In my eyes you have sinned
&lt;br&gt;
&lt;br&gt;ABORT
&lt;br&gt;What we made
&lt;br&gt;ABORT
&lt;br&gt;What was to breathe
&lt;br&gt;
&lt;br&gt;In my eyes you have sinned&lt;/p&gt;
</description>
    </item>
    
    <item>
      <title> Strengh Throught Unity</title>
      <link>http://letraspedia.com/lyric/25-ta-life-strengh-throught-unity/</link>
      <pubDate>Mon, 01 Sep 2008 00:00:00 UTC</pubDate>
      <author>Enthusiastic Hugo User</author>
      <guid>http://letraspedia.com/lyric/25-ta-life-strengh-throught-unity/</guid>
      <description>&lt;p&gt;Strenght Through Unity.
&lt;br&gt;The Spirit Remains.
&lt;br&gt;Strenght. Through.
&lt;br&gt;Strenght Through Unity.
&lt;br&gt;So you think this is about you.
&lt;br&gt;It&amp;rsquo;s about every kid.
&lt;br&gt;Every band, every show.
&lt;br&gt;Do your best to support the scene.
&lt;br&gt;Acceptance holds the keys.
&lt;br&gt;That&amp;rsquo;ll make it grow. Everybody.&lt;/p&gt;
</description>
    </item>
    
  </channel>
</rss>