<?xml version="1.0" encoding="utf-8" standalone="yes" ?>
<rss version="2.0" xmlns:atom="http://www.w3.org/2005/Atom">
  <channel>
      <title>3rd And The Mortal on Letraspedia.com thes best lyrics page </title>
    <link>http://letraspedia.com/artist/3rd-and-the-mortal/</link>
    <language>en-US</language>
    <author>Enthusiastic Hugo User</author>
    <rights>Copyright (c) 2014, Enthusiastic Hugo User; all rights reserved.</rights>
    <updated>Mon, 01 Sep 2008 00:00:00 UTC</updated>
    
    <item>
      <title> Autopoéma</title>
      <link>http://letraspedia.com/lyric/3rd-and-the-mortal-autopoema/</link>
      <pubDate>Mon, 01 Sep 2008 00:00:00 UTC</pubDate>
      <author>Enthusiastic Hugo User</author>
      <guid>http://letraspedia.com/lyric/3rd-and-the-mortal-autopoema/</guid>
      <description>&lt;p&gt;I walk alone&lt;br /&gt;not because i&amp;#39;m lost&lt;br /&gt;but beacause i want to&lt;br /&gt;They call my name&lt;br /&gt;they believe i&amp;#39;m scared&lt;br /&gt;but the depth is my friend&lt;br /&gt;They can cathch me&lt;br /&gt;try to thrill me&lt;br /&gt;and posess me&lt;br /&gt;They can loathe me&lt;br /&gt;try to force me into changing&lt;br /&gt;although thay know by heart&lt;br /&gt;that i will not&lt;br /&gt;obey their rules&lt;br /&gt;I do not stand for all i say&lt;br /&gt;do i face restistance will i turn away&lt;br /&gt;close my eyes afraid to stay&lt;br /&gt;But honesty is my pleed&lt;br /&gt;truth stands further in the need&lt;br /&gt;for my honer i might bleed&lt;br /&gt;&lt;br&gt;&lt;/p&gt;
</description>
    </item>
    
    <item>
      <title> Commemoration</title>
      <link>http://letraspedia.com/lyric/3rd-and-the-mortal-commemoration/</link>
      <pubDate>Mon, 01 Sep 2008 00:00:00 UTC</pubDate>
      <author>Enthusiastic Hugo User</author>
      <guid>http://letraspedia.com/lyric/3rd-and-the-mortal-commemoration/</guid>
      <description>&lt;p&gt;I am bound to past &lt;br /&gt;And stagnant presence &lt;br /&gt;Sallow faces, seducers &lt;br /&gt;Seize my threads of mind &lt;br /&gt;Tu suscipe pro animabus illis &lt;br /&gt;Quarum hodie memoriam facimus&lt;br /&gt;&lt;br&gt;&lt;/p&gt;
</description>
    </item>
    
    <item>
      <title> Crystal Orchids</title>
      <link>http://letraspedia.com/lyric/3rd-and-the-mortal-crystal-orchids/</link>
      <pubDate>Mon, 01 Sep 2008 00:00:00 UTC</pubDate>
      <author>Enthusiastic Hugo User</author>
      <guid>http://letraspedia.com/lyric/3rd-and-the-mortal-crystal-orchids/</guid>
      <description>&lt;p&gt;I gave you my word &lt;br /&gt;And the shafts of lights &lt;br /&gt;Opened the sky &lt;br /&gt;But as your shadow rise &lt;br /&gt;Passing colours in your mind &lt;br /&gt;I bow down silently &lt;br /&gt;I gave you my love &lt;br /&gt;As the rustling trees &lt;br /&gt;Sprinkled blades on the ground &lt;br /&gt;And as your shadow rise &lt;br /&gt;Passing colours in your mind &lt;br /&gt;I bow down silently &lt;br /&gt;Creeping frost pits my skin &lt;br /&gt;Crystal orchids blooming&lt;br /&gt;&lt;br&gt;&lt;/p&gt;
</description>
    </item>
    
    <item>
      <title> Did You</title>
      <link>http://letraspedia.com/lyric/3rd-and-the-mortal-did-you/</link>
      <pubDate>Mon, 01 Sep 2008 00:00:00 UTC</pubDate>
      <author>Enthusiastic Hugo User</author>
      <guid>http://letraspedia.com/lyric/3rd-and-the-mortal-did-you/</guid>
      <description>&lt;p&gt;Built walls of porouse words&lt;br /&gt;made labyrinths and steeples&lt;br /&gt;which speared the atmosphere&lt;br /&gt;a ray of light was let in&lt;br /&gt;blinded me&lt;br /&gt;shattered my white knuckles&lt;br /&gt;I wake under the grey face of a tree&lt;br /&gt;dambering in coagulated blood&lt;br /&gt;prevail in a life less scenery&lt;br /&gt;i grasp &amp;#39;round the dead wooden stem&lt;br /&gt;crawl into the narrow shades&lt;br /&gt;The spiders web has caught me&lt;br /&gt;and slowly in silk i&amp;#39;m entwined&lt;br /&gt;I remember me&lt;br /&gt;do you?&lt;br /&gt;did you find me?&lt;br /&gt;did you kill me?&lt;br /&gt;did you bury me?&lt;br /&gt;did you?&lt;br /&gt;&lt;br&gt;&lt;/p&gt;
</description>
    </item>
    
    <item>
      <title> Dreamscapes</title>
      <link>http://letraspedia.com/lyric/3rd-and-the-mortal-dreamscapes/</link>
      <pubDate>Mon, 01 Sep 2008 00:00:00 UTC</pubDate>
      <author>Enthusiastic Hugo User</author>
      <guid>http://letraspedia.com/lyric/3rd-and-the-mortal-dreamscapes/</guid>
      <description>&lt;p&gt;Evening thoughts &lt;br /&gt;Reverie &lt;br /&gt;A child &lt;br /&gt;A hot stuffy room &lt;br /&gt;A steamy lace-curtained window &lt;br /&gt;Symbols gracefully painted on glass &lt;br /&gt;A short exhibition og a stealthy thought &lt;br /&gt;The gleam of morning &lt;br /&gt;Waking up&lt;br /&gt;&lt;br&gt;&lt;/p&gt;
</description>
    </item>
    
    <item>
      <title> Grevinnens Bbnn</title>
      <link>http://letraspedia.com/lyric/3rd-and-the-mortal-grevinnens-bbnn/</link>
      <pubDate>Mon, 01 Sep 2008 00:00:00 UTC</pubDate>
      <author>Enthusiastic Hugo User</author>
      <guid>http://letraspedia.com/lyric/3rd-and-the-mortal-grevinnens-bbnn/</guid>
      <description>&lt;p&gt;(plea of the countess)&lt;br /&gt;M¢rket siger sakte inn&lt;br /&gt;finner veier i mitt sultne sinn&lt;br /&gt;legger seg verdig til ro&lt;br /&gt;i sr som aldri vil gro&lt;br /&gt;I sitt m¢rke sjelen hviler&lt;br /&gt;er det bare tanken som tviler&lt;br /&gt;er det ensomhetens veg  g&lt;br /&gt;om du vil la skjebnen r&lt;br /&gt;Elsk min lengsel&lt;br /&gt;s¢k mitt tap&lt;br /&gt;fjern hvert stengsel&lt;br /&gt;befri mitt hat&lt;br /&gt;&lt;br&gt;&lt;/p&gt;
</description>
    </item>
    
    <item>
      <title> Harvest</title>
      <link>http://letraspedia.com/lyric/3rd-and-the-mortal-harvest/</link>
      <pubDate>Mon, 01 Sep 2008 00:00:00 UTC</pubDate>
      <author>Enthusiastic Hugo User</author>
      <guid>http://letraspedia.com/lyric/3rd-and-the-mortal-harvest/</guid>
      <description>&lt;p&gt;The cat sharpens its claws&lt;br /&gt;and runs into the cornfields&lt;br /&gt;children playing hide and seek&lt;br /&gt;a frail figure dressed in a cape&lt;br /&gt;wandering with measured steps&lt;br /&gt;haunted by derisive words&lt;br /&gt;They want to capture the ogress&lt;br /&gt;wandering aimlessly&lt;br /&gt;finding pebbles on the ground&lt;br /&gt;picking leaves from from an oaktree&lt;br /&gt;stalks make rents in green sails&lt;br /&gt;have some candy&lt;br /&gt;she says&lt;br /&gt;Far beneath the raging sea&lt;br /&gt;lies a monstrous vessel&lt;br /&gt;chained men singing elegies&lt;br /&gt;&lt;br&gt;&lt;/p&gt;
</description>
    </item>
    
    <item>
      <title> Horizons</title>
      <link>http://letraspedia.com/lyric/3rd-and-the-mortal-horizons/</link>
      <pubDate>Mon, 01 Sep 2008 00:00:00 UTC</pubDate>
      <author>Enthusiastic Hugo User</author>
      <guid>http://letraspedia.com/lyric/3rd-and-the-mortal-horizons/</guid>
      <description>&lt;p&gt;I seek your coast &lt;br /&gt;&lt;br&gt;Your horizon&amp;hellip; &lt;br /&gt;Whispering fingertips &lt;br /&gt;On dripping skin&amp;hellip; &lt;br /&gt;Sounds from my throat&lt;br /&gt;&lt;br&gt;&lt;/p&gt;
</description>
    </item>
    
    <item>
      <title> In Mist Shrouded</title>
      <link>http://letraspedia.com/lyric/3rd-and-the-mortal-in-mist-shrouded/</link>
      <pubDate>Mon, 01 Sep 2008 00:00:00 UTC</pubDate>
      <author>Enthusiastic Hugo User</author>
      <guid>http://letraspedia.com/lyric/3rd-and-the-mortal-in-mist-shrouded/</guid>
      <description>&lt;p&gt;She lies awake in the silent night&lt;br /&gt;with her mind wide open&lt;br /&gt;she fears what shall appear&lt;br /&gt;as she stares into the dark&lt;br /&gt;Beyond these tall majestic trees&lt;br /&gt;her feel know where to trend&lt;br /&gt;she recognize the mass-covered stones&lt;br /&gt;knows each curve of the path&lt;br /&gt;She tries to catch the dreams&lt;br /&gt;but they fade away&lt;br /&gt;she knows they will return&lt;br /&gt;come evening&lt;br /&gt;&lt;br&gt;&lt;/p&gt;
</description>
    </item>
    
    <item>
      <title> Lengsel</title>
      <link>http://letraspedia.com/lyric/3rd-and-the-mortal-lengsel/</link>
      <pubDate>Mon, 01 Sep 2008 00:00:00 UTC</pubDate>
      <author>Enthusiastic Hugo User</author>
      <guid>http://letraspedia.com/lyric/3rd-and-the-mortal-lengsel/</guid>
      <description>&lt;p&gt;Jeg vil hvile ved en bredd&lt;br /&gt;alt er stille, klart vann&lt;br /&gt;under flaten finnes fred&lt;br /&gt;vil du holde meg vind&lt;br /&gt;om jeg s¢ker dit ned&lt;br /&gt;I et stille klart vann&lt;br /&gt;ser jeg lengselen i min sjel&lt;br /&gt;&lt;br&gt;&lt;/p&gt;
</description>
    </item>
    
    <item>
      <title> Magma</title>
      <link>http://letraspedia.com/lyric/3rd-and-the-mortal-magma/</link>
      <pubDate>Mon, 01 Sep 2008 00:00:00 UTC</pubDate>
      <author>Enthusiastic Hugo User</author>
      <guid>http://letraspedia.com/lyric/3rd-and-the-mortal-magma/</guid>
      <description>&lt;p&gt;The pulsation of my blood &lt;br /&gt;The pressure splits my skin &lt;br /&gt;Magma floats &lt;br /&gt;Burns feeble flesh into ashes &lt;br /&gt;Sulpherous screams in my head &lt;br /&gt;In a petrified aoul&lt;br /&gt;&lt;br&gt;&lt;/p&gt;
</description>
    </item>
    
    <item>
      <title> Myriad Of Peep-holes</title>
      <link>http://letraspedia.com/lyric/3rd-and-the-mortal-myriad-of-peep-holes/</link>
      <pubDate>Mon, 01 Sep 2008 00:00:00 UTC</pubDate>
      <author>Enthusiastic Hugo User</author>
      <guid>http://letraspedia.com/lyric/3rd-and-the-mortal-myriad-of-peep-holes/</guid>
      <description>&lt;p&gt;The nimbus of the moon&lt;br /&gt;resting on a bitch - dark sky&lt;br /&gt;pierced by a needle&lt;br /&gt;a myriad of peep - holes&lt;br /&gt;illuminating&lt;br /&gt;the moist earth against my ear&lt;br /&gt;hear the moles industrious search for a lair&lt;br /&gt;who throws the serpents swimming in the air&lt;br /&gt;By the birches&lt;br /&gt;wings are trembling&lt;br /&gt;the beetle buzzes&lt;br /&gt;waving its feelers&lt;br /&gt;come drink with me&lt;br /&gt;the moonbeams will make us reel&lt;br /&gt;who throws the serpents dancing in the air&lt;br /&gt;&lt;br&gt;&lt;/p&gt;
</description>
    </item>
    
    <item>
      <title> Oceana</title>
      <link>http://letraspedia.com/lyric/3rd-and-the-mortal-oceana/</link>
      <pubDate>Mon, 01 Sep 2008 00:00:00 UTC</pubDate>
      <author>Enthusiastic Hugo User</author>
      <guid>http://letraspedia.com/lyric/3rd-and-the-mortal-oceana/</guid>
      <description>&lt;p&gt;Oceana carry with her&lt;br /&gt;all the lost dreams&lt;br /&gt;as a treasure&lt;br /&gt;hidden underneath her wings&lt;br /&gt;Oceana in my heart&lt;br /&gt;I went away&lt;br /&gt;to the outer hills&lt;br /&gt;where no trees can grow&lt;br /&gt;and no man live&lt;br /&gt;with my head held high&lt;br /&gt;i asked the northwind&lt;br /&gt;will you please&lt;br /&gt;take me with you&lt;br /&gt;and the wind lifted me up&lt;br /&gt;like a bird whose wings were spread&lt;br /&gt;merely to put me down&lt;br /&gt;I went to the moon&lt;br /&gt;when she was shining as bright&lt;br /&gt;as i have ever seen her&lt;br /&gt;may i borrow some of the light&lt;br /&gt;that you possess&lt;br /&gt;But the moonbeam&lt;br /&gt;could not reach deep enough&lt;br /&gt;Then i saw her face&lt;br /&gt;as the waves went away&lt;br /&gt;she told me&lt;br /&gt;she had been waiting&lt;br /&gt;Cold winter nights&lt;br /&gt;i walk upon the frozen earth&lt;br /&gt;the moon lights my way&lt;br /&gt;the northwind embraces me&lt;br /&gt;tells me to go on&lt;br /&gt;&lt;br&gt;&lt;/p&gt;
</description>
    </item>
    
    <item>
      <title> Ring Of Fire</title>
      <link>http://letraspedia.com/lyric/3rd-and-the-mortal-ring-of-fire/</link>
      <pubDate>Mon, 01 Sep 2008 00:00:00 UTC</pubDate>
      <author>Enthusiastic Hugo User</author>
      <guid>http://letraspedia.com/lyric/3rd-and-the-mortal-ring-of-fire/</guid>
      <description>&lt;p&gt;Silent darkness sweeping lonely earth&lt;br /&gt;seeking a place where truth still has worth&lt;br /&gt;alien power watching over me&lt;br /&gt;is my longing what i find in thee&lt;br /&gt;Searvhing for something to satisfy my soul&lt;br /&gt;is darkness what i find in the whole&lt;br /&gt;lust and hate cover my fate&lt;br /&gt;Across the sea of tranquility&lt;br /&gt;the dream fulfills my needs&lt;br /&gt;I knell behind my circle of light&lt;br /&gt;i beg nature to shorten the night&lt;br /&gt;i hear the chant through my ring of fire&lt;br /&gt;there is something out to seek a womans desire&lt;br /&gt;Can you hear the chanting&lt;br /&gt;can you hear the whisper&lt;br /&gt;draw a ring of fore&lt;br /&gt;dangerous attention&lt;br /&gt;strikes the one who is searching&lt;br /&gt;draw a ring of fire&lt;br /&gt;be craful as you step across the line&lt;br /&gt;make sure you leave your soul behind&lt;br /&gt;draw a ring of fire&lt;br /&gt;&lt;br&gt;&lt;/p&gt;
</description>
    </item>
    
    <item>
      <title> Salva Me</title>
      <link>http://letraspedia.com/lyric/3rd-and-the-mortal-salva-me/</link>
      <pubDate>Mon, 01 Sep 2008 00:00:00 UTC</pubDate>
      <author>Enthusiastic Hugo User</author>
      <guid>http://letraspedia.com/lyric/3rd-and-the-mortal-salva-me/</guid>
      <description>&lt;p&gt;I feel this familiar hunger&lt;br /&gt;cover my mind carry my conscience away&lt;br /&gt;my beloved skin is aging&lt;br /&gt;heal me pure virgin&lt;br /&gt;with that lifegiving blood of yours&lt;br /&gt;salva me&lt;br /&gt;The light of the moon gives me strength&lt;br /&gt;cold winds chant nosferatu&lt;br /&gt;i&amp;#39;m tired of my eternal hunger&lt;br /&gt;my soul is crying, my soul is crying&lt;br /&gt;salva me&lt;br /&gt;&lt;br&gt;&lt;/p&gt;
</description>
    </item>
    
  </channel>
</rss>