<?xml version="1.0" encoding="utf-8" standalone="yes" ?>
<rss version="2.0" xmlns:atom="http://www.w3.org/2005/Atom">
  <channel>
      <title>362 Rappaz on Letraspedia.com thes best lyrics page </title>
    <link>http://letraspedia.com/artist/362-rappaz/</link>
    <language>en-US</language>
    <author>Enthusiastic Hugo User</author>
    <rights>Copyright (c) 2014, Enthusiastic Hugo User; all rights reserved.</rights>
    <updated>Mon, 01 Sep 2008 00:00:00 UTC</updated>
    
    <item>
      <title> Alto Calibre</title>
      <link>http://letraspedia.com/lyric/362-rappaz-alto-calibre/</link>
      <pubDate>Mon, 01 Sep 2008 00:00:00 UTC</pubDate>
      <author>Enthusiastic Hugo User</author>
      <guid>http://letraspedia.com/lyric/362-rappaz-alto-calibre/</guid>
      <description>&lt;p&gt;Hey! yo! 362&amp;hellip;
&lt;br&gt;
&lt;br&gt;M&amp;rsquo;c&amp;rsquo;s de alto calibre, no hay mortal que mi imite, al escuchar mi estilo libre tienes ganas de irte
&lt;br&gt;lo que sea que hiciste Wen lo hace mejor, cuantos más M&amp;rsquo;c&amp;rsquo;s con etiqueta de Pro&amp;hellip;
&lt;br&gt;dame un Bip, que quiero seguir, no  me pienso medir, agredir, el competir me hace sentir que puedo
&lt;br&gt;erir a cualquiera Wen y K-I-DD llegando siempre a la meta, no hay tretas, la verdadera dupla de la
&lt;br&gt;HH-Neka y quien hace la reta, quien da el paso primero&amp;hellip;
&lt;br&gt;
&lt;br&gt;Soy sincero 100%, aquí voy, aquí vengo, te muestro lo que traigo, lo que tengo, lo que canto, lo que siento
&lt;br&gt;lo que expreso y no te miento, recordando viejos tiempos, más sin embargo sin repetir
&lt;br&gt;mi prescencia en tu casa te hago sentir. Un saludo pa&amp;rsquo; los que en el juego me vieron su,su, subir
&lt;br&gt;M&amp;rsquo;c&amp;rsquo;s de alto calibre, tocán a tu puerta suena el timbre, no tienes elección, no seas simple
&lt;br&gt;abre la puerta y haste a un lado porque KR ya conquistó el lago salado y va por más, por
&lt;br&gt;mucho, mucho, mucho más, caminando con el pecho al raz de la tierra, esquivando balas y acuchillando
&lt;br&gt;a fieras, te digo que mi armadura dura, dura, ejercito mortal que la gloria me asegura, espada
&lt;br&gt;afilada, no de metal, de lyrica pura, así que corre, ve llorar y pide ayuda&amp;hellip;
&lt;br&gt;
&lt;br&gt;Coro
&lt;br&gt;
&lt;br&gt;Cuántos reales guerreros entran al quite
&lt;br&gt;cuántos ignorantes hacen que me agite&amp;hellip;1,2,3,4,5 no me bastan, 6,7,8 veo como se arrastran
&lt;br&gt;9,10 en el suelo con serios daños y yo sigo en la lucha sin resultados.
&lt;br&gt;
&lt;br&gt;Dos M&amp;rsquo;c&amp;rsquo;s en la linea, con la voz, como ves? la adrenalina hasta arriba, y el autoestima puesto
&lt;br&gt;en la rima clik clak, cartucho cargado con balas de rap, sim, sim, espada afilada que pronostica
&lt;br&gt;tu fin y aquí a un lado mi hermano bien preparado, me respalda y entra al mando, ambos la espalda
&lt;br&gt;nos estamos cuidando, entramos al quite balaseando y esquivando, agarrense oponentes que ya
&lt;br&gt;se encendio la mecha&amp;hellip;.Wen, cuidado a tu derecha, y este que se piensa?&amp;hellip;PUM!&amp;hellip;cayó tendido
&lt;br&gt;en la brecha, la situación se pone un poco fea, un novato más con la coraza desecha. Gracias Kidd
&lt;br&gt;por poco y no lo ví, hey detrás de ti&amp;hellip;
&lt;br&gt;he, mala jugada ignorante arlequín, ya ves? esa estupidez provocó tu fin
&lt;br&gt;
&lt;br&gt;Coro
&lt;br&gt;
&lt;br&gt;Cuántos reales guerreros entran al quite
&lt;br&gt;cuántos ignorantes hacen que me agite&amp;hellip;1,2,3,4,5 no me bastan, 6,7,8 veo como se arrastran
&lt;br&gt;9,10 en el suelo con serios daños y yo sigo en la lucha sin resultados.
&lt;br&gt;
&lt;br&gt;A mi paso demasiados cuerpos en el piso, el primero que se mueva le pego un tiro, para mi
&lt;br&gt;bien la balanza se inclina de un lado, no te asustes novato que todo ha terminado.
&lt;br&gt;Mi guerra es una metáfora de tu falso trabajo, dile a tu pelotón que tenemos el mando, la armada
&lt;br&gt;362 los tiene rodeados, enfocados por diferentes artilleros que sientan que la presión
&lt;br&gt;les llega al cuello, cada minuto uno de ustedes está callendo, ahora solo espero que entiendan
&lt;br&gt;el concepto, el mensaje está más claro y correcto, y en la neblina yo veo movimientos
&lt;br&gt;quiero saber de mi compañero, levanta la mano y es el por lo que veo.
&lt;br&gt;
&lt;br&gt;Victorioso, sigo caminando sospechoso, siempre alerta y con cuidado enmedio del campo de batalla
&lt;br&gt;plasmado, de pronto siento como penetró un metal en mi torso, me retuerzo, volteo hacia atrás y veo
&lt;br&gt;a un niño con pañales y un dizfras, no sabe caminar pero ya quiere ser más que yo, la verdad es que el
&lt;br&gt;fierrazo si dolió, pero no hago caso, soy un poco más superior, no me meto con nenes, soy de liga
&lt;br&gt;mayor, mejor empapate un poco más en Hip-Hop, entrena, práctica y luego te me enfrentas porfavor, tu respuesta
&lt;br&gt;si señor. Viento en popa, sigo en marcha a todo vavor, voy a toda velocidad, nadie me puede parar
&lt;br&gt;solo veme, si no puedes conmigo nimodo, uneteme, arrodillate, incate, pide perdón y después de eso
&lt;br&gt;ya veremos que procede&amp;hellip;¿ok perdedor?
&lt;br&gt;
&lt;br&gt;Coro
&lt;br&gt;
&lt;br&gt;Cuántos reales guerreros entran al quite
&lt;br&gt;cuántos ignorantes hacen que me agite&amp;hellip;1,2,3,4,5 no me bastan, 6,7,8 veo como se arrastran
&lt;br&gt;9,10 en el suelo con serios daños y yo sigo en la lucha sin resultados.
&lt;br&gt;
&lt;br&gt;Digo 1,2,3,4,5 no me bastan, 6,7,8 veo como se arrastran
&lt;br&gt;9,10 en el suelo con serios daños y yo sigo en la lucha sin resultados&amp;hellip;&lt;/p&gt;
</description>
    </item>
    
    <item>
      <title> Asuntos Personales</title>
      <link>http://letraspedia.com/lyric/362-rappaz-asuntos-personales/</link>
      <pubDate>Mon, 01 Sep 2008 00:00:00 UTC</pubDate>
      <author>Enthusiastic Hugo User</author>
      <guid>http://letraspedia.com/lyric/362-rappaz-asuntos-personales/</guid>
      <description>&lt;p&gt;1ra Estrofa:
&lt;br&gt;Soy sincero 100%
&lt;br&gt;Como mi compa el Wen
&lt;br&gt;poseo el verdadero sentimiento
&lt;br&gt;a todas horas y en cualquier momento
&lt;br&gt;en la vida y el movimiento hiphopero
&lt;br&gt;con esto soy y sin temor a donde kiero yo voy
&lt;br&gt;arrastrando a mi contrarios enemigos y adversarios
&lt;br&gt;colgados de mi espalda
&lt;br&gt;que tratan de difamarme
&lt;br&gt;y de mi solo hablan y hablan
&lt;br&gt;y nadie me para nadie ni nada me para
&lt;br&gt;sabes KR nadie lo detiene o dime quienes??&amp;hellip;
&lt;br&gt;
&lt;br&gt;Lo sabia, sabia que respuesta no habia
&lt;br&gt;porque no existe ser humano alguno
&lt;br&gt;que me de pelea en el mundo, nombrame uno
&lt;br&gt;ninguno me da guerra
&lt;br&gt;el nombre de rapero me lo he ganado
&lt;br&gt;a pulso con mi sangre y con mi cuero
&lt;br&gt;y en mi esencia yo lo expulso
&lt;br&gt;asta en mis iniciales A.F.A.S.
&lt;br&gt;y asi es el asunto tengo a todos juntos
&lt;br&gt;porque mi actitud me tiene en la posicion numero uno en mi hood
&lt;br&gt;por eso en estos terrenos yo soy el bueno
&lt;br&gt;represento mis asuntos personales
&lt;br&gt;para que jueges con ellos y luego a sus calles
&lt;br&gt;
&lt;br&gt;Coro:
&lt;br&gt;Es el K I doble D, del H I doble L O, en el microfono
&lt;br&gt;poniendo a la luz publica asuntos personales
&lt;br&gt;si saves de algo mas vale que hables o calles
&lt;br&gt;
&lt;br&gt;Es el K I doble D, del H I doble L O, en el microfono
&lt;br&gt;te metes tu demas en mis terrenos personales
&lt;br&gt;y puedes ser que tarde o temprano tu resbales
&lt;br&gt;
&lt;br&gt;2da Estrofa:
&lt;br&gt;Para mis amigos un saludo ¿k ay?
&lt;br&gt;para mis enemigos aqui estoy y no me muevo
&lt;br&gt;y de nuevo te digo
&lt;br&gt;que te impresionaria saver como mis puños pueden joder
&lt;br&gt;a miles de cobardes sin tanto alarde
&lt;br&gt;yo talves tarde con los que traen
&lt;br&gt;pero al final todos caen, se ve ke todos kaen
&lt;br&gt;y tu te burlas de mi estilo cuando tu no tienes propio
&lt;br&gt;porfavor!!
&lt;br&gt;le kieres enseñar a jugar al jugador
&lt;br&gt;te me quieres adelantar
&lt;br&gt;pero sabes que como 362 nadie lo hace mejor
&lt;br&gt;
&lt;br&gt;Cambio de tema
&lt;br&gt;en el amor eh triunfado y fracasado a la ves
&lt;br&gt;nimodo unas se ganan y otras se pierden
&lt;br&gt;y que pues
&lt;br&gt;nunca eh esta ni estare con dos mujeres a la ves
&lt;br&gt;porque mi ideologia esta monogamia
&lt;br&gt;engañar a mi mujer
&lt;br&gt;Noo, na, nunca lo haria!
&lt;br&gt;y pensarias que soy un santo
&lt;br&gt;pero no creas que tanto
&lt;br&gt;en la vida me la paso escalando
&lt;br&gt;por eso hay que mirar siempre adelante
&lt;br&gt;porque si miras hacia atras
&lt;br&gt;el fracaso llega al instante, (YO) al instante!
&lt;br&gt;
&lt;br&gt;CORO
&lt;br&gt;
&lt;br&gt;3ra Estrofa:
&lt;br&gt;Pa que veas y aunque no lo creas
&lt;br&gt;en varias clases experimentado
&lt;br&gt;me han dicho rico, me han dicho pobre
&lt;br&gt;clasificado fresa y  tambien vago
&lt;br&gt;y en varios ambientes me he movido y ganado
&lt;br&gt;pero cuidado porke el KR
&lt;br&gt;espero lo inesperado
&lt;br&gt;de compañeros de guerra estoy rodeado
&lt;br&gt;y tengo al enemigo mas cerca de lo que haz soñado
&lt;br&gt;tengo una milicia protectora
&lt;br&gt;es como mi sombra
&lt;br&gt;me cuida cinco metros a la redonda
&lt;br&gt;porque apoyo yo tengo hasta pa tirar pa arriba
&lt;br&gt;es lo que me mueve dia con dia
&lt;br&gt;ese grando de arena de cada quien nadie lo derriba
&lt;br&gt;toda mi gente
&lt;br&gt;desde la FNS pasando por las Quintas,
&lt;br&gt;Parque Hip Hop y la QS, llegando a LA
&lt;br&gt;terminando con mi familia
&lt;br&gt;si quieres saber mi trayectoria en la musica
&lt;br&gt;pues solo checa y escucha la calidad pura
&lt;br&gt;es hiphop de corazon sin censura
&lt;br&gt;experiencias adquiridas, emociones y tristesas vividas
&lt;br&gt;paren el oido porque ai les va el mensaje
&lt;br&gt;la vida se nos dio para aser algo grande de ella
&lt;br&gt;cuando crees que ya ganaste en el camino estas a medias
&lt;br&gt;dime lo que as logrado verdad que no es tanto?
&lt;br&gt;deja el llanto toma el mando
&lt;br&gt;te estoy tratando de ayudar
&lt;br&gt;pero algunas kosas nunca van a cambiar
&lt;br&gt;verdad universal es
&lt;br&gt;si rio suena es porque agua lleva
&lt;br&gt;tambien como decir que todo le que se eleva cae
&lt;br&gt;o como decir que santos no hay!!
&lt;br&gt;
&lt;br&gt;CORO(2X)&lt;/p&gt;
</description>
    </item>
    
    <item>
      <title> Capítulo 1</title>
      <link>http://letraspedia.com/lyric/362-rappaz-capitulo-1/</link>
      <pubDate>Mon, 01 Sep 2008 00:00:00 UTC</pubDate>
      <author>Enthusiastic Hugo User</author>
      <guid>http://letraspedia.com/lyric/362-rappaz-capitulo-1/</guid>
      <description>&lt;p&gt;Ojea la primera pagina
&lt;br&gt;empieza el primer capitulo
&lt;br&gt;de nosotros depende el titulo
&lt;br&gt;tal ves sea gloria, tal ves sea victoria
&lt;br&gt;poes no lo c pero aki se graban las memorias
&lt;br&gt;aki empieza la inscripcion de la istoria
&lt;br&gt;y nadie se va a meter en este cuneto sin fin
&lt;br&gt;tienes alguna diferecnia, sube aki a mi rin ya ke
&lt;br&gt;nosostros lo isimos, nosostros lo desasemos
&lt;br&gt;si keremos, 362 rappaz es totalmente nuestro ponte trucha
&lt;br&gt;recuerda tus origenes, pienesalo otraves
&lt;br&gt;el dinero no es lo importante
&lt;br&gt;lo mejor es el amor al arte
&lt;br&gt;no me agas avergonzarte umillarte
&lt;br&gt;golpearte y tirarte cantarte la neta tan fuerte
&lt;br&gt;como una trompeta maseta gritarte al oido.
&lt;br&gt;respeta mi pinchi sonido (yea)
&lt;br&gt;
&lt;br&gt;coro(x2):
&lt;br&gt;es el 1er capitulo el destino nos unio
&lt;br&gt;362 362 HMO
&lt;br&gt;es el 1er capitulo el destino nos unio
&lt;br&gt;todo el mundo al pendiente del 62
&lt;br&gt;
&lt;br&gt;estoi de regreso mira como llego tumbando paredes me encuentro
&lt;br&gt;se a abierto el primer capitulo por eso toma asiento
&lt;br&gt;para ke puedas entenderlo
&lt;br&gt;vecerlo nunca podras acerlo
&lt;br&gt;por eso enfrentalo
&lt;br&gt;porke io atako parado con toda mi gente llegando cuidando rapeando por todos los lados
&lt;br&gt;y me e kedado y lo e logrado konkistando (komo napoleon en el pasado)
&lt;br&gt;Mc simpre alterado
&lt;br&gt;fijate komo me muevo es un flow perpetuo eterno
&lt;br&gt;komo el del kidd, el del kidd campeador
&lt;br&gt;versos komo los de un campion
&lt;br&gt;tengo el corage de un dragon
&lt;br&gt;y la perceverancia de un ladron
&lt;br&gt;y si te metos kon migo vas directo al panteon(yea)
&lt;br&gt;
&lt;br&gt;coro(x2):
&lt;br&gt;es el 1er capitulo el destino nos unio
&lt;br&gt;362 362 HMO
&lt;br&gt;es el 1er capitulo el destino nos unio
&lt;br&gt;todo el mundo al pendiente del 62
&lt;br&gt;
&lt;br&gt;asi ke nadie tine el mando de todas estas trnazas
&lt;br&gt;podremos tenerlo por momentos pero no hay chansas
&lt;br&gt;sigo reflexinoando de en este mundo kuando el sol de brillo se acabara
&lt;br&gt;y si un antes uviera llegado un ante todo se acava se acapan
&lt;br&gt;esto va dedicado para los aguilas del toro
&lt;br&gt;esa jente es mi apoyo para toda mi fns
&lt;br&gt;ke sin pensarlo ustedes son mi gente
&lt;br&gt;kasto moreno onduño angulo
&lt;br&gt;agarren aire porke va la bruma asunto
&lt;br&gt;capitulo uno
&lt;br&gt;detente demente ke toda esta gente se unio derepente la neta no minete
&lt;br&gt;y gatea pendinete de retas pendientes
&lt;br&gt;armado asta los dientes
&lt;br&gt;ke chingasos de regla es 100 veces mas fuerte
&lt;br&gt;esto no c presta para suerte(yea)
&lt;br&gt;
&lt;br&gt;coro(x2):
&lt;br&gt;es el 1er capitulo el destino nos unio
&lt;br&gt;362 362 HMO
&lt;br&gt;es el 1er capitulo el destino nos unio
&lt;br&gt;todo el mundo al pendiente del 62&lt;/p&gt;
</description>
    </item>
    
    <item>
      <title> El Amor</title>
      <link>http://letraspedia.com/lyric/362-rappaz-el-amor/</link>
      <pubDate>Mon, 01 Sep 2008 00:00:00 UTC</pubDate>
      <author>Enthusiastic Hugo User</author>
      <guid>http://letraspedia.com/lyric/362-rappaz-el-amor/</guid>
      <description>&lt;p&gt;Aveces pienso que el amor no se puede describir con palabras
&lt;br&gt;pero sientes cuando una persona amas
&lt;br&gt;que todo el día le hablas
&lt;br&gt;y jamas te aburres de estar con ella
&lt;br&gt;eso pasa contigo mi doncella eres bella
&lt;br&gt;y paso las noches pensando en si ella
&lt;br&gt;sentira lo mismo y no resisto esconderlo
&lt;br&gt;mas me dolería ver todo mi amor expuesto
&lt;br&gt;y que un día la melancolía me rodeara
&lt;br&gt;y un día se olvidara
&lt;br&gt;estoy arto de amores por semana
&lt;br&gt;o de amores que pasaron sin dejar nada
&lt;br&gt;y como si nada hubiera pasado
&lt;br&gt;todo queda olvidado
&lt;br&gt;mas mi corazón
&lt;br&gt;se ha dañado y he creado una barrera
&lt;br&gt;aveces trato de pasar por ella y lo hace
&lt;br&gt;trato de usar mis armas y las deshaces
&lt;br&gt;pues tu me haces sentirme afortunado
&lt;br&gt;porque siento que lo poco que hemos pasado
&lt;br&gt;los hemos disfrutado y a tu lado no hay barrera
&lt;br&gt;ni siquiera una enrredadera
&lt;br&gt;que bloquee nuestra era
&lt;br&gt;en nuestra epoca de guerra
&lt;br&gt;se convierte en pas plena
&lt;br&gt;cuando estamos realmente juntos
&lt;br&gt;notecleando como bultos
&lt;br&gt;separados por kilometros atorados
&lt;br&gt;cada uno pensando en uno
&lt;br&gt;y uno mismo lo niega aveces
&lt;br&gt;las quesas pero la cosas quedan incompletas
&lt;br&gt;no llegan a un punto final
&lt;br&gt;y se quedan
&lt;br&gt;volando yo me pregunto hasta cuando
&lt;br&gt;vaz a seguir escapando y yo negando
&lt;br&gt;que estar juntos es lo que queremos yeah!
&lt;br&gt;
&lt;br&gt;El amor es algo indefinible
&lt;br&gt;es algo que se siente pero es invisible
&lt;br&gt;no hay forma de entenderlo
&lt;br&gt;pero quieres tenerlo
&lt;br&gt;por eso yo te digo que te quiero que te quiero
&lt;br&gt;
&lt;br&gt;Es difícil empesar a decir estas palabras
&lt;br&gt;tu mayoersa levantarme todas las mañanas
&lt;br&gt;eres lo primero que pasa por mi cabeza
&lt;br&gt;y no me da verguenza decir que eres mi princesa
&lt;br&gt;yo te puedo venerar de los pies a la cabeza
&lt;br&gt;porque eres una diosa me enloqueces si me tocas
&lt;br&gt;tu boca me toca me ha cautivado
&lt;br&gt;esto enamorado no lo puedo negar
&lt;br&gt;lo que antes yo creía que no existía a tu lado lo vine a encontrar
&lt;br&gt;apoyandome todo el tiempo en todo lo que me vaya sucediendo
&lt;br&gt;pideme lo que quieras pa&amp;rsquo; que veas que yo no miento
&lt;br&gt;te amo y no es en vano
&lt;br&gt;me tomas de la mano para sentirme acariciado
&lt;br&gt;eres mi compañera, mi amiga, mi estrella, mi iluminacion
&lt;br&gt;me encaminas para no sentirme solo
&lt;br&gt;te esfuerzas en darme lo mejor
&lt;br&gt;y yo le agradezco al señor
&lt;br&gt;que te puso en mi camino para que estubieras conmigo
&lt;br&gt;porque sin ti no vivo, porque sin ti no respiro,
&lt;br&gt;sin ti mi vida se acaba como se acaba un suspiro
&lt;br&gt;yo siempre estare a tu lado lo dice en mi destino
&lt;br&gt;
&lt;br&gt;El amor es algo indefinible
&lt;br&gt;es algo que se siente pero es invisible
&lt;br&gt;no hay forma de entenderlo
&lt;br&gt;pero quieres tenerlo
&lt;br&gt;por eso yo te digo que te quiero que te quiero
&lt;br&gt;
&lt;br&gt;Todos los días sueño con tu imagen pura
&lt;br&gt;y no me siento enfadado de tu hermosura
&lt;br&gt;no es un sueño erótico esto es amor
&lt;br&gt;entiende que para mi tu eres una flor
&lt;br&gt;que quiero cuidar y darle mi corazón
&lt;br&gt;estoy aqui para ti si tienes frío o calor
&lt;br&gt;mi corazón va a cien latidos por segundo
&lt;br&gt;te extraño y me siento moribundo
&lt;br&gt;no te imaginas todo lo que pasa por mi cabeza
&lt;br&gt;yo se que te molesto y mi comportamiento te pesa
&lt;br&gt;disculpame es que el amor me ciegadulce princesa
&lt;br&gt;esque no puedo dejar de contemplar tu gran belleza
&lt;br&gt;eres de Dios la estructura más deseada
&lt;br&gt;me encantas tu forma de ser es agraciada
&lt;br&gt;y esque eres un ser celestial bajado
&lt;br&gt;eres un angel que ha caído a mi lado
&lt;br&gt;me derrito cuando directo a los ojos me vez
&lt;br&gt;siento que estoy por las nubes y no me puedo caer
&lt;br&gt;esque por ti lo dejo todo, lo tomo todo, cambio todo,
&lt;br&gt;sacrificaría todo, solamente por ti
&lt;br&gt;
&lt;br&gt;El amor es algo indefinible
&lt;br&gt;es algo que se siente pero es invisible
&lt;br&gt;no hay forma de entenderlo
&lt;br&gt;pero quieres tenerlo
&lt;br&gt;por eso yo te digo que te quiero que te quiero
&lt;br&gt;
&lt;br&gt;El amor es algo indefinible
&lt;br&gt;es algo que se siente pero es invisible
&lt;br&gt;no hay forma de entenderlo
&lt;br&gt;pero quieres tenerlo
&lt;br&gt;por eso yo te digo que te quiero que te quiero
&lt;br&gt;
&lt;br&gt;El amor es algo indefinible
&lt;br&gt;es algo que se siente pero es invisible
&lt;br&gt;no hay forma de entenderlo
&lt;br&gt;pero quieres tenerlo
&lt;br&gt;por eso yo te digo que te quiero que te quiero.&lt;/p&gt;
</description>
    </item>
    
    <item>
      <title> Impero (remix)</title>
      <link>http://letraspedia.com/lyric/362-rappaz-impero-remix/</link>
      <pubDate>Mon, 01 Sep 2008 00:00:00 UTC</pubDate>
      <author>Enthusiastic Hugo User</author>
      <guid>http://letraspedia.com/lyric/362-rappaz-impero-remix/</guid>
      <description>&lt;p&gt;El camino no termina la sangre continua mira
&lt;br&gt;cuando se tiene la capacidad y la reputación
&lt;br&gt;intacta se compacta se ase esta conexión exacta
&lt;br&gt;dando conectando el gran golpe ke impacta
&lt;br&gt;amplifica onda sonora de choque inmediata
&lt;br&gt;defendiendo el imperio ke otra vez ataca con coraje
&lt;br&gt;sorprendiendo entre las sombras con camuflaje
&lt;br&gt;vez alguna espada de acero antiblindaje
&lt;br&gt;L M H H es el mensaje preciso
&lt;br&gt;soldado veterano mas maduro y masiso
&lt;br&gt;ke porta su estandarte,
&lt;br&gt;su bandera kuando todo el mundo esta en el piso
&lt;br&gt;hecho pedazos somos las joyas mas cotizadas en tiempo y espacio
&lt;br&gt;abriendo el paso, arrevato el micro por toda la tarima me desplazo
&lt;br&gt;paso paso todos corran para ser raperos
&lt;br&gt;pero el talento es eskaso no es tan facil no lo intenten y agan caso
&lt;br&gt;y vuelvan ala realidad atake 362 poniendo el hardcore de verdad
&lt;br&gt;
&lt;br&gt;coro
&lt;br&gt;eiou, esto va para todos mis rappaz
&lt;br&gt;y a todos los k ponen a hermosillo en el mapa,
&lt;br&gt;la mafia  los k no son farsas, la gente k huye de los plakas
&lt;br&gt;es el imperio el impero 362 rappaz
&lt;br&gt;
&lt;br&gt;el imperio 362 esta en mis venas y mi corazón y apenas
&lt;br&gt;unos cuantos meses de nacimiento
&lt;br&gt;y ia vamos sobresaliendo y derribando a miles de ridículos imitadores
&lt;br&gt;ke vienen en diferentes sabores
&lt;br&gt;mcs entre comillas para mi son puras polillas
&lt;br&gt;ke se komen mi estilo mi flow mis líricas
&lt;br&gt;pendejos califican mi flow kon un cero
&lt;br&gt;dicen ke no me parezco al tipico rapero
&lt;br&gt;para mi mejor porke esto no es un juego io no stoi jugando contigo
&lt;br&gt;por eso te digo tengas cuidado
&lt;br&gt;te haz ekivocado de rapa todo este imperio es mui difícil de tumbar
&lt;br&gt;porke cada ladrillo kon el ke esta contruido
&lt;br&gt;es mas fuerte ke todos ustedes unidos
&lt;br&gt;ahora si tienes razon para tener miedo
&lt;br&gt;jaja porke primero jalo el gatillo y luego pregunto
&lt;br&gt;asi es el asunto somos veloces
&lt;br&gt;no somos los reyes somos los dioses
&lt;br&gt;kada uno kon sus respectivas voces
&lt;br&gt;es mui facil no me escondo no me tienes ke buscar
&lt;br&gt;ve preparado para lo ke mi crew te va a dar,
&lt;br&gt;yo I M P E R I O si señor aki sta presente el imperio 362
&lt;br&gt;
&lt;br&gt;362 rappaz imperio soldados del desierto no nos paran
&lt;br&gt;es cierto los ke tiran mierda son los ke primero se embarran
&lt;br&gt;pero esta buena mierda todo mundo se la traga
&lt;br&gt;porke somos los hijotes de jefa expandiendo conkistando
&lt;br&gt;y haciendo ke las puertas se abran
&lt;br&gt;no importa lo ke digan no importa lo ke agan
&lt;br&gt;porke kuando los perros ladran es señal de ke seguimos avanzando
&lt;br&gt;kuando la gente habla es señal de ke nos siguen escuchando
&lt;br&gt;asi ke escuchen y aganse a un lado k no nos llegan
&lt;br&gt;no nos derrokan solo porke kieres aser ahora
&lt;br&gt;lo ke nosotros ia isimos aier
&lt;br&gt;asi ke kual es el problema huh
&lt;br&gt;la gente se vuelve mas seria
&lt;br&gt;kuando saben ke este imperio nunca va a perder
&lt;br&gt;shhh ligas mayores 362 AFDD
&lt;br&gt;
&lt;br&gt;coro
&lt;br&gt;eiou este es el remix del atake y los rappaz
&lt;br&gt;ke ponen kon su musica a hermosillo en el mapa
&lt;br&gt;mi raza los ke no son farsas
&lt;br&gt;la gente k huye de los blakas
&lt;br&gt;es el imperio el imperio 362 rappaz
&lt;br&gt;
&lt;br&gt;yo! este es el remix ey W E N yo aha I C doble E G doble E
&lt;br&gt;huh yo! no hay imperio sin nosotros wei
&lt;br&gt;asi ke vamos a darle lo nuestro yo aha
&lt;br&gt;
&lt;br&gt;yo! no hay escapatoria
&lt;br&gt;entre el infierno y la gloria
&lt;br&gt;y sus memorias me tienen ami pensando en lo ke diria
&lt;br&gt;y rimaria sin saber ke kada dia
&lt;br&gt;me preparo tu sabes ke no fallo
&lt;br&gt;y el ejemplo son estos gallos
&lt;br&gt;ke traigo atrás ansiosos de representar el imperio 362
&lt;br&gt;porke no importa 13 14 15 el 62
&lt;br&gt;es el ke no rige y dirige es el kalor el imperio 362
&lt;br&gt;en el milenio y no es misterio
&lt;br&gt;es algo revelado rappaz dj mois tambien estan a mi lado
&lt;br&gt;no me as contestado te haz hecho pendejo
&lt;br&gt;y no le sakes al bulto komo lo hace un viejo
&lt;br&gt;me veo en el espejo
&lt;br&gt;y reflecciono mi reflejo
&lt;br&gt;acerca de lo ke he pensado en estos meses
&lt;br&gt;fueron largos komo un mar sin peces
&lt;br&gt;teniendo gente farsas komo jueces
&lt;br&gt;y es el problema el imperio llega y ya es seguro
&lt;br&gt;ke ya se keda
&lt;br&gt;
&lt;br&gt;desde herson hace tiempo te vengo diciendo
&lt;br&gt;advirtiendo ke el imperio esta creciendo
&lt;br&gt;aferrados mi estilo kon toda esta gente
&lt;br&gt;ke todavía la piensa para aser algo en defensa propia
&lt;br&gt;o talvez en nuestra contra
&lt;br&gt;es el coraje ke ay por dentro
&lt;br&gt;nadie lo para el fuego nadie apaga
&lt;br&gt;pues la lirica entra furiosa
&lt;br&gt;la esencia esta es nuestra linea divisora
&lt;br&gt;tratando en frente de tus ojos te lo he mostrado
&lt;br&gt;veo a mi alrededor muchos mas estan acabados
&lt;br&gt;mientras yo sigo en el juego superior con la guardia en alto
&lt;br&gt;y esto es dedicado para todo akel ke no kiera estar ami lado
&lt;br&gt;y por todo eso nuestro imperio no tenemos un señor de los cielos
&lt;br&gt;pero si del universo
&lt;br&gt;Cosmo Gee y Kidd aun estamos aki y Wen haciendo las kosas bien
&lt;br&gt;
&lt;br&gt;coro
&lt;br&gt;eiou, esto va para todos mis rappaz
&lt;br&gt;y a todos los k ponen a hermosillo en el mapa,
&lt;br&gt;la mafia  los k no son farsas,
&lt;br&gt;la gente k huye de los plakas
&lt;br&gt;es el imperio el impero 362 rappaz&lt;/p&gt;
</description>
    </item>
    
    <item>
      <title> La Vieja</title>
      <link>http://letraspedia.com/lyric/362-rappaz-la-vieja/</link>
      <pubDate>Mon, 01 Sep 2008 00:00:00 UTC</pubDate>
      <author>Enthusiastic Hugo User</author>
      <guid>http://letraspedia.com/lyric/362-rappaz-la-vieja/</guid>
      <description>&lt;p&gt;CabaLgando eL movimiento, abRo kamino
&lt;br&gt;soy konocido poR mi estiLo
&lt;br&gt;Reconocido poR Latinos,euRopos o gRingos
&lt;br&gt;nuevo taLento, soy eLemento fundamentaL, eLementaL
&lt;br&gt;soy eL Mc sociaL mas fRio ke La epoca gLaciaL
&lt;br&gt;como este perro no hay taL
&lt;br&gt;mi queRido Rappa no hay nadie mas astuto
&lt;br&gt;que yo en La jugada
&lt;br&gt;poca gente me respaLda la espaLda a capa y espada
&lt;br&gt;mi famiLia y dobLe a kidd Rappa
&lt;br&gt;Los que me amaBan ahoRa
&lt;br&gt;me quieRen acabarR No me bastan
&lt;br&gt;40 seg de Rap tengo mas Lirika poR daR
&lt;br&gt;vieja guaRdia, 62 pRoducciones
&lt;br&gt;acciones y ampLiaciones, visiones
&lt;br&gt;Le pones mucha atencion a las catedRas
&lt;br&gt;de esta nueva conexion, noRte-suR
&lt;br&gt;ehey ey y asi es
&lt;br&gt;(kidd Rappa)
&lt;br&gt;no cRees Lo que vez de esta mezcLa te tienes
&lt;br&gt;que cuidaR yo poR que mi voz es como una
&lt;br&gt;dRoga de La ke te quieRes eLevaR
&lt;br&gt;te doy pequeñas docis paRa que pidas mas
&lt;br&gt;Rima poR Rima veRso poR veRso
&lt;br&gt;esfueRzo poR esfueRzo y konocimiento
&lt;br&gt;venovento difeRentes fLow&amp;rsquo;s
&lt;br&gt;difeRentes estiLos distintas Lokaciones
&lt;br&gt;mismos oBjetivos, Latinos
&lt;br&gt;62 pRoducciones y la vieja guaRdia
&lt;br&gt;en mis manos empuñados
&lt;br&gt;cuatRo mc&amp;rsquo;s de vanguaRdia
&lt;br&gt;iniciaLes A W y k
&lt;br&gt;362 Rappaz y savotaje mechika
&lt;br&gt;duRos komo eL robLe no ai nada ke nos doBle
&lt;br&gt;deL Rap somos Los nobles
&lt;br&gt;conexion poR un viaje kasi espaciaL
&lt;br&gt;y llege hasta 362 expeRiencia inmoRtal
&lt;br&gt;Representando a heRmosillo
&lt;br&gt;distRito fedeRaL
&lt;br&gt;
&lt;br&gt;CoRo
&lt;br&gt;es 362 y eL azteka 362 y La vieja guaRdia
&lt;br&gt;(atakando komo un perro kon Rabia)
&lt;br&gt;eL sabotaje meshika kon La 362 kLika
&lt;br&gt;La fueRza se dupLika
&lt;br&gt;es 362 y eL azteka 362 y La vieja guaRdia
&lt;br&gt;(atakando komo un perro kon Rabia)
&lt;br&gt;eL sabotaje meshika kon La 362 kLika
&lt;br&gt;eL Hip Hop se muLtipLika
&lt;br&gt;
&lt;br&gt;en una tierra donde todo no se ha descubierto
&lt;br&gt;empiezan las historias donde yo me presento
&lt;br&gt;un aguila empLumada devorando una seRpiente
&lt;br&gt;esa imagen Representa Hip Hop mexicense
&lt;br&gt;Rapaz deL noRte Rapaz deL suR
&lt;br&gt;recorriendo varias ciudades, Barrios y cLubes
&lt;br&gt;donde LevantaR la casa la nacion es grande
&lt;br&gt;y con mucha Raza, extendeR el conocimiento
&lt;br&gt;es la cLave y daLe dame un micro
&lt;br&gt;que yo quieRo expuLsaR sentimiento
&lt;br&gt;LiRikas a koRazon abieRto
&lt;br&gt;RecueRden 3 años mas nos veRemos en concierto
&lt;br&gt;no vamos a pLatino vamos a enfRentar eL destino
&lt;br&gt;que la vida nos ha puesto
&lt;br&gt;una cuLtura kon 4 eLementos
&lt;br&gt;mc gRafitty, Dj&amp;rsquo;s y Los biG Boys
&lt;br&gt;complementamos Hip Hop
&lt;br&gt;undios venceRemos sepaRados kaeRemos
&lt;br&gt;es tiempo de ke nos enfrentemos a abRir caminos
&lt;br&gt;tumbaR los medios, que este movimiento se llevaRa los pRemios
&lt;br&gt;soLo queRemos espacio paRa ke nos eskuches poR un Rato
&lt;br&gt;si no te gusta aL rato, son rapaz Lo que quieRo
&lt;br&gt;mc aztek y 362 es lo nuevo.
&lt;br&gt;
&lt;br&gt;CoRo
&lt;br&gt;es 362 y eL azteka 362 y La vieja guaRdia
&lt;br&gt;(atakando komo un perro kon Rabia)
&lt;br&gt;eL sabotaje meshika kon La 362 kLika
&lt;br&gt;La fueRza se dupLika
&lt;br&gt;es 362 y eL azteka 362 y La vieja guaRdia
&lt;br&gt;(atakando komo un perro kon Rabia)
&lt;br&gt;eL sabotaje meshika kon La 362 kLika
&lt;br&gt;eL Hip Hop se muLtipLika
&lt;br&gt;
&lt;br&gt;fueRza si es esto deL rap, cultura
&lt;br&gt;gente y movimiento
&lt;br&gt;atravez de Los kiLometros,ciudades yo conecto
&lt;br&gt;desde el DF mi heRmosa seLva de concReto
&lt;br&gt;hasta sonoRa heRmosillo quien dijo que esto eRa sencillo?
&lt;br&gt;tengo Rimas que has conveRtido en estRibillo
&lt;br&gt;si fuese una estRella te aseguRo tendRia bRillo
&lt;br&gt;entiendes ahoRa lo ke digo? embajadoR de La guaRdia vieja
&lt;br&gt;ninguna asociasion se asemeja
&lt;br&gt;equipo de la divison pRimera de pie en la mañana
&lt;br&gt;en tu esteReo mi Rima hasta que suena
&lt;br&gt;2 0 0 2 año deL Hip Hop en Mèxico LibRe estiLo
&lt;br&gt;fiLosofico como estiLo
&lt;br&gt;deL DF a La ciudad deL H i dobLe L o shiLango fLow
&lt;br&gt;aumentandole el caloR a la ciudad
&lt;br&gt;poniendoLe coLoR atencion poR favoR
&lt;br&gt;wanna Be mC&amp;rsquo;s tembLando de pavoR
&lt;br&gt;otRo estiLo otRa vida que se yo
&lt;br&gt;atLantiko, pacifico, bajio, centRo, suR, caRibe
&lt;br&gt;unos pasaRon otRos estan habeR quien sigue
&lt;br&gt;espeRemos se pueda continuaR
&lt;br&gt;tengo memoRia iLimitada en Ram
&lt;br&gt;estiLo pRopio sabotaje mechica copiRigth
&lt;br&gt;tripLe 7 con Los deReshos Reservados
&lt;br&gt;tRae paRa los HipHop adictos en todos Lados
&lt;br&gt;No hay imposiBle deberaz
&lt;br&gt;desconosco fronteRas
&lt;br&gt;ciudadano deL mundo
&lt;br&gt;eL HipHop tiene bases e ideas
&lt;br&gt;4 eLementos una sola nacion
&lt;br&gt;2 cLick sabotaje meshica en La ciudad deL sol
&lt;br&gt;en la ciudad deL soL&lt;/p&gt;
</description>
    </item>
    
    <item>
      <title> Poniedo Estilo Al Estilo</title>
      <link>http://letraspedia.com/lyric/362-rappaz-poniedo-estilo-al-estilo/</link>
      <pubDate>Mon, 01 Sep 2008 00:00:00 UTC</pubDate>
      <author>Enthusiastic Hugo User</author>
      <guid>http://letraspedia.com/lyric/362-rappaz-poniedo-estilo-al-estilo/</guid>
      <description>&lt;p&gt;Rapeo lento y despasio tambien puero rapear a toda velocidad llenando
&lt;br&gt;cada uno de los espacios pa q veas q no me atraso y si me atraso y me
&lt;br&gt;revasas te devuelvo de un putazo asi es mi caso formando la cadena de
&lt;br&gt;la doble H con mi picheo dudo mucho q mi bola caches somos indispensables
&lt;br&gt;como el agua H2O solo q mi formula es doble H y tu pones el rooOOOllll
&lt;br&gt;adivinen quien esta de regreso el unico M&amp;rsquo;C&amp;rsquo; q salio del fuego ileso
&lt;br&gt;quebran con su estilo desde el comienzo KI doble D y yo haciendo esto
&lt;br&gt;presto la tonada de mi voz y porsupuesto  que conmigo se vienen mas de 2
&lt;br&gt;dejando todos ciegos con mi estilo es el brillo es mi bling-bling es el flash de mi
&lt;br&gt;de mi esencia es el splash de mi musica en la audencia ligeramente saco mi
&lt;br&gt;hip-hop licencia veo checo perfecta la vigencia aja todo esta en orden que
&lt;br&gt;empieze la demencia batallones atentos a la señal de las trompetillas
&lt;br&gt;lista mi infanteria listo mi armamento por tierra o por agua este es el momento
&lt;br&gt;de que te des cuenta despertaste al gigante no hay nada mas que hacer mas que
&lt;br&gt;enfrentarme, escogiste el camino equivocado tengo todo mi alrededor como un campo
&lt;br&gt;minado tengo soldados esperando mi senal para atacar lo mio es rimar y cada vez
&lt;br&gt;que lo ago mi corazon palpita mi mente viaja como el vuelo de un aguila la adrenalina
&lt;br&gt;sube y no tiende a bajar, y con fuerza regreso ago lo mio con presecnia poniendo estilo
&lt;br&gt;al estilo a toda mi audencia.
&lt;br&gt;
&lt;br&gt;[.:Coro:.]
&lt;br&gt;Hay estilos por aqui y estilos por alla pero el de 362 es el estilo de verdad poniendole
&lt;br&gt;el estilo a lo que ya tenia estilo KR achin wen, haciendo rap fino, con estilo asesino,
&lt;br&gt;quitate de mi camino, asiendo rap fino.
&lt;br&gt;
&lt;br&gt;Es tiempo de guerra tiempo de pelea tiempo que encuentren la diferencias entre
&lt;br&gt;mujeres y perras, M&amp;rsquo;C y farzas sholos y rappaz que reconoscan, que 362 rappaz aplasta
&lt;br&gt;te arrastra que sepan quien es el verdadero marchal nueva escuela, vieja escuela
&lt;br&gt;No captan, analizen que dice cuestiona las cosas que tu isiste novatos o veteranos hay
&lt;br&gt;que entender algo compartimos el mismo oficio las competecnia en el rap no es ficcion
&lt;br&gt;a una frixion de choque dedos poniendo interesante este juego pero sin embargo yo no
&lt;br&gt;spero nada nuevo porque sere el unico ganador del duelo y tu en el suelo fuiste mi ansuelo.
&lt;br&gt;
&lt;br&gt;[.:Coro:.]
&lt;br&gt;
&lt;br&gt;Hay estilos por aqui y estilos por alla pero el de 362 es el estilo de verdad poniendole el estilo
&lt;br&gt;a lo que ya tenia estilo k r a chin wen, haciendo rap fino, con estilo asesino, quitate de mi camino,
&lt;br&gt;asiendo rap fino.
&lt;br&gt;
&lt;br&gt;Es momento de que prendas la leccion tu momento ya paso retirate dignamente con la
&lt;br&gt;frente en alto te paso como un rayo como un novato, como un experto tomo las riendas de
&lt;br&gt;eso asme caso el conteo regresivo a empezado y contigo he terminado falso rey y farso su
&lt;br&gt;reinado, cuidado que ahi viene mi respaldo&amp;hellip; y quien es ese que anda ahi&amp;hellip; es Kidd rappa M&amp;rsquo;C yo KR M&amp;rsquo;C
&lt;br&gt;no te preocupes si viene gente por aqui te pregunta &amp;ldquo;olle y ese quien es&amp;rdquo;, es el KIDD de 362,
&lt;br&gt;es que no me oll..es y es que no me sien.tes, me miras te emocionas y no comprendes no
&lt;br&gt;reaxionas pero con mis ideales tu embonas, voltea hacia bajo lo que vez son cuerpos que yo tir a
&lt;br&gt;las lonas, como el ATAKE pintando la pinchi de la diferencia del de nuestro estilo y el de la competencia
&lt;br&gt;para que no hables, fumigando todos lo bichos desagradables con mi veneno, recorriendo grandes distancias
&lt;br&gt;sabes porque, porque tengo el tanque lleno, aqui voy, aqui voy, aqui vengo demuestro todo lo que
&lt;br&gt;traigo todo lo que tengo poniendo estilo al estilo con mi batallon, con mi escuadron, con mi 3..mi 6.. mi 362..!
&lt;br&gt;
&lt;br&gt;[.:Coro:.]
&lt;br&gt;
&lt;br&gt;Hay estilos por aqui y estilos por alla pero el de 362 es el estilo de verdad poniendole el estilo
&lt;br&gt;a lo que ya tenia estilo k r a chin wen, haciendo rap fino, con estilo asesino, quitate de mi camino,
&lt;br&gt;asiendo rap fino.&lt;/p&gt;
</description>
    </item>
    
    <item>
      <title> Rapeo Lento</title>
      <link>http://letraspedia.com/lyric/362-rappaz-rapeo-lento/</link>
      <pubDate>Mon, 01 Sep 2008 00:00:00 UTC</pubDate>
      <author>Enthusiastic Hugo User</author>
      <guid>http://letraspedia.com/lyric/362-rappaz-rapeo-lento/</guid>
      <description>&lt;p&gt;Rapeo lento y despacio
&lt;br&gt;También puedo rapear a toda velocidad
&lt;br&gt;Llenando cada uno de los espacios
&lt;br&gt;Pa que veas que no me atraso
&lt;br&gt;Y si me atraso y me arrebaso te devuelvo de un putazo
&lt;br&gt;Así es mi caso formando la cadena de la doble H
&lt;br&gt;Con mi picheo dudo mucho que mi bola caches
&lt;br&gt;Somos indispensables como el agua H2O
&lt;br&gt;Solo que mi formula es doble H y tu pones el 2
&lt;br&gt;Adivinen quien esta de regreso
&lt;br&gt;El único mc que salio del fuego ileso
&lt;br&gt;Quemando su estilo desde el comienzo
&lt;br&gt;K y DD haciendo esto
&lt;br&gt;Presto la tonada de mi voz
&lt;br&gt;Y por supuesto que conmigo se vienen más de 2
&lt;br&gt;Dejando todos ciegos con mí estilo
&lt;br&gt;Es el brillo es mi blin blin
&lt;br&gt;Es el flash de mi esencia
&lt;br&gt;Es el splash de mi música en la audiencia
&lt;br&gt;Ligeramente saco mi hip-hop licencia
&lt;br&gt;    Veo, checo perfecta la vigencia aja
&lt;br&gt;Todo esta en orden
&lt;br&gt;Que empiece la demencia
&lt;br&gt;Batallones atentos a la señal
&lt;br&gt;De la trompetillas
&lt;br&gt;Lista mi infantería
&lt;br&gt;Listo mi armamento
&lt;br&gt;Por tierra o por agua este es el momento
&lt;br&gt;De que te des cuenta despertastes al gigante
&lt;br&gt;No hay nada más que hacer más que enfrentarme
&lt;br&gt;Escogistes el camino equivocado
&lt;br&gt;Tengo todo mí alrededor como un campo minado
&lt;br&gt;Tengo soldados esperando mi señal
&lt;br&gt;Para atacar lo mi e es rimar
&lt;br&gt;Y cada vez 2que lo ago mi corazón palpita
&lt;br&gt;Mi mente viaja como el vuelo de un águila
&lt;br&gt;La adrenalina sube y no tiende a bajar
&lt;br&gt;Y con fuerza regreso ago lo mió copresencia
&lt;br&gt;Poniéndole estilo al estilo a toda mi audiencia
&lt;br&gt;Hay estilos por aquí estilos por allá
&lt;br&gt;Pero el de 362  es el estilo de verdad
&lt;br&gt;Poniéndole estilo a lo que ya tenía estilo
&lt;br&gt;Kricy ren
&lt;br&gt;Asiendo rap fino
&lt;br&gt;Con el estilo asesino
&lt;br&gt;Quítate de mi camino
&lt;br&gt;Asiendo rap fino
&lt;br&gt;Es tiempo de guerra tiempo de pelea
&lt;br&gt;Tiempo que encuentren la diferencia
&lt;br&gt;Entre mujeres y perras entre mc´s y farsas
&lt;br&gt;Cholos y rappaz que reconozcan
&lt;br&gt;Que 362 rappaz te aplasta te arrastra
&lt;br&gt;Que sepan quien es el verdadero ______
&lt;br&gt;Nueva escuela vieja escuela  no captan
&lt;br&gt;Analicen que lize cuestiona las cosas que tu hicistes
&lt;br&gt;Novatos o veteranos hay que entender algo
&lt;br&gt;Compartimos el mismo oficio
&lt;br&gt;la competencia en el rap no es fisión
&lt;br&gt;Y una ficción y choque de egos
&lt;br&gt;Poniendo interesante este juego
&lt;br&gt;Pero sin embargo yo no espero nada nuevo
&lt;br&gt;Por que seré el único ganador del duelo
&lt;br&gt;Y tu en el suelo fuiste mi anzuelo Ja
&lt;br&gt;Hay estilos por aquí estilos por allá
&lt;br&gt;Pero el de 362  es el estilo de verdad
&lt;br&gt;Poniéndole estilo a lo que ya tenía estilo
&lt;br&gt;Kricy ren
&lt;br&gt;Asiendo rap fino
&lt;br&gt;Con el estilo asesino
&lt;br&gt;Quítate de mi camino
&lt;br&gt;Asiendo rap fino
&lt;br&gt;Es momento de que aprendas la lección
&lt;br&gt;Tu momento ya paso
&lt;br&gt;Retírate dignamente con la frente en alto
&lt;br&gt;Te pase como un cuando novato
&lt;br&gt;Como un experto tomo las riendas de eso
&lt;br&gt;Hazme caso el conteo regresivo a empezado
&lt;br&gt;Y contigo he terminado falso rey y falso tu reinado
&lt;br&gt;Cuidado que hay viene mi respaldo
&lt;br&gt;Y quien es ese que anda ay
&lt;br&gt;Es kirappaz mc y yo kr mc
&lt;br&gt;No te preocupes si viene gente por hay
&lt;br&gt;Y te pregunta oyes y ese quien es: es el kidd de 362
&lt;br&gt;Es que no me oyes y es que no me sientes
&lt;br&gt;Me miras te emocionas y no comprendes
&lt;br&gt;No reaccionas pero con mis ideales tú embonas
&lt;br&gt;Voltea hacia abajo lo que vez
&lt;br&gt;Son cuerpos que yo tire a las lonas
&lt;br&gt;Como el ataque pintando la pinche raya
&lt;br&gt;De la diferencia entre nuestro estilo
&lt;br&gt;Y el de la competencia para que no hables
&lt;br&gt;Fumigando todos los bichos desagradables con mí veneno
&lt;br&gt;Recorriendo grandes distancias sabes por que??
&lt;br&gt;Por que tengo el tanque lleno
&lt;br&gt;Aquí voy aquí voy  y aquí vengo
&lt;br&gt;Te muestro todo lo que traigo todo lo que tengo
&lt;br&gt;Poniéndole estilo al estilo con
&lt;br&gt;Mi batallón con mi escuadrón con mi 3 mi 6 mi 362&lt;/p&gt;
</description>
    </item>
    
    <item>
      <title> Todo Lo Que Siento - Gong C Ft Poseido</title>
      <link>http://letraspedia.com/lyric/362-rappaz-todo-lo-que-siento-gong-c-ft-poseido/</link>
      <pubDate>Mon, 01 Sep 2008 00:00:00 UTC</pubDate>
      <author>Enthusiastic Hugo User</author>
      <guid>http://letraspedia.com/lyric/362-rappaz-todo-lo-que-siento-gong-c-ft-poseido/</guid>
      <description>&lt;p&gt;En esta carta te dejo todo lo que siento
&lt;br&gt;si no estas aqui yo me quemo por dentro
&lt;br&gt;soy esclavo de tu cariño y no te miento
&lt;br&gt;siento que te conozco desde el primer momento
&lt;br&gt;
&lt;br&gt;Cierro los ojos no exajero veo tu rostro
&lt;br&gt;un tesoro , un reflejo en mi espejo de momentos
&lt;br&gt;me imagino rezando junto a ti
&lt;br&gt;desde que te conoci supe que eras para mi
&lt;br&gt;la noche se hace eterna por que es facil de soñar
&lt;br&gt;quiero volar , llorar , reir y despertar
&lt;br&gt;tocar tu puerta recorre la luna llena en una estrella de alegria
&lt;br&gt;amada mia eres el fruto de esa dulce poesia
&lt;br&gt;tu alma es un regalo y una flor que no marchita
&lt;br&gt;en mi mejilla corren lagrimas y cada lagrima una letra
&lt;br&gt;forman tu nombre mas que un nombre un sueño eterno
&lt;br&gt;TeQuiero mi angel de los sueños
&lt;br&gt;
&lt;br&gt;En esta carta te dejo todo lo que siento
&lt;br&gt;si no estas aqui yo me quemo por dentro
&lt;br&gt;soy esclavo de tu cariño y no te miento
&lt;br&gt;siento que te conozco desde el primer momento
&lt;br&gt;
&lt;br&gt;Mano arriba , mano arriba por esa dama
&lt;br&gt;
&lt;br&gt;Y empezando a respirar encontre la chispa que me hace volar
&lt;br&gt;y desconectar , naufragar en mi propio mar
&lt;br&gt;la vida me enseño a valorar y
&lt;br&gt;hoy te doy razones para no escapar dime que es amar:
&lt;br&gt;es tenerte en un altar , todo de mi dar por tocar
&lt;br&gt;con mis palabras abrigar toda una vida entera pa entregar
&lt;br&gt;la habitacion con ella dira no molestar
&lt;br&gt;y te quiero junto a ti supero el miedo
&lt;br&gt;y te quiero eres la luz al paraiso
&lt;br&gt;eres mi flor que no marchita en esa tierra de penuria
&lt;br&gt;eres mi cura en esos dias de larga lluvia
&lt;br&gt;niñi , niña me alejaria y regresaria
&lt;br&gt;solo pa verte una sonrisa
&lt;br&gt;el amor toca mi puerta de un solo flechazo
&lt;br&gt;mi princesa si te duermes te despierto con un beso
&lt;br&gt;no solo uno sino miles te daria
&lt;br&gt;descansaria mis labios hasta cuando dios lo quiera o
&lt;br&gt;hasta cuando sea la hora de borrarte para siempre
&lt;br&gt;que dios te guarde y te proteja hasta la muerte
&lt;br&gt;( hasta la muerte )
&lt;br&gt;
&lt;br&gt;En esta carta te dejo todo lo que siento
&lt;br&gt;si no estas aqui yo me quemo por dentro
&lt;br&gt;soy esclavo de tu cariño y no te miento
&lt;br&gt;siento que te conozco desde el primer momento
&lt;br&gt;
&lt;br&gt;Para :Jasna Solagne Flores Torres Te Amo Con Todo El Corazon
&lt;br&gt;De : Mirko Yvan Ocampo Gomez   .. nunka te olvidi de esta cancion&lt;/p&gt;
</description>
    </item>
    
  </channel>
</rss>