<?xml version="1.0" encoding="utf-8" standalone="yes" ?>
<rss version="2.0" xmlns:atom="http://www.w3.org/2005/Atom">
  <channel>
      <title>2d Goma on Letraspedia.com thes best lyrics page </title>
    <link>http://letraspedia.com/artist/2d-goma/</link>
    <language>en-US</language>
    <author>Enthusiastic Hugo User</author>
    <rights>Copyright (c) 2014, Enthusiastic Hugo User; all rights reserved.</rights>
    <updated>Mon, 01 Sep 2008 00:00:00 UTC</updated>
    
    <item>
      <title> Amor Suicida</title>
      <link>http://letraspedia.com/lyric/2d-goma-amor-suicida/</link>
      <pubDate>Mon, 01 Sep 2008 00:00:00 UTC</pubDate>
      <author>Enthusiastic Hugo User</author>
      <guid>http://letraspedia.com/lyric/2d-goma-amor-suicida/</guid>
      <description>&lt;p&gt;Me encontre una chica en la plaza
&lt;br&gt;estaba llorando yo no se por que.
&lt;br&gt;Tenia una petaca de ginebra Bols
&lt;br&gt;y yo entonces me acerque.
&lt;br&gt;Yo le pregunte que le pasaba
&lt;br&gt;y ella me conto todo su rollo personal:
&lt;br&gt;tenia un novio que se llamaba Antonio
&lt;br&gt;que habia muerto en la guerra de Malvinas.
&lt;br&gt;El tiempo corria la petaca bajaba
&lt;br&gt;ella me dio un beso y se despidio.
&lt;br&gt;Camino unos pasos y un arma saco
&lt;br&gt;y yo le pregunte y ahora que vas a hacer
&lt;br&gt;no me respondio y el gatillo ella apreto.
&lt;br&gt;Ella se volo la cabeza por su viejo amor.
&lt;br&gt;Ella se volo la cabeza por su muerto amor.
&lt;br&gt;Ella se volo la cabeza por su viejo amor.
&lt;br&gt;Ella se volo la cabeza por su muerto amor.&lt;/p&gt;
</description>
    </item>
    
    <item>
      <title> Me Tengo Que Ir</title>
      <link>http://letraspedia.com/lyric/2d-goma-me-tengo-que-ir/</link>
      <pubDate>Mon, 01 Sep 2008 00:00:00 UTC</pubDate>
      <author>Enthusiastic Hugo User</author>
      <guid>http://letraspedia.com/lyric/2d-goma-me-tengo-que-ir/</guid>
      <description>&lt;p&gt;Se que no entenderas mis palabras
&lt;br&gt;pero me voy, me voy, y aun te quiero
&lt;br&gt;no te dejo porque si
&lt;br&gt;podes odiarme pero se que no lo haras
&lt;br&gt;Nena no llores&amp;hellip;
&lt;br&gt;me tengo que ir&lt;/p&gt;
</description>
    </item>
    
    <item>
      <title> Vahos De Ayer</title>
      <link>http://letraspedia.com/lyric/2d-goma-vahos-de-ayer/</link>
      <pubDate>Mon, 01 Sep 2008 00:00:00 UTC</pubDate>
      <author>Enthusiastic Hugo User</author>
      <guid>http://letraspedia.com/lyric/2d-goma-vahos-de-ayer/</guid>
      <description>&lt;p&gt;Brindo una ves mas con mis amigos
&lt;br&gt;Los que solo están en mi corazón
&lt;br&gt;Y aunque ya no estén acá conmigo
&lt;br&gt;Porque ya se fueron y no volverán
&lt;br&gt;
&lt;br&gt;El recuerdo siempre está
&lt;br&gt;Aunque no lo quieras
&lt;br&gt;Aunque no lo creas
&lt;br&gt;En mi mente siempre está
&lt;br&gt;Aunque no lo quieras
&lt;br&gt;Aunque no lo creas
&lt;br&gt;
&lt;br&gt;Si un lugar vacío en una mesa
&lt;br&gt;Un lugar que nunca se podrá llenar
&lt;br&gt;El acohol invade mi cabeza
&lt;br&gt;Solo en la venganza puedo yo pensar
&lt;br&gt;
&lt;br&gt;El recuerdo siempre está
&lt;br&gt;Aunque no lo quieras
&lt;br&gt;Aunque no lo creas
&lt;br&gt;En mi mente siempre está
&lt;br&gt;Aunque no lo quieras
&lt;br&gt;Aunque no lo creas
&lt;br&gt;
&lt;br&gt;Brindo una ves mas con mis amigos
&lt;br&gt;Los que solo están en mi corazón
&lt;br&gt;Y aunque ya no estén acá conmigo
&lt;br&gt;Porque ya se fueron y no volverán
&lt;br&gt;
&lt;br&gt;El recuerdo siempre está
&lt;br&gt;Aunque no lo quieras
&lt;br&gt;Aunque no lo creas
&lt;br&gt;En mi mente siempre está
&lt;br&gt;Aunque no lo quieras
&lt;br&gt;Aunque no lo creas&lt;/p&gt;
</description>
    </item>
    
  </channel>
</rss>