<?xml version="1.0" encoding="utf-8" standalone="yes" ?>
<rss version="2.0" xmlns:atom="http://www.w3.org/2005/Atom">
  <channel>
      <title>100 Percent on Letraspedia.com thes best lyrics page </title>
    <link>http://letraspedia.com/artist/100-percent/</link>
    <language>en-US</language>
    <author>Enthusiastic Hugo User</author>
    <rights>Copyright (c) 2014, Enthusiastic Hugo User; all rights reserved.</rights>
    <updated>Mon, 01 Sep 2008 00:00:00 UTC</updated>
    
    <item>
      <title> Future Sound</title>
      <link>http://letraspedia.com/lyric/100-percent-future-sound/</link>
      <pubDate>Mon, 01 Sep 2008 00:00:00 UTC</pubDate>
      <author>Enthusiastic Hugo User</author>
      <guid>http://letraspedia.com/lyric/100-percent-future-sound/</guid>
      <description>&lt;p&gt;Control is the name of the game&lt;br /&gt;You really can&amp;rsquo;t go too far&lt;br /&gt;Or else you won&amp;rsquo;t be the same &amp;amp;&lt;br /&gt;You won&amp;rsquo;t have no one else to blame&lt;br /&gt;Future sound - today&lt;br /&gt;Yes, here, today&lt;br /&gt;Limited, sparse atmosphere&lt;br /&gt;Locked in too long with no fear&lt;br /&gt;Shake out, break out, get it back now&lt;br /&gt;Set the pace, energize, attack now - attack&lt;br /&gt;Future sound - future sound&lt;br /&gt;There&amp;rsquo;s only one time to go around&lt;br /&gt;You&amp;rsquo;ve got to indentify with the sound&lt;br /&gt;Future sound&lt;br /&gt;Future sound - today.&lt;br /&gt;&lt;br&gt;&lt;/p&gt;
</description>
    </item>
    
    <item>
      <title> Missing You All Over Again</title>
      <link>http://letraspedia.com/lyric/100-percent-missing-you-all-over-again/</link>
      <pubDate>Mon, 01 Sep 2008 00:00:00 UTC</pubDate>
      <author>Enthusiastic Hugo User</author>
      <guid>http://letraspedia.com/lyric/100-percent-missing-you-all-over-again/</guid>
      <description>&lt;p&gt;Here I go again
&lt;br&gt;Missin you all over again
&lt;br&gt;Thinkin and dreamin about you
&lt;br&gt;When I should be thinkin about the things I should be doin
&lt;br&gt;but why should I care when I&amp;rsquo;m thinkin about you
&lt;br&gt;
&lt;br&gt;Chours
&lt;br&gt;
&lt;br&gt;I&amp;rsquo;m sittin here thinkin and dreamin about you
&lt;br&gt;Missing you all over again
&lt;br&gt;Living on my own again is so different from when I was
&lt;br&gt; livin with you
&lt;br&gt;
&lt;br&gt;I got a man now that I&amp;rsquo;m in love with but I&amp;rsquo;m sittin here
&lt;br&gt; thinkin and dreamin about you
&lt;br&gt;Missing you all over again
&lt;br&gt;Loving you all my life I can never forget the way you
&lt;br&gt; looked into my eyes
&lt;br&gt;
&lt;br&gt;Here I go again
&lt;br&gt;Missing you all over again
&lt;br&gt;
&lt;br&gt;Back to Chorus&lt;/p&gt;
</description>
    </item>
    
    <item>
      <title> Mosca Y Smith</title>
      <link>http://letraspedia.com/lyric/100-percent-mosca-y-smith/</link>
      <pubDate>Mon, 01 Sep 2008 00:00:00 UTC</pubDate>
      <author>Enthusiastic Hugo User</author>
      <guid>http://letraspedia.com/lyric/100-percent-mosca-y-smith/</guid>
      <description>&lt;p&gt;En El Barrio Del Once
&lt;br&gt;Andan Diciendo Por Ahi
&lt;br&gt;Que Ahi 2 Tipos Muy Bravos
&lt;br&gt;Uno Mosca Y Otro Smith
&lt;br&gt;
&lt;br&gt;No Quedan Criminales
&lt;br&gt;Que Se Puedan Escapar
&lt;br&gt;Sean Ladrones
&lt;br&gt;Asesinos
&lt;br&gt;O Un Estupido Animal
&lt;br&gt;
&lt;br&gt;Yo No Se Si Vos Sabes
&lt;br&gt;Lo Que Aqui Saven Muy Bien
&lt;br&gt;Podes Crusar Corrientes
&lt;br&gt;Pero No Crusar La Ley
&lt;br&gt;
&lt;br&gt;Y Todo El Once Festejo
&lt;br&gt;Todo El Mundo Se Abrazo
&lt;br&gt;Con Mosca Y Smith
&lt;br&gt;El Miedo Desaparecio
&lt;br&gt;
&lt;br&gt;El Diablo Y Sus Rufianes
&lt;br&gt;Se Rindieron A Sus Pies
&lt;br&gt;Mosca Y Smith El Braso De La Ley
&lt;br&gt;
&lt;br&gt;Estribillo:
&lt;br&gt;Gloria Hermano Boliviano
&lt;br&gt;Che Judio, Vos Koreano
&lt;br&gt;Dale Paraguayo
&lt;br&gt;Dale Turco,jamaiquino
&lt;br&gt;Que Le Avisen Al Peruano
&lt;br&gt;Somo Todos Argentinos&lt;/p&gt;
</description>
    </item>
    
    <item>
      <title> Suspiro</title>
      <link>http://letraspedia.com/lyric/100-percent-suspiro/</link>
      <pubDate>Mon, 01 Sep 2008 00:00:00 UTC</pubDate>
      <author>Enthusiastic Hugo User</author>
      <guid>http://letraspedia.com/lyric/100-percent-suspiro/</guid>
      <description>&lt;p&gt;Dime corazon
&lt;br&gt;si aun recuerdas el amor
&lt;br&gt;que te entrege en cada momento que estuve con vos
&lt;br&gt;no pude olvidar
&lt;br&gt;la noche que los dos salimos a bailar
&lt;br&gt;y a un costado apartados del mundo
&lt;br&gt;me regalaste un suspiro profundo
&lt;br&gt;
&lt;br&gt;y ahora como que me dejas por el
&lt;br&gt;y dices que ya
&lt;br&gt;no me quieres ver que ya no me quieres ver
&lt;br&gt;y por escrito me das a entender
&lt;br&gt;que ya
&lt;br&gt;no me quieres ver quie ya no me quieres ver
&lt;br&gt;y como quieres que te olvide hoy
&lt;br&gt;si no es un recuerdo es un sentimiento
&lt;br&gt;que vivie en mi y no me deja ya vivir
&lt;br&gt;
&lt;br&gt;Linda sabes bien que no te miento
&lt;br&gt;que vivo de los momentos que contigo conparti
&lt;br&gt;momentos que se me hacen inposibles de olvidar
&lt;br&gt;lugares que con vos otra vez quisiera estar
&lt;br&gt;sentimientos que en tu cuerpo me isieron descubrir
&lt;br&gt;que vivian en mi no sabia que estaban alli
&lt;br&gt;llegaste a mi vida con la llave de mi amor
&lt;br&gt;y ahora me dejas y ya no se quien soy
&lt;br&gt;
&lt;br&gt;Dime corazon
&lt;br&gt;si aun recuerdas el amor
&lt;br&gt;que te entrege en cada momento que estuve con vos
&lt;br&gt;no pude olvidar
&lt;br&gt;la noche que los dos salimos a bailar
&lt;br&gt;y a un costado apartados del mundo
&lt;br&gt;me regalaste un suspiro profundo
&lt;br&gt;
&lt;br&gt;y ahora como que me dejas por el
&lt;br&gt;y dices que ya
&lt;br&gt;no me quieres ver que ya no me quieres ver
&lt;br&gt;y por escrito me das a entender
&lt;br&gt;que ya
&lt;br&gt;no me quieres ver quie ya no me quieres ver
&lt;br&gt;y como quieres que te olvide hoy
&lt;br&gt;si no es un recuerdo es un sentimiento
&lt;br&gt;que vivie en mi y no me deja ya vivir
&lt;br&gt;
&lt;br&gt;Linda sabes bien que no te miento
&lt;br&gt;que vivo de los momentos que contigo conparti
&lt;br&gt;momentos que se me hacen inposibles de olvidar
&lt;br&gt;lugares que con vos otra vez quisiera estar
&lt;br&gt;sentimientos que en tu cuerpo me isieron descubrir
&lt;br&gt;que vivian en mi no sabia que estaban alli
&lt;br&gt;llegaste a mi vida con la llave de mi amor
&lt;br&gt;y ahora me dejas y ya no se quien soy
&lt;br&gt;
&lt;br&gt;ESTOO ES %100&lt;/p&gt;
</description>
    </item>
    
    <item>
      <title> Under The Blue Sky</title>
      <link>http://letraspedia.com/lyric/100-percent-under-the-blue-sky/</link>
      <pubDate>Mon, 01 Sep 2008 00:00:00 UTC</pubDate>
      <author>Enthusiastic Hugo User</author>
      <guid>http://letraspedia.com/lyric/100-percent-under-the-blue-sky/</guid>
      <description>&lt;p&gt;So lovely the blue sky looks and so lovely the things around.
&lt;br&gt;See love glittered my eyes and happiness surrounds.
&lt;br&gt;It seems in a moment everything has changed like a lovely world I found.
&lt;br&gt;Whispering in my ears when you say all lovely things
&lt;br&gt;You know baby how lovely your words sound
&lt;br&gt;In a moment my world has turned around
&lt;br&gt;I got a lovely world, yeah a lovely world that I found.
&lt;br&gt;
&lt;br&gt;Sometimes life seems so new
&lt;br&gt;Sometimes I dont live in a world that I knew
&lt;br&gt;Sometimes even living in plenty, i see only a few
&lt;br&gt;Baby my life is changed by you
&lt;br&gt;So life seems so new, yeah its true
&lt;br&gt;You changed my life baby, its only you
&lt;br&gt;
&lt;br&gt;Baby you sat by my side
&lt;br&gt;See there is no feeling left in my heart to hide
&lt;br&gt;Baby you shined my life and now you r my meaning of life.
&lt;br&gt;When you were not in my life, life was so dry
&lt;br&gt;You came like an angel to give a new meaning to my life.
&lt;br&gt;
&lt;br&gt;Now every dream that I dreamt turned true
&lt;br&gt;The girl of my dream is only you
&lt;br&gt;Hey now my world is our world and so it looks so new
&lt;br&gt;Baby take my everything, take all my love
&lt;br&gt;Its for you, baby my love is for you.&lt;/p&gt;
</description>
    </item>
    
  </channel>
</rss>