<?xml version="1.0" encoding="utf-8" standalone="yes" ?>
<rss version="2.0" xmlns:atom="http://www.w3.org/2005/Atom">
  <channel>
      <title>20 Libras on Letraspedia.com thes best lyrics page </title>
    <link>http://letraspedia.com/artist/20-libras/</link>
    <language>en-US</language>
    <author>Enthusiastic Hugo User</author>
    <rights>Copyright (c) 2014, Enthusiastic Hugo User; all rights reserved.</rights>
    <updated>Mon, 01 Sep 2008 00:00:00 UTC</updated>
    
    <item>
      <title> Como Quisiera</title>
      <link>http://letraspedia.com/lyric/20-libras-como-quisiera/</link>
      <pubDate>Mon, 01 Sep 2008 00:00:00 UTC</pubDate>
      <author>Enthusiastic Hugo User</author>
      <guid>http://letraspedia.com/lyric/20-libras-como-quisiera/</guid>
      <description>&lt;p&gt;Como quisiera abrazarte
&lt;br&gt;como quisiera sentirte
&lt;br&gt;pero la tengo a ella
&lt;br&gt;y tu lo tienes a el
&lt;br&gt;
&lt;br&gt;como quisiera abrazarte
&lt;br&gt;como quisiera sentirte
&lt;br&gt;pero la tengo a ella
&lt;br&gt;y tu lo tienes a el
&lt;br&gt;
&lt;br&gt;Hoy me duele no estar a tu lado
&lt;br&gt;hoy te duele que yo no este aqui
&lt;br&gt;si el destino nos ha castigado
&lt;br&gt;es injusto no hacerte feliz
&lt;br&gt;
&lt;br&gt;al mirar tu carita de angel
&lt;br&gt;me imagino haciendote el amor
&lt;br&gt;desnudando tu cuerpo en la cama
&lt;br&gt;te demuestro toda mi pasion
&lt;br&gt;
&lt;br&gt;como quisiera abrazarte
&lt;br&gt;como quisiera sentirte
&lt;br&gt;pero la tengo a ella
&lt;br&gt;y tu lo tienes a el
&lt;br&gt;
&lt;br&gt;como quisiera abrazarte
&lt;br&gt;como quisiera sentirte
&lt;br&gt;pero la tengo a ella
&lt;br&gt;y tu lo tienes a el
&lt;br&gt;
&lt;br&gt;Parece mentira
&lt;br&gt;aunque te guste tu no quieres amarme
&lt;br&gt;pues tus principios son mas importantes
&lt;br&gt;tu voluntad es seguir siendole fiel ante el
&lt;br&gt;
&lt;br&gt;Yo no lo acepto
&lt;br&gt;aunque la ame yo a ti te deseo
&lt;br&gt;y te prometo guardar el secreto
&lt;br&gt;ante la gente y tambien ante el&amp;hellip;
&lt;br&gt;
&lt;br&gt;como quisiera abrazarte
&lt;br&gt;como quisiera sentirte
&lt;br&gt;pero la tengo a ella
&lt;br&gt;y tu lo tienes a el
&lt;br&gt;
&lt;br&gt;como quisiera abrazarte
&lt;br&gt;como quisiera sentirte
&lt;br&gt;pero la tengo a ella
&lt;br&gt;y tu lo tienes a el
&lt;br&gt;
&lt;br&gt;como quisiera abrazarte
&lt;br&gt;como quisiera sentirte
&lt;br&gt;pero la tengo a ella
&lt;br&gt;y tu lo tienes a el
&lt;br&gt;
&lt;br&gt;como quisiera abrazarte
&lt;br&gt;como quisiera sentirte
&lt;br&gt;pero la tengo a ella
&lt;br&gt;y tu lo tienes a el&lt;/p&gt;
</description>
    </item>
    
    <item>
      <title> Me Pides Perdón</title>
      <link>http://letraspedia.com/lyric/20-libras-me-pides-perdon/</link>
      <pubDate>Mon, 01 Sep 2008 00:00:00 UTC</pubDate>
      <author>Enthusiastic Hugo User</author>
      <guid>http://letraspedia.com/lyric/20-libras-me-pides-perdon/</guid>
      <description>&lt;p&gt;Ahora tú me pides perdón
&lt;br&gt;que le hiciste a mi corazón
&lt;br&gt;De repente escucho tu voz
&lt;br&gt;Ya lo se te quiero mi amor
&lt;br&gt;Ooouu ooouuu ouuuu
&lt;br&gt;
&lt;br&gt;Cuantos cariños que te e dado yo a ti
&lt;br&gt;Sabes que te quiero y que eres para mi
&lt;br&gt;No me engañes no me hagas sufrir
&lt;br&gt;Dame un beso que te quiero sentir
&lt;br&gt;No te alejes más de mí
&lt;br&gt;Sin ti yo no se vivir
&lt;br&gt;Sin ti ya no puedo estar no puedo estar
&lt;br&gt;
&lt;br&gt;Ahora tú me pides perdón
&lt;br&gt;que le hiciste a mi corazón
&lt;br&gt;De repente escucho tu voz
&lt;br&gt;Ya lo se te quiero mi amor
&lt;br&gt;Ooouu ooouuu ouuuu
&lt;br&gt;
&lt;br&gt;Me enamorado
&lt;br&gt;Me e ilusionado
&lt;br&gt;Tantas mujeres yo te quiero a mí lado
&lt;br&gt;Me enamorado
&lt;br&gt;Me e ilusionado
&lt;br&gt;Tantas mujeres yo te quieto a mí lado
&lt;br&gt;Inconsciente por que estoy aquí
&lt;br&gt;Sin ti ya no se vivir
&lt;br&gt;Sin ti ya no hay nada
&lt;br&gt;Solo las palabras
&lt;br&gt;Yo te canto a ti
&lt;br&gt;
&lt;br&gt;Ahora tú me pides perdón
&lt;br&gt;que le hiciste a mi corazón
&lt;br&gt;De repente escucho tu voz
&lt;br&gt;Ya lo se te quiero mi amor
&lt;br&gt;Ooouu ooouuu ouuuu&lt;/p&gt;
</description>
    </item>
    
    <item>
      <title> Quiero Yo</title>
      <link>http://letraspedia.com/lyric/20-libras-quiero-yo/</link>
      <pubDate>Mon, 01 Sep 2008 00:00:00 UTC</pubDate>
      <author>Enthusiastic Hugo User</author>
      <guid>http://letraspedia.com/lyric/20-libras-quiero-yo/</guid>
      <description>&lt;p&gt;Por eso quiero yo
&lt;br&gt;que vuelvas conmigo amor
&lt;br&gt;
&lt;br&gt;acercate y deja el comienzo atras
&lt;br&gt;ven que te quiero abrazar
&lt;br&gt;oh vamos a besarnos
&lt;br&gt;ay ay acercate
&lt;br&gt;que ya no puedo respirar
&lt;br&gt;en esta oscura soledad
&lt;br&gt;que ya quiero salir amor
&lt;br&gt;
&lt;br&gt;y encerrado estoy aqui
&lt;br&gt;dentro de mi habitacion
&lt;br&gt;ya no encuentro la razon
&lt;br&gt;de seguir viviendo sin tu amor
&lt;br&gt;
&lt;br&gt;por eso quiero yo
&lt;br&gt;que vuelvas conmigo amor
&lt;br&gt;si tu no vuelves hoy
&lt;br&gt;yo me muero de dolor
&lt;br&gt;
&lt;br&gt;y encerrado estoy aqui
&lt;br&gt;dentro de mi habitacion
&lt;br&gt;ya no encuentro la razon
&lt;br&gt;de seguir viviendo sin tu amor
&lt;br&gt;
&lt;br&gt;por eso quiero yo
&lt;br&gt;que vuelvas conmigo amor
&lt;br&gt;si tu no vuelves hoy
&lt;br&gt;yo me muero de dolor&amp;hellip;
&lt;br&gt;sin tu amor
&lt;br&gt;
&lt;br&gt;por eso quiero yo
&lt;br&gt;que vuelvas conmigo amor
&lt;br&gt;si tu no vuelves hoy
&lt;br&gt;yo me muero de dolor&amp;hellip;
&lt;br&gt;sin tu amor
&lt;br&gt;
&lt;br&gt;por eso quiero yo
&lt;br&gt;que vuelvas conmigo amor&lt;/p&gt;
</description>
    </item>
    
  </channel>
</rss>