<?xml version="1.0" encoding="utf-8" standalone="yes" ?>
<rss version="2.0" xmlns:atom="http://www.w3.org/2005/Atom">
  <channel>
      <title>20 Fingers on Letraspedia.com thes best lyrics page </title>
    <link>http://letraspedia.com/artist/20-fingers/</link>
    <language>en-US</language>
    <author>Enthusiastic Hugo User</author>
    <rights>Copyright (c) 2014, Enthusiastic Hugo User; all rights reserved.</rights>
    <updated>Mon, 01 Sep 2008 00:00:00 UTC</updated>
    
    <item>
      <title> Boom! I Fucked Your Boyfriend</title>
      <link>http://letraspedia.com/lyric/20-fingers-boom-i-fucked-your-boyfriend/</link>
      <pubDate>Mon, 01 Sep 2008 00:00:00 UTC</pubDate>
      <author>Enthusiastic Hugo User</author>
      <guid>http://letraspedia.com/lyric/20-fingers-boom-i-fucked-your-boyfriend/</guid>
      <description>&lt;p&gt;Oooh, oh yeah&amp;#8230;. fuck me&lt;br /&gt;Boom boom boom &lt;br /&gt;lets go back to my room &lt;br /&gt;so we can do it all night &lt;br /&gt;and you can make me feel right &lt;br /&gt;boom boom boom &lt;br /&gt;lets go back to my room &lt;br /&gt;so we can do it all night &lt;br /&gt;and you can fuck me &lt;br /&gt;Oooh, oh yeah&amp;#8230;.. (moans)&lt;br /&gt;When i stepped in the club your man was frontin &lt;br /&gt;checkin me out &lt;br /&gt;cause girls hes hunting&lt;br /&gt;lookin for someone to give him some love &lt;br /&gt;yea bitch hes gonna give it up &lt;br /&gt;so i grabbed him by the ass and we went outside &lt;br /&gt;gave your man a joyous ride &lt;br /&gt;then he dropped to his knees and begged for skin &lt;br /&gt;you know it bitch &lt;br /&gt;i fucked your boyfriend &lt;br /&gt;Boom i fucked your boyfriend  &lt;br /&gt;i fucked your man &lt;br /&gt;boom i fucked your boyfriend  &lt;br /&gt;i fucked your man &lt;br /&gt;boom i fucked your boyfriend  &lt;br /&gt;i fucked your man &lt;br /&gt;boom i fucked your boyfriend &lt;br /&gt;he stuck it in &lt;br /&gt;Ooh, oh yeah&amp;#8230; (moaning)&lt;br /&gt;When i first saw your man he was really fine &lt;br /&gt;he had this nice ass body that would blow your mind &lt;br /&gt;he had this long drawn silver that was dropped down low &lt;br /&gt;he wanted to sex me from my head to my toes &lt;br /&gt;so i let him rub me down &lt;br /&gt;he carresed me the right way&lt;br /&gt;i hit him with the juice and it made him go crazy &lt;br /&gt;cause the juice had your man commiting a sin &lt;br /&gt;o yea silly bitch &lt;br /&gt;i fucked your boyfriend &lt;br /&gt;Boom i fucked your boyfriend  &lt;br /&gt;i fucked your man &lt;br /&gt;boom i fucked your boyfriend  &lt;br /&gt;i fucked your man &lt;br /&gt;boom i fucked your boyfriend  &lt;br /&gt;i fucked your man &lt;br /&gt;boom i fucked your boyfriend (fuck me)&lt;br /&gt;he stuck it in &lt;br /&gt;Oooh, oh yeah&amp;#8230; (moans )&lt;br /&gt;fuck me&lt;br /&gt;Boom i fucked your boyfriend  &lt;br /&gt;i fucked your man &lt;br /&gt;boom i fucked your boyfriend  &lt;br /&gt;i fucked your man &lt;br /&gt;boom i fucked your boyfriend  &lt;br /&gt;i fucked your man &lt;br /&gt;boom i fucked your boyfriend &lt;br /&gt;he stuck it in (fuck me)&lt;br /&gt; &lt;br /&gt;if you got a boyfriend you better hold on tight &lt;br /&gt;ill take him shake him rip him on out &lt;br /&gt;if you got a boyfriend you better hold on tight &lt;br /&gt;cuz im the type of girl that makes a man feel right &lt;br /&gt;when he goes out he wants to fuck &lt;br /&gt;probably not excuse &lt;br /&gt;so your nerves get plugged &lt;br /&gt;then you come around a fuucking chit &lt;br /&gt;chater talkin all that shit &lt;br /&gt;but bitch it dont matter &lt;br /&gt;cause in the end he&amp;#39;ll be trippin again (who me?)&lt;br /&gt; yea now who&amp;#39;s your girlfriend&lt;br /&gt;Boom i fucked your boyfriend  &lt;br /&gt;i fucked your man &lt;br /&gt;boom i fucked your boyfriend  &lt;br /&gt;i fucked your man &lt;br /&gt;boom i fucked your boyfriend  &lt;br /&gt;i fucked your man &lt;br /&gt;boom i fucked your boyfriend &lt;br /&gt;he stuck it in (fuck me)&lt;br /&gt;Ooh, oh yeah&amp;#8230;. (moans)&lt;br /&gt;fuck me&lt;br /&gt;&lt;/p&gt;
</description>
    </item>
    
    <item>
      <title> Lick It</title>
      <link>http://letraspedia.com/lyric/20-fingers-lick-it/</link>
      <pubDate>Mon, 01 Sep 2008 00:00:00 UTC</pubDate>
      <author>Enthusiastic Hugo User</author>
      <guid>http://letraspedia.com/lyric/20-fingers-lick-it/</guid>
      <description>&lt;p&gt;Chorus:&lt;br /&gt;you gotta lick it (you gotta lick it)&lt;br /&gt;before we kick it (before we kick it)&lt;br /&gt;you gotta take that extra step so we can kick it (so we can kick)&lt;br /&gt;Alternate chorus:&lt;br /&gt;you gotta lick it (you gotta lick it)&lt;br /&gt;before we kick it (before we kick it)&lt;br /&gt;you gotta get it soft and wet so we can kick it (so we can kick)&lt;br /&gt;Chorus&lt;br /&gt;Boom (ba dada dada) (x7)&lt;br /&gt;Baby work it&lt;br /&gt;I met a real cutie&lt;br /&gt;he had a nice tight booty&lt;br /&gt;he semed to be the frequent lover type&lt;br /&gt;Let&amp;#39;s cut right through the chase&lt;br /&gt;come on and get a taste&lt;br /&gt;you&amp;#39;ve got to face it so that i can get high&lt;br /&gt;Chorus (x2)&lt;br /&gt;Boom (ba dada dada) (x7)&lt;br /&gt;Baby work it&lt;br /&gt;My lips are sweet as candy (alternate: come on and show you&amp;#39;re able)&lt;br /&gt;i need a man that&amp;#39;s handy (alternate: and go below my navel)&lt;br /&gt;don&amp;#39;t be a tease&lt;br /&gt;just give me what i like&lt;br /&gt;I&amp;#39;m full of freakiness&lt;br /&gt;so come and get with this (alternate: so give my cat a kiss)&lt;br /&gt;and make me purr (alternate: and make it purr)&lt;br /&gt;so we can do this right&lt;br /&gt;Chorus (x2)&lt;br /&gt;Boom (ba dada dada) (x7)&lt;br /&gt;Baby work it&lt;br /&gt;You know men are dogs&lt;br /&gt;so go bark up someone else&amp;#39;s tree&lt;br /&gt;&lt;br&gt;Here boy!&lt;br /&gt;Come and get it&lt;br /&gt;Chorus (x4)&lt;br /&gt;Boom (ba dada dada) (x7)&lt;br /&gt;Baby work it&lt;br /&gt;Chorus (to fade)&lt;br /&gt;&lt;br&gt;&lt;/p&gt;
</description>
    </item>
    
    <item>
      <title> Lick It (unedited)</title>
      <link>http://letraspedia.com/lyric/20-fingers-lick-it-unedited/</link>
      <pubDate>Mon, 01 Sep 2008 00:00:00 UTC</pubDate>
      <author>Enthusiastic Hugo User</author>
      <guid>http://letraspedia.com/lyric/20-fingers-lick-it-unedited/</guid>
      <description>&lt;p&gt;You got to lick it&lt;br /&gt;Before we kick it&lt;br /&gt;You got to get it soft and wet&lt;br /&gt;So we can kick it&lt;br /&gt;(repeat)&lt;br /&gt;&lt;br /&gt;Boom-ba-da-da-da-da .&lt;br /&gt;Baby work it&lt;br /&gt;&lt;br /&gt;I met a real cutie&lt;br /&gt;He had a nice tight booty&lt;br /&gt;He seemed to be the freaky lover type&lt;br /&gt;Let&amp;rsquo;s cut right through the chase&lt;br /&gt;C&amp;rsquo;mon and get a taste&lt;br /&gt;You&amp;rsquo;ve got to face it&lt;br /&gt;So that i can get hype&lt;br /&gt;&lt;br /&gt;Boom-ba-da-da-da-da .&lt;br /&gt;Baby work it, baby work it&lt;br /&gt;&lt;br /&gt;Before you can stick and move&lt;br /&gt;You got to grin in the groove&lt;br /&gt;You know men are dogs&lt;br /&gt;So go bark up somebody elses tree&lt;br /&gt;Here boy come come come and get it&lt;br /&gt;&lt;br /&gt;C&amp;rsquo;mon and show your able&lt;br /&gt;And go below my navel&lt;br /&gt;Dont be a tease&lt;br /&gt;Just give me what i like&lt;br /&gt;I&amp;rsquo;m full of freakiness&lt;br /&gt;So give my cat a kiss&lt;br /&gt;And make me purr&lt;br /&gt;So we can do this right&lt;br /&gt;&lt;br /&gt;Ya gotta lick it before we kick it &amp;hellip;.&lt;br /&gt;&lt;br /&gt;Boom-ba-da-da-da-da .&lt;br /&gt;Baby work it, baby work it&lt;br /&gt;Baby work it, baby work it &amp;hellip;.&lt;br /&gt;&lt;br /&gt;&lt;br /&gt;Ya gotta lick it before we kick it &amp;hellip;.&lt;br /&gt;&lt;br&gt;&lt;/p&gt;
</description>
    </item>
    
    <item>
      <title> Mr. Personality</title>
      <link>http://letraspedia.com/lyric/20-fingers-mr-personality/</link>
      <pubDate>Mon, 01 Sep 2008 00:00:00 UTC</pubDate>
      <author>Enthusiastic Hugo User</author>
      <guid>http://letraspedia.com/lyric/20-fingers-mr-personality/</guid>
      <description>&lt;p&gt;Chorus:&lt;br /&gt;they call you mr personality because you&amp;#39;re so ugly&lt;br /&gt;they call you mr personality because you&amp;#39;re so ugly&lt;br /&gt;you&amp;#39;re so ugly&lt;br /&gt;mr personality, you&amp;#39;re so ugly&lt;br /&gt;mr personality, you&amp;#39;re so ugly&lt;br /&gt;mr personality, you&amp;#39;re so ugly&lt;br /&gt;When i look at you i go outta my mind,&lt;br /&gt;its like im lookin at someones behind.&lt;br /&gt;you make the children scream and babys cry,&lt;br /&gt;with your crusty teeth and your bloodshot eyes.&lt;br /&gt;you&amp;#39;re so ugly, your dad hadda tie a porkchop around your neck just to get the dog to play witcha&lt;br /&gt;ooh thats ugly.&lt;br /&gt;Chorus&lt;br /&gt;No matter what you wear, your face doesnt match,&lt;br /&gt;i dont think you were born, you hadda be hatched.&lt;br /&gt;everyone you meet gets one hell of a stare,&lt;br /&gt;they cant fall asleep cause your a walking nightmare.&lt;br /&gt;you&amp;#39;re so ugly&amp;hellip;i heard that when you were born, the dr slapped yo momma.&lt;br /&gt;ooh man thats ugly.&lt;br /&gt;Chorus&lt;br /&gt;You make frankenstein look like johnny depp,&lt;br /&gt;and when you cross the street you cause a major car wreck.&lt;br /&gt;you asked my grandma if she needed help with her bags,&lt;br /&gt;i&amp;#39;ve never seen an old lady run so fast.&lt;br /&gt;Geez look at those glasses&amp;hellip;are those coke bottles or something?&lt;br /&gt;is that your face&amp;hellip;or did your neck throw up something?&lt;br /&gt;Chorus&lt;br /&gt;You&amp;#39;re so ugly&lt;br /&gt;&lt;br&gt;&lt;/p&gt;
</description>
    </item>
    
    <item>
      <title> Position 9</title>
      <link>http://letraspedia.com/lyric/20-fingers-position-9/</link>
      <pubDate>Mon, 01 Sep 2008 00:00:00 UTC</pubDate>
      <author>Enthusiastic Hugo User</author>
      <guid>http://letraspedia.com/lyric/20-fingers-position-9/</guid>
      <description>&lt;p&gt;OH x 11
&lt;br&gt;
&lt;br&gt;Position number 1
&lt;br&gt;Seemed like alot of fun
&lt;br&gt;But it really wasn&amp;rsquo;t what I thought it was
&lt;br&gt;When we were done
&lt;br&gt;
&lt;br&gt;Position number 2
&lt;br&gt;My special gift to you
&lt;br&gt;Don&amp;rsquo;t wana take you all the way
&lt;br&gt;Because theres more to do
&lt;br&gt;
&lt;br&gt;Number 3 wasn&amp;rsquo;t me
&lt;br&gt;Cuz it ended suddenly
&lt;br&gt;Number 4 was a bore
&lt;br&gt;You left me wantin&amp;rsquo; more
&lt;br&gt;
&lt;br&gt;It&amp;rsquo;s really very simple
&lt;br&gt;If ya wana do it right
&lt;br&gt;Leave the rest to the best
&lt;br&gt;POSITION NUMBER 9
&lt;br&gt;
&lt;br&gt;Chorus:
&lt;br&gt;POSITION NUMBER 9 (x8)
&lt;br&gt;ohhhhh ya (x8)
&lt;br&gt;
&lt;br&gt;Position number 5
&lt;br&gt;Was just a bump n grind
&lt;br&gt;Just a tease and never pleased
&lt;br&gt;My freaky state of mind
&lt;br&gt;
&lt;br&gt;Position number 6
&lt;br&gt;A temporary fix
&lt;br&gt;Gotta take me further
&lt;br&gt;So that I can get my kicks
&lt;br&gt;
&lt;br&gt;Number 7 was a rush
&lt;br&gt;But it just wasn&amp;rsquo;t enough
&lt;br&gt;Number 8 wasn&amp;rsquo;t great
&lt;br&gt;You never knew Im 8
&lt;br&gt;
&lt;br&gt;It&amp;rsquo;s really very simple
&lt;br&gt;If ya wana do it right
&lt;br&gt;Leave the rest to the best
&lt;br&gt;POSITION NUMBER 9
&lt;br&gt;
&lt;br&gt;~CHORUS~
&lt;br&gt;
&lt;br&gt;Do it like this
&lt;br&gt;Now switch
&lt;br&gt;Do it like that
&lt;br&gt;Now switch
&lt;br&gt;ohhh
&lt;br&gt;Are you done?
&lt;br&gt;ohhh
&lt;br&gt;Ain&amp;rsquo;t that a bitch!?
&lt;br&gt;
&lt;br&gt;ohh ohh Position number 9 (x3)
&lt;br&gt;
&lt;br&gt;All moving parts should be well lubricated
&lt;br&gt;To avoid a friction fire
&lt;br&gt;In case of an emergency, there are two fire extinguishers
&lt;br&gt;Located on each side of my chest
&lt;br&gt;
&lt;br&gt;ohh ohh Position number 9 (x3)
&lt;br&gt;
&lt;br&gt;~CHORUS~
&lt;br&gt;
&lt;br&gt;ohh ohh ohh Position number 9
&lt;br&gt;ohh ohh ohh Position number 9
&lt;br&gt;
&lt;br&gt;nine&lt;/p&gt;
</description>
    </item>
    
    <item>
      <title> Sex Tonight</title>
      <link>http://letraspedia.com/lyric/20-fingers-sex-tonight/</link>
      <pubDate>Mon, 01 Sep 2008 00:00:00 UTC</pubDate>
      <author>Enthusiastic Hugo User</author>
      <guid>http://letraspedia.com/lyric/20-fingers-sex-tonight/</guid>
      <description>&lt;p&gt;Does anybody wanna have sex tonight?
&lt;br&gt;Pure unadulterated sex tongight
&lt;br&gt;Does anybody wanna have sex tonight?
&lt;br&gt;Pure unadulterated sex tonight
&lt;br&gt;
&lt;br&gt;Now, I know what your thinkin&amp;rsquo;
&lt;br&gt;You&amp;rsquo;re thinkin, &amp;ldquo;what a slut!&amp;rdquo;
&lt;br&gt;Yeah, yeah, yeah.
&lt;br&gt;ButI know that you know
&lt;br&gt;That I know, that everybody in here
&lt;br&gt;Likes to have a little sex
&lt;br&gt;
&lt;br&gt;Does anybody wanna have sex tonight?
&lt;br&gt;Pure unadulterated sex tongight
&lt;br&gt;Does anybody wanna have sex tonight?
&lt;br&gt;Pure unadulterated sex tonight
&lt;br&gt;
&lt;br&gt;Dancin&amp;rsquo; and romancin&amp;rsquo;, keep your body movin&amp;rsquo;
&lt;br&gt;Can you feel it?Feel the music, its hot now.
&lt;br&gt;Baby keep it goin&amp;rsquo;, and don&amp;rsquo;t stop now
&lt;br&gt;Baby, I&amp;rsquo;m feelin&amp;rsquo; kinda horny
&lt;br&gt;Oh baby, put your body on me
&lt;br&gt;And baby, I wanna ride it like a pony
&lt;br&gt;So do you wanna, do you wanna?
&lt;br&gt;do ya, do ya, do ya?
&lt;br&gt;
&lt;br&gt;chorus:
&lt;br&gt;Does anybody wanna have sex tonight?
&lt;br&gt;Pure unadulterated sex tongight
&lt;br&gt;Does anybody wanna have sex tonight?
&lt;br&gt;Pure unadulterated sex tonight
&lt;br&gt;
&lt;br&gt;Whoa!!
&lt;br&gt;Let&amp;rsquo;s go have another drink
&lt;br&gt;You don&amp;rsquo;t know what I&amp;rsquo;m gonna do to you
&lt;br&gt;You, you do like sex right?
&lt;br&gt;You dont&amp;rsquo; want another drink?
&lt;br&gt;Whats your name again?
&lt;br&gt;
&lt;br&gt;We&amp;rsquo;re swingin&amp;rsquo;, and swangin&amp;rsquo;
&lt;br&gt;Hey mr. DJ, keep the music playin&amp;rsquo;
&lt;br&gt;The speakers bumpin, the crowd is jumpin&amp;rsquo;
&lt;br&gt;So I can keep my, keep my body humpin&amp;rsquo;
&lt;br&gt;Baby, I&amp;rsquo;m feelin&amp;rsquo; kinda horny
&lt;br&gt;Oh baby, put your body on me
&lt;br&gt;And baby, I wanna ride it like a pony
&lt;br&gt;So do you wanna, do you wanna?
&lt;br&gt;do ya, do ya, do ya?
&lt;br&gt;
&lt;br&gt;(Chorus)
&lt;br&gt;
&lt;br&gt;Now, now I may be a little drunk,
&lt;br&gt;I mean tipsy
&lt;br&gt;And I may be a little horny
&lt;br&gt;But, you got a condom?
&lt;br&gt;
&lt;br&gt;(chorus)
&lt;br&gt;
&lt;br&gt;Baby, I&amp;rsquo;m feelin&amp;rsquo; kinda horny
&lt;br&gt;Oh baby, put your body on me
&lt;br&gt;And baby, I wanna ride it like a pony
&lt;br&gt;So do you wanna, do you wanna?
&lt;br&gt;do ya, do ya, do ya?
&lt;br&gt;
&lt;br&gt;Does anybody wanna have sex tonight?
&lt;br&gt;Pure unadulterated sex tongight
&lt;br&gt;Does anybody wanna have sex tonight?
&lt;br&gt;Pure unadulterated sex tonight(x2)&lt;/p&gt;
</description>
    </item>
    
    <item>
      <title> Short Dick Man</title>
      <link>http://letraspedia.com/lyric/20-fingers-short-dick-man/</link>
      <pubDate>Mon, 01 Sep 2008 00:00:00 UTC</pubDate>
      <author>Enthusiastic Hugo User</author>
      <guid>http://letraspedia.com/lyric/20-fingers-short-dick-man/</guid>
      <description>&lt;p&gt;Ah, ah, ah, ah &amp;hellip;.&lt;br /&gt;Don&amp;#39;t want no short dick man&lt;br /&gt;don&amp;#39;t want no short dick man&lt;br /&gt;don&amp;#39;t want no short dick man&lt;br /&gt;don&amp;#39;t want no short dick man&lt;br /&gt;Don&amp;#39;t don&amp;#39;t don&amp;#39;t don&amp;#39;t don&amp;#39;t don&amp;#39;t&lt;br /&gt;don&amp;#39;t don&amp;#39;t don&amp;#39;t don&amp;#39;t&lt;br /&gt;don&amp;#39;t want don&amp;#39;t want don&amp;#39;t want don&amp;#39;t want&lt;br /&gt;don&amp;#39;t want no short dick man&lt;br /&gt;don&amp;#39;t want no short dick man&lt;br /&gt;Iny weeny teeny weeny&lt;br /&gt;shriveled little short dick man&lt;br /&gt;don&amp;#39;t want don&amp;#39;t want don&amp;#39;t want&lt;br /&gt;don&amp;#39;t want don&amp;#39;t want don&amp;#39;t want&lt;br /&gt;don&amp;#39;t want don&amp;#39;t want don&amp;#39;t want&lt;br /&gt;don&amp;#39;t want don&amp;#39;t want don&amp;#39;t want&lt;br /&gt;don&amp;#39;t want don&amp;#39;t want don&amp;#39;t want&lt;br /&gt;What in the world is that thing?&lt;br /&gt;do you need some tweezers to put that little thing away&lt;br /&gt;that has got to be the smallest dick&lt;br /&gt;i&amp;#39;ve ever seen in my whole life&lt;br /&gt;i have ever seen in my whole life&lt;br /&gt;get the fuck outta here&lt;br /&gt;Iny weeny teeny weeny&lt;br /&gt;shriveled little short dick man&lt;br /&gt;don&amp;#39;t want don&amp;#39;t want don&amp;#39;t want don&amp;#39;t want&lt;br /&gt;don&amp;#39;t want don&amp;#39;t want don&amp;#39;t want don&amp;#39;t want&lt;br /&gt;don&amp;#39;t want&lt;br /&gt;Uh! uh! uh! &amp;hellip;.&lt;br /&gt;isn&amp;#39;t that cute an extra belly button&lt;br /&gt;you need to put your pants back on honey&lt;br /&gt;Don&amp;#39;t don&amp;#39;t don&amp;#39;t don&amp;#39;t don&amp;#39;t don&amp;#39;t&lt;br /&gt;don&amp;#39;t don&amp;#39;t don&amp;#39;t don&amp;#39;t&lt;br /&gt;don&amp;#39;t want don&amp;#39;t want don&amp;#39;t want don&amp;#39;t want&lt;br /&gt;don&amp;#39;t want no short dick man&lt;br /&gt;don&amp;#39;t want no short dick man&lt;br /&gt;Iny wee iny wee &amp;hellip;.&lt;br /&gt;iny weeny teeny weeny shrivled little short dick man&lt;br /&gt;Pobre, pobrecito&lt;br /&gt;que diablo eso&lt;br /&gt;pobre, pobreci, pobre, probrecito&lt;br /&gt;que, que, que, que, que diablo eso&lt;br /&gt;Don&amp;#39;t don&amp;#39;t don&amp;#39;t don&amp;#39;t&lt;br /&gt;&lt;br&gt;&lt;/p&gt;
</description>
    </item>
    
    <item>
      <title> Shot Dick Man</title>
      <link>http://letraspedia.com/lyric/20-fingers-shot-dick-man/</link>
      <pubDate>Mon, 01 Sep 2008 00:00:00 UTC</pubDate>
      <author>Enthusiastic Hugo User</author>
      <guid>http://letraspedia.com/lyric/20-fingers-shot-dick-man/</guid>
      <description>&lt;p&gt;Ah, ah, ah, ah &amp;hellip;.&lt;br /&gt;&lt;br /&gt;Don&amp;rsquo;t want no short dick man&lt;br /&gt;Don&amp;rsquo;t want no short dick man&lt;br /&gt;Don&amp;rsquo;t want no short dick man&lt;br /&gt;Don&amp;rsquo;t want no short dick man&lt;br /&gt;&lt;br /&gt;Don&amp;rsquo;t don&amp;rsquo;t don&amp;rsquo;t don&amp;rsquo;t don&amp;rsquo;t don&amp;rsquo;t&lt;br /&gt;Don&amp;rsquo;t don&amp;rsquo;t don&amp;rsquo;t don&amp;rsquo;t&lt;br /&gt;Don&amp;rsquo;t want don&amp;rsquo;t want don&amp;rsquo;t want don&amp;rsquo;t want&lt;br /&gt;Don&amp;rsquo;t want no short dick man&lt;br /&gt;Don&amp;rsquo;t want no short dick man&lt;br /&gt;&lt;br /&gt;Iny weeny teeny weeny&lt;br /&gt;Shriveled little short dick man&lt;br /&gt;Don&amp;rsquo;t want don&amp;rsquo;t want don&amp;rsquo;t want&lt;br /&gt;Don&amp;rsquo;t want don&amp;rsquo;t want don&amp;rsquo;t want&lt;br /&gt;Don&amp;rsquo;t want don&amp;rsquo;t want don&amp;rsquo;t want&lt;br /&gt;Don&amp;rsquo;t want don&amp;rsquo;t want don&amp;rsquo;t want&lt;br /&gt;Don&amp;rsquo;t want don&amp;rsquo;t want don&amp;rsquo;t want&lt;br /&gt;&lt;br /&gt;What in the world is that thing?&lt;br /&gt;Do you need some tweezers to put that little thing away&lt;br /&gt;That has got to be the smallest dick&lt;br /&gt;I&amp;rsquo;ve ever seen in my whole life&lt;br /&gt;I have ever seen in my whole life&lt;br /&gt;Get the fuck outta here&lt;br /&gt;&lt;br /&gt;Iny weeny teeny weeny&lt;br /&gt;Shriveled little short dick man&lt;br /&gt;Don&amp;rsquo;t want don&amp;rsquo;t want don&amp;rsquo;t want don&amp;rsquo;t want&lt;br /&gt;Don&amp;rsquo;t want don&amp;rsquo;t want don&amp;rsquo;t want don&amp;rsquo;t want&lt;br /&gt;Don&amp;rsquo;t want&lt;br /&gt;&lt;br /&gt;Uh! uh! uh! &amp;hellip;.&lt;br /&gt;Isn&amp;rsquo;t that cute an extra belly button&lt;br /&gt;You need to put your pants back on honey&lt;br /&gt;&lt;br /&gt;Don&amp;rsquo;t don&amp;rsquo;t don&amp;rsquo;t don&amp;rsquo;t don&amp;rsquo;t don&amp;rsquo;t&lt;br /&gt;Don&amp;rsquo;t don&amp;rsquo;t don&amp;rsquo;t don&amp;rsquo;t&lt;br /&gt;Don&amp;rsquo;t want don&amp;rsquo;t want don&amp;rsquo;t want don&amp;rsquo;t want&lt;br /&gt;Don&amp;rsquo;t want no short dick man&lt;br /&gt;Don&amp;rsquo;t want no short dick man&lt;br /&gt;&lt;br /&gt;Iny wee iny wee &amp;hellip;.&lt;br /&gt;Iny weeny teeny weeny shrivled little short dick man&lt;br /&gt;&lt;br /&gt;Pobre, pobrecito&lt;br /&gt;Que diablo eso&lt;br /&gt;Pobre, pobreci, pobre, probrecito&lt;br /&gt;Que, que, que, que, que diablo eso&lt;br /&gt;&lt;br /&gt;Don&amp;rsquo;t don&amp;rsquo;t don&amp;rsquo;t don&amp;rsquo;t &amp;hellip;.&lt;br /&gt;&lt;br&gt;&lt;/p&gt;
</description>
    </item>
    
  </channel>
</rss>