<?xml version="1.0" encoding="utf-8" standalone="yes" ?>
<rss version="2.0" xmlns:atom="http://www.w3.org/2005/Atom">
  <channel>
      <title>3rd Strike on Letraspedia.com thes best lyrics page </title>
    <link>http://letraspedia.com/artist/3rd-strike/</link>
    <language>en-US</language>
    <author>Enthusiastic Hugo User</author>
    <rights>Copyright (c) 2014, Enthusiastic Hugo User; all rights reserved.</rights>
    <updated>Mon, 01 Sep 2008 00:00:00 UTC</updated>
    
    <item>
      <title> All Lies</title>
      <link>http://letraspedia.com/lyric/3rd-strike-all-lies/</link>
      <pubDate>Mon, 01 Sep 2008 00:00:00 UTC</pubDate>
      <author>Enthusiastic Hugo User</author>
      <guid>http://letraspedia.com/lyric/3rd-strike-all-lies/</guid>
      <description>&lt;p&gt;Lies&lt;br /&gt;catholic faith, american pride, marital vows, the perfect bride&lt;br /&gt;fallin&amp;#39; in love, trust in man, someday you&amp;#39;ll understand&lt;br /&gt;blood runs deeper, equal rights, follow me you&amp;#39;re safe tonight&lt;br /&gt;plastic smile, her tear filled eyes&lt;br /&gt;all of these are fucking lies&lt;br /&gt;Everything that i have seen in my life leaves me blind&lt;br /&gt;all are fuckin&amp;#39; lies&lt;br /&gt;Knight in shining armore karma&lt;br /&gt;dishonor heaven and hell and nirvana&lt;br /&gt;promises perfect and serve believe in me&lt;br /&gt;you have my word&lt;br /&gt;a.d.d. conversing up assassinations beginners luck&lt;br /&gt;brother love caucasian christ&lt;br /&gt;all of these are fucking lies&lt;br /&gt;[chorus]&lt;br /&gt;Fallacies have blackened my soul&lt;br /&gt;and i burn because i feel controlled&lt;br /&gt;so i do what i gotta do&lt;br /&gt;voice my hatred love has faded&lt;br /&gt;jaded by the world that i&amp;#39;m living in&lt;br /&gt;fuck no i ain&amp;#39;t that nodel citizen&lt;br /&gt;just a hood tryin&amp;#39; to get the dividend&lt;br /&gt;seeing right throught those&lt;br /&gt;they just want to keep us down in this life&lt;br /&gt;so we have no insight to what the fuck is really going on&lt;br /&gt;on the inside&lt;br /&gt;desensitized to neutalize&lt;br /&gt;so there&amp;#39;ll be no resistance aimed at their existence&lt;br /&gt;for instance nine to five slave&lt;br /&gt;presistence&lt;br /&gt;brain washing billboards make for big business&lt;br /&gt;subliminal visuals criminal individuals&lt;br /&gt;suits and ties disguise the lies they advertise&lt;br /&gt;i&amp;#39;m checking the damage they&amp;#39;ve done it&amp;#39;s like i&amp;#39;m starin&amp;#39;n at the sun&lt;br /&gt;burnin&amp;#39;&lt;br /&gt;turning my heart into stone left me &lt;br /&gt;alone in this battle zone&lt;br /&gt;there aint no way out&lt;br /&gt;you gotta pay out with &lt;br /&gt;damnation or pacification&lt;br /&gt;[chorus]&lt;br /&gt;Everything that i see all lies&lt;br /&gt;everything that i see all lies&lt;br /&gt;everything that i see all lies&lt;br /&gt;everything that i see all lies&lt;br /&gt;&lt;br&gt;&lt;/p&gt;
</description>
    </item>
    
    <item>
      <title> Blind My Eyes</title>
      <link>http://letraspedia.com/lyric/3rd-strike-blind-my-eyes/</link>
      <pubDate>Mon, 01 Sep 2008 00:00:00 UTC</pubDate>
      <author>Enthusiastic Hugo User</author>
      <guid>http://letraspedia.com/lyric/3rd-strike-blind-my-eyes/</guid>
      <description>&lt;p&gt;I can see that you cant see&lt;br /&gt;the blind leads the blind&lt;br /&gt;one voice one mind&lt;br /&gt;guess you bought the facade&lt;br /&gt;so give up you soul to the tv god now&lt;br /&gt;no struggle no fight&lt;br /&gt;when you&amp;#39;re told what is wrong and told what is right&lt;br /&gt;not a thought not a peep&lt;br /&gt;cuz you have no say in the land of the sheep&lt;br /&gt;living in the land of the sheep&lt;br /&gt;wide awake but fast asleep&lt;br /&gt;cant think for yourself&lt;br /&gt;lie down get beat&lt;br /&gt;by the media&amp;#39;s primary function&lt;br /&gt;brainwash the masses death and destruction&lt;br /&gt;burn my eyes till my sight is blurred&lt;br /&gt;herd the flock where the flock cant be heard&lt;br /&gt;land of the sheep home of the slave&lt;br /&gt;one foot in the grave no we cant be saved&lt;br /&gt;They blind my eyes fear of my mind&lt;br /&gt;resist the system light up let it burn&lt;br /&gt;they blind my eyes for fear of my mind&lt;br /&gt;wont submit to my suicide&lt;br /&gt;Ignorance breeds ignorance&lt;br /&gt;amidst all the pain &lt;br /&gt;anger guilt and shame&lt;br /&gt;violence seems the american dream&lt;br /&gt;its playing 24-7 on the silver screen&lt;br /&gt;Targed our children&lt;br /&gt;product to sell&lt;br /&gt;when you turn 18 locked up already in a cell&lt;br /&gt;no rehabilition&lt;br /&gt;crime vacation&lt;br /&gt;land of the sheep lost generation&lt;br /&gt;Think for yourself&lt;br /&gt;[chorus]&lt;br /&gt;You cant bring me down, cant bring me down&lt;br /&gt;you cant bring me down, cant bring me down&lt;br /&gt;You cant reject me&lt;br /&gt;take away my pride&lt;br /&gt;you say you hate me&lt;br /&gt;how can you hate me&lt;br /&gt;you helped create me&lt;br /&gt;and now i stand&lt;br /&gt;you nightmare has been given life&lt;br /&gt;never die never die&lt;br /&gt;[chorus]&lt;br /&gt;And think for yourself&lt;br /&gt;resist resist&lt;br /&gt;and think for yourself&lt;br /&gt;resist &lt;br /&gt;dont surrender&lt;br /&gt;you have got to think&lt;br /&gt;&lt;br&gt;&lt;/p&gt;
</description>
    </item>
    
    <item>
      <title> Breathe It Out</title>
      <link>http://letraspedia.com/lyric/3rd-strike-breathe-it-out/</link>
      <pubDate>Mon, 01 Sep 2008 00:00:00 UTC</pubDate>
      <author>Enthusiastic Hugo User</author>
      <guid>http://letraspedia.com/lyric/3rd-strike-breathe-it-out/</guid>
      <description>&lt;p&gt;We gotta stop it cuz we cant feed this disease&lt;br /&gt;too many dead and too many living on their knees&lt;br /&gt;heavenly father make us stronger&lt;br /&gt;help us live in pease&lt;br /&gt;kill this fucking sickness&lt;br /&gt;i need to feel my soul release&lt;br /&gt;we done our time&lt;br /&gt;yeah we felt the pain that life can give&lt;br /&gt;everyday steady dying lord&lt;br /&gt;but still we live so confused abused&lt;br /&gt;and still insanity seems the only way that i can feel humanity&lt;br /&gt;Breath it out&lt;br /&gt;or we sink so far down&lt;br /&gt;so far down&lt;br /&gt;Fool you kill your brother&lt;br /&gt;and you think that makes you a man&lt;br /&gt;try to tell his mother why she&amp;#39;ll never see her son again&lt;br /&gt;fucking coward go hid behind your false pride&lt;br /&gt;street talking facade helps you justify this genocide&lt;br /&gt;that&amp;#39;s the card you deal&lt;br /&gt;to hide the pain you feel&lt;br /&gt;claimin&amp;#39; homey love but i&amp;#39;m telling you it isn&amp;#39;t real&lt;br /&gt;no ones got your back when its time for you to go&lt;br /&gt;cuz when you leave this world&lt;br /&gt;you&amp;#39;ll be going out alone&lt;br /&gt;[chorus]&lt;br /&gt;So try to understand &lt;br /&gt;we&amp;#39;ve got to save ourselves&lt;br /&gt;cuz our fate lies in our hands&lt;br /&gt;it&amp;#39;s you and no one else&lt;br /&gt;[chorus]&lt;br /&gt;We gotta breathe it out&lt;br /&gt;we gotta save ourselfes&lt;br /&gt;cry out&lt;br /&gt;kill the violence&lt;br /&gt;cryout&lt;br /&gt;chant the freedom&lt;br /&gt;we gotta breathe it out&lt;br /&gt;we gotta save ourselves&lt;br /&gt;cry out &lt;br /&gt;kill the violence&lt;br /&gt;cry out&lt;br /&gt;chant the freedom&lt;br /&gt;&lt;br&gt;&lt;/p&gt;
</description>
    </item>
    
    <item>
      <title> Flow Heat</title>
      <link>http://letraspedia.com/lyric/3rd-strike-flow-heat/</link>
      <pubDate>Mon, 01 Sep 2008 00:00:00 UTC</pubDate>
      <author>Enthusiastic Hugo User</author>
      <guid>http://letraspedia.com/lyric/3rd-strike-flow-heat/</guid>
      <description>&lt;p&gt;Resist one more time walked the line&lt;br /&gt;burning through the pages of my life&lt;br /&gt;cuz i cant help myself decide&lt;br /&gt;if i wasnt to live or die&lt;br /&gt;try to understand why i&amp;#39;m killing myself with my own hand&lt;br /&gt;no solution&lt;br /&gt;mass confusion&lt;br /&gt;that situation that i&amp;#39;m facing&lt;br /&gt;can&amp;#39;t stop chasing memories&lt;br /&gt;i can&amp;#39;t ignore these casualties&lt;br /&gt;fallacies come with ease off the tongue of the enemy&lt;br /&gt;that voice keeps telling me&lt;br /&gt;gotta find myself&lt;br /&gt;Cant keep living off and on&lt;br /&gt;turn my head and all is gone&lt;br /&gt;can&amp;#39;t let it get the best of me no&lt;br /&gt;time keeps ticking on and on&lt;br /&gt;turn my head and all is gone&lt;br /&gt;Night falls no sleep&lt;br /&gt;start to flow heat&lt;br /&gt;straight to my veins&lt;br /&gt;eliminate the pain&lt;br /&gt;the warm feeling healing my soul&lt;br /&gt;dealing control&lt;br /&gt;sanctuary necessary to let go&lt;br /&gt;and before i die heal myself inside&lt;br /&gt;and before i die kill myself insice&lt;br /&gt;gotta find myself&lt;br /&gt;[chorus]&lt;br /&gt;Cant let go&lt;br /&gt;no way stay clear never back trak&lt;br /&gt;keep you head on straight&lt;br /&gt;know where your hearts at&lt;br /&gt;stay real to yourself&lt;br /&gt;never give up you get up find yourself inside&lt;br /&gt;youself&lt;br /&gt;time marches on and on&lt;br /&gt;and still the same old song&lt;br /&gt;boredom perpetuates stagnation which creates&lt;br /&gt;confusion in you head &lt;br /&gt;depression that you dread&lt;br /&gt;so check that mental health &lt;br /&gt;you got to gree yourself now&lt;br /&gt;gotta find myself&lt;br /&gt;[chorus]&lt;br /&gt;Cant let it get the best of me no&lt;br /&gt;cant let it get the best of me no&lt;br /&gt;cant let it get the best of me no&lt;br /&gt;cant let it get the best of me no&lt;br /&gt;&lt;br&gt;&lt;/p&gt;
</description>
    </item>
    
    <item>
      <title> Hang On</title>
      <link>http://letraspedia.com/lyric/3rd-strike-hang-on/</link>
      <pubDate>Mon, 01 Sep 2008 00:00:00 UTC</pubDate>
      <author>Enthusiastic Hugo User</author>
      <guid>http://letraspedia.com/lyric/3rd-strike-hang-on/</guid>
      <description>&lt;p&gt;The past is gone&lt;br /&gt;fading like the sunset&lt;br /&gt;fills me up inside&lt;br /&gt;dropping like a death threat&lt;br /&gt;well i&amp;#39;m a lover&lt;br /&gt;and then a fighter&lt;br /&gt;no easy rider&lt;br /&gt;just like my fallen brothers&lt;br /&gt;watchin&amp;#39; over me&lt;br /&gt;hip to the game&lt;br /&gt;but the game brought the pain&lt;br /&gt;starin&amp;#39; at the walls&lt;br /&gt;i&amp;#39;m wondering how i&amp;#39;m gonna make it out&lt;br /&gt;destiny to victory&lt;br /&gt;you gotta run before you crawl&lt;br /&gt;you must rise above it&lt;br /&gt;listen up to our life&lt;br /&gt;all your dreams are misgueided&lt;br /&gt;hang on&lt;br /&gt;holding on to your pride&lt;br /&gt;but it wont get you what you want&lt;br /&gt;Life will bring you up &lt;br /&gt;life will put you down&lt;br /&gt;life will build you up&lt;br /&gt;and then burn you down&lt;br /&gt;Step inside and testify&lt;br /&gt;you&amp;#39;re starin&amp;#39; at you death&lt;br /&gt;but you won&amp;#39;t stop to catch you motherfucking breath&lt;br /&gt;petty bangsters playin&amp;#39; up the pranksters&lt;br /&gt;runnin&amp;#39; from the officer&lt;br /&gt;city executioner&lt;br /&gt;come alive dont dive into the violent life&lt;br /&gt;so leave the light on&lt;br /&gt;cause i&amp;#39;ll be coming right on up&lt;br /&gt;quick fast&lt;br /&gt;as i dash for the cash&lt;br /&gt;i&amp;#39;m leaving all those other motherfuckers in the past&lt;br /&gt;[chorus]&lt;br /&gt;&lt;br&gt;&lt;/p&gt;
</description>
    </item>
    
    <item>
      <title> Into Hell Again</title>
      <link>http://letraspedia.com/lyric/3rd-strike-into-hell-again/</link>
      <pubDate>Mon, 01 Sep 2008 00:00:00 UTC</pubDate>
      <author>Enthusiastic Hugo User</author>
      <guid>http://letraspedia.com/lyric/3rd-strike-into-hell-again/</guid>
      <description>&lt;p&gt;It&amp;#39;s all from the heart i say&lt;br /&gt;back down but we&amp;#39;ve come a long way&lt;br /&gt;walk the path to an early grave &lt;br /&gt;see so much hate and so much heartache&lt;br /&gt;when we thought we&amp;#39;ve passed the 25 &lt;br /&gt;others left, but one more still alive&lt;br /&gt;the injustice tears my eyes years of hate or life of heartache&lt;br /&gt; &lt;br /&gt;if you ever need me i&amp;#39;m here &lt;br /&gt;i&amp;#39;ll follow you into anything &lt;br /&gt;if you ever need me i&amp;#39;ll be there &lt;br /&gt;i&amp;#39;ll follow you into hell again&lt;br /&gt; &lt;br /&gt;in this world that we fight each day &lt;br /&gt;it&amp;#39;s kinda&amp;#39; hard to find a brother that&amp;#39;s one in the same&lt;br /&gt;heavy heart weighing on my soul &lt;br /&gt;but i keep my head up bracing for the unknown&lt;br /&gt;bullets fly we&amp;#39;re no longer taking cover&lt;br /&gt;we&amp;#39;ll never die &lt;br /&gt;findin&amp;#39; strengh in one another&lt;br /&gt;as long as we stick together for life&lt;br /&gt;we&amp;#39;ll pass that hate and crush that heartache &lt;br /&gt; &lt;br /&gt;if you ever need me i&amp;#39;m here &lt;br /&gt;i&amp;#39;ll follow you into anything &lt;br /&gt;if you ever need me i&amp;#39;ll be there &lt;br /&gt;i&amp;#39;ll follow you into hell again&lt;br /&gt; &lt;br /&gt;we stand up proud and tall&lt;br /&gt;refuse to take the fall&lt;br /&gt;the flames are burning bright&lt;br /&gt;spread fire to the fight&lt;br /&gt; &lt;br /&gt;you  can take our lives&lt;br /&gt;but you can&amp;#39;t take our pride&lt;br /&gt;we&amp;#39;d rather die on our feet &lt;br /&gt;then live on our knees&lt;br /&gt;from wrong to right&lt;br /&gt;a right to run our lives&lt;br /&gt;it&amp;#39;s who we care&lt;br /&gt;it&amp;#39;s the family we have started&lt;br /&gt; &lt;br /&gt;if you ever need me i&amp;#39;m here &lt;br /&gt;i&amp;#39;ll follow you into anything &lt;br /&gt;if you ever need me i&amp;#39;ll be there &lt;br /&gt;i&amp;#39;ll follow you into hell again&lt;br /&gt; &lt;br /&gt;yeah, you&amp;#39;ll always be my brother&lt;br /&gt;yeah, you&amp;#39;ll always be my friend&lt;br /&gt;yeah you&amp;#39;ll always be my brother&lt;br /&gt;my brother&lt;br /&gt;&lt;br&gt;&lt;/p&gt;
</description>
    </item>
    
    <item>
      <title> Lisa</title>
      <link>http://letraspedia.com/lyric/3rd-strike-lisa/</link>
      <pubDate>Mon, 01 Sep 2008 00:00:00 UTC</pubDate>
      <author>Enthusiastic Hugo User</author>
      <guid>http://letraspedia.com/lyric/3rd-strike-lisa/</guid>
      <description>&lt;p&gt;You convinced yourself you had nothing&lt;br /&gt;nothing left to give&lt;br /&gt;in this world filled with pain&lt;br /&gt;you memory remains&lt;br /&gt;i wish i could have said something&lt;br /&gt;to make you change your mind&lt;br /&gt;but it&amp;#39;s done&lt;br /&gt;it&amp;#39;s too late&lt;br /&gt;Know everything is wrong&lt;br /&gt;know everything is wrong&lt;br /&gt;now that lisa&amp;#39;s gone&lt;br /&gt;I remember when we used to be friends&lt;br /&gt;those high school days are a haze&lt;br /&gt;now i&amp;#39;m amazed&lt;br /&gt;how the years slipped away&lt;br /&gt;memories faded but you were always a queen to me&lt;br /&gt;it&amp;#39;s so sad to see this loss is a tragedy&lt;br /&gt;no lie playing on my sanity&lt;br /&gt;now i shed those tears for your family&lt;br /&gt;and everyone who knew you loved you&lt;br /&gt;what went wrong too young to pass on &lt;br /&gt;i cant believe&lt;br /&gt;i cant believe that you achieved to relieve yourself&lt;br /&gt;a broken girl in a mixed up world walked out the door &lt;br /&gt;i hope you found what you were looking for&lt;br /&gt;[chorus]&lt;br /&gt;Turn another page&lt;br /&gt;i guess that life goes on&lt;br /&gt;take it day by day&lt;br /&gt;it sometimes feels so wrong&lt;br /&gt;turn another page&lt;br /&gt;i guess that life goes on&lt;br /&gt;take it day by day&lt;br /&gt;[chorus]&lt;br /&gt;&lt;br&gt;&lt;/p&gt;
</description>
    </item>
    
    <item>
      <title> No Light</title>
      <link>http://letraspedia.com/lyric/3rd-strike-no-light/</link>
      <pubDate>Mon, 01 Sep 2008 00:00:00 UTC</pubDate>
      <author>Enthusiastic Hugo User</author>
      <guid>http://letraspedia.com/lyric/3rd-strike-no-light/</guid>
      <description>&lt;p&gt;Look away cuz i&amp;#39;m stange in my mind&lt;br /&gt;lets make a place for me&lt;br /&gt;so i feel right inside&lt;br /&gt;Lost what is gone need to know to carry on&lt;br /&gt;if i&amp;#39;d only see the light&lt;br /&gt;maybe then i&amp;#39;d be alright&lt;br /&gt;i know they&amp;#39;d rather see me down&lt;br /&gt;on my knees than on my feet&lt;br /&gt;tell me what&amp;#39;s this world we&amp;#39;re living in&lt;br /&gt;sometimes it seems so strange&lt;br /&gt;On the outside looking in no light&lt;br /&gt;another man with a bloodshot soul&lt;br /&gt;get up dont be one stand up &lt;br /&gt;control destiny dont back away&lt;br /&gt;guns are blasting&lt;br /&gt;hating me&lt;br /&gt;cant take me&lt;br /&gt;i&amp;#39;ve got to survive&lt;br /&gt;first they order the hit&lt;br /&gt;then forget it&amp;#39;s all justified&lt;br /&gt;no retreat defeat&lt;br /&gt;all that compete&lt;br /&gt;life full of tears&lt;br /&gt;sin for 2000 years&lt;br /&gt;Be not afraid thats what they say&lt;br /&gt;i&amp;#39;m fed more lies&lt;br /&gt;see my violent self&lt;br /&gt;all has passed away&lt;br /&gt;but dreams stay alive&lt;br /&gt;[pre chorus]&lt;br /&gt;Test the best&lt;br /&gt;check pride inside minds&lt;br /&gt;never the enemy&lt;br /&gt;i ain&amp;#39;t ever going to die&lt;br /&gt;first you&amp;#39;re here today &lt;br /&gt;and then you&amp;#39;re gone tomorrow&lt;br /&gt;why must we live this way everyday wasting our lives&lt;br /&gt;now all has gone away&lt;br /&gt;i shed a tear of sorrow&lt;br /&gt;too bad we couldn&amp;#39;t stay &lt;br /&gt;one more day follow me tonight&lt;br /&gt;tonight&lt;br /&gt;let&amp;#39;s go fly away tomorrow &lt;br /&gt;where everything&amp;#39;s alright&lt;br /&gt;everything&amp;#39;s alright&lt;br /&gt;[chorus]&lt;br /&gt;&lt;br&gt;&lt;/p&gt;
</description>
    </item>
    
    <item>
      <title> No Light (en Español)</title>
      <link>http://letraspedia.com/lyric/3rd-strike-no-light-en-espanol/</link>
      <pubDate>Mon, 01 Sep 2008 00:00:00 UTC</pubDate>
      <author>Enthusiastic Hugo User</author>
      <guid>http://letraspedia.com/lyric/3rd-strike-no-light-en-espanol/</guid>
      <description>&lt;p&gt;Mira a lo lejos por que soy un extraño en mi mente
&lt;br&gt;Hazme un hueco
&lt;br&gt;así me sentiré bien dentro
&lt;br&gt;
&lt;br&gt;Perdido lo que se fue necesito saber para transmitir
&lt;br&gt;si yo al menos viese la luz
&lt;br&gt;tal vez entonces yo estaría bien
&lt;br&gt;sé que ellos preferirían verme caído
&lt;br&gt;de rodillas en vez de en pie
&lt;br&gt;dicen que el mundo en el que vivimos
&lt;br&gt;a veces parece tan extraño
&lt;br&gt;
&lt;br&gt;Fuera parece no haber ninguna luz
&lt;br&gt;otro hombre con un alma ensangrentada, acribillada
&lt;br&gt;levántate no hay alguien que controle el destino
&lt;br&gt;no te des la vuelta las pistolas disparan, me odian
&lt;br&gt;no podrán tenerme tengo que sobrevivir
&lt;br&gt;primero golpea después olvida todo esta justificado
&lt;br&gt;no hay marcha atrás véncelos a todos completamente
&lt;br&gt;vive pecando colmado de lágrimas durante 2000 años
&lt;br&gt;
&lt;br&gt;No tengas miedo es lo que ellos dicen
&lt;br&gt;alimento más mentiras
&lt;br&gt;mira la  violencia en mi mismo
&lt;br&gt;todo ha fallecido pero los sueños sobreviven
&lt;br&gt;
&lt;br&gt;Prueba, la mejor prueba es el orgullo en la mentalidad
&lt;br&gt;nunca el enemigo jamás seré yo quien vaya a morir
&lt;br&gt;Primero estás aquí hoy
&lt;br&gt;y luego te vas mañana
&lt;br&gt;porqué debemos vivir así a diario gastando
&lt;br&gt;nuestras vidas no todos se han marchado
&lt;br&gt;derramo una lágrima de dolor
&lt;br&gt;demasiado mal no podríamos mantener
&lt;br&gt;un día mas me sigue esta noche, esta noche
&lt;br&gt;vayámonos volando mañana
&lt;br&gt;aquí todo esta bien,
&lt;br&gt;todo esta bien&lt;/p&gt;
</description>
    </item>
    
    <item>
      <title> Paranoid</title>
      <link>http://letraspedia.com/lyric/3rd-strike-paranoid/</link>
      <pubDate>Mon, 01 Sep 2008 00:00:00 UTC</pubDate>
      <author>Enthusiastic Hugo User</author>
      <guid>http://letraspedia.com/lyric/3rd-strike-paranoid/</guid>
      <description>&lt;p&gt;Finished with my woman&lt;br /&gt;cause she couldn&amp;#39;t help me with my mind&lt;br /&gt;people think i&amp;#39;m insane&lt;br /&gt;because i&amp;#39;m frowning all the time&lt;br /&gt;all day long i think of things&lt;br /&gt;but nothing seems to satisfy&lt;br /&gt;thinking i&amp;#39;ll lose my mind&lt;br /&gt;if i dont find something to pacify&lt;br /&gt;can you help me? are you for my brain?&lt;br /&gt;oh yeah&lt;br /&gt;i need someone to show me&lt;br /&gt;the things in life that i cant find&lt;br /&gt;i cant see the things that make &lt;br /&gt;true happiness i must be blind&lt;br /&gt;paranoid&lt;br /&gt;the walls are closing in&lt;br /&gt;i cant breathe cant sleep&lt;br /&gt;afraid to live another day&lt;br /&gt;too late to bow my head and prey&lt;br /&gt;hate flowing through my veins&lt;br /&gt;i cant change re-arrange&lt;br /&gt;just a victim a casualty&lt;br /&gt;war waged on humanity&lt;br /&gt;lost my way in the darkness of the daylight&lt;br /&gt;cant run cant hide&lt;br /&gt;no love no fight&lt;br /&gt;brought to my knees by this fate i cant avoid&lt;br /&gt;scared of my own shadow its a battle living paranoid&lt;br /&gt;make a joke and i will sigh&lt;br /&gt;and you will laugh and i will cry&lt;br /&gt;happiness i can not feel&lt;br /&gt;so love to me is so unreal&lt;br /&gt;and so as you hear these words&lt;br /&gt;telling you now of my state&lt;br /&gt;i tell you to enjoy life&lt;br /&gt;i wish i could but its too late&lt;br /&gt;&lt;br&gt;&lt;/p&gt;
</description>
    </item>
    
    <item>
      <title> Redemption</title>
      <link>http://letraspedia.com/lyric/3rd-strike-redemption/</link>
      <pubDate>Mon, 01 Sep 2008 00:00:00 UTC</pubDate>
      <author>Enthusiastic Hugo User</author>
      <guid>http://letraspedia.com/lyric/3rd-strike-redemption/</guid>
      <description>&lt;p&gt;Would you let me take control&lt;br /&gt;if i told you that i would never love another&lt;br /&gt;build a prison for your soul&lt;br /&gt;with the shelter i provide&lt;br /&gt;surely we could live forever&lt;br /&gt;Feel addiction take control&lt;br /&gt;i know no other way &lt;br /&gt;reality it&amp;#39;s just fantasy again&lt;br /&gt;if i could penetrate your soul&lt;br /&gt;i&amp;#39;d help you find a way to make fantasy reality again&lt;br /&gt;Would you let me take you home fulfill my every need keep you &lt;br /&gt;in this spell you&amp;#39;re under&lt;br /&gt;&amp;#39;cause now&amp;#39;s the time to let you know&lt;br /&gt;if you only take my hand never will there be another&lt;br /&gt;[chorus]&lt;br /&gt;Hold you down again&lt;br /&gt;i wont let you breath&lt;br /&gt;i see redemption in your eyes although i always seem to make you cry&lt;br /&gt;so high off the pain that i give to you&lt;br /&gt;hold you down till you cant breath you cant leave &lt;br /&gt;or perceive that you&amp;#39;re better off without me&lt;br /&gt;i cut you down before you get a chance to doubt me&lt;br /&gt;no love is sicker than the one we&amp;#39;ve found&lt;br /&gt;keep a frown on your face so you&amp;#39;ll never replace me&lt;br /&gt;[chorus]&lt;br /&gt;&lt;br&gt;&lt;/p&gt;
</description>
    </item>
    
    <item>
      <title> Strung Out</title>
      <link>http://letraspedia.com/lyric/3rd-strike-strung-out/</link>
      <pubDate>Mon, 01 Sep 2008 00:00:00 UTC</pubDate>
      <author>Enthusiastic Hugo User</author>
      <guid>http://letraspedia.com/lyric/3rd-strike-strung-out/</guid>
      <description>&lt;p&gt;Listen to me jesus&lt;br /&gt;this disease deceives us&lt;br /&gt;takes us for a flight&lt;br /&gt;then shoots us down&lt;br /&gt;we need some protection from this soul infection&lt;br /&gt;help us save ourselves before we drown&lt;br /&gt;fight on fight on&lt;br /&gt;I cant release myself &lt;br /&gt;calm the storm that builds inside&lt;br /&gt;kill off emotions and i&amp;#39;m strung out again&lt;br /&gt;i cant escape myself&lt;br /&gt;cuz i&amp;#39;ve been running all my life&lt;br /&gt;kill off emotions and i&amp;#39;m sturng out again&lt;br /&gt;A little hit can take away my fears&lt;br /&gt;and make me feel a real man&lt;br /&gt;selling all i have to make me whole&lt;br /&gt;i can feel the fire&lt;br /&gt;fueling me now i&amp;#39;ve lost control&lt;br /&gt;fight on fight on&lt;br /&gt;[chorus]&lt;br /&gt;I&amp;#39;m sick and tired of being sick and fucking tired&lt;br /&gt;heard the last shot rired walked the high wire&lt;br /&gt;no desire left now that i accept&lt;br /&gt;hanging by a rope seen a little bit of hope gotta cope&lt;br /&gt;this aint no fucking joke&lt;br /&gt;cuz my next binge with the syringe might do me in&lt;br /&gt;take me out&lt;br /&gt;down for the count&lt;br /&gt;you&amp;#39;re living in this chaos that aint what i&amp;#39;m about&lt;br /&gt;motherfucker&lt;br /&gt;i see you wasing away&lt;br /&gt;you look at me and you see the same&lt;br /&gt;why must we be normal and sane&lt;br /&gt;why must we live this life of pain&lt;br /&gt;[chorus]&lt;br /&gt;&lt;br&gt;I&amp;#39;m just a slave headed for the grave anyway&lt;br /&gt;i&amp;#39;m just a slave headed for the grave anyway&lt;br /&gt;i&amp;#39;m just a slave headed for the grave anyway&lt;br /&gt;i&amp;#39;m just a slave&lt;br /&gt;&lt;br&gt;&lt;/p&gt;
</description>
    </item>
    
    <item>
      <title> Walked Away</title>
      <link>http://letraspedia.com/lyric/3rd-strike-walked-away/</link>
      <pubDate>Mon, 01 Sep 2008 00:00:00 UTC</pubDate>
      <author>Enthusiastic Hugo User</author>
      <guid>http://letraspedia.com/lyric/3rd-strike-walked-away/</guid>
      <description>&lt;p&gt;Feels so cold to be abandoned&lt;br /&gt;i cant see past what you have done&lt;br /&gt;memoried how they fade away&lt;br /&gt;now you want to come back&lt;br /&gt;i walked away from you&lt;br /&gt;no fuckin&amp;#39; tears for them lost years&lt;br /&gt;i took the pain then i turned it to hatred&lt;br /&gt;so dead to me&lt;br /&gt;no fantasy&lt;br /&gt;my own blood is the enemy remedy&lt;br /&gt;long gone test me be strong&lt;br /&gt;let me move on&lt;br /&gt;kill the memories&lt;br /&gt;that i see only tragedy&lt;br /&gt;from his belt to his hands to his fist&lt;br /&gt;i cant felive this&lt;br /&gt;i cant forgive this&lt;br /&gt;I locked you out&lt;br /&gt;these years&lt;br /&gt;this hatred&lt;br /&gt;cries in my head&lt;br /&gt;you died in my head&lt;br /&gt;Steady coming with that friendly fire&lt;br /&gt;shooting me down&lt;br /&gt;two caps to the back&lt;br /&gt;dropped face first&lt;br /&gt;hit the ground &lt;br /&gt;never around&lt;br /&gt;so in the fucking mind you&amp;#39;re dead&lt;br /&gt;and now that you&amp;#39;re alone you want to be my friend to&lt;br /&gt;foe&lt;br /&gt;who got control&lt;br /&gt;now i&amp;#39;m the one thats walking away&lt;br /&gt;so what do you gotta say&lt;br /&gt;lying bruised and beat&lt;br /&gt;kicked to the curb&lt;br /&gt;you&amp;#39;re not my father dont bother because you never were&lt;br /&gt;take that motherfucker&lt;br /&gt;[chorus]&lt;br /&gt;Striving forever to find who i am&lt;br /&gt;striving forever to find who i am&lt;br /&gt;abandonment how i can taste it&lt;br /&gt;my resentment time to face it&lt;br /&gt;on my knees oh god replace it&lt;br /&gt;cant believe it i cant take it&lt;br /&gt;On the brink of a break down&lt;br /&gt;no love found in my soul&lt;br /&gt;straight from the get go&lt;br /&gt;nothing left in this heart&lt;br /&gt;just a motherfucking stab in the back&lt;br /&gt;back in my life&lt;br /&gt;yeah right&lt;br /&gt;[chorus]&lt;br /&gt;Stabbed in the back&lt;br /&gt;filled with hate&lt;br /&gt;nothing else to say&lt;br /&gt;cuz i walked away&lt;br /&gt;&lt;br&gt;&lt;/p&gt;
</description>
    </item>
    
  </channel>
</rss>