<?xml version="1.0" encoding="utf-8" standalone="yes" ?>
<rss version="2.0" xmlns:atom="http://www.w3.org/2005/Atom">
  <channel>
      <title>3ra Clase on Letraspedia.com thes best lyrics page </title>
    <link>http://letraspedia.com/artist/3ra-clase/</link>
    <language>en-US</language>
    <author>Enthusiastic Hugo User</author>
    <rights>Copyright (c) 2014, Enthusiastic Hugo User; all rights reserved.</rights>
    <updated>Mon, 01 Sep 2008 00:00:00 UTC</updated>
    
    <item>
      <title> Volverte A Enamorar</title>
      <link>http://letraspedia.com/lyric/3ra-clase-volverte-a-enamorar/</link>
      <pubDate>Mon, 01 Sep 2008 00:00:00 UTC</pubDate>
      <author>Enthusiastic Hugo User</author>
      <guid>http://letraspedia.com/lyric/3ra-clase-volverte-a-enamorar/</guid>
      <description>&lt;p&gt;Precoro:
&lt;br&gt;
&lt;br&gt;Sabes en mi vida he aprendido mucho y muchas de esas cosas
&lt;br&gt;escriben tu nombre
&lt;br&gt;debes aceptar que por allá no estas bien como lo dices
&lt;br&gt;o como lo aparentas.
&lt;br&gt;
&lt;br&gt;Puente:
&lt;br&gt;Entiende que, en tu vida hay otro hombre
&lt;br&gt;Pero no en tu corazón
&lt;br&gt;Discúlpame, si incomodo pero de mi parte
&lt;br&gt;No te he olvidado.
&lt;br&gt;
&lt;br&gt;Coro:
&lt;br&gt;Y hoy, hoy, tengo ganas de volverte a enamorar
&lt;br&gt;Y hoy, hoy, (sabes bien que no has podido olvidar)
&lt;br&gt;Nuestra historia tan bonita,
&lt;br&gt;que no acabo
&lt;br&gt;Soy todo lo que necesitas
&lt;br&gt;A tu lado
&lt;br&gt;Puedes tener mil pretendientes
&lt;br&gt;Que no te no convienen
&lt;br&gt;Se nota que aun me prefieres
&lt;br&gt;Que aun me prefieres.
&lt;br&gt;
&lt;br&gt;Verso I
&lt;br&gt;Y aunque ya se que no eres mía
&lt;br&gt;No seré el dueño de tu cuerpo
&lt;br&gt;Pero de tu corazón
&lt;br&gt;Lo soy
&lt;br&gt;
&lt;br&gt;Todo lo que digo, todo lo que tengo
&lt;br&gt;Se que no es lo mas perfecto
&lt;br&gt;Pero estas consiente
&lt;br&gt;Que yo tengo
&lt;br&gt;Esa formula para hacerte sonreír
&lt;br&gt;Cuando te vi con el
&lt;br&gt;Volteaste
&lt;br&gt;Y te reíste y viste
&lt;br&gt;(Que soy el único en tu vida bebe)
&lt;br&gt;
&lt;br&gt;Coro:
&lt;br&gt;Y hoy, hoy, tengo ganas de volverte a enamorar
&lt;br&gt;Y hoy, hoy, (sabes bien que no me has podido olvidar)
&lt;br&gt;2x
&lt;br&gt;
&lt;br&gt;Puente:
&lt;br&gt;Entiende que, en tu vida hay otro hombre
&lt;br&gt;Pero no en tu corazón
&lt;br&gt;Discúlpame, si incomodo pero de mi parte no te eh olvidado.
&lt;br&gt;
&lt;br&gt;Joux- El mas versátil, nosotros somos Viktor y Carlos 3ra Clase
&lt;br&gt;Aja
&lt;br&gt;(Venezuelaaaaa)
&lt;br&gt;
&lt;br&gt;AbimaBeatMaker
&lt;br&gt;
&lt;br&gt;Coro:
&lt;br&gt;(x2)
&lt;br&gt;Y hoy, hoy, tengo ganas de volverte a enamorar
&lt;br&gt;Y hoy, hoy, (sabes bien que no has podido olvidar)
&lt;br&gt;Nuestra historia tan bonita,
&lt;br&gt;Que no acabo
&lt;br&gt;Soy todo lo que necesitas
&lt;br&gt;A tu lado
&lt;br&gt;Puedes tener mil pretendientes
&lt;br&gt;Que no te no convienen
&lt;br&gt;Se nota que aun me prefieres
&lt;br&gt;Que aun me prefieres.
&lt;br&gt;
&lt;br&gt;Final:
&lt;br&gt;Te voy a enamorar
&lt;br&gt;Y te voy a enamorar
&lt;br&gt;Te voy a enamorar
&lt;br&gt;(Sabes mi amor te voy a enamorar)
&lt;br&gt;Te voy a enamorar
&lt;br&gt;Y te voy a enamorar
&lt;br&gt;Te voy a enamorar
&lt;br&gt;(Una vez mas mujer)
&lt;br&gt;
&lt;br&gt;Sabes mi amor, así no estemos juntos tu corazón me pertenece
&lt;br&gt;&lt;/p&gt;
</description>
    </item>
    
  </channel>
</rss>