<?xml version="1.0" encoding="utf-8" standalone="yes" ?>
<rss version="2.0" xmlns:atom="http://www.w3.org/2005/Atom">
  <channel>
      <title>10 Grand on Letraspedia.com thes best lyrics page </title>
    <link>http://letraspedia.com/artist/10-grand/</link>
    <language>en-US</language>
    <author>Enthusiastic Hugo User</author>
    <rights>Copyright (c) 2014, Enthusiastic Hugo User; all rights reserved.</rights>
    <updated>Mon, 01 Sep 2008 00:00:00 UTC</updated>
    
    <item>
      <title> Up, Up And Down</title>
      <link>http://letraspedia.com/lyric/10-grand-up-up-and-down/</link>
      <pubDate>Mon, 01 Sep 2008 00:00:00 UTC</pubDate>
      <author>Enthusiastic Hugo User</author>
      <guid>http://letraspedia.com/lyric/10-grand-up-up-and-down/</guid>
      <description>&lt;p&gt;Up up and down&lt;br /&gt;up up amd down&lt;br /&gt;move your booty all around&lt;br /&gt;thats what we do cause theres a party all around&lt;br /&gt;come with us if you want to get down&lt;br /&gt;so lets go dance around&lt;br /&gt;jump up and down&lt;br /&gt;jump around&lt;br /&gt;(please slow down)&lt;br /&gt;up up down&lt;br /&gt;give him a left hook and knock him down&lt;br /&gt;up up and down&lt;br /&gt;all we like to do is jump around&lt;br /&gt;up up and down&lt;br /&gt;up up and down&lt;br /&gt;show me the triple crown&lt;br /&gt;cause you&amp;#39;re about to hit the ground&lt;br /&gt;up up and down&lt;br /&gt;up up and down&lt;br /&gt;lets move around&lt;br /&gt;cause all you&amp;#39;re going to do is&lt;br /&gt;fall to the ground&lt;br /&gt;(1,2,3,4,5,6,7,8,9,10)&lt;br /&gt;up up and down &lt;br /&gt;up up and down &lt;br /&gt;up up and down&lt;br /&gt;lets go to another town&lt;br /&gt;and party all around&lt;br /&gt;i said up up and down&lt;br /&gt;up up and down &lt;br /&gt;i said move all around&lt;br /&gt;jump jump jump&lt;br /&gt;up up and down&lt;br /&gt;try not to make a frown&lt;br /&gt;please hand me a golden crown&lt;br /&gt;then on the throne, i will sit down&lt;br /&gt;up up and down&lt;br /&gt;up up and down&lt;br /&gt;be careful, you might get knocked down&lt;br /&gt;up up and down&lt;br /&gt;up up and down&lt;br /&gt;            (peace out)&lt;br /&gt;&lt;br&gt;&lt;/p&gt;
</description>
    </item>
    
  </channel>
</rss>