<?xml version="1.0" encoding="utf-8" standalone="yes" ?>
<rss version="2.0" xmlns:atom="http://www.w3.org/2005/Atom">
  <channel>
      <title>12 Stones on Letraspedia.com thes best lyrics page </title>
    <link>http://letraspedia.com/artist/12-stones/</link>
    <language>en-US</language>
    <author>Enthusiastic Hugo User</author>
    <rights>Copyright (c) 2014, Enthusiastic Hugo User; all rights reserved.</rights>
    <updated>Mon, 01 Sep 2008 00:00:00 UTC</updated>
    
    <item>
      <title> 3 Leaf Loser</title>
      <link>http://letraspedia.com/lyric/12-stones-3-leaf-loser/</link>
      <pubDate>Mon, 01 Sep 2008 00:00:00 UTC</pubDate>
      <author>Enthusiastic Hugo User</author>
      <guid>http://letraspedia.com/lyric/12-stones-3-leaf-loser/</guid>
      <description>&lt;p&gt;Biting the hand that feeds you
&lt;br&gt;Lying to the voice inside
&lt;br&gt;Reach out to beg for something
&lt;br&gt;This life is a lesson
&lt;br&gt;Take what you&amp;rsquo;re given
&lt;br&gt;Feeding on self destruction
&lt;br&gt;Waiting to explode again
&lt;br&gt;No sign of resolution
&lt;br&gt;This life is a lesson
&lt;br&gt;Take what you&amp;rsquo;re given
&lt;br&gt;
&lt;br&gt;You don&amp;rsquo;t need direction to find your way
&lt;br&gt;Don&amp;rsquo;t you listen to yourself now and again
&lt;br&gt;Killing time
&lt;br&gt;Killing your mind over matter
&lt;br&gt;Stop and listen to yourself now
&lt;br&gt;
&lt;br&gt;Bend me before I break down
&lt;br&gt;Dying to be free within
&lt;br&gt;It&amp;rsquo;s not how you&amp;rsquo;d like to see it
&lt;br&gt;This life is a lesson
&lt;br&gt;Take what you&amp;rsquo;re given
&lt;br&gt;Forcing yourself solution as you fall into line again
&lt;br&gt;When will I find the answers
&lt;br&gt;This life is a lesson
&lt;br&gt;Take what you&amp;rsquo;re given
&lt;br&gt;
&lt;br&gt;You don&amp;rsquo;t need direction to find your way
&lt;br&gt;Don&amp;rsquo;t you listen to yourself now and again
&lt;br&gt;Killing time
&lt;br&gt;Killing your mind over matter
&lt;br&gt;Stop and listen to yourself now
&lt;br&gt;
&lt;br&gt;Falling to the ground
&lt;br&gt;Left face down as I recall the mirror&amp;rsquo;s ugly glare
&lt;br&gt;Falling to the ground
&lt;br&gt;Left face down as I recall the mirror&amp;rsquo;s ugly glare
&lt;br&gt;Falling to the ground
&lt;br&gt;As I recall
&lt;br&gt;Oh as I recall the mirror&amp;rsquo;s ugly glare
&lt;br&gt;
&lt;br&gt;You don&amp;rsquo;t need direction to find your way
&lt;br&gt;Don&amp;rsquo;t you listen to yourself now and again
&lt;br&gt;Killing time
&lt;br&gt;Killing your mind over matter
&lt;br&gt;Stop and listen to yourself now&lt;/p&gt;
</description>
    </item>
    
    <item>
      <title> 3 Leaf Loser (en Español)</title>
      <link>http://letraspedia.com/lyric/12-stones-3-leaf-loser-en-espanol/</link>
      <pubDate>Mon, 01 Sep 2008 00:00:00 UTC</pubDate>
      <author>Enthusiastic Hugo User</author>
      <guid>http://letraspedia.com/lyric/12-stones-3-leaf-loser-en-espanol/</guid>
      <description>&lt;p&gt;Mordiendo la mano que te alimenta, mintiendo a la voz
&lt;br&gt;de adentro, extiende la mano rogando por algo en esta vida
&lt;br&gt;es una lección, tomando lo que te alimenta
&lt;br&gt;la misma destrucción, esperando para explotar otra vez, ningun
&lt;br&gt;canta de resolución esta vida es una lección, tomas lo que
&lt;br&gt;tu das
&lt;br&gt;
&lt;br&gt;No necesitas la dirección para encontrar tu camino, no
&lt;br&gt;te escuchas ahora y otra vez matando
&lt;br&gt;tiempo, matando tu mente sin importar lo que pase, detenido y
&lt;br&gt;escuchandote ahora
&lt;br&gt;
&lt;br&gt;Curvandome antes de averíarme, muriendo con ser libre,
&lt;br&gt;no es como te gustó verlo esta vida
&lt;br&gt;es una lección, tomas lo que distes forzando
&lt;br&gt;la misma solución como tu caístes dentro de la línes de nuevo, cuando
&lt;br&gt;encontraré la respuesta esta vida es una lección, tomas
&lt;br&gt;lo que tu das
&lt;br&gt;
&lt;br&gt;Callendo a la tierra, boca abajo cuando revoco
&lt;br&gt;los espejos de intensa luz fea&lt;/p&gt;
</description>
    </item>
    
    <item>
      <title> Adrenaline</title>
      <link>http://letraspedia.com/lyric/12-stones-adrenaline/</link>
      <pubDate>Mon, 01 Sep 2008 00:00:00 UTC</pubDate>
      <author>Enthusiastic Hugo User</author>
      <guid>http://letraspedia.com/lyric/12-stones-adrenaline/</guid>
      <description>&lt;p&gt;My heart is beating faster
&lt;br&gt;Can&amp;rsquo;t control these feelings anymore
&lt;br&gt;I&amp;rsquo;ve waited long enough
&lt;br&gt;I want it more than anyone
&lt;br&gt;It&amp;rsquo;s time to step up and deliver what you wanna see
&lt;br&gt;My blood is pumping, now this is how it&amp;rsquo;s gonna be
&lt;br&gt;
&lt;br&gt;It&amp;rsquo;s 45 minutes of love
&lt;br&gt;I wanna see you push and you shove
&lt;br&gt;I&amp;rsquo;ll show you just how far to go
&lt;br&gt;It&amp;rsquo;s time to lose all our control
&lt;br&gt;
&lt;br&gt;So feel it
&lt;br&gt;And I can&amp;rsquo;t control these feelings anymore
&lt;br&gt;Believe it
&lt;br&gt;My heart is racing and I can&amp;rsquo;t seem to get enough
&lt;br&gt;Am I dreaming?
&lt;br&gt;Feels like a drug but I know it&amp;rsquo;s adrenaline
&lt;br&gt;Go
&lt;br&gt;Just feel it
&lt;br&gt;Ooohhhh my heart is beating faster
&lt;br&gt;
&lt;br&gt;My adrenaline reached its limit
&lt;br&gt;I can feel it taking over me
&lt;br&gt;My head is spinning
&lt;br&gt;And it seems like I can hardly breathe
&lt;br&gt;You get a taste
&lt;br&gt;It&amp;rsquo;s like a drug that you don&amp;rsquo;t wanna leave
&lt;br&gt;So if you want it let me see you put your fist in the air
&lt;br&gt;
&lt;br&gt;It&amp;rsquo;s 45 minutes of love
&lt;br&gt;I wanna see you push and shove
&lt;br&gt;I&amp;rsquo;ll show you just how far to go
&lt;br&gt;It&amp;rsquo;s time to lose all control
&lt;br&gt;
&lt;br&gt;So feel it
&lt;br&gt;And I can&amp;rsquo;t control these feelings anymore
&lt;br&gt;Believe it
&lt;br&gt;My heart is racing and I can&amp;rsquo;t seem to get enough
&lt;br&gt;Am I dreaming?
&lt;br&gt;Feels like a drug but I know it&amp;rsquo;s adrenaline
&lt;br&gt;Go
&lt;br&gt;Just feel it
&lt;br&gt;Ooohhhh my heart is beating faster
&lt;br&gt;
&lt;br&gt;My heart is beating faster
&lt;br&gt;Can&amp;rsquo;t control these feelings anymore
&lt;br&gt;I&amp;rsquo;ve waited long enough
&lt;br&gt;I want it more than anyone
&lt;br&gt;It&amp;rsquo;s time to step up and deliver what you wanna see
&lt;br&gt;My blood is pumping, now this is how it&amp;rsquo;s gonna be
&lt;br&gt;
&lt;br&gt;So feel it
&lt;br&gt;And I can&amp;rsquo;t control these feelings anymore
&lt;br&gt;Believe it
&lt;br&gt;My heart is racing and I can&amp;rsquo;t seem to get enough
&lt;br&gt;Am I dreaming?
&lt;br&gt;Feels like a drug but I know it&amp;rsquo;s adrenaline
&lt;br&gt;Go
&lt;br&gt;Just feel it
&lt;br&gt;Ooohhhh my heart is beating faster
&lt;br&gt;
&lt;br&gt;It&amp;rsquo;s 45 minutes of love
&lt;br&gt;
&lt;br&gt;My heart is beating faster
&lt;br&gt;
&lt;br&gt;My heart is beating faster&lt;/p&gt;
</description>
    </item>
    
    <item>
      <title> Adrenaline (español)</title>
      <link>http://letraspedia.com/lyric/12-stones-adrenaline-espanol/</link>
      <pubDate>Mon, 01 Sep 2008 00:00:00 UTC</pubDate>
      <author>Enthusiastic Hugo User</author>
      <guid>http://letraspedia.com/lyric/12-stones-adrenaline-espanol/</guid>
      <description>&lt;p&gt;Mi corazón está latiendo más rápido
&lt;br&gt;No puede controlar estos sentimientos ya
&lt;br&gt;He esperado el tiempo suficiente
&lt;br&gt;Lo quiero más que nadie
&lt;br&gt;Es hora de acelerar y entregar lo que desea ver
&lt;br&gt;Mi sangre es de bombeo, ahora esta es la forma en que va a ser
&lt;br&gt;
&lt;br&gt;Se trata de 45 minutos de amor
&lt;br&gt;Quiero ver a usted y usted empuje empujón
&lt;br&gt;Le mostraré cómo mucho camino por recorrer
&lt;br&gt;Es hora de perder el control de todos nuestros
&lt;br&gt;
&lt;br&gt;Por lo tanto, consideramos que
&lt;br&gt;Y yo no puede controlar estos sentimientos ya
&lt;br&gt;Creo que
&lt;br&gt;Mi corazón es de carreras y me parece que no puede obtener suficiente
&lt;br&gt;¿Estoy soñando?
&lt;br&gt;Se siente como una droga, pero sé que la adrenalina
&lt;br&gt;Ir
&lt;br&gt;Sólo siento que
&lt;br&gt;Ooohhhh mi corazón está latiendo más rápido
&lt;br&gt;
&lt;br&gt;Mi adrenalina llegó a su límite
&lt;br&gt;Puedo sentirlo teniendo sobre mí
&lt;br&gt;Mi cabeza está girando
&lt;br&gt;Y parece que no puedo respirar
&lt;br&gt;Usted obtiene un sabor
&lt;br&gt;Es como una droga que usted no quiere salir
&lt;br&gt;Así que si quieres déjame ver que puso su puño en el aire
&lt;br&gt;
&lt;br&gt;Se trata de 45 minutos de amor
&lt;br&gt;Quiero ver que empujar y empujar
&lt;br&gt;Le mostraré cómo mucho camino por recorrer
&lt;br&gt;Es hora de perder el control de todos los
&lt;br&gt;
&lt;br&gt;Por lo tanto, consideramos que
&lt;br&gt;Y yo no puede controlar estos sentimientos ya
&lt;br&gt;Creo que
&lt;br&gt;Mi corazón es de carreras y me parece que no puede obtener suficiente
&lt;br&gt;¿Estoy soñando?
&lt;br&gt;Se siente como una droga, pero sé que la adrenalina
&lt;br&gt;Ir
&lt;br&gt;Sólo siento que
&lt;br&gt;Ooohhhh mi corazón está latiendo más rápido
&lt;br&gt;
&lt;br&gt;Mi corazón está latiendo más rápido
&lt;br&gt;No puede controlar estos sentimientos ya
&lt;br&gt;He esperado el tiempo suficiente
&lt;br&gt;Lo quiero más que nadie
&lt;br&gt;Es hora de acelerar y entregar lo que desea ver
&lt;br&gt;Mi sangre es de bombeo, ahora esta es la forma en que va a ser
&lt;br&gt;
&lt;br&gt;Por lo tanto, consideramos que
&lt;br&gt;Y yo no puede controlar estos sentimientos ya
&lt;br&gt;Creo que
&lt;br&gt;Mi corazón es de carreras y me parece que no puede obtener suficiente
&lt;br&gt;¿Estoy soñando?
&lt;br&gt;Se siente como una droga, pero sé que la adrenalina
&lt;br&gt;Ir
&lt;br&gt;Sólo siento que
&lt;br&gt;Ooohhhh mi corazón está latiendo más rápido
&lt;br&gt;
&lt;br&gt;Se trata de 45 minutos de amor
&lt;br&gt;
&lt;br&gt;Mi corazón está latiendo más rápido
&lt;br&gt;
&lt;br&gt;Mi corazón está latiendo más rápido.&lt;/p&gt;
</description>
    </item>
    
    <item>
      <title> Anthem For The Underdog</title>
      <link>http://letraspedia.com/lyric/12-stones-anthem-for-the-underdog/</link>
      <pubDate>Mon, 01 Sep 2008 00:00:00 UTC</pubDate>
      <author>Enthusiastic Hugo User</author>
      <guid>http://letraspedia.com/lyric/12-stones-anthem-for-the-underdog/</guid>
      <description>&lt;p&gt;You say you know just who I am
&lt;br&gt;But you can&amp;rsquo;t imagine
&lt;br&gt;What waits for you across the line
&lt;br&gt;You thought you had me
&lt;br&gt;But I&amp;rsquo;m still here standing
&lt;br&gt;And I&amp;rsquo;m tired of backing down
&lt;br&gt;
&lt;br&gt;And I&amp;rsquo;m here now feeling the pain
&lt;br&gt;Of a thousand hearts
&lt;br&gt;Been to hell and back again
&lt;br&gt;I won&amp;rsquo;t take this
&lt;br&gt;
&lt;br&gt;You try so hard to bring me down
&lt;br&gt;You can&amp;rsquo;t break the broken
&lt;br&gt;You still don&amp;rsquo;t seem to understand
&lt;br&gt;It&amp;rsquo;s your turn to see just
&lt;br&gt;How it feels to be me
&lt;br&gt;How it feels to be knocked down
&lt;br&gt;
&lt;br&gt;And you&amp;rsquo;re here now feeling the pain
&lt;br&gt;Of a thousand hearts
&lt;br&gt;You&amp;rsquo;ve been to hell and back again
&lt;br&gt;You can&amp;rsquo;t take this
&lt;br&gt;
&lt;br&gt;Remember
&lt;br&gt;This feeling
&lt;br&gt;
&lt;br&gt;How it feels to be alive
&lt;br&gt;Now you see me through my eyes
&lt;br&gt;And we&amp;rsquo;re here now feeling the beat
&lt;br&gt;Of a thousand hearts
&lt;br&gt;Coming back to life again
&lt;br&gt;We can make it
&lt;br&gt;
&lt;br&gt;Remember
&lt;br&gt;This feeling
&lt;br&gt;Remember&amp;hellip;&lt;/p&gt;
</description>
    </item>
    
    <item>
      <title> Anthem For The Underdog (en Español)</title>
      <link>http://letraspedia.com/lyric/12-stones-anthem-for-the-underdog-en-espanol/</link>
      <pubDate>Mon, 01 Sep 2008 00:00:00 UTC</pubDate>
      <author>Enthusiastic Hugo User</author>
      <guid>http://letraspedia.com/lyric/12-stones-anthem-for-the-underdog-en-espanol/</guid>
      <description>&lt;p&gt;Dices que sabes sencillamente quien soy
&lt;br&gt;pero no puedes imaginar
&lt;br&gt;lo que te espera mas allá de la línea
&lt;br&gt;Creías que me tenias
&lt;br&gt;Pero aún estoy aquí en pie
&lt;br&gt;Y estoy cansado de echarme atrás
&lt;br&gt;
&lt;br&gt;Y aquí ahora estoy
&lt;br&gt;aquí sintiendo el dolor
&lt;br&gt;De mil corazones
&lt;br&gt;Que han estado en el infierno
&lt;br&gt;Y han vuelto
&lt;br&gt;No aceptare esto
&lt;br&gt;
&lt;br&gt;Has intentado derribarme
&lt;br&gt;Tan duramente
&lt;br&gt;Pero no puedes romper
&lt;br&gt;Lo que esta roto
&lt;br&gt;Aun pareces no haber entendido
&lt;br&gt;Que es tu momento para,
&lt;br&gt;Simplemente, ver
&lt;br&gt;Como se siente ser yo
&lt;br&gt;Como se siente el haber sido derrotado
&lt;br&gt;
&lt;br&gt;Y aquí ahora estoy
&lt;br&gt;aquí sintiendo el dolor
&lt;br&gt;De mil corazones
&lt;br&gt;has estado en el infierno y has vuelto
&lt;br&gt;No puedes aceptar esto
&lt;br&gt;
&lt;br&gt;Recuerda este sentimiento
&lt;br&gt;¿Cómo se siente estar vivo?
&lt;br&gt;Ahora me vez a través de mis ojos
&lt;br&gt;
&lt;br&gt;Y estamos aquí ahora sintiendo el latido
&lt;br&gt;De mil corazones volviendo a la vida
&lt;br&gt;otra vez, podemos hacerlo
&lt;br&gt;
&lt;br&gt;recuerda este sentimiento
&lt;br&gt;recuerda&amp;hellip;&lt;/p&gt;
</description>
    </item>
    
    <item>
      <title> Anthem For The Underdog (en Portugues)</title>
      <link>http://letraspedia.com/lyric/12-stones-anthem-for-the-underdog-en-portugues/</link>
      <pubDate>Mon, 01 Sep 2008 00:00:00 UTC</pubDate>
      <author>Enthusiastic Hugo User</author>
      <guid>http://letraspedia.com/lyric/12-stones-anthem-for-the-underdog-en-portugues/</guid>
      <description>&lt;p&gt;Você diz que só você sabe quem eu sou
&lt;br&gt;Mas você não pode imaginar
&lt;br&gt;O que espera por você em toda a linha
&lt;br&gt;Você achava que você tinha me
&lt;br&gt;Mas ainda estou aqui em pé
&lt;br&gt;E eu estou cansada de apoio para baixo
&lt;br&gt;
&lt;br&gt;E agora estou aqui sentindo a dor
&lt;br&gt;De um milhar de corações
&lt;br&gt;Foi para o inferno e de volta outra vez
&lt;br&gt;Não vou tomar essa
&lt;br&gt;
&lt;br&gt;Você tenta tão difícil de pôr-me no chão
&lt;br&gt;Você não pode quebrar o quebrado
&lt;br&gt;Você ainda não parecem compreender
&lt;br&gt;É a sua vez para ver apenas
&lt;br&gt;Como se sente ao ser-me
&lt;br&gt;Como se sente ao ser derrubado
&lt;br&gt;
&lt;br&gt;E você está aqui agora sentindo a dor
&lt;br&gt;De um milhar de corações
&lt;br&gt;Você foi ao inferno e voltar novamente
&lt;br&gt;Você não pode tomar essa
&lt;br&gt;
&lt;br&gt;Lembrar
&lt;br&gt;Este sentimento
&lt;br&gt;
&lt;br&gt;Como se sente por estar vivo
&lt;br&gt;Agora você me vê através dos meus olhos
&lt;br&gt;E nós estamos aqui agora sentir a batida
&lt;br&gt;De um milhar de corações
&lt;br&gt;Voltando novamente à vida
&lt;br&gt;Nós podemos fazer isso
&lt;br&gt;
&lt;br&gt;Lembrar
&lt;br&gt;Este sentimento
&lt;br&gt;Lembre-se &amp;hellip;&lt;/p&gt;
</description>
    </item>
    
    <item>
      <title> Arms Of A Stranger</title>
      <link>http://letraspedia.com/lyric/12-stones-arms-of-a-stranger/</link>
      <pubDate>Mon, 01 Sep 2008 00:00:00 UTC</pubDate>
      <author>Enthusiastic Hugo User</author>
      <guid>http://letraspedia.com/lyric/12-stones-arms-of-a-stranger/</guid>
      <description>&lt;p&gt;I came home early to see you
&lt;br&gt;Couldn&amp;rsquo;t wait to hold you
&lt;br&gt;I&amp;rsquo;ve been away for so long
&lt;br&gt;
&lt;br&gt;But as I walked through the doorway
&lt;br&gt;My heart was shattered
&lt;br&gt;To find that your not alone
&lt;br&gt;
&lt;br&gt;When will I break
&lt;br&gt;Into pieces
&lt;br&gt;It&amp;rsquo;s your mistake
&lt;br&gt;I finally see that
&lt;br&gt;Everything I thought was you was a lie
&lt;br&gt;Now you left love dying
&lt;br&gt;It&amp;rsquo;s in the arms of a stranger
&lt;br&gt;
&lt;br&gt;The days just seem so much longer
&lt;br&gt;Now that I&amp;rsquo;m without you
&lt;br&gt;It never seems to get better
&lt;br&gt;
&lt;br&gt;I&amp;rsquo;ll try to hold it together
&lt;br&gt;And I can&amp;rsquo;t wait for
&lt;br&gt;The day that you fade from my memory
&lt;br&gt;
&lt;br&gt;When will I break
&lt;br&gt;Into pieces
&lt;br&gt;It&amp;rsquo;s your mistake
&lt;br&gt;I finally see that
&lt;br&gt;Everything I thought was you was a lie
&lt;br&gt;Now you left love dying
&lt;br&gt;It&amp;rsquo;s in the arms of a stranger
&lt;br&gt;
&lt;br&gt;In the arms of a stranger
&lt;br&gt;In the arms of a stranger
&lt;br&gt;
&lt;br&gt;When will I break
&lt;br&gt;Into pieces
&lt;br&gt;It&amp;rsquo;s your mistake
&lt;br&gt;
&lt;br&gt;Everything I thought was you was a lie
&lt;br&gt;Now you left love dying
&lt;br&gt;It&amp;rsquo;s in the arms of a stranger
&lt;br&gt;
&lt;br&gt;When will I break
&lt;br&gt;Into pieces
&lt;br&gt;It&amp;rsquo;s your mistake
&lt;br&gt;Everything I thought was you was a lie
&lt;br&gt;Now you left love dying
&lt;br&gt;It&amp;rsquo;s in the arms of a stranger
&lt;br&gt;
&lt;br&gt;When will I break
&lt;br&gt;In the arms of a stranger
&lt;br&gt;It&amp;rsquo;s your mistake
&lt;br&gt;Everything I thought was you was a lie
&lt;br&gt;Now you left love dying
&lt;br&gt;In the arms of a stranger
&lt;br&gt;
&lt;br&gt;I came home early to see you
&lt;br&gt;Couldn&amp;rsquo;t wait to hold you
&lt;br&gt;Your in the arms of a stranger&lt;/p&gt;
</description>
    </item>
    
    <item>
      <title> Arms Of A Stranger (en Español)</title>
      <link>http://letraspedia.com/lyric/12-stones-arms-of-a-stranger-en-espanol/</link>
      <pubDate>Mon, 01 Sep 2008 00:00:00 UTC</pubDate>
      <author>Enthusiastic Hugo User</author>
      <guid>http://letraspedia.com/lyric/12-stones-arms-of-a-stranger-en-espanol/</guid>
      <description>&lt;p&gt;Vine a casa temprano para ver que
&lt;br&gt;No puede esperar a celebrar usted
&lt;br&gt;He estado fuera durante tanto tiempo
&lt;br&gt;
&lt;br&gt;Pero como he caminado a través de la puerta
&lt;br&gt;Mi corazón se hizo pedazos
&lt;br&gt;Para saber que no estamos solos su
&lt;br&gt;
&lt;br&gt;Cuando voy a romper
&lt;br&gt;En pedazos
&lt;br&gt;Es tu error
&lt;br&gt;I finalmente ver que
&lt;br&gt;Todo lo que se pensaba que era una mentira
&lt;br&gt;Ahora que te fuiste amor morir
&lt;br&gt;Está en los brazos de un extraño
&lt;br&gt;
&lt;br&gt;Los días parecen tan sólo mucho más tiempo
&lt;br&gt;Ahora que estoy sin ti
&lt;br&gt;Nunca parece ser cada vez mejores
&lt;br&gt;
&lt;br&gt;Voy a tratar de celebrar juntos
&lt;br&gt;Y no puedo esperar
&lt;br&gt;El día que desaparecer de mi memoria
&lt;br&gt;
&lt;br&gt;Cuando voy a romper
&lt;br&gt;En pedazos
&lt;br&gt;Es tu error
&lt;br&gt;I finalmente ver que
&lt;br&gt;Todo lo que se pensaba que era una mentira
&lt;br&gt;Ahora que te fuiste amor morir
&lt;br&gt;Está en los brazos de un extraño
&lt;br&gt;
&lt;br&gt;En los brazos de un extraño
&lt;br&gt;En los brazos de un extraño
&lt;br&gt;
&lt;br&gt;Cuando voy a romper
&lt;br&gt;En pedazos
&lt;br&gt;Es tu error
&lt;br&gt;
&lt;br&gt;Todo lo que se pensaba que era una mentira
&lt;br&gt;Ahora que te fuiste amor morir
&lt;br&gt;Está en los brazos de un extraño
&lt;br&gt;
&lt;br&gt;Cuando voy a romper
&lt;br&gt;En pedazos
&lt;br&gt;Es tu error
&lt;br&gt;Todo lo que se pensaba que era una mentira
&lt;br&gt;Ahora que te fuiste amor morir
&lt;br&gt;Está en los brazos de un extraño
&lt;br&gt;
&lt;br&gt;Cuando voy a romper
&lt;br&gt;En los brazos de un extraño
&lt;br&gt;Es tu error
&lt;br&gt;Todo lo que se pensaba que era una mentira
&lt;br&gt;Ahora que te fuiste amor morir
&lt;br&gt;En los brazos de un extraño
&lt;br&gt;
&lt;br&gt;Vine a casa temprano para ver que
&lt;br&gt;No puede esperar a celebrar usted
&lt;br&gt;Tu en los brazos de un extraño&lt;/p&gt;
</description>
    </item>
    
    <item>
      <title> Arms Of A Stranger(en Portugues)</title>
      <link>http://letraspedia.com/lyric/12-stones-arms-of-a-strangeren-portugues/</link>
      <pubDate>Mon, 01 Sep 2008 00:00:00 UTC</pubDate>
      <author>Enthusiastic Hugo User</author>
      <guid>http://letraspedia.com/lyric/12-stones-arms-of-a-strangeren-portugues/</guid>
      <description>&lt;p&gt;Cheguei a casa cedo para vê-lo
&lt;br&gt;Não podia esperar para te segurar
&lt;br&gt;Estive fora por tanto tempo
&lt;br&gt;
&lt;br&gt;Mas como eu atravessava a soleira da porta
&lt;br&gt;Meu coração foi desfeito
&lt;br&gt;Para descobrir se o seu não estamos sozinhos
&lt;br&gt;
&lt;br&gt;Quando vou quebrar
&lt;br&gt;Em pedaços
&lt;br&gt;É o seu engano
&lt;br&gt;Eu finalmente ver que
&lt;br&gt;Tudo que eu pensava era que você era uma mentira
&lt;br&gt;Agora você deixou o amor morrer
&lt;br&gt;É nos braços de um estranho
&lt;br&gt;
&lt;br&gt;Os dias parecem tão pouco tempo
&lt;br&gt;Agora que estou sem você
&lt;br&gt;Ele nunca parece estar a ficar melhor
&lt;br&gt;
&lt;br&gt;Vou tentar segurá-la em conjunto
&lt;br&gt;E não posso esperar por
&lt;br&gt;O dia que você fade da minha memória
&lt;br&gt;
&lt;br&gt;Quando vou quebrar
&lt;br&gt;Em pedaços
&lt;br&gt;É o seu engano
&lt;br&gt;Eu finalmente ver que
&lt;br&gt;Tudo que eu pensava era que você era uma mentira
&lt;br&gt;Agora você deixou o amor morrer
&lt;br&gt;É nos braços de um estranho
&lt;br&gt;
&lt;br&gt;Nos braços de um estranho
&lt;br&gt;Nos braços de um estranho
&lt;br&gt;
&lt;br&gt;Quando vou quebrar
&lt;br&gt;Em pedaços
&lt;br&gt;É o seu engano
&lt;br&gt;
&lt;br&gt;Tudo que eu pensava era que você era uma mentira
&lt;br&gt;Agora você deixou o amor morrer
&lt;br&gt;É nos braços de um estranho
&lt;br&gt;
&lt;br&gt;Quando vou quebrar
&lt;br&gt;Em pedaços
&lt;br&gt;É o seu engano
&lt;br&gt;Tudo que eu pensava era que você era uma mentira
&lt;br&gt;Agora você deixou o amor morrer
&lt;br&gt;É nos braços de um estranho
&lt;br&gt;
&lt;br&gt;Quando vou quebrar
&lt;br&gt;Nos braços de um estranho
&lt;br&gt;É o seu engano
&lt;br&gt;Tudo que eu pensava era que você era uma mentira
&lt;br&gt;Agora você deixou o amor morrer
&lt;br&gt;Nos braços de um estranho
&lt;br&gt;
&lt;br&gt;Cheguei a casa cedo para vê-lo
&lt;br&gt;Não podia esperar para te segurar
&lt;br&gt;Seu nos braços de um estranho&lt;/p&gt;
</description>
    </item>
    
    <item>
      <title> Back Up</title>
      <link>http://letraspedia.com/lyric/12-stones-back-up/</link>
      <pubDate>Mon, 01 Sep 2008 00:00:00 UTC</pubDate>
      <author>Enthusiastic Hugo User</author>
      <guid>http://letraspedia.com/lyric/12-stones-back-up/</guid>
      <description>&lt;p&gt;I hear the words you say to me&lt;br /&gt;i see the way you look at me&lt;br /&gt;i know what&amp;#39;s on your mind so&lt;br /&gt;stand up get up back up now&lt;br /&gt;just stay away&lt;br /&gt;I know the fear you hold inside&lt;br /&gt;i know what&amp;#39;s weighing on your mind&lt;br /&gt;there&amp;#39;s nothing you can do so&lt;br /&gt;stand up get up back up&lt;br /&gt;You&amp;#39;re reaching out just to be like me&lt;br /&gt;but you&amp;#39;ve fallen short&lt;br /&gt;still you&amp;#39;re following me&lt;br /&gt;you had the chance to bring me down&lt;br /&gt;but there&amp;#39;s nothing left&lt;br /&gt;so just stay away from me&lt;br /&gt;You can&amp;#39;t stand to see my face&lt;br /&gt;to know you&amp;#39;ll never take my place&lt;br /&gt;there&amp;#39;s nothing you can do but&lt;br /&gt;stand up get up back up now&lt;br /&gt;just stay away&lt;br /&gt;I feel the hate you push on me&lt;br /&gt;i see the things that you can&amp;#39;t see&lt;br /&gt;i know what&amp;#39;s on your mind so&lt;br /&gt;stand up get up back up&lt;br /&gt;It&amp;#39;s not the things you say to me&lt;br /&gt;it&amp;#39;s not the things that i believe&lt;br /&gt;you try to bring me down&lt;br /&gt;so stand up get up back up now just stay away&lt;br /&gt;&lt;br&gt;&lt;/p&gt;
</description>
    </item>
    
    <item>
      <title> Back Up (en Español)</title>
      <link>http://letraspedia.com/lyric/12-stones-back-up-en-espanol/</link>
      <pubDate>Mon, 01 Sep 2008 00:00:00 UTC</pubDate>
      <author>Enthusiastic Hugo User</author>
      <guid>http://letraspedia.com/lyric/12-stones-back-up-en-espanol/</guid>
      <description>&lt;p&gt;Escucho las palabras que me dices
&lt;br&gt;veo la forma en que me ves
&lt;br&gt;sé lo que pasa en tu mente
&lt;br&gt;levántate recibe retrocede ahora
&lt;br&gt;sólo mantente lejos
&lt;br&gt;
&lt;br&gt;Sé el miedo que sostienes por dentro
&lt;br&gt;sé lo que pasa en tu mente
&lt;br&gt;no es nada que yo pueda hacer así que
&lt;br&gt;levántate recibe retrocede ahora
&lt;br&gt;
&lt;br&gt;Estas extendiendo la mano sólo para ser como yo
&lt;br&gt;pero te has caído corto
&lt;br&gt;todavía me sigues
&lt;br&gt;tienes el chance de derrotarme
&lt;br&gt;pero no hay nada
&lt;br&gt;así que mantente lejos de mi
&lt;br&gt;
&lt;br&gt;No puedes estar de pie para ver mi cara
&lt;br&gt;para que sepas tu nunca tomarás mi lugar
&lt;br&gt;no hay nada que tu puedas hacer pero
&lt;br&gt;levántate recibe retrocede ahora
&lt;br&gt;sólo mantente lejos
&lt;br&gt;
&lt;br&gt;Siento el odio que me das
&lt;br&gt;veo las cosas que tu no puedes ver
&lt;br&gt;sé que pasa en tu mente así que
&lt;br&gt;levántate recibe retrocede
&lt;br&gt;
&lt;br&gt;No son las cosas que me dices
&lt;br&gt;no son las cosas que creo
&lt;br&gt;tratas de derrotarme
&lt;br&gt;levántate recibe retrocede ahora
&lt;br&gt;sólo mantente lejos&lt;/p&gt;
</description>
    </item>
    
    <item>
      <title> Back Up (en Portugues)</title>
      <link>http://letraspedia.com/lyric/12-stones-back-up-en-portugues/</link>
      <pubDate>Mon, 01 Sep 2008 00:00:00 UTC</pubDate>
      <author>Enthusiastic Hugo User</author>
      <guid>http://letraspedia.com/lyric/12-stones-back-up-en-portugues/</guid>
      <description>&lt;p&gt;Eu ouvi as palavras que me dizem
&lt;br&gt;i ver a maneira como você olha para mim
&lt;br&gt;Eu sei o que vai na sua mente tão
&lt;br&gt;levante-se levante-se agora voltar para cima
&lt;br&gt;Fiquem longe
&lt;br&gt;Eu conheço o medo que você mantenha dentro
&lt;br&gt;Eu sei o que está pesando na sua mente
&lt;br&gt;não há nada que você possa fazer em
&lt;br&gt;get up stand up backup
&lt;br&gt;Você alcança fora apenas para ser como eu
&lt;br&gt;mas você aquém
&lt;br&gt;Ainda que você está me seguindo
&lt;br&gt;você teve a oportunidade de juntar-me no chão
&lt;br&gt;mas não há nada à esquerda
&lt;br&gt;Só assim se afastar de mim
&lt;br&gt;Você não pode ficar para ver a minha cara
&lt;br&gt;você nunca sabe a tomar o meu lugar
&lt;br&gt;não há nada que você possa fazer, mas
&lt;br&gt;levante-se levante-se agora voltar para cima
&lt;br&gt;Fiquem longe
&lt;br&gt;Eu odeio você sentir a empurrar-me sobre
&lt;br&gt;i ver as coisas que você não pode ver
&lt;br&gt;Eu sei o que vai na sua mente tão
&lt;br&gt;get up stand up backup
&lt;br&gt;Não é para dizer as coisas que você me
&lt;br&gt;não é das coisas que penso
&lt;br&gt;tentar pôr-me no chão
&lt;br&gt;de modo stand up get up backup agora só ficar afastado&lt;/p&gt;
</description>
    </item>
    
    <item>
      <title> Bitter</title>
      <link>http://letraspedia.com/lyric/12-stones-bitter/</link>
      <pubDate>Mon, 01 Sep 2008 00:00:00 UTC</pubDate>
      <author>Enthusiastic Hugo User</author>
      <guid>http://letraspedia.com/lyric/12-stones-bitter/</guid>
      <description>&lt;p&gt;Mother, mother, can you hear me?&lt;br /&gt;i keep trying just to find me&lt;br /&gt;all i know now&lt;br /&gt;all you show me&lt;br /&gt;endless questions&lt;br /&gt;hopeless ending&lt;br /&gt;This bitter pill is pushing me away&lt;br /&gt;and now i feel like there&amp;#39;s nothing left to say&lt;br /&gt;and i pretend to look the other way&lt;br /&gt;but in the end, will i be ok?&lt;br /&gt;Father, father, will you be there?&lt;br /&gt;as i cry out silent again&lt;br /&gt;turning colder frozen deeper&lt;br /&gt;numb to this dream sleeping within&lt;br /&gt;This bitter pill is pushing me away&lt;br /&gt;and now i feel like there&amp;#39;s nothing left to say&lt;br /&gt;and i pretend to look the other way&lt;br /&gt;but in the end, will i be ok?&lt;br /&gt;Before i face another day&lt;br /&gt;won&amp;#39;t you let me stay asleep?&lt;br /&gt;lost among the dreams that always comfort me&lt;br /&gt;and before i find my feet&lt;br /&gt;won&amp;#39;t you show me what i need?&lt;br /&gt;what i need to walk again&amp;hellip;&lt;br /&gt;This bitter pill is pushing me away&lt;br /&gt;and now i feel like there&amp;#39;s nothing left to say&lt;br /&gt;and i pretend to look the other way&lt;br /&gt;but in the end, will i be ok?&lt;br /&gt;will i be ok?&lt;br /&gt;not ok&amp;hellip;&lt;br /&gt;not ok&amp;hellip;&lt;br /&gt;&lt;br&gt;&lt;/p&gt;
</description>
    </item>
    
    <item>
      <title> Bitter (en Español)</title>
      <link>http://letraspedia.com/lyric/12-stones-bitter-en-espanol/</link>
      <pubDate>Mon, 01 Sep 2008 00:00:00 UTC</pubDate>
      <author>Enthusiastic Hugo User</author>
      <guid>http://letraspedia.com/lyric/12-stones-bitter-en-espanol/</guid>
      <description>&lt;p&gt;Madre madre puedes oírme, trato
&lt;br&gt;sólo de encontrarme todo, sé que ahora , todo lo que me enseñastes
&lt;br&gt;interminables preguntas, sin esperanza terminada
&lt;br&gt;
&lt;br&gt;Esta amarga píldora me presiona y ahora siento
&lt;br&gt;como si no hubiera nada que decir y pretendo
&lt;br&gt;mirar el otro camino pero en el fin estaré ok
&lt;br&gt;estaré ok
&lt;br&gt;
&lt;br&gt;Padre padre estarás ahí cuando yo clame
&lt;br&gt;en silencio de nuevo volviendome más frío, congelado más profundamente
&lt;br&gt;entorpeciendo este sueño con sueño
&lt;br&gt;
&lt;br&gt;Antes de que vea otro día, no me he dormido
&lt;br&gt;perdido entre los sueños que siempre me confortaron
&lt;br&gt;y antes de encontrar mi pie, no me enseñes
&lt;br&gt;lo que necesito, lo que necesito para caminar de nuevo&lt;/p&gt;
</description>
    </item>
    
  </channel>
</rss>