<?xml version="1.0" encoding="utf-8" standalone="yes" ?>
<rss version="2.0" xmlns:atom="http://www.w3.org/2005/Atom">
  <channel>
      <title>3ciclo on Letraspedia.com thes best lyrics page </title>
    <link>http://letraspedia.com/artist/3ciclo/</link>
    <language>en-US</language>
    <author>Enthusiastic Hugo User</author>
    <rights>Copyright (c) 2014, Enthusiastic Hugo User; all rights reserved.</rights>
    <updated>Mon, 01 Sep 2008 00:00:00 UTC</updated>
    
    <item>
      <title> Emo</title>
      <link>http://letraspedia.com/lyric/3ciclo-emo/</link>
      <pubDate>Mon, 01 Sep 2008 00:00:00 UTC</pubDate>
      <author>Enthusiastic Hugo User</author>
      <guid>http://letraspedia.com/lyric/3ciclo-emo/</guid>
      <description>&lt;p&gt;Emo
&lt;br&gt;
&lt;br&gt;Escucha porfavor lo que tengo q decir
&lt;br&gt;Es que la verdad yo no se que hacer sin ti
&lt;br&gt;Hay algo q se quema dentro de mi corazon
&lt;br&gt;Muero por tu labios tuyo es mi corazon
&lt;br&gt;
&lt;br&gt;Mi corazon (x4)
&lt;br&gt;
&lt;br&gt;Eres como un sueño del cual no quiero despertar
&lt;br&gt;Dejame explicarte y decirte la verdad
&lt;br&gt;Eres todo para mi pero me haces ver la realidad
&lt;br&gt;Lo veo en tus ojos tu nunca me querras
&lt;br&gt;
&lt;br&gt;No me querras (x4)
&lt;br&gt;
&lt;br&gt;Y la gente me dice no seas tan sentimental
&lt;br&gt;Hay otras mujeres y no todo esta perdido
&lt;br&gt;Yo les contesto con mi triste realidad
&lt;br&gt;Que soy un enamorado mortalmente ofendido
&lt;br&gt;
&lt;br&gt;Ofendido (x4)
&lt;br&gt;
&lt;br&gt;Me has empujado hasta la ultima frontera
&lt;br&gt;Y tu desprecio me hizo ser de otra manera
&lt;br&gt;Te alejaste y yo q tanto te queria
&lt;br&gt;Ahora escucho emo y ataris todo el dia
&lt;br&gt;
&lt;br&gt;Todo el dia (x4)&lt;/p&gt;
</description>
    </item>
    
    <item>
      <title> Hijo Proletario</title>
      <link>http://letraspedia.com/lyric/3ciclo-hijo-proletario/</link>
      <pubDate>Mon, 01 Sep 2008 00:00:00 UTC</pubDate>
      <author>Enthusiastic Hugo User</author>
      <guid>http://letraspedia.com/lyric/3ciclo-hijo-proletario/</guid>
      <description>&lt;p&gt;Hijo Proletario
&lt;br&gt;
&lt;br&gt;Mueran los cerdos
&lt;br&gt;Los capitalistas
&lt;br&gt;Tienen la voz
&lt;br&gt;de un socialista
&lt;br&gt;
&lt;br&gt;odia a los ricos
&lt;br&gt;que tienen dinero
&lt;br&gt;se pasan la vida
&lt;br&gt;fregando al obrero
&lt;br&gt;
&lt;br&gt;(Coro:)
&lt;br&gt;hijo proletario
&lt;br&gt;clase del trabajador
&lt;br&gt;gente esclavizada
&lt;br&gt;por las guerras del patron
&lt;br&gt;
&lt;br&gt;es enemigo
&lt;br&gt;de la propiedad privada
&lt;br&gt;pocos tiene mucho
&lt;br&gt;muchos tienen nada
&lt;br&gt;
&lt;br&gt;ve como los ricos
&lt;br&gt;se quedan con las viejas
&lt;br&gt;si no tienes carro
&lt;br&gt;no les interesas
&lt;br&gt;
&lt;br&gt;(Coro)
&lt;br&gt;
&lt;br&gt;Mueran los cerdos
&lt;br&gt;Los capitalistas
&lt;br&gt;Tienen la voz
&lt;br&gt;de un socialista
&lt;br&gt;
&lt;br&gt;odia a los ricos
&lt;br&gt;que tienen dinero
&lt;br&gt;se pasan la vida
&lt;br&gt;fregando al obrero
&lt;br&gt;
&lt;br&gt;(Coro)&lt;/p&gt;
</description>
    </item>
    
    <item>
      <title> Ya Estas Peludo</title>
      <link>http://letraspedia.com/lyric/3ciclo-ya-estas-peludo/</link>
      <pubDate>Mon, 01 Sep 2008 00:00:00 UTC</pubDate>
      <author>Enthusiastic Hugo User</author>
      <guid>http://letraspedia.com/lyric/3ciclo-ya-estas-peludo/</guid>
      <description>&lt;p&gt;Ya Estas Peludo
&lt;br&gt;
&lt;br&gt;Se levanta en la mañana
&lt;br&gt;Se pone a patinar
&lt;br&gt;Solo huevonea
&lt;br&gt;Ponte a trabajar
&lt;br&gt;
&lt;br&gt;Regresa a su casa
&lt;br&gt;Se pone a tragar
&lt;br&gt;Y solo ve la tele
&lt;br&gt;Que forma de estar
&lt;br&gt;
&lt;br&gt;(Coro:)
&lt;br&gt;Ya estas peludo morro
&lt;br&gt;Ponte a trabajar
&lt;br&gt;Deja ya el patin
&lt;br&gt;Y ponte a chambear (x2)
&lt;br&gt;
&lt;br&gt;Su jefa le dice
&lt;br&gt;Que haga algo con su vida
&lt;br&gt;El morro no la escuchaSe pone a tocar lira
&lt;br&gt;
&lt;br&gt;Le gusta ir a pasear
&lt;br&gt;Le gusta ir a pistear
&lt;br&gt;Nada de estudio
&lt;br&gt;solo huevonear
&lt;br&gt;
&lt;br&gt;(Coro)(x2)
&lt;br&gt;
&lt;br&gt;Y su jefe le dice
&lt;br&gt;Que se ponga a trabajar
&lt;br&gt;Pero el morro no lo escucha
&lt;br&gt;Se va a cotorrear
&lt;br&gt;
&lt;br&gt;Se va con sus compas
&lt;br&gt;Se van a ligar
&lt;br&gt;Por no tener varo
&lt;br&gt;
&lt;br&gt;Los mandan a volar
&lt;br&gt;
&lt;br&gt;(Coro)&lt;/p&gt;
</description>
    </item>
    
  </channel>
</rss>