<?xml version="1.0" encoding="utf-8" standalone="yes" ?>
<rss version="2.0" xmlns:atom="http://www.w3.org/2005/Atom">
  <channel>
      <title>31 Minutos on Letraspedia.com thes best lyrics page </title>
    <link>http://letraspedia.com/artist/31-minutos/</link>
    <language>en-US</language>
    <author>Enthusiastic Hugo User</author>
    <rights>Copyright (c) 2014, Enthusiastic Hugo User; all rights reserved.</rights>
    <updated>Mon, 01 Sep 2008 00:00:00 UTC</updated>
    
    <item>
      <title> Baila Sin Cesar</title>
      <link>http://letraspedia.com/lyric/31-minutos-baila-sin-cesar/</link>
      <pubDate>Mon, 01 Sep 2008 00:00:00 UTC</pubDate>
      <author>Enthusiastic Hugo User</author>
      <guid>http://letraspedia.com/lyric/31-minutos-baila-sin-cesar/</guid>
      <description>&lt;p&gt;Bailar sin cesar bailan sin cesar
&lt;br&gt;hasta que aparezca
&lt;br&gt;cesar y lo arruine todo (x2)
&lt;br&gt;
&lt;br&gt;que no baile cesar
&lt;br&gt;bailan sin cesar
&lt;br&gt;dejenme bailar
&lt;br&gt;hasta que aparezca cesar y lo arruine todo (x2)
&lt;br&gt;que no bailar cesar
&lt;br&gt;yo quiero expresarme
&lt;br&gt;dejenme bailar (x2)
&lt;br&gt;
&lt;br&gt;mi cuerpo pide baile
&lt;br&gt;y ustedes no me dejan
&lt;br&gt;yo quiero expresarme
&lt;br&gt;ser libre con mi cuerpo
&lt;br&gt;bailar es saludable
&lt;br&gt;porque tan mala onda
&lt;br&gt;soy un gran bailarin
&lt;br&gt;yo quiero bailar
&lt;br&gt;
&lt;br&gt;bailan con cesar bailan con cesar
&lt;br&gt;hasta que aparezca cesar y lo alegre todo (x2)
&lt;br&gt;que siga bailando
&lt;br&gt;bailan con cesar
&lt;br&gt;yo voy a bailar
&lt;br&gt;hasta que aparezca cesar y lo arruine todo
&lt;br&gt;hasta que aparezca cesar y lo arruine todo&lt;/p&gt;
</description>
    </item>
    
    <item>
      <title> Baila Sin Nadia Flores</title>
      <link>http://letraspedia.com/lyric/31-minutos-baila-sin-nadia-flores/</link>
      <pubDate>Mon, 01 Sep 2008 00:00:00 UTC</pubDate>
      <author>Enthusiastic Hugo User</author>
      <guid>http://letraspedia.com/lyric/31-minutos-baila-sin-nadia-flores/</guid>
      <description>&lt;p&gt;Baila sin nadia ,baila sin nadia flores
&lt;br&gt;hasta que aparezca nadia y lo arruine todo.
&lt;br&gt;baila sin nadia , baila sin nadia
&lt;br&gt;asta que aparezca nadia y lo arruine todo.
&lt;br&gt;
&lt;br&gt;que no baile nadia.
&lt;br&gt;baila sin nadia  .
&lt;br&gt;¡dejenme bailar¡
&lt;br&gt;asta que aparezca nadia y lo arruine todo.
&lt;br&gt;
&lt;br&gt;baila sin nadia.
&lt;br&gt;dejenme bailar
&lt;br&gt;asta que aparezca nadia  y lo arruine todo.
&lt;br&gt;que no baile nadia.
&lt;br&gt;
&lt;br&gt;yo quiero expresarme.
&lt;br&gt;dejenme bailar.dejenme bailar.
&lt;br&gt;
&lt;br&gt;mi cuerpo pide baile y ustedes no me dejan yo quiero exprearme
&lt;br&gt;ser libre con mi cuerpo bailar es saludable por que tan mala onda
&lt;br&gt;soy un gran bailariin
&lt;br&gt;
&lt;br&gt;¡¡¡¡¡¡¡¡¡¡¡¡¡¡¡¡¡¡ yo quiero bailar ¡¡¡¡¡¡¡¡¡¡¡¡¡¡¡¡¡¡¡¡¡¡¡¡¡¡¡¡¡¡¡¡¡¡¡¡
&lt;br&gt;
&lt;br&gt;baila con nadia baila con nadia
&lt;br&gt;asta que aparezca nadia y lo  alegre todo.
&lt;br&gt;baila con nadia baila con nadia.
&lt;br&gt;
&lt;br&gt;asta que aparezca y nadia lo alegre todo
&lt;br&gt;asta que aparezca y lo alegre todo¡¡¡¡¡¡¡¡¡¡¡¡¡¡¡¡¡¡¡¡¡.
&lt;br&gt;baila sin nadia&lt;/p&gt;
</description>
    </item>
    
    <item>
      <title> Boing Boing</title>
      <link>http://letraspedia.com/lyric/31-minutos-boing-boing/</link>
      <pubDate>Mon, 01 Sep 2008 00:00:00 UTC</pubDate>
      <author>Enthusiastic Hugo User</author>
      <guid>http://letraspedia.com/lyric/31-minutos-boing-boing/</guid>
      <description>&lt;p&gt;Boing, Boing, Boing
&lt;br&gt;sigue así
&lt;br&gt;
&lt;br&gt;Boing, Boing, Boing
&lt;br&gt;
&lt;br&gt;Boing, Boing, Boing
&lt;br&gt;
&lt;br&gt;Boing, Boing, Boing
&lt;br&gt;
&lt;br&gt;Boing, Boing, Boing
&lt;br&gt;
&lt;br&gt;Boing, Boing, Boing
&lt;br&gt;
&lt;br&gt;Boing, Boing, Boing
&lt;br&gt;
&lt;br&gt;Boing, Boing, Boing
&lt;br&gt;
&lt;br&gt;Boing (Boing), Boing, Boing
&lt;br&gt;
&lt;br&gt;Boing, Boing, Boing
&lt;br&gt;
&lt;br&gt;Boing, Boing, Boing, Boing, Boing, Boing, Boing, Boing,
&lt;br&gt; Boing, Boing, Boing, Boing, Boing
&lt;br&gt;
&lt;br&gt;Boing Boing Boing Boing Boing
&lt;br&gt;Bonboronbon&lt;/p&gt;
</description>
    </item>
    
    <item>
      <title> Bonus Track Ratoncitos</title>
      <link>http://letraspedia.com/lyric/31-minutos-bonus-track-ratoncitos/</link>
      <pubDate>Mon, 01 Sep 2008 00:00:00 UTC</pubDate>
      <author>Enthusiastic Hugo User</author>
      <guid>http://letraspedia.com/lyric/31-minutos-bonus-track-ratoncitos/</guid>
      <description>&lt;p&gt;H o la, h o l a,h o l a, h o l a,h o
&lt;br&gt;H o l a, h o l a,h o l a, h o l a,h o
&lt;br&gt;H o l a, h o l a,h o l a, h o l a,h o
&lt;br&gt;
&lt;br&gt;Ratoncitos,Ratoncitos
&lt;br&gt;
&lt;br&gt;Yesterday, yesterday, yesterday
&lt;br&gt;
&lt;br&gt;Y e s t e r d a y , Y e s t e r d a y
&lt;br&gt;
&lt;br&gt;Volver a los 17,Volver a los 17,Volver a los 17
&lt;br&gt;
&lt;br&gt;V o l v e r  a  l os  17
&lt;br&gt;
&lt;br&gt;Macareeeena,macareeeeena,macareeeena
&lt;br&gt;
&lt;br&gt;Macarena,Macarena
&lt;br&gt;
&lt;br&gt;a,a,a,a,a,a,a,a,a,a,a,a,a,a,a,a,a,a
&lt;br&gt;
&lt;br&gt;El Pueblo Uniiiido, El Pueblo Uniiiido,El Pueblo Unido
&lt;br&gt;
&lt;br&gt;Jamás Sera Veeencido
&lt;br&gt;
&lt;br&gt;El Dia Que Me Quieras,El Dia Que Me Quieras,El Dia Que Me Quieras
&lt;br&gt;
&lt;br&gt;El Diaa Que Me Quieras
&lt;br&gt;
&lt;br&gt;El Nivel De Mujeer,El Nivel De Mujeer,El Nivel De Mujeer
&lt;br&gt;
&lt;br&gt;El Nivel De Mujeer
&lt;br&gt;
&lt;br&gt;Baila sin César,Baila sin César
&lt;br&gt;Hasta que aparezca César y lo arruine Todo
&lt;br&gt;
&lt;br&gt;Only you,Ooonly you,only you,Ooonly you
&lt;br&gt;
&lt;br&gt;Only You,Only you
&lt;br&gt;
&lt;br&gt;Sube a Nacer conmigo el malo,Sube a Nacer conmigo el malo,Sube a Nacer conmigo el malo,
&lt;br&gt;
&lt;br&gt;Subee a nacer conmigo
&lt;br&gt;
&lt;br&gt;Pobrecito Mooortal,Pobrecito Mooortal,Pobrecito Mooortal
&lt;br&gt;
&lt;br&gt;Pobrecito moortal
&lt;br&gt;
&lt;br&gt;Eescucha Hermano la canción de la Alegria el canto
&lt;br&gt;Alegre que nos lleva a un nuevo Dia
&lt;br&gt;
&lt;br&gt;Guaantanameeera,Guaantanameeera,Guaantanameeera
&lt;br&gt;
&lt;br&gt;Guaantantanamera
&lt;br&gt;
&lt;br&gt;Si vas Para Chiiiile,Si vas Para Chiiiile,
&lt;br&gt;Si vas Para Chiiiile
&lt;br&gt;
&lt;br&gt;Si vas para Chiile
&lt;br&gt;
&lt;br&gt;Besame muchooo,besame muchooo,besame muchooo
&lt;br&gt;
&lt;br&gt;Besame Muchooooo
&lt;br&gt;
&lt;br&gt;Boing,boing,boing,boing,boing,boing,boing,boing,boing
&lt;br&gt;
&lt;br&gt;The boliche en boliche,the boliche en boliche,the boliche en boliche
&lt;br&gt;
&lt;br&gt;The boliche en Bolichee
&lt;br&gt;
&lt;br&gt;Pavo Reaaaal,Pavo Reaaaal,Pavo Reaaaal,
&lt;br&gt;
&lt;br&gt;Chevere,chevere,chevere,chevere,Chevere,chevere,chevere,chevere
&lt;br&gt;
&lt;br&gt;La voz de los 80,la voz de los 80,la voz de los 80
&lt;br&gt;
&lt;br&gt;La voz de los 80
&lt;br&gt;
&lt;br&gt;laralaralaralaralralarala&lt;/p&gt;
</description>
    </item>
    
    <item>
      <title> Calurosa Navidad</title>
      <link>http://letraspedia.com/lyric/31-minutos-calurosa-navidad/</link>
      <pubDate>Mon, 01 Sep 2008 00:00:00 UTC</pubDate>
      <author>Enthusiastic Hugo User</author>
      <guid>http://letraspedia.com/lyric/31-minutos-calurosa-navidad/</guid>
      <description>&lt;p&gt;Calurosa Navidad, arriba el sol quemando nuestras calles
&lt;br&gt;Calurosa Navidad, Es el sudor que moja nuestros trajes
&lt;br&gt;Aquí no nieva nunca, aquí no hay noches blancas
&lt;br&gt;No hay guerras de nieve pero hay bombas de agua, bombas de agua.
&lt;br&gt;
&lt;br&gt;Voy a la piscina porque hoy es Navidad
&lt;br&gt;De postre hay Sandias porque hoy celebramos Navidad
&lt;br&gt;Mi abuela está en la tina porque hoy es Navidad
&lt;br&gt;Mojo a la vecina porque hoy festejamos Navidad.
&lt;br&gt;
&lt;br&gt;Caen Pastos fritos al pasar
&lt;br&gt;Es tanto el calor que da cuando es Navidad.
&lt;br&gt;
&lt;br&gt;Hago una fogata que no puedo controlar
&lt;br&gt;Luego en los diarios leo que hubo incendio forestal
&lt;br&gt;Uso camiseta, no me importa la humedad
&lt;br&gt;Me estoy derritiendo en honor a la Santa Verdad
&lt;br&gt;Ando en calzoncillos sin Pudor
&lt;br&gt;Es tanto el calor que reina en Navidad.&lt;/p&gt;
</description>
    </item>
    
    <item>
      <title> Cómete Tus Vegetales</title>
      <link>http://letraspedia.com/lyric/31-minutos-comete-tus-vegetales/</link>
      <pubDate>Mon, 01 Sep 2008 00:00:00 UTC</pubDate>
      <author>Enthusiastic Hugo User</author>
      <guid>http://letraspedia.com/lyric/31-minutos-comete-tus-vegetales/</guid>
      <description>&lt;p&gt;Comete tus vegetales,
&lt;br&gt;porque te pueden comer
&lt;br&gt;Comete tus vegetales,
&lt;br&gt;porque te van a comer
&lt;br&gt;Pueden ser muy nutritivos
&lt;br&gt;pero tambien vengativos
&lt;br&gt;Te hacen crecer fuerte y sano,
&lt;br&gt;si esque no les das la mano
&lt;br&gt;Tienen hambre verdadera,
&lt;br&gt;y se pueden comer a cualquiera
&lt;br&gt;Son un ejercito verde,
&lt;br&gt;con lechugas, espicanas, apio y todo lo demás.
&lt;br&gt;
&lt;br&gt;Comete tus vegetales,
&lt;br&gt;porque te pueden comer
&lt;br&gt;Comete tus vegetales,
&lt;br&gt;porque te van a comer
&lt;br&gt;Las frutas parecen buenas,
&lt;br&gt;pero es mejor que tu les temas
&lt;br&gt;Quieren invadir el mundo,
&lt;br&gt;que gobierne un cebollín inmundo
&lt;br&gt;Tienen fierro y vitaminas,
&lt;br&gt;pero hay que sacarselos de encima
&lt;br&gt;Llegnos de odio y de ambicion
&lt;br&gt;si no quieres que te engullan enterito comelos&lt;/p&gt;
</description>
    </item>
    
    <item>
      <title> Diente Blanco (el Remix)</title>
      <link>http://letraspedia.com/lyric/31-minutos-diente-blanco-el-remix/</link>
      <pubDate>Mon, 01 Sep 2008 00:00:00 UTC</pubDate>
      <author>Enthusiastic Hugo User</author>
      <guid>http://letraspedia.com/lyric/31-minutos-diente-blanco-el-remix/</guid>
      <description>&lt;p&gt;Niño :siempre fuiste el mas grande
&lt;br&gt;el que nunca tuvo moca
&lt;br&gt;no tuviste ni una mina
&lt;br&gt;que se te alejara
&lt;br&gt;
&lt;br&gt;y ahora sin previo aviso te atrapaste
&lt;br&gt;ya no cavas a ni una mina como antes
&lt;br&gt;
&lt;br&gt;brillabas cuando la cachabas
&lt;br&gt;y tan bien cuando te masturbaba
&lt;br&gt;los comimos mil minitas
&lt;br&gt;de camila a la tere
&lt;br&gt;
&lt;br&gt;ahora no violas a las minas
&lt;br&gt;no le metes na a la mina
&lt;br&gt;tal vez sea culpa mía
&lt;br&gt;dime pico dímelo
&lt;br&gt;
&lt;br&gt;o pico explícame por que te vas ahora
&lt;br&gt;si herí tus sentimientos perdóname
&lt;br&gt;pico.. pico biola
&lt;br&gt;
&lt;br&gt;pico : amigo por mi no te preocupes voy a estar mal
&lt;br&gt;al cielo de los picos pronto llegare
&lt;br&gt;las minas que cachamos nunca olvidare
&lt;br&gt;por haberme masturbado
&lt;br&gt;siempre te agradeceré
&lt;br&gt;
&lt;br&gt;niño: no me olvides yo si te olvidare
&lt;br&gt;pico:en cielo de los picos
&lt;br&gt;yo de ti me acordare
&lt;br&gt;un pico mas grande a mi me remplazara
&lt;br&gt;todos los días lo voy a masturbar
&lt;br&gt;
&lt;br&gt;o pico
&lt;br&gt;amigo
&lt;br&gt;o pico
&lt;br&gt;amigo
&lt;br&gt;pico
&lt;br&gt;amigooooo&lt;/p&gt;
</description>
    </item>
    
    <item>
      <title> Diente Blanco (original)</title>
      <link>http://letraspedia.com/lyric/31-minutos-diente-blanco-original/</link>
      <pubDate>Mon, 01 Sep 2008 00:00:00 UTC</pubDate>
      <author>Enthusiastic Hugo User</author>
      <guid>http://letraspedia.com/lyric/31-minutos-diente-blanco-original/</guid>
      <description>&lt;p&gt;JHON QUIJADA: Diente blanco
&lt;br&gt;no te vayas&amp;hellip;
&lt;br&gt;
&lt;br&gt;Siempre fuiste el mas blanco
&lt;br&gt;el que nunca tuvo sarro
&lt;br&gt;no tuviste picaduras
&lt;br&gt;ni una sola carie&amp;hellip;.
&lt;br&gt;y ahora
&lt;br&gt;sin previo aviso te soltaste
&lt;br&gt;no masticas nada como antes&amp;hellip;
&lt;br&gt;Brillabas cuando sonreias
&lt;br&gt;masticabamos pastillas
&lt;br&gt;nos comimos mil costillas
&lt;br&gt;sopaipillas con pure
&lt;br&gt;ahora no trituras nada
&lt;br&gt;no muerdes leche nevada
&lt;br&gt;talvez sea culpa mia
&lt;br&gt;¡dime diente, dimelo!
&lt;br&gt;oh diente explicame porque te vas ahora
&lt;br&gt;si heri tus sentimientos perdoname.
&lt;br&gt;diente
&lt;br&gt;diente blanco no te vayas
&lt;br&gt;
&lt;br&gt;DIENTE: amigo por mi no te preocupes
&lt;br&gt;voy a estar bien
&lt;br&gt;en el cielo de los dientes
&lt;br&gt;pronto ¡llegare!
&lt;br&gt;las cosas que comimos nunca olvidare
&lt;br&gt;por haberme cepillado
&lt;br&gt;siempre te agradecere!!
&lt;br&gt;
&lt;br&gt;JHON : no me olvides
&lt;br&gt;yo jamas te olvidare
&lt;br&gt;DIENTE : en el cielo de los dientes
&lt;br&gt;yo de ti me acordare,
&lt;br&gt;un diente mas grande a mi me reemplazara
&lt;br&gt;JHON : todos los dias lo voy a cepillar
&lt;br&gt;
&lt;br&gt;JHON: oh diente
&lt;br&gt;DIENTE : amigo
&lt;br&gt;
&lt;br&gt;JHON : oh d i e n t e
&lt;br&gt;DIENTE : a m i g o
&lt;br&gt;
&lt;br&gt;JHON : o h    d   i   e   n   t   e
&lt;br&gt;DIENTE : A  M   I   G   O    O !!!!!&lt;/p&gt;
</description>
    </item>
    
    <item>
      <title> Diente Blanco No Te Vayas</title>
      <link>http://letraspedia.com/lyric/31-minutos-diente-blanco-no-te-vayas/</link>
      <pubDate>Mon, 01 Sep 2008 00:00:00 UTC</pubDate>
      <author>Enthusiastic Hugo User</author>
      <guid>http://letraspedia.com/lyric/31-minutos-diente-blanco-no-te-vayas/</guid>
      <description>&lt;p&gt;Diente blanco no te vayas.
&lt;br&gt;
&lt;br&gt;Siempre fuiste el mas blanco
&lt;br&gt;El que nunca tuvo sarro
&lt;br&gt;No tuviste picaduras
&lt;br&gt;Ni una sola carie.
&lt;br&gt;
&lt;br&gt;Y ahora sin previo aviso te soltaste
&lt;br&gt;Ya no masticas nada como antes.
&lt;br&gt;
&lt;br&gt;Brillabas cuando sonreia
&lt;br&gt;Y mascabamos pastillas
&lt;br&gt;Nos comimos mil costillas
&lt;br&gt;Sopaipillas con pure
&lt;br&gt;Ahora no trituras nada
&lt;br&gt;No muerdes leche nevada
&lt;br&gt;Tal vez sea culpa mia
&lt;br&gt;Dime diente dimelo.
&lt;br&gt;
&lt;br&gt;Oh diente explicame porque te vas ahora
&lt;br&gt;Si heri tus sentimientos perdoname.
&lt;br&gt;
&lt;br&gt;Diente
&lt;br&gt;Diente Blanco .
&lt;br&gt;
&lt;br&gt;Amigo por mi no te preocupes
&lt;br&gt;Voy a estar bien.
&lt;br&gt;Al cielo de los dientes pronto llegare
&lt;br&gt;Las cosas que comimos nunca olvidare
&lt;br&gt;Por haberme cepillado
&lt;br&gt;Siempre te agradecere.
&lt;br&gt;
&lt;br&gt;No me olvides yo jamas te olvidare
&lt;br&gt;En el cielo de los dientes yo de ti me acordare
&lt;br&gt;Un diente mas grande a mi me reemplazara
&lt;br&gt;Todos los dias lo voy a cepillar.
&lt;br&gt;
&lt;br&gt;Oh diente
&lt;br&gt;Amigo
&lt;br&gt;Oh diente
&lt;br&gt;Amigo
&lt;br&gt;
&lt;br&gt;Oh diente
&lt;br&gt;AmigOOOOOOOOOOOOOOOOOOOOOOO¡ .&lt;/p&gt;
</description>
    </item>
    
    <item>
      <title> Diente Negro Vete</title>
      <link>http://letraspedia.com/lyric/31-minutos-diente-negro-vete/</link>
      <pubDate>Mon, 01 Sep 2008 00:00:00 UTC</pubDate>
      <author>Enthusiastic Hugo User</author>
      <guid>http://letraspedia.com/lyric/31-minutos-diente-negro-vete/</guid>
      <description>&lt;p&gt;Siempre fuiste el mas negro
&lt;br&gt;el que siempre tuvo sarro
&lt;br&gt;tuviste 1000 picaduras
&lt;br&gt;y cientos de caries
&lt;br&gt;
&lt;br&gt;ahora sin previo aviso
&lt;br&gt;te aferrare y te dijo:
&lt;br&gt;
&lt;br&gt;diente negro vete de aqui
&lt;br&gt;tengo una boca sana
&lt;br&gt;y no eres
&lt;br&gt;digno de mi
&lt;br&gt;
&lt;br&gt;Diente:
&lt;br&gt;amigo dime por que me hechas
&lt;br&gt;ahora
&lt;br&gt;si herí tus sentimientos
&lt;br&gt;perdóname
&lt;br&gt;
&lt;br&gt;vete
&lt;br&gt;amigo
&lt;br&gt;
&lt;br&gt;vete
&lt;br&gt;amigo
&lt;br&gt;
&lt;br&gt;vete
&lt;br&gt;amigoooo!&lt;/p&gt;
</description>
    </item>
    
    <item>
      <title> Dinosaurio Anacleto</title>
      <link>http://letraspedia.com/lyric/31-minutos-dinosaurio-anacleto/</link>
      <pubDate>Mon, 01 Sep 2008 00:00:00 UTC</pubDate>
      <author>Enthusiastic Hugo User</author>
      <guid>http://letraspedia.com/lyric/31-minutos-dinosaurio-anacleto/</guid>
      <description>&lt;p&gt;Soy un dinosaurio y me llamo anacleto
&lt;br&gt;por cosas del destino no mori en la glaciacion
&lt;br&gt;mis amigos se extinguieron me dejaron solo
&lt;br&gt;y tuve que resignarme a esta situacion
&lt;br&gt;
&lt;br&gt;me aburria mucho porque no tenia parientes
&lt;br&gt;nadie conocido con quien salir a jugar
&lt;br&gt;tuve que inventarme amigos para entretenerme
&lt;br&gt;sentarme frente a un espejo para conversar
&lt;br&gt;
&lt;br&gt;pero una mañana decidi cambiar mi suerte
&lt;br&gt;y mande un proyecto para la television
&lt;br&gt;se trataba de un programa para la familia
&lt;br&gt;con cantantes y concursos, mucha diversión
&lt;br&gt;
&lt;br&gt;el gerente del canal me llamo a su oficina
&lt;br&gt;le encanto el programa y me dijo agamoslo
&lt;br&gt;firmamos contratos y despues de un par de meses
&lt;br&gt;yo me convertí en figura de televisoooOohoOn
&lt;br&gt;
&lt;br&gt;conoci a  las estrellas de las portadas
&lt;br&gt;uh uh uh
&lt;br&gt;sumergido en la fama y en el placér
&lt;br&gt;hu hu hu
&lt;br&gt;me compre autos caros, una casa en la playa
&lt;br&gt;pero no fuí feliz
&lt;br&gt;pero no fui feliz
&lt;br&gt;no fui feliz
&lt;br&gt;
&lt;br&gt;todavia extrañaba a mis amigos dinosaurios
&lt;br&gt;y a los cabernicolas que nos querian cazar
&lt;br&gt;por eso un buen me vine a vivir al campo
&lt;br&gt;a cambiar la fama por amigos de verdaad&lt;/p&gt;
</description>
    </item>
    
    <item>
      <title> Doggy Style</title>
      <link>http://letraspedia.com/lyric/31-minutos-doggy-style/</link>
      <pubDate>Mon, 01 Sep 2008 00:00:00 UTC</pubDate>
      <author>Enthusiastic Hugo User</author>
      <guid>http://letraspedia.com/lyric/31-minutos-doggy-style/</guid>
      <description>&lt;p&gt;Nuestro amo ya se fue a su trabajo,
&lt;br&gt;la casa esta vacia ahora nosotros mandamos.
&lt;br&gt;Hay montañas de comida en el refrigerador
&lt;br&gt;y un monton de basura dan en la television
&lt;br&gt;
&lt;br&gt;Nos olemos el trasero, asustamos al gato
&lt;br&gt;mordemos los cojinesnos, ponemos zapatos
&lt;br&gt;¿quien dijo que la vida de perros era un horror?
&lt;br&gt;andar con slips es lo mejor
&lt;br&gt;
&lt;br&gt;(CORO)
&lt;br&gt;cuando Mario Hugo no esta
&lt;br&gt;bailamos el cha-cha-cha
&lt;br&gt;nuestro estilo es singular
&lt;br&gt;lo llamamos DOGGY STYLE
&lt;br&gt;
&lt;br&gt;Copi-copi, elemento, adjetivo, mente en blanco
&lt;br&gt;se comieron las cortinas
&lt;br&gt;la alfombra usaron de baño
&lt;br&gt;mientras chaucha, coliforme, tepo-tepo y yo no fui
&lt;br&gt;se subieron a la cama yo los vi, si.
&lt;br&gt;
&lt;br&gt;Fierro malo, palmerita, neumatex y cortachurro
&lt;br&gt;nadaron en el acuario y se fumaron unos puros
&lt;br&gt;etcetera enjuago en la lavadora a maletin,
&lt;br&gt;si llega Mario Hugo este es el fin.
&lt;br&gt;
&lt;br&gt;(CORO)
&lt;br&gt;Cuando Mario Hugo no esta,
&lt;br&gt;parrandeamos de verdad,
&lt;br&gt;esto es mas que una hermandad,
&lt;br&gt;me refiero al DOGGY STYLE.
&lt;br&gt;
&lt;br&gt;Mario ya esta por llegar
&lt;br&gt;y la casa hay que ordenar,
&lt;br&gt;volveremos a babear,
&lt;br&gt;mover la cola y ladrar,
&lt;br&gt;sera el fin de DOGGY STYLE,
&lt;br&gt;pero siempre volvera&amp;hellip;&lt;/p&gt;
</description>
    </item>
    
    <item>
      <title> Drácula, Calígula, Tarántula</title>
      <link>http://letraspedia.com/lyric/31-minutos-dracula-caligula-tarantula/</link>
      <pubDate>Mon, 01 Sep 2008 00:00:00 UTC</pubDate>
      <author>Enthusiastic Hugo User</author>
      <guid>http://letraspedia.com/lyric/31-minutos-dracula-caligula-tarantula/</guid>
      <description>&lt;p&gt;Minutos antes que cierren el videoclub
&lt;br&gt;entro sigiloso. Digo apaga la luz.
&lt;br&gt;El tipo que atiende abre una puerta secreta
&lt;br&gt;donde guarda las películas siniestras.
&lt;br&gt;
&lt;br&gt;Sé que es un error, pero no puedo evitarlo.
&lt;br&gt;Llevo una de terror, me tiemblan las manos.
&lt;br&gt;Las he visto todas al revés y al derecho:
&lt;br&gt;gritos, monstruos, ratas y un engendro mal hecho.
&lt;br&gt;
&lt;br&gt;Cuando llego a casa mi abuela toma el té
&lt;br&gt;y guiñando el ojo pregunta ¿cómo te fue?.
&lt;br&gt;Levanto el pulgar en señal de aprobación
&lt;br&gt;y ella se desplaza sin llamar la atención.
&lt;br&gt;
&lt;br&gt;Vamos al altillo donde está el aparato.
&lt;br&gt;Es una horrenda noche para estar con
&lt;br&gt;
&lt;br&gt;Drácula, Calígula,
&lt;br&gt;y el lento caminar de una tarántula.
&lt;br&gt;Nos gusta ver películas
&lt;br&gt;que asustan y nos dejan como a un crápula.
&lt;br&gt;
&lt;br&gt;Drácula, Calígula,
&lt;br&gt;y el lento caminar de una tarántula.
&lt;br&gt;Nos gusta ver películas
&lt;br&gt;que me ponen los pelos de punta
&lt;br&gt;
&lt;br&gt;¡Me castañetean los dientes!
&lt;br&gt;
&lt;br&gt;Al momento de acostarme estoy muy despierto,
&lt;br&gt;veo sombras en la ventana y sé que son muertos.
&lt;br&gt;Los escucho, se escaparon del televisor,
&lt;br&gt;vienen a buscarme. ¡Abuelita, qué horror!
&lt;br&gt;
&lt;br&gt;Me levanto transpirando, agarro la movie,
&lt;br&gt;salgo temblando a la calle, ¡parezco Scooby!
&lt;br&gt;
&lt;br&gt;Llego al videoclub, pero está archi-cerrado
&lt;br&gt;y aunque no veo a nadie sé que siguen a mi lado
&lt;br&gt;
&lt;br&gt;Drácula, Calígula,
&lt;br&gt;y el lento caminar de una tarántula.
&lt;br&gt;Nos gusta ver películas
&lt;br&gt;que asustan y nos dejan como a un crápula.
&lt;br&gt;
&lt;br&gt;Drácula, Calígula,
&lt;br&gt;y el lento caminar de una tarántula.
&lt;br&gt;Nos gusta ver películas
&lt;br&gt;que me ponen los pelos de punta
&lt;br&gt;
&lt;br&gt;Drácula
&lt;br&gt;Calígula
&lt;br&gt;Tarántula
&lt;br&gt;Esdrújula&lt;/p&gt;
</description>
    </item>
    
    <item>
      <title> El Arrepentimiento De Juan Carlo Bodoque</title>
      <link>http://letraspedia.com/lyric/31-minutos-el-arrepentimiento-de-juan-carlo-bodoque/</link>
      <pubDate>Mon, 01 Sep 2008 00:00:00 UTC</pubDate>
      <author>Enthusiastic Hugo User</author>
      <guid>http://letraspedia.com/lyric/31-minutos-el-arrepentimiento-de-juan-carlo-bodoque/</guid>
      <description>&lt;p&gt;¿Porqué fui tan irresponsable, si todo era muy, pero muy simple?
&lt;br&gt;¿Por qué aposté los regalos, si no eran míos?
&lt;br&gt;¿Como les explico a mis amigos que esta Navidad será tan, pero tan triste?
&lt;br&gt;No sé porqué.
&lt;br&gt;
&lt;br&gt;¿Por qué tenías que apostar? No me pude aguantar
&lt;br&gt;¿Por qué tenías que apostar?
&lt;br&gt;
&lt;br&gt;Y ahora, ahora estoy destruido, no tengo escapatoria
&lt;br&gt;Si tuviera un mísero regalo, lo apostaría de nuevo para recuperar los otros, lo sé
&lt;br&gt;Es el juego de esta maldita enfermedad que no me abandona
&lt;br&gt;No sé porqué.
&lt;br&gt;
&lt;br&gt;¿Por qué tenías que apostar? Quería una gran Navidad
&lt;br&gt;¿Como lo vas a explicar? Mi conciencia me va a liquidar
&lt;br&gt;¿Qué culpa debes enfrentar? La cara tengo que dar
&lt;br&gt;¿Por qué tenías que apostar? ¡No, Ah!
&lt;br&gt;¡Mira mi muerte!&amp;hellip; Que apostar
&lt;br&gt;¡Porqué he de morir!&amp;hellip; Que apostar
&lt;br&gt;¡Ah!&amp;hellip; Que apostar.
&lt;br&gt;
&lt;br&gt;Oh, creo encontré la solución.&lt;/p&gt;
</description>
    </item>
    
    <item>
      <title> El Dinosaurio Anacleto</title>
      <link>http://letraspedia.com/lyric/31-minutos-el-dinosaurio-anacleto/</link>
      <pubDate>Mon, 01 Sep 2008 00:00:00 UTC</pubDate>
      <author>Enthusiastic Hugo User</author>
      <guid>http://letraspedia.com/lyric/31-minutos-el-dinosaurio-anacleto/</guid>
      <description>&lt;p&gt;Soy un dinosaurio y me llamo anacleto
&lt;br&gt;por cosa del destino no mori en la glaciacion
&lt;br&gt;mis amigos se extinguieron me dejaron solo
&lt;br&gt;tuve que enfrentarme a esta situacion
&lt;br&gt;
&lt;br&gt;me aburria todo el tiempo porque no tenia parientes
&lt;br&gt;nadie conocido con quien salir a jugar
&lt;br&gt;tuve que inventarme amigos para entretenerme
&lt;br&gt;sentarme frente a un espejo para conversar
&lt;br&gt;
&lt;br&gt;hasta que un buen día decidi cambiar mi suerte
&lt;br&gt;y mande un proyecto para la television
&lt;br&gt;se trataba de un programa para la familia
&lt;br&gt;con cantantes y concursos mucha diversión
&lt;br&gt;
&lt;br&gt;el gerente del canal me llama a su oficina
&lt;br&gt;le encanto el programa y me dijo agamoslo
&lt;br&gt;firmamos contratos y en un par de meses
&lt;br&gt;yo me convertí en figura de televisoo0o0o0on
&lt;br&gt;
&lt;br&gt;conoci a  las estrellas de las portadas
&lt;br&gt;sumergido en la fama y en el placér
&lt;br&gt;hu hu hu hu
&lt;br&gt;ME COMPRE AUTOS CAROS Y UNA CASA EN LA PLAYA.
&lt;br&gt;pero no fuí feliz no fui feliz
&lt;br&gt;
&lt;br&gt;todavia extrañaba a mis amigos dinosaurios
&lt;br&gt;y a los cabernicolas que nos querian comer
&lt;br&gt;por eso decidi ir a vivir al campo
&lt;br&gt;a cambiar la fama por amigos de verdaad&lt;/p&gt;
</description>
    </item>
    
  </channel>
</rss>