<?xml version="1.0" encoding="utf-8" standalone="yes" ?>
<rss version="2.0" xmlns:atom="http://www.w3.org/2005/Atom">
  <channel>
      <title>3rd Storee on Letraspedia.com thes best lyrics page </title>
    <link>http://letraspedia.com/artist/3rd-storee/</link>
    <language>en-US</language>
    <author>Enthusiastic Hugo User</author>
    <rights>Copyright (c) 2014, Enthusiastic Hugo User; all rights reserved.</rights>
    <updated>Mon, 01 Sep 2008 00:00:00 UTC</updated>
    
    <item>
      <title> All I Do</title>
      <link>http://letraspedia.com/lyric/3rd-storee-all-i-do/</link>
      <pubDate>Mon, 01 Sep 2008 00:00:00 UTC</pubDate>
      <author>Enthusiastic Hugo User</author>
      <guid>http://letraspedia.com/lyric/3rd-storee-all-i-do/</guid>
      <description>&lt;p&gt;[d-smoove] &lt;br /&gt;Come on, listen up now &lt;br /&gt;3rd storee on the rise come on &lt;br /&gt;Yab yum on top come on &lt;br /&gt;I&amp;#39;m in the studio caked up (caked up) &lt;br /&gt;I leave the session when you wake up (wake up) &lt;br /&gt;Only rock the beats with the deep cuts (deep cuts) &lt;br /&gt;We all screaming 3rd storee what, what &lt;br /&gt;I met shorty on sunset (on sunset) &lt;br /&gt;Bumping newark on the tape deck (tape deck) &lt;br /&gt;I got the number you can bet that (oh you can bet that) &lt;br /&gt;I got three friends don&amp;#39;t forget that ya heard me &lt;br /&gt;&lt;br /&gt;[jay-r] &lt;br /&gt;Shorty had a little back caught my eye &lt;br /&gt;Bounce getting jiggy with her sexy thigh &lt;br /&gt;She blew my mind, she was all so fine &lt;br /&gt;I think about her now most every night &lt;br /&gt;I like the way her style got me hypnotized &lt;br /&gt;Be so fly, i gotta make her mine &lt;br /&gt;&lt;br /&gt;&lt;a href=&#34;lil&amp;amp;#39;man&#34;&gt;3rd storee&lt;/a&gt; &lt;br /&gt;1- all i do is (when i can&amp;#39;t get no sleep i) &lt;br /&gt;Think about you (you&amp;#39;re everything to me baby) &lt;br /&gt;How am i supposed to (be alone, know i just can&amp;#39;t) &lt;br /&gt;Chill without you (chill without your love) &lt;br /&gt;&lt;br /&gt;[jay-r] &lt;br /&gt;I wanna know what i can do &lt;br /&gt;To get me closer to you &lt;br /&gt;I wanna know the do&amp;#39;s and don&amp;#39;t&amp;#39;s &lt;br /&gt;What can i do to get you &lt;br /&gt;&lt;br /&gt;[lil&amp;#39;man] &lt;br /&gt;Everyday, i think about it everyday &lt;br /&gt;If i could only have you babe oh yeah &lt;br /&gt;&lt;br /&gt;Repeat 1 (2x) &lt;br /&gt;&lt;br /&gt;[lil&amp;#39;man] &lt;br /&gt;I can&amp;#39;t explain what i see in your eyes &lt;br /&gt;But i know it comes from deep inside &lt;br /&gt;&lt;br&gt;And everyday i wish that i could see &lt;br /&gt;The girl that always be inside my dreams baby &lt;br /&gt;&lt;br /&gt;Repeat 1 till end&lt;br /&gt;&lt;br&gt;&lt;/p&gt;
</description>
    </item>
    
    <item>
      <title> Dry Your Eyes</title>
      <link>http://letraspedia.com/lyric/3rd-storee-dry-your-eyes/</link>
      <pubDate>Mon, 01 Sep 2008 00:00:00 UTC</pubDate>
      <author>Enthusiastic Hugo User</author>
      <guid>http://letraspedia.com/lyric/3rd-storee-dry-your-eyes/</guid>
      <description>&lt;p&gt;[lil&amp;#39;man] &lt;br /&gt;Girl there&amp;#39;s something that&amp;#39;s telling me &lt;br /&gt;That you&amp;#39;re in need of company &lt;br /&gt;And you need it now &lt;br /&gt;So i&amp;#39;m willing to comfort you &lt;br /&gt;For all, all the pain that you&amp;#39;re going through &lt;br /&gt;So baby don&amp;#39;t&amp;hellip; &lt;br /&gt;&lt;br /&gt;[3rd storee] &lt;br /&gt;1- girl don&amp;#39;t cry, dry your eyes &lt;br /&gt;You don&amp;#39;t have to be alone &lt;br /&gt;I&amp;#39;ll be there for you &lt;br /&gt;Girl don&amp;#39;t cry, dry your eyes &lt;br /&gt;If there&amp;#39;s anything that you need &lt;br /&gt;Come get it from me &lt;br /&gt;&lt;br /&gt;[lil&amp;#39;man] &lt;br /&gt;And everyday that passes by, darling i cry &lt;br /&gt;For every tear that draws from your eye &lt;br /&gt;So baby don&amp;#39;t, baby don&amp;#39;t &lt;br /&gt;Don&amp;#39;t you worry cause i&amp;#39;ll be here &lt;br /&gt;Don&amp;#39;t fear my dear &lt;br /&gt;I&amp;#39;ll wash away your every tear &lt;br /&gt;Oh baby, baby girl don&amp;#39;t cry &lt;br /&gt;&lt;br /&gt;Repeat 1 &lt;br /&gt;&lt;br /&gt;[d-smoove] &lt;br /&gt;Girl call me if you ever feeling down &lt;br /&gt;I said call me if you need a real man i&amp;#39;m â&amp;#128;round &lt;br /&gt;If you ever in need of a man with sensitivity call me &lt;br /&gt;Baby it&amp;#39;s driving me crazy to see you cry &lt;br /&gt;Girl dry your eyes crying another minute took a chance &lt;br /&gt;To put you by for a one night stand &lt;br /&gt;Of romance, my love&amp;#39;s a hand see &lt;br /&gt;With me is where you outta be girl can&amp;#39;t you see &lt;br /&gt;I wanna get with you, gotta get with you &lt;br /&gt;Feeling to be with you &lt;br /&gt;&lt;br&gt;Can you feel me, yeah feel me baby &lt;br /&gt;&lt;br /&gt;&lt;a href=&#34;lil&amp;amp;#39;man&#34;&gt;jay-r&lt;/a&gt; &lt;br /&gt;Well i&amp;#39;ll be there for ya baby &lt;br /&gt;(you can come get it from me) &lt;br /&gt;I&amp;#39;m always here for ya baby &lt;br /&gt;(you can come get it from me) &lt;br /&gt;Don&amp;#39;t have to fear nothing baby &lt;br /&gt;(you can come get it from me) &lt;br /&gt;Take away your tears little lady &lt;br /&gt;(get it, get it, get it from me baby) &lt;br /&gt;Well i&amp;#39;ll be there for ya baby &lt;br /&gt;(girl don&amp;#39;t cry) &lt;br /&gt;I&amp;#39;m always here for ya baby &lt;br /&gt;(dry your eyes) &lt;br /&gt;Don&amp;#39;t have to fear nothing baby &lt;br /&gt;(girl don&amp;#39;t cry) &lt;br /&gt;Take away your tears little lady &lt;br /&gt;(get it, get it, get it from me baby) &lt;br /&gt;&lt;br /&gt;Repeat 1 till end&lt;br /&gt;&lt;/p&gt;
</description>
    </item>
    
    <item>
      <title> Get With Me</title>
      <link>http://letraspedia.com/lyric/3rd-storee-get-with-me/</link>
      <pubDate>Mon, 01 Sep 2008 00:00:00 UTC</pubDate>
      <author>Enthusiastic Hugo User</author>
      <guid>http://letraspedia.com/lyric/3rd-storee-get-with-me/</guid>
      <description>&lt;p&gt;(intro)&lt;br /&gt;you should get with me&lt;br /&gt;if you get with me&lt;br /&gt;you should get with me&lt;br /&gt;if you get with me&lt;br /&gt;(repeat)&lt;br /&gt;Do i look like i&amp;#39;m fakin with you&lt;br /&gt;(&amp;amp; i) am out to hurt you&lt;br /&gt;(&amp;amp; i) don&amp;#39;t care about you&lt;br /&gt;(&amp;amp; i) just wouldn&amp;#39;t love you&lt;br /&gt;(&amp;amp; i) would get me to you&lt;br /&gt;(&amp;amp; i) just wanted from you&lt;br /&gt;(&amp;amp; i) was not out to please you&lt;br /&gt;(&amp;amp; i) could show you i&amp;#39;m true&lt;br /&gt;(if i) gave my world to you&lt;br /&gt;(if i) showed you how i do&lt;br /&gt;(if i) made your words untrue&lt;br /&gt;(if i) tell you i need you&lt;br /&gt;(if i) set my heart for you&lt;br /&gt;(if i) can&amp;#39;t live without you&lt;br /&gt;(if i) can&amp;#39;t sleep without you&lt;br /&gt;would you know i&amp;#39;m feelin you&amp;hellip;&lt;br /&gt;(chorus)&lt;br /&gt;what do i do &lt;br /&gt;to show you that i&amp;#39;m really feelin you&lt;br /&gt;you would feel me&lt;br /&gt;if you just let me get next to you&lt;br /&gt;i know i&amp;#39;ll know &lt;br /&gt;whatever it takes to please you&lt;br /&gt;baby you&amp;#39;ll see &lt;br /&gt;if you just let me get next to you (repeat)&lt;br /&gt;If you would just hear what i say&lt;br /&gt;(if you) would just look my way&lt;br /&gt;(if you) would not turn away&lt;br /&gt;(if you) would see i don&amp;#39;t play&lt;br /&gt;(if you) just listen to me&lt;br /&gt;(if you) knew what i can be&lt;br /&gt;(if you) would play into me&lt;br /&gt;(if you) were open to me&lt;br /&gt;(then you) would see what i&amp;#39;m &amp;#39;bout&lt;br /&gt;(then you) know how i get down&lt;br /&gt;(then you) would see i can please&lt;br /&gt;(then you) would really want me&lt;br /&gt;(then you) you know that i&amp;#39;m true&lt;br /&gt;(then you) would see that i&amp;#39;m into you&lt;br /&gt;(then you) you might decide&lt;br /&gt;to make it me and you&amp;hellip;&lt;br /&gt;(chorus)&lt;br /&gt;Ba-by-with-time-you-will-find-i&amp;#39;ll-give-you-ev-ery-thing-you-want-&amp;amp; need&lt;br /&gt;(chorus)&lt;br /&gt;3x&amp;#39;s&lt;br /&gt;&lt;/p&gt;
</description>
    </item>
    
    <item>
      <title> Him Or Me</title>
      <link>http://letraspedia.com/lyric/3rd-storee-him-or-me/</link>
      <pubDate>Mon, 01 Sep 2008 00:00:00 UTC</pubDate>
      <author>Enthusiastic Hugo User</author>
      <guid>http://letraspedia.com/lyric/3rd-storee-him-or-me/</guid>
      <description>&lt;p&gt;[lil&amp;#39;man] &lt;br /&gt;You have got me thinking &lt;br /&gt;Something&amp;#39;s going down &lt;br /&gt;Cause lately here you aint been much around &lt;br /&gt;You&amp;#39;ve been hanging out &lt;br /&gt;&lt;br /&gt;[jay-r] &lt;br /&gt;Baby what&amp;#39;s on your mind &lt;br /&gt;Maybe some other guy &lt;br /&gt;Girl it aint really about no mystery &lt;br /&gt;Now it&amp;#39;s really not hard to tell &lt;br /&gt;It&amp;#39;s just something that i can feel &lt;br /&gt;And my honey aint being straight with me &lt;br /&gt;Oh is it&amp;hellip; &lt;br /&gt;&lt;br /&gt;[3rd storee] &lt;br /&gt;1- is it him or is it me &lt;br /&gt;Tell me what&amp;#39;s it gonna be &lt;br /&gt;Think it&amp;#39;s time you deal straight up &lt;br /&gt;Get real, it&amp;#39;s now girl or never &lt;br /&gt;&lt;br /&gt;[lil&amp;#39;man] &lt;br /&gt;You say that i&amp;#39;m tripping &lt;br /&gt;Play me like i&amp;#39;m wrong &lt;br /&gt;Keep this up and i might be gone &lt;br /&gt;Before we end this song &lt;br /&gt;&lt;br /&gt;[jay-r] &lt;br /&gt;Baby what&amp;#39;s up with you &lt;br /&gt;Was you thinking that i&amp;#39;m your fool &lt;br /&gt;Girl we gotta clear up this mystery &lt;br /&gt;If you&amp;#39;re gonna be down with me &lt;br /&gt;Then you gotta be â&amp;#128;round just me &lt;br /&gt;Aint about to just let you dis on me &lt;br /&gt;Oh is it&amp;hellip; &lt;br /&gt;&lt;br /&gt;Repeat 1 (2x) &lt;br /&gt;&lt;br /&gt;[d-smoove] &lt;br /&gt;Now it&amp;#39;s now or never, i&amp;#39;m much too clever &lt;br /&gt;Taking trips around the world it don&amp;#39;t matter, whatever &lt;br /&gt;The price may be, it&amp;#39;s either him or me &lt;br /&gt;It dress fresh at the toe in my latest tommy &lt;br /&gt;Laugh with you, he don&amp;#39;t even walk with you &lt;br /&gt;Talk with you, he don&amp;#39;t do the things i do &lt;br /&gt;Are for you, you know that my love is true &lt;br /&gt;And i do anything you want me to come on &lt;br /&gt;&lt;br /&gt;Repeat 1 &lt;br /&gt;&lt;br /&gt;[d-smoove] &lt;br /&gt;What he got that i don&amp;#39;t have &lt;br /&gt;&lt;br&gt;Do he do his thing do he ever make you laugh &lt;br /&gt;Do he ever make you smile make you feel proud &lt;br /&gt;Make you wanna put yo hands up scream loud &lt;br /&gt;Why you wanna keep a brotha like d waiting, anticipating &lt;br /&gt;While he out on the street mad playa hatin&amp;#39; &lt;br /&gt;He steady stating, that you and him will be together &lt;br /&gt;I guarantee you go with him you&amp;#39;ll fall like a feather &lt;br /&gt;&lt;br /&gt;Repeat 1 till end&lt;br /&gt;&lt;/p&gt;
</description>
    </item>
    
    <item>
      <title> If Ever</title>
      <link>http://letraspedia.com/lyric/3rd-storee-if-ever/</link>
      <pubDate>Mon, 01 Sep 2008 00:00:00 UTC</pubDate>
      <author>Enthusiastic Hugo User</author>
      <guid>http://letraspedia.com/lyric/3rd-storee-if-ever/</guid>
      <description>&lt;p&gt;Theres someone in love with you, you know &lt;br /&gt;Just dont want to let their feelings show &lt;br /&gt;Because they&amp;#39;re not sure that you, could ever feel the same &lt;br /&gt;But now he would like to take the chance &lt;br /&gt;And hope that you both would find romance &lt;br /&gt;In case you are willing &lt;br /&gt;Theres something i&amp;#39;d like you to know &lt;br /&gt;&lt;br /&gt;(chorus): &lt;br /&gt;Girl if ever you call me &lt;br /&gt;I&amp;#39;m there for you girl right or wrong &lt;br /&gt;I&amp;#39;m telling you now girl &lt;br /&gt;If ever you need me &lt;br /&gt;I promise you i give you my all &lt;br /&gt;&lt;br /&gt;Someone who will love and sacrafice &lt;br /&gt;Who knows what it means to treat you right &lt;br /&gt;Someone who wont change his mind &lt;br /&gt;But always feel the same &lt;br /&gt;He wants you to open up your heart &lt;br /&gt;And hopes that true love might one day start &lt;br /&gt;Girl if you are willing &lt;br /&gt;Theres something i&amp;#39;d like you to know baby baby &lt;br /&gt;&lt;br /&gt;(repeat chorus) &lt;br /&gt;&lt;br /&gt;Darling here&amp;#39;s my heart (repeat) &lt;br /&gt;Please take care my darling dear &lt;br /&gt;Cause i, &lt;br /&gt;I do, &lt;br /&gt;Love you, &lt;br /&gt;Its true &lt;br /&gt;And i hope that you are willing girl &lt;br /&gt;To love me in return &lt;br /&gt;And if you are i want you to know &lt;br /&gt;&lt;br /&gt;(repeat chorus till end)&lt;br /&gt;&lt;br&gt;&lt;/p&gt;
</description>
    </item>
    
    <item>
      <title> If They Only Knew</title>
      <link>http://letraspedia.com/lyric/3rd-storee-if-they-only-knew/</link>
      <pubDate>Mon, 01 Sep 2008 00:00:00 UTC</pubDate>
      <author>Enthusiastic Hugo User</author>
      <guid>http://letraspedia.com/lyric/3rd-storee-if-they-only-knew/</guid>
      <description>&lt;p&gt;Residential kid&lt;br /&gt;Yab yum&lt;br /&gt;3rd storee&lt;br /&gt;&lt;br /&gt;I could love you for the rest of my life&lt;br /&gt;Set it off right, be my wife&lt;br /&gt;We make moves (uh huh) dam if they only knew&lt;br /&gt;Ill never hurt you&lt;br /&gt;&lt;br /&gt;They say you do me wrong&lt;br /&gt;They say i can&amp;rsquo;t be strong&lt;br /&gt;Are we the only one to,&lt;br /&gt;All: can see what&amp;rsquo;s goin&amp;rsquo; on?&lt;br /&gt;They say that you and me&lt;br /&gt;Were never meant to be&lt;br /&gt;I wish that they knew about are love&lt;br /&gt;How much you mean to me&lt;br /&gt;&lt;br /&gt;&lt;br /&gt;I was the only one to ever wanna be&lt;br /&gt;The kind of man to take your every love and be your favorite&lt;br /&gt;&lt;br /&gt;Course:&lt;br /&gt;Why don&amp;rsquo;t they just try, try and realize that you make it&lt;br /&gt;All right when you look in to my eyes&lt;br /&gt;&lt;br /&gt;Wish they can see what you do to me&lt;br /&gt;If they knew how i feel (i still love you)&lt;br /&gt;&lt;br /&gt;They don&amp;rsquo;t see what i see&lt;br /&gt;They don&amp;rsquo;t see you and me&lt;br /&gt;They think i any made of crystal and diamond rings&lt;br /&gt;They need to realize&lt;br /&gt;That when i see your eyes&lt;br /&gt;It makes me happy just be in you life&lt;br /&gt;(open your eyes)&lt;br /&gt;&lt;br /&gt;Your eyes&lt;br /&gt;Is fine&lt;br /&gt;It seems you&amp;rsquo;re the girl of my dreams&lt;br /&gt;&lt;br /&gt;(course)&lt;br /&gt;&lt;br /&gt;&lt;br /&gt;I got love for yea&lt;br /&gt;Your mom say forget it you will never be a lawyer&lt;br /&gt;Thinkin back when i first saw yea&lt;br /&gt;Back in high school beaten tom soya&lt;br /&gt;I saw yea&lt;br /&gt;Now, many playa hatein because they&lt;br /&gt;Think i&amp;rsquo;m out partyin&lt;br /&gt;Cops hear my aver ain&amp;rsquo;t and handed me a card again&lt;br /&gt;Life was a shortly, shouldn&amp;rsquo;t be so rough&lt;br /&gt;I love you, so should that be enough&lt;br /&gt;Come on&lt;br /&gt;&lt;br /&gt;(course) why ay.&lt;br /&gt;Why? why, why, why baby&lt;br /&gt;I wish they can see what you do to me baby&lt;br /&gt;I wish they can stick to our life&amp;rsquo;s baby&lt;br /&gt;&lt;br /&gt;(course)&lt;br /&gt;Ohh girl&lt;br /&gt;Why don&amp;rsquo;t they just try&lt;br /&gt;Do to me, do to me girl&lt;br /&gt;I know that i&amp;rsquo;m young yea&lt;br /&gt;But i know it&amp;rsquo;s in my heart&lt;br /&gt;&lt;br /&gt;(continue course)&lt;br /&gt;&lt;br&gt;&lt;/p&gt;
</description>
    </item>
    
    <item>
      <title> My Friend</title>
      <link>http://letraspedia.com/lyric/3rd-storee-my-friend/</link>
      <pubDate>Mon, 01 Sep 2008 00:00:00 UTC</pubDate>
      <author>Enthusiastic Hugo User</author>
      <guid>http://letraspedia.com/lyric/3rd-storee-my-friend/</guid>
      <description>&lt;p&gt;&lt;a href=&#34;3rd storee&#34;&gt;lil&amp;#39;man&lt;/a&gt; &lt;br /&gt;Ooh, aw yeah, oh yeah, yeah, yeah &lt;br /&gt;Ooh baby, aw yeah, oh &lt;br /&gt;I never wanna see you girl my friend &lt;br /&gt;(girl my friend) &lt;br /&gt;A year ago in school is where &lt;br /&gt;It all began (it all began) &lt;br /&gt;I walk you to the bus stop like everyday &lt;br /&gt;And after then, we&amp;#39;d meet again, i&amp;#39;d feel ok &lt;br /&gt;It came as a surprise &lt;br /&gt;You were like one of the guys &lt;br /&gt;Going to the crew (we&amp;#39;d all act a fool) &lt;br /&gt;Then one day you came to me &lt;br /&gt;(day you came to me) &lt;br /&gt;And i&amp;#39;m with you unhappy &lt;br /&gt;But what should i do &lt;br /&gt;How can i tell you &lt;br /&gt;&lt;br /&gt;[3rd storee] &lt;br /&gt;1- i&amp;#39;ve been holding back so long &lt;br /&gt;Thinking what i feel is wrong &lt;br /&gt;Can&amp;#39;t believe i feel in love &lt;br /&gt;With such a friend of mine &lt;br /&gt;You are everything to me &lt;br /&gt;It&amp;#39;s a shame i couldn&amp;#39;t see &lt;br /&gt;All the feelings rearranging &lt;br /&gt;Right before my eyes &lt;br /&gt;&lt;br /&gt;&lt;a href=&#34;3rd storee&#34;&gt;lil&amp;#39;man&lt;/a&gt; &lt;br /&gt;I don&amp;#39;t wanna take the risk of losing you &lt;br /&gt;And if i have to keep it to myself &lt;br /&gt;That&amp;#39;s what i&amp;#39;ll do &lt;br /&gt;I get butterflies when i see you staring my way &lt;br /&gt;Writing letters to myself to think of what to say &lt;br /&gt;It&amp;#39;s a feeling i can&amp;#39;t hide (can&amp;#39;t hide) &lt;br /&gt;It&amp;#39;s destroying me inside (inside) &lt;br /&gt;My life is gone all week â&amp;#128;cause i can&amp;#39;t get no sleep &lt;br /&gt;And the way i look at you &lt;br /&gt;Has got to catch the clues &lt;br /&gt;And it&amp;#39;s all to see &lt;br /&gt;How you will respond to me &lt;br /&gt;&lt;br /&gt;Repeat 1 (2x) &lt;br /&gt;&lt;br /&gt;&lt;a href=&#34;girl&#34;&gt;d-smoove&lt;/a&gt; &lt;br /&gt;Hey, what&amp;#39;s up shanelle? &lt;br /&gt;(hey smoove, what&amp;#39;s up?) &lt;br /&gt;Hey uh, can you keep a secret? (yeah) &lt;br /&gt;Cool, well uh you know lil&amp;#39;man &lt;br /&gt;Got a big crush on you and all that &lt;br /&gt;(are you serious?) yeah &lt;br /&gt;(well you know what, i gotta crush on him too) &lt;br /&gt;Oh for real, well let me go tell him then &lt;br /&gt;&lt;br /&gt;Repeat 1 till end&lt;br /&gt;&lt;/p&gt;
</description>
    </item>
    
    <item>
      <title> Party Tonight</title>
      <link>http://letraspedia.com/lyric/3rd-storee-party-tonight/</link>
      <pubDate>Mon, 01 Sep 2008 00:00:00 UTC</pubDate>
      <author>Enthusiastic Hugo User</author>
      <guid>http://letraspedia.com/lyric/3rd-storee-party-tonight/</guid>
      <description>&lt;p&gt;R.l.: uh-oh, somethin&amp;#39;s about to happen, 3rd storee &lt;br /&gt;Yeah what&amp;#39;s up this is rl with my boys 3rd storee &lt;br /&gt;We bout to make you dance with this one &lt;br /&gt;You know what i&amp;#39;m sayin &lt;br /&gt;Straight for the clubs &lt;br /&gt;Yab yum, mookaman, uh-oh &lt;br /&gt;Yall ready&amp;hellip;come on&amp;hellip;let&amp;#39;s go &lt;br /&gt;&lt;br /&gt;Jay-r: this here&amp;#39;s a story &lt;br /&gt;So don&amp;#39;t you dare laugh &lt;br /&gt;3rd storee&amp;#39;s breakin out on dat&amp;hellip; &lt;br /&gt;Yes,it&amp;#39;s time to have some fun &lt;br /&gt;There&amp;#39;s a party &amp;#39;round the corner &lt;br /&gt;You can go if you wanna &lt;br /&gt;Stop on by, it&amp;#39;s gonna be live &lt;br /&gt;It&amp;#39;s on tonight, it&amp;#39;s on tonight &lt;br /&gt;&lt;br /&gt;Chorus: in summertime when you feelin&amp;#39; right &lt;br /&gt;And ya heard there&amp;#39;s a house party tonight &lt;br /&gt;You&amp;#39;re gonna groove to da joints ya like &lt;br /&gt;Everything&amp;#39;s gonna be alright &lt;br /&gt;Ladies short skirts wit ya weaves in &lt;br /&gt;Dancin&amp;#39; real slow tryin&amp;#39; to tease him &lt;br /&gt;Playas showin&amp;#39; off for no reason &lt;br /&gt;Cause it&amp;#39;s a party, come on &lt;br /&gt;&lt;br /&gt;Lil&amp;#39;man: ladies lookin&amp;#39; so sexy &lt;br /&gt;Slowly movin&amp;#39; to laface and jon.b &lt;br /&gt;They don&amp;#39;t know about this here, party &lt;br /&gt;It&amp;#39;s so hot but you don&amp;#39;t mind &lt;br /&gt;Cause you&amp;#39;re havin&amp;#39; such a good time &lt;br /&gt;Up the block, around the corner &lt;br /&gt;Apartment 3-a, on the 3rd storee &lt;br /&gt;&lt;br /&gt;(repeat chorus) &lt;br /&gt;&lt;br /&gt;Jay-r: ladies and fellas &lt;br /&gt;3rd storee: put your hands together &lt;br /&gt;Jay-r: everybody &lt;br /&gt;3rd storee: put your hands together &lt;br /&gt;Jay-r: 3rd storee sang yeah &lt;br /&gt;3rd storee: put your hands together &lt;br /&gt;Lil&amp;#39;man: come on &lt;br /&gt;&lt;br /&gt;Treach: i wanna, i wanna hear &lt;br /&gt;Burmp, burmp, burmp, burmp &lt;br /&gt;Take a shake a party night in the pjs &lt;br /&gt;Women in the denim, and food, drinkin&amp;#39; djs &lt;br /&gt;Party for the genna-veesay &lt;br /&gt;Slippin&amp;#39; money on her tummy &lt;br /&gt;With her honey pushin&amp;#39; replay &lt;br /&gt;Runnin&amp;#39; 3rd storee in your city &lt;br /&gt;Nineteen naughty nine &lt;br /&gt;Absolute the flow &lt;br /&gt;Will make ya feel me really &lt;br /&gt;The yab is yummy &lt;br /&gt;Takin&amp;#39; territories with 3rd storee &lt;br /&gt;Oh glory, you know, you know &lt;br /&gt;My little naughty shorties &lt;br /&gt;&lt;br /&gt;(repeat chorus three times)&lt;br /&gt;&lt;br&gt;&lt;/p&gt;
</description>
    </item>
    
    <item>
      <title> Tonight</title>
      <link>http://letraspedia.com/lyric/3rd-storee-tonight/</link>
      <pubDate>Mon, 01 Sep 2008 00:00:00 UTC</pubDate>
      <author>Enthusiastic Hugo User</author>
      <guid>http://letraspedia.com/lyric/3rd-storee-tonight/</guid>
      <description>&lt;p&gt;[lil&amp;#39;man] &lt;br /&gt;Listen baby, girl i can&amp;#39;t help myself &lt;br /&gt;I don&amp;#39;t want nobody else &lt;br /&gt;Girl can&amp;#39;t you see i were meant for you &lt;br /&gt;You were meant for me, listen baby &lt;br /&gt;And it&amp;#39;s clear as a bell &lt;br /&gt;You love me i can tell &lt;br /&gt;So girl what&amp;#39;s up &lt;br /&gt;You can not deny we&amp;#39;re falling &lt;br /&gt;&lt;br&gt;Falling in love ooh girl &lt;br /&gt;&lt;br /&gt;[3rd storee] &lt;br /&gt;1- girl tonight, tonight &lt;br /&gt;I got a feeling tonight, tonight &lt;br /&gt;Tonight i&amp;#39;m gon&amp;#39; be yours and yours alone &lt;br /&gt;You know yours alone &lt;br /&gt;&lt;br /&gt;[lil&amp;#39;man] &lt;br /&gt;Listen baby, please girl don&amp;#39;t keep me waiting &lt;br /&gt;Keep me anticipating, i&amp;#39;m so in love &lt;br /&gt;There aint no doubt about it &lt;br /&gt;You&amp;#39;re the one that i love &lt;br /&gt;&lt;br /&gt;Repeat 1 &lt;br /&gt;&lt;br /&gt;[lil&amp;#39;man] &lt;br /&gt;I, i&amp;#39;m so infatuated &lt;br /&gt;Feels like i&amp;#39;m not your baby &lt;br /&gt;The way i&amp;#39;m feeling inside &lt;br /&gt;Oh i, i won&amp;#39;t deny it baby &lt;br /&gt;You&amp;#39;re the only thing i want &lt;br /&gt;And i want it tonight and i&amp;hellip; &lt;br /&gt;&lt;br /&gt;Repeat 1 till end&lt;br /&gt;&lt;br&gt;&lt;/p&gt;
</description>
    </item>
    
  </channel>
</rss>