<?xml version="1.0" encoding="utf-8" standalone="yes" ?>
<rss version="2.0" xmlns:atom="http://www.w3.org/2005/Atom">
  <channel>
      <title>2geher on Letraspedia.com thes best lyrics page </title>
    <link>http://letraspedia.com/artist/2geher/</link>
    <language>en-US</language>
    <author>Enthusiastic Hugo User</author>
    <rights>Copyright (c) 2014, Enthusiastic Hugo User; all rights reserved.</rights>
    <updated>Mon, 01 Sep 2008 00:00:00 UTC</updated>
    
    <item>
      <title> Before We Say Goodbye</title>
      <link>http://letraspedia.com/lyric/2geher-before-we-say-goodbye/</link>
      <pubDate>Mon, 01 Sep 2008 00:00:00 UTC</pubDate>
      <author>Enthusiastic Hugo User</author>
      <guid>http://letraspedia.com/lyric/2geher-before-we-say-goodbye/</guid>
      <description>&lt;p&gt;Before we say goodbye&lt;br /&gt;before we turn and walk away&lt;br /&gt;lets give it one more try&lt;br /&gt;before we say goodbye&lt;br /&gt;Before we close that door&lt;br /&gt;before we go our seprate ways&lt;br /&gt;lets stop and find out why&lt;br /&gt;before we say goodbye&lt;br /&gt;We&amp;#39;ve been down this road before&lt;br /&gt;and we&amp;#39;ve always made it through (oh oh)&lt;br /&gt;but incase we break up&lt;br /&gt;can i still have sex with you (have sex with you)&lt;br /&gt;Before we loose this love&lt;br /&gt;before we throw it all away&lt;br /&gt;girl don&amp;#39;t do another guy&lt;br /&gt;before we say goodbye&lt;br /&gt;(goodbye) (oh no)&lt;br /&gt;(ooooo)&lt;br /&gt;don&amp;#39;t wanna say goodbye&lt;br /&gt;before we say goodbye&lt;br /&gt;We&amp;#39;ve been down this road before&lt;br /&gt;and we&amp;#39;ve always made it through (oh oh)&lt;br /&gt;but incase we break up&lt;br /&gt;can i still have sex with you (have sex with you)&lt;br /&gt;Before we loose this love&lt;br /&gt;before we throw it all away&lt;br /&gt;girl don&amp;#39;t do another guy&lt;br /&gt;before we say goodbye&lt;br /&gt;(goodbye)&lt;br /&gt;let&amp;#39;s give it one more try&lt;br /&gt;before we say goodbye&lt;br /&gt;Oooo ooooo ooo uhooyeah&lt;br /&gt;ooooooo ooo oyeah&lt;br /&gt;oooo oooooo oooo&lt;br /&gt;before we say goodbye&lt;br /&gt;(please don&amp;#39;t say goodbye)&lt;br /&gt;ooo ooohhoh oooo&lt;br /&gt;(oh don&amp;#39;t ya make me cry)&lt;br /&gt;ooo oooo ooo&lt;br /&gt;ooooo oooooo ooo&lt;br /&gt;before we say goodbye&lt;br /&gt;(ooh yeah yeah)&lt;br /&gt;oooo oooo ooo&lt;br /&gt;don&amp;#39;t say goodbye&lt;br /&gt;ooooo ooooo ooo&lt;br /&gt;ooooo oooooo oooo&lt;br /&gt;before we say goodbye&lt;br /&gt;oooo oooo ooooo&lt;br /&gt;&lt;br&gt;&lt;/p&gt;
</description>
    </item>
    
    <item>
      <title> Every Minute, Every Hour</title>
      <link>http://letraspedia.com/lyric/2geher-every-minute-every-hour/</link>
      <pubDate>Mon, 01 Sep 2008 00:00:00 UTC</pubDate>
      <author>Enthusiastic Hugo User</author>
      <guid>http://letraspedia.com/lyric/2geher-every-minute-every-hour/</guid>
      <description>&lt;p&gt;&lt;em&gt;talking&lt;/em&gt;&lt;br /&gt;baby, i know you were wrong, but i forgive you (yeah)&lt;br /&gt;&lt;em&gt;singing&lt;/em&gt;&lt;br /&gt;another day has gone by &amp;hellip;&lt;br /&gt;still have your picture by my side&lt;br /&gt;i can&amp;#39;t forget when you left, when we said goodbye&lt;br /&gt;I know it&amp;#39;s hard to carry on&lt;br /&gt;can i survive?&lt;br /&gt;&lt;em&gt;chorus&lt;/em&gt;&lt;br /&gt;every minute, every hour&lt;br /&gt;i just can&amp;#39;t get you out of my mind&lt;br /&gt;no matter how hard i try&lt;br /&gt;every day, every night&lt;br /&gt;i wish you were back in my life&lt;br /&gt;can we give it just one more chance, this time&lt;br /&gt;&lt;em&gt;singing&lt;/em&gt;&lt;br /&gt;looking back on it now (oo ooo)&lt;br /&gt;where we went wrong, i can&amp;#39;t figure o-out&lt;br /&gt;wish i could turn back the time, and make you mine&lt;br /&gt;is it too late, for us to try, a second time?&lt;br /&gt;&lt;em&gt;chorus&lt;/em&gt;&lt;br /&gt;every minute, every hour&lt;br /&gt;i just can&amp;#39;t get you out of my mind&lt;br /&gt;no matter how hard i try&lt;br /&gt;every day, every night&lt;br /&gt;i wish you were back in my life&lt;br /&gt;can we give it just one more chance, this time&lt;br /&gt;&lt;em&gt;singing&lt;/em&gt;&lt;br /&gt;i just don&amp;#39;t see things the same&lt;br /&gt;i can&amp;#39;t get out of the rain&lt;br /&gt;(it&amp;#39;s clouding my mind) it&amp;#39;s clouding my mind&lt;br /&gt;i&amp;#39;ll make it all up to you&lt;br /&gt;just tell me what i should do&lt;br /&gt;i want you back in my life&lt;br /&gt;(give me one more chance)&lt;br /&gt;&lt;em&gt;chorus&lt;/em&gt;&lt;br /&gt;every minute, every hour&lt;br /&gt;i just can&amp;#39;t get you out of my mind&lt;br /&gt;no matter how hard i try&lt;br /&gt;every day, every night&lt;br /&gt;i wish you were back in my life&lt;br /&gt;can we give it just one more chance (ohhh)&lt;br /&gt;every minute, every hour&lt;br /&gt;i just can&amp;#39;t get you out of my mind&lt;br /&gt;no matter how hard i try&lt;br /&gt;every day (every day), every night (every night) (whoooooo)&lt;br /&gt;i wish you were back in my life&lt;br /&gt;can we give it one more chance, this time&lt;br /&gt;(yeah, ohhh ohhhh)&lt;br /&gt;Can we give it just one more chance?&lt;br /&gt;{{music fades out}}&lt;br /&gt;&lt;br&gt;&lt;/p&gt;
</description>
    </item>
    
    <item>
      <title> The Hardest Thing About Breaking Up (is Getting Your Stuff Back)</title>
      <link>http://letraspedia.com/lyric/2geher-the-hardest-thing-about-breaking-up-is-getting-your-stuff-back/</link>
      <pubDate>Mon, 01 Sep 2008 00:00:00 UTC</pubDate>
      <author>Enthusiastic Hugo User</author>
      <guid>http://letraspedia.com/lyric/2geher-the-hardest-thing-about-breaking-up-is-getting-your-stuff-back/</guid>
      <description>&lt;p&gt;C&amp;#39;mon, yeah&lt;br /&gt;Yeah, 2gether&amp;#39;s in the house,&lt;br /&gt;put your hands in the air cause we&amp;#39;ll make ya bounce.&lt;br /&gt;c&amp;#39;mon (x4) oh, oh yeah&lt;br /&gt;It&amp;#39;s been so long, since i&amp;#39;ve seen your face,&lt;br /&gt;so long since i&amp;#39;ve been to first base.&lt;br /&gt;(strike 3 you&amp;#39;re out)&lt;br /&gt;i really miss, the feel of your kiss.&lt;br /&gt;but can i have back my things before i get really pissed? &lt;br /&gt;You had my heart, my soul, my attention,&lt;br /&gt;but you walked out my life with my cd collection. &lt;br /&gt;We&amp;#39;re breaking up! &lt;br /&gt;Breaking up is hard enough (woah oh oh oh)&lt;br /&gt;say you had nothing but i called you bluff.&lt;br /&gt;you got my sweaters, my hat&amp;hellip; i can&amp;#39;t find my cat!&lt;br /&gt;(meow) the hardest part of breaking up&lt;br /&gt;is getting back your stuff.&lt;br /&gt;Yeah, 2gether&amp;#39;s in the house,&lt;br /&gt;put your hands in the air cause we&amp;#39;ll make ya bounce.&lt;br /&gt;c&amp;#39;mon (x2) &lt;br /&gt;So tell me girl, do i have to say please,&lt;br /&gt;or do i have to involve the police?&lt;br /&gt;(we have you surrounded)&lt;br /&gt;there was a time, when i&amp;#39;d trust you alone.&lt;br /&gt;i&amp;#39;d call you up girl, but you took my phone. &lt;br /&gt;You borrow stuff every time i turn my back.&lt;br /&gt;(hey that&amp;#39;s mine!)&lt;br /&gt;i can&amp;#39;t believe i went out with a kleptomaniac! &lt;br /&gt;We&amp;#39;re breaking up! &lt;br /&gt;Breaking up is hard enough (woah oh oh oh) (hard enough)&lt;br /&gt;say you had nothing but i called you bluff.&lt;br /&gt;you got my sweaters, my hat (my hat)&amp;hellip; i can&amp;#39;t find my cat!&lt;br /&gt;(meow) the hardest part of breaking up,&lt;br /&gt;is getting back your stuff.&lt;br /&gt;Doug: man you ever break up with a girl and she keeps your stuff?&lt;br /&gt;man, wassup with dat?!&lt;br /&gt;kevin: i dunno man, something wrong! ya know what i&amp;#39;m saying?&lt;br /&gt;something wrong with dat.&lt;br /&gt;Yeah, uh, mickey parke up in this mug, here we go one, two.. &lt;br /&gt;Yeah, yeah, yeah, you plus me, it doesn&amp;#39;t equal us.&lt;br /&gt;you took my car now i gotta take the bus.&lt;br /&gt;i thought i had a girl that i could trust.&lt;br /&gt;i guess i never knew my calculus! &lt;br /&gt;&lt;br&gt;Breaking up is hard enough (woah oh oh oh) (hard enough)&lt;br /&gt;say you had nothing but i called you bluff. (yeah)&lt;br /&gt;you got my sweaters, my hat (my hat)&amp;hellip; i can&amp;#39;t find my cat!&lt;br /&gt;(meow) the hardest part of breaking up,&lt;br /&gt;is getting back your stuff. (x2)&lt;br /&gt;(meow) (hiss, hiss)&lt;br /&gt;&lt;br&gt;&lt;/p&gt;
</description>
    </item>
    
    <item>
      <title> U &#43; Me = Us (calculus)</title>
      <link>http://letraspedia.com/lyric/2geher-u-me-us-calculus/</link>
      <pubDate>Mon, 01 Sep 2008 00:00:00 UTC</pubDate>
      <author>Enthusiastic Hugo User</author>
      <guid>http://letraspedia.com/lyric/2geher-u-me-us-calculus/</guid>
      <description>&lt;p&gt;I&amp;#39;m loosing my hair&lt;br /&gt;and my vision is shady&lt;br /&gt;last night i drempt of an over weight lady&lt;br /&gt;but i need a young thang&lt;br /&gt;to keep up with my pace&lt;br /&gt;to hold me in her arms&lt;br /&gt;and take me straight to second base&lt;br /&gt;I know my calculus (aaaah)&lt;br /&gt;it says you plus me equals us (yeah)&lt;br /&gt;(oh sing it chad for me)&lt;br /&gt;i know my calculus (aaaah)&lt;br /&gt;it says you plus me equals us (oh yeah) &lt;br /&gt;caculus&lt;br /&gt;Yeah&lt;br /&gt;haha&lt;br /&gt;come on&lt;br /&gt;we&amp;#39;re 2gether (we&amp;#39;re 2gether)&lt;br /&gt;Your algebra, triganomatry&lt;br /&gt;can never equal up to what you do to me (do to me)&lt;br /&gt;so lets integrate don&amp;#39;t differenciate&lt;br /&gt;if you were in my class there ain&amp;#39;t no way i could pass (way to pass)&lt;br /&gt;i hate english, gym, and not to mention i can&amp;#39;t even afford to pay my attention (pay my attention)&lt;br /&gt;no philosophy could ever come between us but we&amp;#39;ll always have our calculus&lt;br /&gt;I know my calculus&lt;br /&gt;it says you plus me equals us (what&amp;#39;cha got for me)&lt;br /&gt;said i know my calculus (come on)&lt;br /&gt;it says you plus me equals us (what&amp;#39;cha got for me) (2gether 4ever come on)&lt;br /&gt;calculus (ugh)&lt;br /&gt;calculus&lt;br /&gt; (let&amp;#39;s say)&lt;br /&gt;(go go go go go go go go go go go go go go go&amp;hellip;)&lt;br /&gt;ooo baby&lt;br /&gt;oh lord&lt;br /&gt;yeah uh oh&lt;br /&gt;you plus me equals us oh&lt;br /&gt;(uh come on)&lt;br /&gt;Well i&amp;#39;ve never been good at history &lt;br /&gt;and i don&amp;#39;t give a crap about robert e. lee&lt;br /&gt;when it comes to cosines i know a thing or two&lt;br /&gt;and i kicked ass on the test about me and you&lt;br /&gt;I know my calculus&lt;br /&gt;it says you plus me equals us&lt;br /&gt;said i know my calculus&lt;br /&gt;it says you plus me equals us&lt;br /&gt;calculus&lt;br /&gt;((fart sound))&lt;br /&gt;you-plus sign-me-equal sign-us&lt;br /&gt;you-plus sign-me-equal sign-us&lt;br /&gt;(oooo&amp;hellip;..)&lt;br /&gt;girl no subject comes close to you&lt;br /&gt;2gether sing it&lt;br /&gt;i know my calculuuhuhuhus&lt;br /&gt;I know my calculus&lt;br /&gt;it says you plus me equals us&lt;br /&gt;said i know my calculus&lt;br /&gt;it says you plus me equals us&lt;br /&gt;calculus&lt;br /&gt;&lt;br&gt;&lt;/p&gt;
</description>
    </item>
    
    <item>
      <title> Visualize</title>
      <link>http://letraspedia.com/lyric/2geher-visualize/</link>
      <pubDate>Mon, 01 Sep 2008 00:00:00 UTC</pubDate>
      <author>Enthusiastic Hugo User</author>
      <guid>http://letraspedia.com/lyric/2geher-visualize/</guid>
      <description>&lt;p&gt;Spoken:&lt;br /&gt; sometimes, you must live through darkness&lt;br /&gt; in order to see the light&lt;br /&gt; you must visualize&lt;br /&gt;       chrous:&lt;br /&gt;      closeyour eyes visualize the most beautiful girl that could be/just one sign mezmorize/its like gazing right into the sea&lt;br /&gt;        floating down the street she stands out like a candle light/when i look in her eyes i have a knot inside,couldnt change this feeling/so i looked at her with a vision in my mind/with her hand on my face and a smile on hers i softly say goodnight.&lt;br /&gt;  &lt;br /&gt;           close your eyes/visualize the most beautiful girl that could be/just one sign mezmorize/its like gazing right into the sea.&lt;br /&gt; &lt;br /&gt;             never dreamnt of one who possed this gift of god(gift of gold)/she sees through the darkest clouds/she knows my soul/will she be my girl?/is she of this world?/will i ever know?&lt;br /&gt;        when the time is right she will be my life/she is my angel&lt;br /&gt;           close your eyes/visualize/the most beautiful girl that could be/just one sign mezmorize/its like gazing right into the sea.&lt;br /&gt;         with the touch of the sand that far away land/gazing like prefection in the palm of my hand/a touch from her face that far away place theres no one above her/her spirit and grace.&lt;br /&gt;         ohhhhhh/close your eyes/visualize the most beautiful girl that could be just one sign(one sign)mezmorize its like gazing right into the sea(into the sea)&lt;br /&gt;   repeat one more time&lt;br /&gt;           close your eyes visualize(the misty air)/the most beautiful girl that could be(my baby is there)/just one sign(with you my life)/mezmorize(its my only care)/its like gazing right into the sea&lt;br /&gt;       repeat chrous until faded&lt;br /&gt;&lt;br&gt;&lt;/p&gt;
</description>
    </item>
    
  </channel>
</rss>