<?xml version="1.0" encoding="utf-8" standalone="yes" ?>
<rss version="2.0" xmlns:atom="http://www.w3.org/2005/Atom">
  <channel>
      <title>2blej on Letraspedia.com thes best lyrics page </title>
    <link>http://letraspedia.com/artist/2blej/</link>
    <language>en-US</language>
    <author>Enthusiastic Hugo User</author>
    <rights>Copyright (c) 2014, Enthusiastic Hugo User; all rights reserved.</rights>
    <updated>Mon, 01 Sep 2008 00:00:00 UTC</updated>
    
    <item>
      <title> Contigo Estaré (feat. Yansel)</title>
      <link>http://letraspedia.com/lyric/2blej-contigo-estare-feat-yansel/</link>
      <pubDate>Mon, 01 Sep 2008 00:00:00 UTC</pubDate>
      <author>Enthusiastic Hugo User</author>
      <guid>http://letraspedia.com/lyric/2blej-contigo-estare-feat-yansel/</guid>
      <description>&lt;p&gt;Yo he prometido que nunca te dejaré
&lt;br&gt;Contigo estaré hasta el fin
&lt;br&gt;Tú sabes que nunca te he fallado
&lt;br&gt;
&lt;br&gt;En todo momento contigo estaré
&lt;br&gt;Llama siempre yo responderé
&lt;br&gt;No te limites más tú tienes autoridad
&lt;br&gt;
&lt;br&gt;Tú eres Linaje Escogido Real Sacerdocio
&lt;br&gt;Y Nación Santa tu eres mi bebe
&lt;br&gt;
&lt;br&gt;En los últimos tiempos son tantas promesas
&lt;br&gt;De que Él iba a estar con los suyos
&lt;br&gt;De que soy afamado lo se
&lt;br&gt;Pero es necesario rendirse y morir al orgullo
&lt;br&gt;En los últimos tiempos serán bendecidos
&lt;br&gt;A causa de su obediencia
&lt;br&gt;Que serán proclamados lo se
&lt;br&gt;Pero es necesario que se rinda su iglesia
&lt;br&gt;En los últimos tiempos haremos señales
&lt;br&gt;Más grandes que las que hizo Elías
&lt;br&gt;Aunque halla crisis en la tierra
&lt;br&gt;Iglesia en Cristo confía
&lt;br&gt;En los últimos tiempos nos dice la Biblia
&lt;br&gt;Vendrán muchos falsos profetas
&lt;br&gt;Engañando a los hombres
&lt;br&gt;Guerreros del mal
&lt;br&gt;Pero Cristo cuidara a la Iglesia
&lt;br&gt;
&lt;br&gt;No temas puedes hacerlo al enemigo vencerlo
&lt;br&gt;Yo estaré ahí tu confía en mi que pronto vendré por ti
&lt;br&gt;
&lt;br&gt;Iglesia tranquila que Cristo viene
&lt;br&gt;Y sus promesas adelante tiene
&lt;br&gt;Que estamos viviendo los últimos tiempos
&lt;br&gt;Y que pronto buscara a su pueblo
&lt;br&gt;Veo un avivamiento un mundo riendo
&lt;br&gt;Y junto a Cristo en la mesa sirviendo
&lt;br&gt;Su gracia fluyendo su amor bendiciendo
&lt;br&gt;Y frente a su trono alabando su pueblo
&lt;br&gt;
&lt;br&gt;Aunque se trasladen los montes
&lt;br&gt;El Señor le dice hoy a su pueblo
&lt;br&gt;Nunca se apartara de ti mi amor
&lt;br&gt;Mi misericordia y el perdón&lt;/p&gt;
</description>
    </item>
    
    <item>
      <title> Fuego</title>
      <link>http://letraspedia.com/lyric/2blej-fuego/</link>
      <pubDate>Mon, 01 Sep 2008 00:00:00 UTC</pubDate>
      <author>Enthusiastic Hugo User</author>
      <guid>http://letraspedia.com/lyric/2blej-fuego/</guid>
      <description>&lt;p&gt;Deja que descienda en ti el fuego
&lt;br&gt;Deja que descienda su poder y su unción
&lt;br&gt;Sobre ti
&lt;br&gt;
&lt;br&gt;La unción y el fuego eso es lo primero
&lt;br&gt;Lo que me mantiene driviando en el juego
&lt;br&gt;No se vende en las tiendas pero si tienen un precio
&lt;br&gt;Mantenernos firmes dentro del proceso
&lt;br&gt;La unción en mi hace que rompa cadenas
&lt;br&gt;Que rompa todo yugo que tu vida condena
&lt;br&gt;Rompe los esquemas libera tus penas
&lt;br&gt;Y es tan poderosa que el pecado frena
&lt;br&gt;Si tú quieres sentir su fuego
&lt;br&gt;Vamos a darle adoración primero
&lt;br&gt;Lo demás lo dejamos pa luego
&lt;br&gt;Vamos a crear el ambiente primero
&lt;br&gt;Vamos con flow adorando
&lt;br&gt;Que Jesucristo tiene el mando
&lt;br&gt;Mi copa está rebosando
&lt;br&gt;Yo lo sigo alabando
&lt;br&gt;
&lt;br&gt;Y ella me enseñó a vivir
&lt;br&gt;Cuando en mi vida comenzó a fluir
&lt;br&gt;En el desierto me sustento
&lt;br&gt;Y fue la unción en mí
&lt;br&gt;
&lt;br&gt;Puerto Rico siente la unción
&lt;br&gt;En Orlando sienten la unción
&lt;br&gt;México se siente la unción
&lt;br&gt;Perú Y Panamá sienten el fuego de Dios
&lt;br&gt;Venezuela lo está sintiendo
&lt;br&gt;En Colombia ya está fluyendo
&lt;br&gt;En España lo están sintiendo
&lt;br&gt;En Costa Rica y Nicaragua fluyendo&lt;/p&gt;
</description>
    </item>
    
    <item>
      <title> Intro - New Generation: Los Ministros De Estos Tiempos</title>
      <link>http://letraspedia.com/lyric/2blej-intro-new-generation-los-ministros-de-estos-tiempos/</link>
      <pubDate>Mon, 01 Sep 2008 00:00:00 UTC</pubDate>
      <author>Enthusiastic Hugo User</author>
      <guid>http://letraspedia.com/lyric/2blej-intro-new-generation-los-ministros-de-estos-tiempos/</guid>
      <description>&lt;p&gt;[Feat. Cobra, Yansel, Manuel, Alex Sanchez, Versache &amp;amp; Baby Nory]
&lt;br&gt;
&lt;br&gt;La nueva Generación son aquellos
&lt;br&gt;Que están dispuestos a hacer la diferencia
&lt;br&gt;Sin importar las consecuencias
&lt;br&gt;Los que se levantan hacia un nuevo nivel
&lt;br&gt;Un nuevo propósito un nuevo mover
&lt;br&gt;Establecer el reino de Dios aquí en la tierra
&lt;br&gt;[SABIDURIA]
&lt;br&gt;
&lt;br&gt;La nueva Generación son aquellos
&lt;br&gt;Que son luz en medio de las tinieblas
&lt;br&gt;[PODER]
&lt;br&gt;Y que viven por lo que creen
&lt;br&gt;[FE]
&lt;br&gt;Y los que mueren juntamente con Él
&lt;br&gt;Los que reconocen su identidad el poder
&lt;br&gt;Y la autoridad que ha sido delegada en ellos
&lt;br&gt;
&lt;br&gt;La nueva Generación
&lt;br&gt;Son los que escuchan la voz de Dios
&lt;br&gt;Y caminan conforme a su Palabra
&lt;br&gt;[UNA RELACIÓN]
&lt;br&gt;Los que no claudican, los que no importando
&lt;br&gt;Cuantas veces caigan
&lt;br&gt;[FIDELIDAD]
&lt;br&gt;No abandonan su llamado y prosiguen al blanco
&lt;br&gt;[ENTREGA]
&lt;br&gt;Los que no predican una religión
&lt;br&gt;Sino el mensaje que les revela
&lt;br&gt;[PALABRA]
&lt;br&gt;El Espíritu de Dios
&lt;br&gt;Son aquellos que confrontan las filosofías
&lt;br&gt;[CERTEZA]
&lt;br&gt;Usando como ética las Palabras del Mesías
&lt;br&gt;[JESÚS]
&lt;br&gt;
&lt;br&gt;La nueva Generación somos tú y yo
&lt;br&gt;
&lt;br&gt;De las calles salimos de niños espirituales
&lt;br&gt;Hoy somos hombres mucho crecimos
&lt;br&gt;Caímos pero de los errores aprendimos
&lt;br&gt;Después de pasar por fuego y lágrimas de sangre
&lt;br&gt;Aferrarnos a la visión y de ella tener hambre
&lt;br&gt;Si sufrimos bastante
&lt;br&gt;Ahora somos ministros no somos maleantes
&lt;br&gt;
&lt;br&gt;Y los he visto caer en medio del camino
&lt;br&gt;No soportan la presión cuando los tienta el maligno
&lt;br&gt;Insisto que es una guerra de ministros
&lt;br&gt;Con artistas y cantantes que no caminan con Cristo
&lt;br&gt;
&lt;br&gt;Quién lo diría que tú a mí me escogerías
&lt;br&gt;Para llevar a las naciones palabras con melodías
&lt;br&gt;Letras predilectas unción perfecta
&lt;br&gt;Poder de Cristo que en tu cuerpo penetra y liberta
&lt;br&gt;Cuando canta la supremacía esperando la llegada del Mesías
&lt;br&gt;Mami siempre lo decía que pronto a tus caminos llegaría
&lt;br&gt;Ahora todos se sorprenden con el cambio de mi vida
&lt;br&gt;Tú sabes de esto en términos muy verticales
&lt;br&gt;Y he corrido en función de gente que no son reales
&lt;br&gt;No son de a deberás en las malas cosas desmerecen
&lt;br&gt;Y entendí que solo estaban por los panes y por los peces
&lt;br&gt;Pero soy linaje pura sangre y no hay quien nos pare
&lt;br&gt;No me enfoco ni visiono con las cosas terrenales
&lt;br&gt;Solo pienso en mi misión expandir nuestra visión
&lt;br&gt;Los Ministros de estos tiempos la Nueva Generación
&lt;br&gt;
&lt;br&gt;Esta generación esta lista
&lt;br&gt;Esperando el día de la conquista
&lt;br&gt;A los enemigos que se resistan
&lt;br&gt;Cuando el poder de Cristo nos invista
&lt;br&gt;
&lt;br&gt;Voy hablarte claro pá yo tengo miles de panas
&lt;br&gt;Unos que están afuera y otros que están en malas
&lt;br&gt;Pero siempre llega uno que es más listo
&lt;br&gt;Para enseñarte del camino del cual tú no has visto
&lt;br&gt;Un ministro enviado por Cristo lleno de bendición
&lt;br&gt;Un soldado invicto alguien que me dice que por el yo existo
&lt;br&gt;Que le cante al Rey de Reyes JesuCristo
&lt;br&gt;
&lt;br&gt;Y el Espíritu me decía que me iba ajustar a lo que veía
&lt;br&gt;Y que en la tierra todo pasaría
&lt;br&gt;Ahora mismo me dice como un gran lucero que siempre te alumbre
&lt;br&gt;Como Cristo que venció a la muerte y salió de la tumba
&lt;br&gt;Un ministro no es aquel que lave y que prosigue metas
&lt;br&gt;Y corre cuando los enfrentas
&lt;br&gt;Un ministro es aquel que sobreabunda en el amor
&lt;br&gt;Como los que representan la Nueva Generación
&lt;br&gt;
&lt;br&gt;Ha llegado el momento es el tiempo de la conquista
&lt;br&gt;Traigo buenas noticias Dios te quiere en su lista
&lt;br&gt;Espero que tú entiendas que hay un plan de salvación
&lt;br&gt;Para todos tus problemas Él tiene la solución
&lt;br&gt;Y recuerdo que conmigo lo hizo
&lt;br&gt;Me saco de las tinieblas y me levanto del piso
&lt;br&gt;Pues así lo quiso aunque yo pensaba
&lt;br&gt;Que por causa de mis errores Dios no me aceptaba
&lt;br&gt;
&lt;br&gt;Controlado por el fuego para mí esto no es un juego
&lt;br&gt;Ando con los verdaderos estos no son perecederos
&lt;br&gt;Los reales permanecen los falso se desvanecen
&lt;br&gt;Yo me mantengo humilde mientras ellos se enaltecen
&lt;br&gt;Aunque antes yo era calle no dejo que nos estallen
&lt;br&gt;Vivo con esa actitud Cristo me dio la virtud
&lt;br&gt;Alabando siempre al Padre a mí no hay quien me pare
&lt;br&gt;Soy sellado por su marca papi ya tú lo sabes
&lt;br&gt;
&lt;br&gt;Y por supuesto yo pa esto me presto
&lt;br&gt;La calle me crio y Dios me sigue cubriendo
&lt;br&gt;En medio de este desierto se siete el calor
&lt;br&gt;Pero soy parte de esto en amor
&lt;br&gt;Una  Generación y un corazón dispuesto
&lt;br&gt;Dios cuida mi espalda y sigo en lo que me he propuesto
&lt;br&gt;Dios me sigue cubriendo
&lt;br&gt;
&lt;br&gt;Baby Nory es un ministro de los que siguen en la tierra motivado
&lt;br&gt;De los que siguen subiendo pero siempre conectados
&lt;br&gt;Muy importante no me guillo por esta adelante
&lt;br&gt;Todo lo que tengo se lo debo al gigante
&lt;br&gt;Y la unción es lo que reparto a través de mi canción
&lt;br&gt;Levanta las manos si quieres la bendición
&lt;br&gt;Aunque tú eres calle yo estoy en la dirección
&lt;br&gt;Tú sabes la Nueva Generación&lt;/p&gt;
</description>
    </item>
    
    <item>
      <title> La Tierra Tiembla</title>
      <link>http://letraspedia.com/lyric/2blej-la-tierra-tiembla/</link>
      <pubDate>Mon, 01 Sep 2008 00:00:00 UTC</pubDate>
      <author>Enthusiastic Hugo User</author>
      <guid>http://letraspedia.com/lyric/2blej-la-tierra-tiembla/</guid>
      <description>&lt;p&gt;El mundo sigue dando vueltas
&lt;br&gt;Mientras que los humanos se destruyen
&lt;br&gt;Sin darse cuenta que el reloj está corriendo
&lt;br&gt;Y que todas las profecías se están cumpliendo
&lt;br&gt;Son muchos los que quieren conocer la verdad
&lt;br&gt;Pero pocos se dirigen al camino de la realidad
&lt;br&gt;
&lt;br&gt;Te doy las gracias Dios por ser mi redentor
&lt;br&gt;Por sacarme de las calles drogas y el alcohol
&lt;br&gt;Por guiarme en el camino y darme tu amor
&lt;br&gt;Y por llenarme de esperanza en mi recesión
&lt;br&gt;Pero yo me quebranto y a veces me lleno de espanto
&lt;br&gt;Porque en mi tierra hoy se están matando
&lt;br&gt;Jovencitos por las calles vagabundeando
&lt;br&gt;Y el quebranto de una madre por su hijo amado
&lt;br&gt;
&lt;br&gt;Y lo veo y me rocheo y se escucha el tiroteo
&lt;br&gt;Y el que vela en la esquina grita llegaron los feos
&lt;br&gt;Con los rifles en las manos y en su boca un tabaco
&lt;br&gt;Endemoniado por la calle no perdonan ni a su hermano
&lt;br&gt;Y empieza la tragedia y para muchos la miseria
&lt;br&gt;El abuso en los hogares el adulterio y su estrategia
&lt;br&gt;Drogadictos por las calles niñas con sus cortos trajes
&lt;br&gt;Chamaquitos con coraje con la nueve en su equipaje
&lt;br&gt;
&lt;br&gt;La tierra tiembla mientras otros se matan en las guerras
&lt;br&gt;El reloj sigue contando y se acerca el Rey de esta tierra
&lt;br&gt;Mi Cristo ya viene las trompetas que suenen
&lt;br&gt;
&lt;br&gt;Es que hay muchos ignorantes que no han visto las señales
&lt;br&gt;Hijos contra padres padres contra hijos esa es la clave
&lt;br&gt;Que habrá rumores de guerras entre todas las naciones
&lt;br&gt;Y que las grandes potencias caerán sin razones
&lt;br&gt;Grandes interrogantes se viven en estos días
&lt;br&gt;No creen en la Palabra y dudan de las profecías
&lt;br&gt;Que está aumentando el suicidio aborto homosexualismo
&lt;br&gt;El mundo está amenazado a causa del terrorismo
&lt;br&gt;Démonos cuenta que estos son tiempos finales
&lt;br&gt;Que vendrán falsos profetas engañando con señales
&lt;br&gt;Predicando la Palabra diciendo yo soy el Cristo
&lt;br&gt;A muchos engañaran Mateo veinticuatro cito
&lt;br&gt;
&lt;br&gt;El vacío en el alma es la causa de todo esto
&lt;br&gt;Se alejaron de mi Cristo dentro del peor momento
&lt;br&gt;Lo sacaron de sus vidas y dentro de sus pensamientos
&lt;br&gt;Ignoraron a la iglesia y el efecto se está viendo
&lt;br&gt;Las pasiones los dominan y lo malo les fascina
&lt;br&gt;Se deleitan en pecados que el Maestro abomina
&lt;br&gt;Y se amotinan y aborrecen la verdad
&lt;br&gt;Y a los profetas de estos tiempos no los dejan ni hablar
&lt;br&gt;Les predican la Palabra y te faltan al respeto
&lt;br&gt;Pero corren pa la iglesia cuando llegan los aprietos
&lt;br&gt;Y después de restaurados vuelven al pasado
&lt;br&gt;Escucha mi hermano la salvación está en tus manos
&lt;br&gt;
&lt;br&gt;Queremos frenar las calles queremos frenar los puntos
&lt;br&gt;Queremos ver las iglesias caminando y dando frutos
&lt;br&gt;No queremos más difuntos por las drogas o por abusos
&lt;br&gt;Queremos un pueblo unido levantando a este mundo
&lt;br&gt;Que se frene el maltrato de mujeres y de niños
&lt;br&gt;Declaro cadenas rotas reprendemos el suicidio
&lt;br&gt;Proclamamos libertad en ataduras de alcoholismo
&lt;br&gt;Que el adicto sea libre que se acabe el homicidio
&lt;br&gt;Que se acabe en este mundo tantas falsas teorías
&lt;br&gt;Que no nos compliquen tanto porque solo hay un Mesías
&lt;br&gt;Declaramos que se cumple lo que hoy hemos escrito
&lt;br&gt;Declaramos que este pueblo solo adora a Jesucristo
&lt;br&gt;
&lt;br&gt;Y se lamentaran todas las naciones de la tierra
&lt;br&gt;Y verán al Hijo del Hombre viniendo sobre las nubes
&lt;br&gt;Con Poder y Gloria
&lt;br&gt;De cierto os digo que el cielo y la tierra pasaran
&lt;br&gt;Pero la Palabra de Cristo no pasara
&lt;br&gt;
&lt;br&gt;Nosotros no venimos a hablarte de nosotros
&lt;br&gt;Sino del mensaje de aquel que nos envió
&lt;br&gt;JESÚS
&lt;br&gt;Nuestro Salvador&lt;/p&gt;
</description>
    </item>
    
    <item>
      <title> Lagrimas De Sangre (feat. Jey)</title>
      <link>http://letraspedia.com/lyric/2blej-lagrimas-de-sangre-feat-jey/</link>
      <pubDate>Mon, 01 Sep 2008 00:00:00 UTC</pubDate>
      <author>Enthusiastic Hugo User</author>
      <guid>http://letraspedia.com/lyric/2blej-lagrimas-de-sangre-feat-jey/</guid>
      <description>&lt;p&gt;No aguanto el dolor
&lt;br&gt;Me ahogo en lágrimas de sangre
&lt;br&gt;Veo como el mundo sigue así y piensa así
&lt;br&gt;Y no quieren cambiar
&lt;br&gt;
&lt;br&gt;En esta me levanto y hago eco
&lt;br&gt;(Hacer ruido)
&lt;br&gt;Ya están sufriendo los caseríos
&lt;br&gt;La violencia crece y crece más panas míos
&lt;br&gt;Mientras muchos se enriquecen
&lt;br&gt;Hay padres que pierden hijos
&lt;br&gt;Y le hago guerra al que abre fuego con la metra
&lt;br&gt;A todo aquel que mata en sus canciones con sus letras
&lt;br&gt;Al tirador al traficante al niño y al maleante
&lt;br&gt;Al que mata a un inocente y derrama su sangre
&lt;br&gt;Hay mucha gente que caminan en lo oscuro
&lt;br&gt;Desprecian el  camino que lleva a un puerto seguro
&lt;br&gt;Mientras que hay otros que de Cristo viven ignorantes
&lt;br&gt;Y si es posible nos ahogamos en lágrimas de sangre
&lt;br&gt;
&lt;br&gt;Una persona que me enseñó a amar
&lt;br&gt;DIOS
&lt;br&gt;Una persona que me enseño el camino
&lt;br&gt;De lo correcto sin tener que mirar atrás
&lt;br&gt;(Como voy a olvidarlo)
&lt;br&gt;Porque la traición porque la hipocresía
&lt;br&gt;Porque las matanzas siguen día a día
&lt;br&gt;Porque no comprenden que somos humanos
&lt;br&gt;Que somos hermanos o caso se les ha olvidado
&lt;br&gt;Hablan de racismo que llevamos diferente color
&lt;br&gt;Pero en la realidad todos llevamos un mismo corazón
&lt;br&gt;Porque la ambición de ser el más poderoso
&lt;br&gt;Si con Cristo todos somos victoriosos
&lt;br&gt;
&lt;br&gt;Se quebrantaron se olvidaron de las leyes celestiales
&lt;br&gt;Tú crees que seguirán las terrenales
&lt;br&gt;No respetan los ancianos los niños ni las mujeres
&lt;br&gt;Disparan con la nueve como si fueran del pegue
&lt;br&gt;Meré los inocentes muriendo las familias sufriendo
&lt;br&gt;El adicto robando y la niña abortando
&lt;br&gt;El pecado creciendo y la droga corriendo
&lt;br&gt;El gobierno promete pero no está cumpliendo
&lt;br&gt;
&lt;br&gt;El fin se acerca y Jesucristo está a las puertas
&lt;br&gt;Las señales se cumplieron solo faltan las trompetas
&lt;br&gt;Hijos contra padres padres contra hijos
&lt;br&gt;Se ha perdido el amor como lo dice en el libro
&lt;br&gt;
&lt;br&gt;Porque todavía Cristo
&lt;br&gt;Sigue derramando lágrimas de sangre&lt;/p&gt;
</description>
    </item>
    
    <item>
      <title> Me Duele Saber</title>
      <link>http://letraspedia.com/lyric/2blej-me-duele-saber/</link>
      <pubDate>Mon, 01 Sep 2008 00:00:00 UTC</pubDate>
      <author>Enthusiastic Hugo User</author>
      <guid>http://letraspedia.com/lyric/2blej-me-duele-saber/</guid>
      <description>&lt;p&gt;Tantos días han pasado y yo sigo aquí
&lt;br&gt;Y a pesar de que me heriste
&lt;br&gt;No he dejado de clamar por ti
&lt;br&gt;Muchas veces me he visto contigo en el altar
&lt;br&gt;Y aunque parezca real
&lt;br&gt;Me despierto y fue otro sueño más
&lt;br&gt;Me he llenado de confusión
&lt;br&gt;Y también sentí frustración
&lt;br&gt;Muchas veces perdí la visión
&lt;br&gt;Y no he sido feliz porque
&lt;br&gt;
&lt;br&gt;Me duele saber que tú no estás aquí
&lt;br&gt;Y que en un momento contigo fue feliz
&lt;br&gt;Y me siento a pensar y no puedo entender
&lt;br&gt;Como tu amor y el mío se tuvo que romper
&lt;br&gt;
&lt;br&gt;Un simple descuido fue el que marco tu destino
&lt;br&gt;El no coger consejos y los malos amigos
&lt;br&gt;Te fuiste afanando te fuiste aferrando al vacilón
&lt;br&gt;Y te olvidaste de la relación
&lt;br&gt;Empezaron los problemas nuestra ruptura
&lt;br&gt;El dolor y esta pena que quema este corazón
&lt;br&gt;Que solamente Dios puede llenar el vacío
&lt;br&gt;Que dejaste mi amor y cometiste un error
&lt;br&gt;Ahora me encuentro confundido contigo
&lt;br&gt;Pues ya no te conozco tú rostro ha decaído
&lt;br&gt;Ahora que veo tu cara que no te afanas
&lt;br&gt;Disfrutar de placeres janguear con tus panas
&lt;br&gt;Ahora no tienes ningún compromiso
&lt;br&gt;Y a nuestra relación tú le hiciste caso omiso
&lt;br&gt;Y aunque no lo entiendas tus acciones me hieren
&lt;br&gt;Y aunque el tiempo ha pasado todavía me duele
&lt;br&gt;
&lt;br&gt;Me duele saber que tú no estás aquí
&lt;br&gt;Me duele saber que tú me has marcado
&lt;br&gt;Me duele saber que tú no estás aquí
&lt;br&gt;Por un simple descuido tu vida has marcado
&lt;br&gt;Me duele saber que tú no estás aquí
&lt;br&gt;Me duele
&lt;br&gt;Saber vida mía que no estás aquí&lt;/p&gt;
</description>
    </item>
    
    <item>
      <title> Me Enamoro</title>
      <link>http://letraspedia.com/lyric/2blej-me-enamoro/</link>
      <pubDate>Mon, 01 Sep 2008 00:00:00 UTC</pubDate>
      <author>Enthusiastic Hugo User</author>
      <guid>http://letraspedia.com/lyric/2blej-me-enamoro/</guid>
      <description>&lt;p&gt;Cuando la vi me enamoro cara de inocente
&lt;br&gt;Mujer tan decente como ella no hay dos
&lt;br&gt;
&lt;br&gt;Amor de loco amor pasajero
&lt;br&gt;Que me ilusiono y medio contra el suelo
&lt;br&gt;Me hizo pecar y a Dios traicionar
&lt;br&gt;
&lt;br&gt;Sabes yo conocí una hermosa nena
&lt;br&gt;Bella sonrisa una doncella
&lt;br&gt;Todos admiraban su belleza
&lt;br&gt;Su delicadeza toda una princesa
&lt;br&gt;Pero yo no entendía lo que sucedía
&lt;br&gt;Tú me enamoraste y decías que me querías
&lt;br&gt;Ahora me dices que estas confundida
&lt;br&gt;Que nuestra relación fue un error de tu vida
&lt;br&gt;Yo no sé cómo pudo hacerme esto usted
&lt;br&gt;Si tú sabes nena cuanto yo te ame
&lt;br&gt;Cuanto tiempo de mí vida a ti yo te dedique
&lt;br&gt;Que hasta todo lo Dios yo abandone
&lt;br&gt;Como puedes ser capaz de engañar mi corazón
&lt;br&gt;Y a escondidas tener otra relación
&lt;br&gt;Si todos me lo decían me hablaban en profecía
&lt;br&gt;Y decían que tú serias mi perdición
&lt;br&gt;Ahora me levanto ya no serás la causa de mi llanto
&lt;br&gt;Proceso de dolor y de quebranto
&lt;br&gt;Me hiciste apartarme de mi Dios y su llamado
&lt;br&gt;Pero no será por mucho porque él me ha perdonado
&lt;br&gt;Ahora vuelvo a serle fiel lejos de ti mujer
&lt;br&gt;Y tu palabrería ya no me va a envolver
&lt;br&gt;Vivo gracias a Él que me hizo entender
&lt;br&gt;Que tú eras una trampa que iba hacerme caer
&lt;br&gt;
&lt;br&gt;Tú fuiste la tentación y la pasión fue mi perdición
&lt;br&gt;La que me hizo fallarle a Dios y aferrarme a esta relación
&lt;br&gt;
&lt;br&gt;Y por eso aprendí a esperar en ti
&lt;br&gt;Y no dejarme llevar por lo que puedo sentir
&lt;br&gt;Tu Palabra no falla el corazón te engaña
&lt;br&gt;
&lt;br&gt;Esta canción va dedicada a todas aquellas personas
&lt;br&gt;Que han sido víctimas del engaño
&lt;br&gt;Los cuales entregaron sus sentimientos
&lt;br&gt;A la persona menos indicada&lt;/p&gt;
</description>
    </item>
    
    <item>
      <title> No Te Rindas</title>
      <link>http://letraspedia.com/lyric/2blej-no-te-rindas/</link>
      <pubDate>Mon, 01 Sep 2008 00:00:00 UTC</pubDate>
      <author>Enthusiastic Hugo User</author>
      <guid>http://letraspedia.com/lyric/2blej-no-te-rindas/</guid>
      <description>&lt;p&gt;Hoy desperté me mire al espejo
&lt;br&gt;Y me doy cuenta que no es lo mismo de ayer
&lt;br&gt;Confundido y con mi rostro entristecido
&lt;br&gt;Comienzo a caer
&lt;br&gt;Y aquel mundo que yo había construido
&lt;br&gt;Lo veo desvanecer
&lt;br&gt;Ya no tengo esperanzas y hoy he perdido la fe
&lt;br&gt;
&lt;br&gt;Pero escuche una voz muy dentro de mí ser
&lt;br&gt;Que me dice levanta el rostro no te dejes vencer
&lt;br&gt;Que solamente es el comienzo del camino
&lt;br&gt;Que me tenía en sus manos y me dijo
&lt;br&gt;
&lt;br&gt;No te rindas aunque tú veas
&lt;br&gt;Que tu barca se hunde en la marea
&lt;br&gt;Aunque vengan los tropiezos y sientas dolor
&lt;br&gt;Hoy tu puedes hacerlo eres un vencedor
&lt;br&gt;
&lt;br&gt;He enfrentado los tropiezos que han llegado a mi vida
&lt;br&gt;Y he sentido que mi barca ha naufragado a la deriva
&lt;br&gt;Lagrimas que me ahogaron palabras que solo herían
&lt;br&gt;Y sueños que se destruyen cuando nadie en ti confía
&lt;br&gt;Pero el que valiente lucha hasta el último suspiro
&lt;br&gt;Y la fe en el creador es el que lo mantiene vivo
&lt;br&gt;Sé que tengo que esforzarme si quiero ser vencedor
&lt;br&gt;Y que un gran guerrero no se rinde busca ser el mejor
&lt;br&gt;
&lt;br&gt;Hoy disfruto de aquel triunfo
&lt;br&gt;Que un día me faje en su construcción
&lt;br&gt;Y vencí todos los temores frustración la desilusión
&lt;br&gt;Que llegaban a mi vida fueron vientos
&lt;br&gt;Que azotaron hasta destruir mi vida
&lt;br&gt;Y aprendí que las mareas algún día bajarían
&lt;br&gt;Y aprendí que las tormentas en su tiempo cesarían
&lt;br&gt;Y que al final del túnel nos espera una luz
&lt;br&gt;Ese rayo de esperanza la presencia de Jesús
&lt;br&gt;
&lt;br&gt;No te rindas aunque pienses que todo lo has perdido
&lt;br&gt;Recuerda siempre que el Señor tiene un propósito contigo&lt;/p&gt;
</description>
    </item>
    
    <item>
      <title> No Temas (feat. Lion Sama)</title>
      <link>http://letraspedia.com/lyric/2blej-no-temas-feat-lion-sama/</link>
      <pubDate>Mon, 01 Sep 2008 00:00:00 UTC</pubDate>
      <author>Enthusiastic Hugo User</author>
      <guid>http://letraspedia.com/lyric/2blej-no-temas-feat-lion-sama/</guid>
      <description>&lt;p&gt;Aunque el enemigo se levante contra ti
&lt;br&gt;Dios te dio la autoridad para vencerlo
&lt;br&gt;
&lt;br&gt;El que está en Cristo No cree en el fracaso
&lt;br&gt;Porque ese abogado no ha perdido un caso
&lt;br&gt;Dame un grito de guerra y levanta tus brazos
&lt;br&gt;Reprende lo malo y afirma tus pasos
&lt;br&gt;
&lt;br&gt;Bajo la Cristonita del cielo
&lt;br&gt;Se cayó el velo que tenía al hombre ciego
&lt;br&gt;Por aquel que pago el precio muriendo en un madero
&lt;br&gt;Para salvar nuestro pellejo esa es la roca inconmovible
&lt;br&gt;La que hace al hombre libre la que el pecado redime
&lt;br&gt;La que cuando yo me muero su presencia me revive
&lt;br&gt;Lo que nos hace invencibles
&lt;br&gt;
&lt;br&gt;Óyeme que pretendes ir a la guerra si no entiendes
&lt;br&gt;Busca de aquel que bautiza y tu vida enciende
&lt;br&gt;No tengas miedo de este mundo que te miente
&lt;br&gt;Confía en el Señor y en su palabra que es la que asciende
&lt;br&gt;OK Sigue pal ante como un warrior
&lt;br&gt;No te doblegues ante el mundo no importa el emisario
&lt;br&gt;Tu naciste pa vencer siempre a diario
&lt;br&gt;Tú no eres un cobarde de Cristo tú eres un sicario
&lt;br&gt;
&lt;br&gt;Si tú sabes que Él está contigo
&lt;br&gt;No temas cuando se levante tu enemigo
&lt;br&gt;La prueba es fuerte y duro el camino
&lt;br&gt;Tú saldrás victorioso porque andas con Cristo
&lt;br&gt;
&lt;br&gt;Ahora dale aprende y hoy entiende
&lt;br&gt;Que el de arriba nos defiende
&lt;br&gt;No tires la toalla que Jesús no falla
&lt;br&gt;El no conoce derrota ni ha perdido una batalla
&lt;br&gt;Y nadie lo ha vencido  por eso yo me gozo
&lt;br&gt;Soy Linaje Escogido Real Sacerdocio Nación Santa
&lt;br&gt;Guerreros de Cristo que siempre se levantan
&lt;br&gt;
&lt;br&gt;Su Santo Espíritu es el que da la vida
&lt;br&gt;Su palabra es poderosa deleitosa en sabiduría
&lt;br&gt;El que la guarda alarga sus días
&lt;br&gt;Mejor es su fruto que el oro y que ropa fina
&lt;br&gt;Por esa razón te animo a que pelees
&lt;br&gt;No importa lo que vea pa lante aunque te marees
&lt;br&gt;Todo es posible pa aquel que le creyere
&lt;br&gt;Ya deje el lloriqueo manifiesta lo que eres
&lt;br&gt;
&lt;br&gt;Porque todo lo que ha sido creado por Dios vence al mundo
&lt;br&gt;Y esta es la victoria que ha vencido al mundo
&lt;br&gt;Nuestra FE&lt;/p&gt;
</description>
    </item>
    
    <item>
      <title> Se Rio De Mi (feat. Jesús Díaz)</title>
      <link>http://letraspedia.com/lyric/2blej-se-rio-de-mi-feat-jesus-diaz/</link>
      <pubDate>Mon, 01 Sep 2008 00:00:00 UTC</pubDate>
      <author>Enthusiastic Hugo User</author>
      <guid>http://letraspedia.com/lyric/2blej-se-rio-de-mi-feat-jesus-diaz/</guid>
      <description>&lt;p&gt;Cuando caminaba por la esquina del barrio
&lt;br&gt;Con la Biblia en la mano frente a mis amigos
&lt;br&gt;Ellos me miraban y se burlaban y se reían
&lt;br&gt;Como si fuera yo su enemigo pero no importa
&lt;br&gt;Yo entendía que no eran ellos que era el enemigo
&lt;br&gt;Porque en la esquina yo me pasaba
&lt;br&gt;Y se acabó el tumbao y se rompió el corillo
&lt;br&gt;Porque ahora no tomo cerveza no le meto al ron
&lt;br&gt;Ni fumo cigarrillo
&lt;br&gt;
&lt;br&gt;Se rio se rio de mí se estaban riendo
&lt;br&gt;Al saber que a Dios le estaba sirviendo
&lt;br&gt;Y ellos sabían de donde salí
&lt;br&gt;Y ellos sabían lo que antes yo fui
&lt;br&gt;Pero no sabían que en mi interior
&lt;br&gt;Yo estaba muriendo
&lt;br&gt;
&lt;br&gt;En medio de un vacío que ahogaba mi vida
&lt;br&gt;Sonreía pero por dentro moría
&lt;br&gt;Y cuando ellos me hablaban de Dios y de la biblia
&lt;br&gt;Me burlaba de ellos me reía
&lt;br&gt;Lo que más me sorprendía
&lt;br&gt;Caminar en buenos pasos
&lt;br&gt;Y pude apartarme del fracaso
&lt;br&gt;Unos dieron la espalda otros me apoyaron
&lt;br&gt;Y los mas que querían de mí se burlaron
&lt;br&gt;He sido transformado y bendecido
&lt;br&gt;El poder de su Palabra cambio mi destino
&lt;br&gt;Y no me quito sigo pal frente
&lt;br&gt;Buscando la gloria del omnipotente
&lt;br&gt;Quisiera que vivieran lo que yo viví
&lt;br&gt;Quisiera que sufrieran lo que yo sufrí
&lt;br&gt;Por las calles rondando mi vida peligrando
&lt;br&gt;Las balas en mi cuerpo y mi vieja llorando
&lt;br&gt;
&lt;br&gt;Y ellos sabían de donde salí
&lt;br&gt;Y ellos sabían lo que antes yo fui
&lt;br&gt;Pero no sabían que en mi interior
&lt;br&gt;Yo estaba muriendo
&lt;br&gt;
&lt;br&gt;Se rio se rio de mí se rio se estaban riendo
&lt;br&gt;Al saber que a Jesucristo yo le estaba sirviendo
&lt;br&gt;Se rio se rio de mí se rio se estaban riendo
&lt;br&gt;Ellos sabían de donde salí
&lt;br&gt;Ellos sabían lo que antes yo fui
&lt;br&gt;Se rio se rio de mí se rio se estaban riendo
&lt;br&gt;Eran mis amigos ellos eran mis panas
&lt;br&gt;Se rio se rio de mí se rio se estaban riendo
&lt;br&gt;Que piensen lo que ellos quieran
&lt;br&gt;Que Cristo es el que me llena&lt;/p&gt;
</description>
    </item>
    
    <item>
      <title> Si Tu Supieras</title>
      <link>http://letraspedia.com/lyric/2blej-si-tu-supieras/</link>
      <pubDate>Mon, 01 Sep 2008 00:00:00 UTC</pubDate>
      <author>Enthusiastic Hugo User</author>
      <guid>http://letraspedia.com/lyric/2blej-si-tu-supieras/</guid>
      <description>&lt;p&gt;Definitivamente no puedo seguir ocultando lo que siento
&lt;br&gt;Y ha llegado el momento y quiero decirte que
&lt;br&gt;
&lt;br&gt;Si tú supieras lo que siento por ti
&lt;br&gt;Tú vendrías a mí, Tú vendrías a mi hoy
&lt;br&gt;Si tú supieras lo que siento por ti
&lt;br&gt;Yo te haría muy feliz
&lt;br&gt;
&lt;br&gt;Quisiera besarte pero no me atrevo
&lt;br&gt;Quisiera tantas cosas y no puedo
&lt;br&gt;Y me acelero cuando yo te veo
&lt;br&gt;Por favor no me des vueltas
&lt;br&gt;Que me desespero
&lt;br&gt;Estar contigo un sueño seria
&lt;br&gt;Contemplar tu sonrisa
&lt;br&gt;El resto de mis días
&lt;br&gt;Compartir nuestras vidas
&lt;br&gt;Junto a una buena armonía
&lt;br&gt;Disfrutar de tu amor
&lt;br&gt;Hasta que Dios lo decida
&lt;br&gt;
&lt;br&gt;Si tú supieras Lo que siento por ti
&lt;br&gt;Tú vendrías a mí, Tú vendrías a mi hoy
&lt;br&gt;Si tú supieras lo que siento por ti
&lt;br&gt;Yo te haría muy feliz
&lt;br&gt;
&lt;br&gt;Oye baby ya tú sabes mi estado
&lt;br&gt;Háblame claro dime si yo te agrado
&lt;br&gt;Ponte seria cuando te hagas rogar
&lt;br&gt;Que por ti estoy dispuesto a luchar y esperar
&lt;br&gt;
&lt;br&gt;Espero por ti, espero por ti
&lt;br&gt;Espero
&lt;br&gt;Yo sé que algún día
&lt;br&gt;Dios nos va a unir
&lt;br&gt;
&lt;br&gt;Si tú supieras Lo que siento por ti
&lt;br&gt;Tú vendrías a mí, Tú vendrías a mi hoy
&lt;br&gt;Si tú supieras lo que siento por ti
&lt;br&gt;Yo te haría muy feliz
&lt;br&gt;
&lt;br&gt;Oye querida deja que tu rostro acaricie
&lt;br&gt;Y el día se me arregla cuando veo tu sonrisa
&lt;br&gt;No es una pasión esto que siento
&lt;br&gt;Y siento que es el amor que fluye por dentro
&lt;br&gt;Y estoy dispuesto a derrumbar los argumentos
&lt;br&gt;Que puedan destruir todo lo que por ti siento
&lt;br&gt;Baby todo lo que por ti siento
&lt;br&gt;Todo lo que por ti siento
&lt;br&gt;
&lt;br&gt;Espero por ti, espero por ti
&lt;br&gt;Espero yo sé que algún día
&lt;br&gt;Dios nos va a unir&lt;/p&gt;
</description>
    </item>
    
    <item>
      <title> Sin Freno</title>
      <link>http://letraspedia.com/lyric/2blej-sin-freno/</link>
      <pubDate>Mon, 01 Sep 2008 00:00:00 UTC</pubDate>
      <author>Enthusiastic Hugo User</author>
      <guid>http://letraspedia.com/lyric/2blej-sin-freno/</guid>
      <description>&lt;p&gt;Salte que yo voy sin miedo sin freno
&lt;br&gt;Vamos a toda contra el enemigo
&lt;br&gt;A tumbarle el vuelo no hay miedo
&lt;br&gt;
&lt;br&gt;Ahora vienen los doble J no se equivoquen
&lt;br&gt;No tiren fuera del pote
&lt;br&gt;Soy hijo del cocorote así me derroten
&lt;br&gt;No busquen que Papá los azote
&lt;br&gt;
&lt;br&gt;Si tú sabes que nosotros andamos muy higth
&lt;br&gt;Tu intención está en decadencia
&lt;br&gt;Así que no frontee con los hijos de Cristo pai
&lt;br&gt;Del reino tenemos herencia
&lt;br&gt;
&lt;br&gt;Quédese tranquilo que Dios ofrece adherirnos
&lt;br&gt;No me confundes con su estilo
&lt;br&gt;Que tú insistes en ser más grande pero no te salió el tiro
&lt;br&gt;Y por el cambio vuelvo hoy y tiro
&lt;br&gt;
&lt;br&gt;No me ofrezco y ni me presto pa tu sucio juego
&lt;br&gt;Mejor prefiero dejar de cantar que apagar el fuego
&lt;br&gt;La fama que me ofreces mera no la quiero
&lt;br&gt;Y pa tener tu visión mejor me quedo ciego
&lt;br&gt;En la calle se comenta que tú eres bravo
&lt;br&gt;Porque muchas son las vidas que tú has destrozado
&lt;br&gt;Con mi alabanza de seguro de piso el rabo
&lt;br&gt;Y como Cristo está conmigo tú estás derrotado
&lt;br&gt;
&lt;br&gt;Ahora soy un heredero no me percates contra el suelo
&lt;br&gt;Por más que tires papi yo soy un guerrero
&lt;br&gt;Por más que trates pero con Cristo no juego
&lt;br&gt;Y si me caigo el me levanta del suelo
&lt;br&gt;
&lt;br&gt;Ahora soy un heredero no me percates contra el suelo
&lt;br&gt;Por más que tires papi yo soy un guerrero
&lt;br&gt;Por más que trates pero con Cristo no juego
&lt;br&gt;Y si me caigo ando sin miedo
&lt;br&gt;
&lt;br&gt;Porque simple y sencillamente
&lt;br&gt;El enemigo no puede con nosotros
&lt;br&gt;Porque somos Herederos del Reino&lt;/p&gt;
</description>
    </item>
    
    <item>
      <title> Vacío</title>
      <link>http://letraspedia.com/lyric/2blej-vacio/</link>
      <pubDate>Mon, 01 Sep 2008 00:00:00 UTC</pubDate>
      <author>Enthusiastic Hugo User</author>
      <guid>http://letraspedia.com/lyric/2blej-vacio/</guid>
      <description>&lt;p&gt;Anduvimos por las calles
&lt;br&gt;Buscando quien llenara nuestro vacío
&lt;br&gt;Por el mundo solos y confundidos
&lt;br&gt;Hasta que nos topamos contigo mi Cristo
&lt;br&gt;
&lt;br&gt;Hola que tal te he llamado para hablar contigo
&lt;br&gt;Para decirte que de todo estoy agradecido
&lt;br&gt;Que estoy feliz por tenerte a ti Jesús
&lt;br&gt;Porque sin ti me iba a morir
&lt;br&gt;Dame solo un poco de tu amor
&lt;br&gt;Hasta que me vuelva loco
&lt;br&gt;Que sin ti me muero desespero poquitito a poco
&lt;br&gt;Déjame expresarte demostrarte que yo quiero amarte
&lt;br&gt;Adorarte y Alabarte
&lt;br&gt;
&lt;br&gt;Sin ti me siento vacío como el invierno sin frio
&lt;br&gt;Desconectado perdido cuando no siento tú abrigo
&lt;br&gt;Por eso quiero que siempre estés conmigo
&lt;br&gt;Porque si no me siento triste y afligido
&lt;br&gt;Tú me alumbraste así tú me enseñaste a mi
&lt;br&gt;La fórmula perfecta para poder ser feliz
&lt;br&gt;No se trata de bailar no se trata de hanguiar
&lt;br&gt;Ven busca a Cristo el que llena en lo espiritual
&lt;br&gt;Me pone rutas buenas te invito a la carrera
&lt;br&gt;Aquí se gana solo si hasta el fin tú perseveras
&lt;br&gt;Hay agua viva pa ti y para el que quiera venir
&lt;br&gt;No tendrás sed más nunca porque Cristo te hará vivir&lt;/p&gt;
</description>
    </item>
    
    <item>
      <title> Vivir Para Ti (feat. Paola Castro)</title>
      <link>http://letraspedia.com/lyric/2blej-vivir-para-ti-feat-paola-castro/</link>
      <pubDate>Mon, 01 Sep 2008 00:00:00 UTC</pubDate>
      <author>Enthusiastic Hugo User</author>
      <guid>http://letraspedia.com/lyric/2blej-vivir-para-ti-feat-paola-castro/</guid>
      <description>&lt;p&gt;En medio de la prueba tú te has glorificado
&lt;br&gt;Hoy me has enseñado cuán grande es tu poder
&lt;br&gt;
&lt;br&gt;Eres la fuente que me inspira
&lt;br&gt;La fuerza que me impulsa
&lt;br&gt;Mi gozo mi refugio mi existir
&lt;br&gt;
&lt;br&gt;Eres todo para mí desde que te conocí
&lt;br&gt;Bajo la nube de tu gloria quiero vivir
&lt;br&gt;
&lt;br&gt;Quiero adorarte eternamente
&lt;br&gt;Quiero exaltarte y por siempre vivir para ti
&lt;br&gt;
&lt;br&gt;Tu eres mi refugio refugio y fortaleza
&lt;br&gt;Mi sonrisa en las mañanas el autor de sus promesas
&lt;br&gt;El que guardas mi entrada y cuidas mis salidas
&lt;br&gt;Mi Roca inconmovible el que sana mis heridas
&lt;br&gt;En medio del desierto mi único sustento
&lt;br&gt;El agua que yo bebo cuando me encuentro sediento
&lt;br&gt;Me siento triste a veces mi alma se fatiga
&lt;br&gt;Más cambia el panorama cuando doblo mis rodillas
&lt;br&gt;Y te amo y te anhelo
&lt;br&gt;Tú has sido mi consuelo en mis noches de desvelo
&lt;br&gt;Y quiero estar contigo
&lt;br&gt;Te entrego mis sentidos el corazón y sus latidos
&lt;br&gt;Tu viento apacible y tu amor inconmovible
&lt;br&gt;Devuelves la esperanza y a mi vida haces libre
&lt;br&gt;Contigo lo hago todo sin ti no hago nada
&lt;br&gt;Y siempre me socorres de tan solo una llamada
&lt;br&gt;Mi amor por ti más crece todo te lo mereces
&lt;br&gt;Y si de ti me alejo mi rostro se desmerece
&lt;br&gt;A pesar de que te fallo fiel tú permaneces
&lt;br&gt;Y en vez de castigarme un Nuevo Pacto estableces&lt;/p&gt;
</description>
    </item>
    
    <item>
      <title> Ya No Llora</title>
      <link>http://letraspedia.com/lyric/2blej-ya-no-llora/</link>
      <pubDate>Mon, 01 Sep 2008 00:00:00 UTC</pubDate>
      <author>Enthusiastic Hugo User</author>
      <guid>http://letraspedia.com/lyric/2blej-ya-no-llora/</guid>
      <description>&lt;p&gt;Su alcoba esta desolada
&lt;br&gt;Y su vida marcada
&lt;br&gt;Sus mañanas no son mañanas
&lt;br&gt;Porque su pureza fue arrancada
&lt;br&gt;En su casa la despreciaban
&lt;br&gt;Y no creían lo que ella contaba
&lt;br&gt;Que su padre la maltrataba
&lt;br&gt;Como juguete sexual la usaba
&lt;br&gt;
&lt;br&gt;En una esquina llora y tristes son las horas
&lt;br&gt;Y a Dios siempre le ora para que revele su triste historia
&lt;br&gt;No encuentra quien la escuche no existe quien le crea
&lt;br&gt;Esa terrible historia que su vida atormenta y el odio alimenta
&lt;br&gt;
&lt;br&gt;Cuenta los minutos camina sin rumbo
&lt;br&gt;Largas son las horas
&lt;br&gt;Siente que se ahoga en un mar profundo
&lt;br&gt;Y ella llora sola
&lt;br&gt;Siente que se muere que nadie la quiere
&lt;br&gt;Que todos la ignoran
&lt;br&gt;Ya no cree en los hombres por muchas razones
&lt;br&gt;Su padre la decepciona
&lt;br&gt;Dime tú como va a creer
&lt;br&gt;Si la usaban desde niña como a una mujer
&lt;br&gt;Marcaban su piel por sentir placer
&lt;br&gt;Una fiera endemoniada que la vio crecer
&lt;br&gt;Toda una vida ella piensa que va a recorrer
&lt;br&gt;Sin confianza sin consuelo sin volver a creer
&lt;br&gt;Que hay un hombre que le quiere dar amor y querer
&lt;br&gt;Que solo espera que lo llame y Él la va a socorrer
&lt;br&gt;
&lt;br&gt;Hasta que un día conoció al Señor
&lt;br&gt;El mismo que cambio el odio por amor
&lt;br&gt;Aquella frustración se marcho
&lt;br&gt;Y se sano aquella herida de su corazón
&lt;br&gt;Quien se iba a imaginar que esa joven herida
&lt;br&gt;Algún día la verían triunfar
&lt;br&gt;Y en vez de renegar y llorar
&lt;br&gt;Se dedica a predicar y a cantarle a Jehová
&lt;br&gt;
&lt;br&gt;Y ya no llora
&lt;br&gt;Y en libertad pasan las horas
&lt;br&gt;Y ella adora
&lt;br&gt;A Dios por cambiarle su historia
&lt;br&gt;Ahora goza
&lt;br&gt;De una vida deferente
&lt;br&gt;Porque ella tiene
&lt;br&gt;A Dios que es más que suficiente
&lt;br&gt;
&lt;br&gt;No permitas que los recuerdos del pasado
&lt;br&gt;Atormenten tu presente
&lt;br&gt;Y que las marcas que hay en tu vida
&lt;br&gt;Se conviertan en una excusa o en un precedente
&lt;br&gt;Para no querer triunfar para no querer luchar
&lt;br&gt;Solo acércate a Dios que él te va a restaurar
&lt;br&gt;Y secara tu llanto y te dará el amor
&lt;br&gt;Y también te dará fuerzas para que otorgues el perdón&lt;/p&gt;
</description>
    </item>
    
  </channel>
</rss>