<?xml version="1.0" encoding="utf-8" standalone="yes" ?>
<rss version="2.0" xmlns:atom="http://www.w3.org/2005/Atom">
  <channel>
      <title>10 Petits Indiens on Letraspedia.com thes best lyrics page </title>
    <link>http://letraspedia.com/artist/10-petits-indiens/</link>
    <language>en-US</language>
    <author>Enthusiastic Hugo User</author>
    <rights>Copyright (c) 2014, Enthusiastic Hugo User; all rights reserved.</rights>
    <updated>Mon, 01 Sep 2008 00:00:00 UTC</updated>
    
    <item>
      <title> Ce C&amp;ocirc;té L&amp;agrave; De La Terre</title>
      <link>http://letraspedia.com/lyric/10-petits-indiens-de-ce-cocircte-lagrave-de-la-terre/</link>
      <pubDate>Mon, 01 Sep 2008 00:00:00 UTC</pubDate>
      <author>Enthusiastic Hugo User</author>
      <guid>http://letraspedia.com/lyric/10-petits-indiens-de-ce-cocircte-lagrave-de-la-terre/</guid>
      <description>&lt;p&gt;Mais qu&amp;rsquo;est ce que t&amp;rsquo;es venu faire&lt;br /&gt;De ce côté la de la terre ?&lt;br /&gt;C&amp;rsquo;est plus assez l&amp;rsquo;enfer&lt;br /&gt;Dans tes ruelles&lt;br /&gt;Faut dire que je t&amp;rsquo;attendais&lt;br /&gt;Toi et ton savoir faire&lt;br /&gt;Toi qui voulait tout voir, tout pouvoir expliquer&lt;br /&gt;C&amp;rsquo;est l&amp;rsquo;histoire qui nous regarde&lt;br /&gt;C&amp;rsquo;est la vie qui nous epargne&lt;br /&gt;Mais qu&amp;rsquo;est ce que t&amp;rsquo;es venu faire&lt;br /&gt;De ce côté la de la terre ?&lt;br /&gt;Y&amp;rsquo;a plus assez de malheur ici c&amp;rsquo;est la fronière&lt;br /&gt;Ici ça baigne dans l&amp;rsquo;sang&lt;br /&gt;Ou parfois dans la bière&lt;br /&gt;Un autre genre de nouvelle&lt;br /&gt;Une guerre coté bordel&lt;br /&gt;C&amp;rsquo;est l&amp;rsquo;histoire qui nous regarde&lt;br /&gt;C&amp;rsquo;est la vie qui nous epargne&lt;br /&gt;Si le jour je survis, c&amp;rsquo;est que la nuit je cherche un lit&lt;br /&gt;Si j&amp;rsquo;ai les ongles noirs, c&amp;rsquo;est que j&amp;rsquo;ai gratté le trottoir&lt;br /&gt;Je t&amp;rsquo;en parle, étranger, ton papier c&amp;rsquo;est ton jour de gloire&lt;br /&gt;Si j&amp;rsquo;avais pu t&amp;rsquo;aimer, tu n&amp;rsquo;aurais pas su mon histoire&lt;br /&gt;Mais qu&amp;rsquo;est ce que t&amp;rsquo;es venu faire&lt;br /&gt;Aussi loin de la raison ?&lt;br /&gt;La guerre ça va ça vient&lt;br /&gt;Rentre chez toi garçon&lt;br /&gt;J&amp;rsquo;entend pleurer ta femme&lt;br /&gt;Ta fille qui ne s&amp;rsquo;en fait pas&lt;br /&gt;J&amp;rsquo;aurais voulu les voir me donner la leçon&lt;br /&gt;C&amp;rsquo;est l&amp;rsquo;histoire qui nous regarde&lt;br /&gt;C&amp;rsquo;est la vie qui nous epargne&lt;br /&gt;Si de jour je survis, c&amp;rsquo;est que la nuit je cherche un lit&lt;br /&gt;Si j&amp;rsquo;ai les ongles noirs, c&amp;rsquo;est que j&amp;rsquo;ai gratté le trottoir&lt;br /&gt;Je t&amp;rsquo;en parle, étranger, ton papier c&amp;rsquo;est ton jour de gloire&lt;br /&gt;Si j&amp;rsquo;avais pu t&amp;rsquo;aimer, tu n&amp;rsquo;aurais pas su mon histoire&lt;br /&gt;Si de jour je survis, c&amp;rsquo;est que la nuit je cherche un lit&lt;br /&gt;Si j&amp;rsquo;ai les ongles noirs, c&amp;rsquo;est pour faire les poches aux trottoirs&lt;br /&gt;J&amp;rsquo;ai tout dit l&amp;rsquo;étranger, ton papier c&amp;rsquo;est mon jour de gloire&lt;br /&gt;Ce serait une autre histoire, si j&amp;rsquo;avais le temps &amp;hellip;&lt;br /&gt;&lt;br&gt;&lt;/p&gt;
</description>
    </item>
    
    <item>
      <title> Elle A Tous Ses Amants</title>
      <link>http://letraspedia.com/lyric/10-petits-indiens-elle-a-tous-ses-amants/</link>
      <pubDate>Mon, 01 Sep 2008 00:00:00 UTC</pubDate>
      <author>Enthusiastic Hugo User</author>
      <guid>http://letraspedia.com/lyric/10-petits-indiens-elle-a-tous-ses-amants/</guid>
      <description>&lt;p&gt;Elle a tous ses amants&lt;br /&gt;Qui regardent par la fenêtre&lt;br /&gt;Un seul de ses soupirs-là peut leur donner la note&lt;br /&gt;Et ça leur brûle en dedans&lt;br /&gt;Et ça démange et dérange&lt;br /&gt;Et donne-leur la leçon à tous ces hommes-là&lt;br /&gt;Oh laisse, même les enfants regarder par la serrure&lt;br /&gt;S&amp;rsquo;ils pouvaient détailler,&lt;br /&gt;Epouser tes formes rondes&lt;br /&gt;Pas un d&amp;rsquo;eux n&amp;rsquo;aurait osé&lt;br /&gt;Te garder pour la semaine&lt;br /&gt;Et ça leur brûle en dedans&lt;br /&gt;Et ça démange et dérange&lt;br /&gt;Et donne-leur la leçon à tous ces hommes-là&lt;br /&gt;Laisse, même les enfants regarder par la serrure&lt;br /&gt;Il y a tous les amants, et toute la ville qui regardent&lt;br /&gt;La rue qui va vers la gare&lt;br /&gt;C&amp;rsquo;est comme un grand défilé&lt;br /&gt;Les enfants s&amp;rsquo;en amusent&lt;br /&gt;Et se retournent sur son passage&lt;br /&gt;Et ça leur brûle en dedans&lt;br /&gt;Et ça démange et dérange&lt;br /&gt;Et donne-leur cette leçon à tous ces hommes-là&lt;br /&gt;Oh, laisse, même les enfants regarder par la serrure&lt;br /&gt;&lt;br&gt;&lt;/p&gt;
</description>
    </item>
    
    <item>
      <title> Fire</title>
      <link>http://letraspedia.com/lyric/10-petits-indiens-fire/</link>
      <pubDate>Mon, 01 Sep 2008 00:00:00 UTC</pubDate>
      <author>Enthusiastic Hugo User</author>
      <guid>http://letraspedia.com/lyric/10-petits-indiens-fire/</guid>
      <description>&lt;p&gt;( jimi hendrix )&lt;br /&gt;You don&amp;rsquo;t care for me,&lt;br /&gt;I don&amp;rsquo;t care about that&lt;br /&gt;Got a new fool, ha, i&amp;rsquo;d like to laugh at&lt;br /&gt;I have only one burning desire,&lt;br /&gt;Let me stand next to your fire&lt;br /&gt;Let me stand next to your fire&lt;br /&gt;Let me stand next to your fire &amp;hellip;.&lt;br /&gt;You say your mom ????,&lt;br /&gt;&amp;hellip;&lt;br /&gt;And you won&amp;rsquo;t get burned, i have only one itchin&amp;rsquo; desire,&lt;br /&gt;Let me stand next to your fire&lt;br /&gt;Let me stand next to your fire&lt;br /&gt;Let me stand next to your fire &amp;hellip;.&lt;br /&gt;You try to give me your money,&lt;br /&gt;You better save it, babe&lt;br /&gt;Save it for your rainy day&lt;br /&gt;I have only one burnin&amp;rsquo; desire,&lt;br /&gt;Let me stand next to your fire&lt;br /&gt;Let me stand next to your fire&lt;br /&gt;Let me stand next to your fire &amp;hellip;.&lt;br /&gt;&lt;br&gt;&lt;/p&gt;
</description>
    </item>
    
    <item>
      <title> Gueules Cassées</title>
      <link>http://letraspedia.com/lyric/10-petits-indiens-gueules-cassees/</link>
      <pubDate>Mon, 01 Sep 2008 00:00:00 UTC</pubDate>
      <author>Enthusiastic Hugo User</author>
      <guid>http://letraspedia.com/lyric/10-petits-indiens-gueules-cassees/</guid>
      <description>&lt;p&gt;Ris !!!&lt;br /&gt;Souris that qu&amp;rsquo; t&amp;rsquo;as des dents&lt;br /&gt;Ca dure pas bien longtemps&lt;br /&gt;Par ici les quenottes&lt;br /&gt;Ris !!!&lt;br /&gt;Ma foi fais-toi du bien&lt;br /&gt;Avant d&amp;rsquo;penser à rien&lt;br /&gt;Au fond à droite les chiottes&lt;br /&gt;Un soir d&amp;rsquo;un pâle hiver&lt;br /&gt;Dans un paris désert&lt;br /&gt;Tu auras froid et faim&lt;br /&gt;Tu seras épuisé&lt;br /&gt;Tu tendras les bras&lt;br /&gt;Comme tu l&amp;rsquo;as fait déjà&lt;br /&gt;Pour un petit tour de plus&lt;br /&gt;Pour un petit coup en douce&lt;br /&gt;Ris !!!&lt;br /&gt;T&amp;rsquo;es encore dans l&amp;rsquo;arène&lt;br /&gt;Deux bras ça c&amp;rsquo;est une veine&lt;br /&gt;T&amp;rsquo;as presque l&amp;rsquo;air d&amp;rsquo;un con&lt;br /&gt;Ris !!!&lt;br /&gt;Tu manques d&amp;rsquo;inspirations&lt;br /&gt;Pense à tous ces keupons&lt;br /&gt;Qui attendent leurs camelottes&lt;br /&gt;Rien ne peut plus te changer&lt;br /&gt;L&amp;rsquo;aiguille a trop tourné&lt;br /&gt;Ohhh c&amp;rsquo;est la vie&lt;br /&gt;Rien ne peut plus te changer&lt;br /&gt;L&amp;rsquo;aiguille a trop tourné&lt;br /&gt;Ohhh c&amp;rsquo;est la vie&lt;br /&gt;&lt;br&gt;&lt;/p&gt;
</description>
    </item>
    
    <item>
      <title> Je Veux Souffler</title>
      <link>http://letraspedia.com/lyric/10-petits-indiens-je-veux-souffler/</link>
      <pubDate>Mon, 01 Sep 2008 00:00:00 UTC</pubDate>
      <author>Enthusiastic Hugo User</author>
      <guid>http://letraspedia.com/lyric/10-petits-indiens-je-veux-souffler/</guid>
      <description>&lt;p&gt;J&amp;rsquo;entend par la fenêtre ouverte&lt;br /&gt;La nuit qui pousse le jour&lt;br /&gt;Elle vient chercher ses rêveurs dans le noir&lt;br /&gt;Comem chaque soir elle est là, y&amp;rsquo;a plus qu&amp;rsquo;a&lt;br /&gt;Assez de bruit, assez de gris&lt;br /&gt;Assez de rues assez, ca suffit&lt;br /&gt;Les jeux des enfants se sont eteints fatigués&lt;br /&gt;Leurs voix, de murmure en sommeil&lt;br /&gt;J&amp;rsquo;entend les heures qui s&amp;rsquo;envolent en riant&lt;br /&gt;C&amp;rsquo;est elles qui guettaient mon retour au pays du temps perdus&lt;br /&gt;Assez de bruit, assez de rues&lt;br /&gt;Assez de gris assez, ca suffit&lt;br /&gt;Assez de dire oui quand c&amp;rsquo;est non, assez suffit&lt;br /&gt;Assez de cris et de nuits sans sommeil&lt;br /&gt;Je veux souffler&lt;br /&gt;Retrouver mon désert&lt;br /&gt;La bougie qui m&amp;rsquo;eclaire&lt;br /&gt;Le long de la lumière&lt;br /&gt;Je veux souffler&lt;br /&gt;Oh laissez moi aller&lt;br /&gt;Courir sur les sentiers&lt;br /&gt;Fouler l&amp;rsquo;herbe mouillée&lt;br /&gt;J&amp;rsquo;entends les projets qui m&amp;rsquo;appellent&lt;br /&gt;Ils se plaignent de la poussière&lt;br /&gt;Et des journées trop remplies tard dans le soir&lt;br /&gt;C&amp;rsquo;est elles qui me cassent et me brisent mon retour au temps perdu&lt;br /&gt;Assez de bruit, assez de rues&lt;br /&gt;Assez de gris assez, ca suffit&lt;br /&gt;Assez de dire oui quand c&amp;rsquo;est non, a li la la la&lt;br /&gt;Assez de cris et de nuits sans sommeil&lt;br /&gt;Je veux souffler&lt;br /&gt;Retrouver mon désert&lt;br /&gt;La bougie qui m&amp;rsquo;eclaire&lt;br /&gt;Le long de la lumière&lt;br /&gt;Je veux souffler&lt;br /&gt;Oh laissez moi aller&lt;br /&gt;Courir sur les sentiers&lt;br /&gt;Fouler l&amp;rsquo;herbe mouillée&lt;br /&gt;Je veux souffler&lt;br /&gt;Assez ils m&amp;rsquo;assassinent&lt;br /&gt;Assez ils nous etouffent&lt;br /&gt;Oh laissez moi vous dire&lt;br /&gt;On veut souffler&lt;br /&gt;&lt;br&gt;A faire tomber les cartes&lt;br /&gt;Faire s&amp;rsquo;envoler tous ceux&lt;br /&gt;Qui seront trop legers&lt;br /&gt;On peut souffler&lt;br /&gt;Aussi fort tous ensemble&lt;br /&gt;Essayons la paresse&lt;br /&gt;La dernière de nos armes&lt;br /&gt;On veux souffler&lt;br /&gt;La li la li la&lt;br /&gt;Siffloter un air de valse&lt;br /&gt;En ?? nonchalant&lt;br /&gt;Je veux souffler&lt;br /&gt;Retrouver mon désert&lt;br /&gt;La bougie qui m&amp;rsquo;eclaire&lt;br /&gt;Le long de la lumière&lt;br /&gt;Je veux souffler&lt;br /&gt;Assez !&lt;br /&gt;&lt;br&gt;&lt;/p&gt;
</description>
    </item>
    
    <item>
      <title> Je Vieillis</title>
      <link>http://letraspedia.com/lyric/10-petits-indiens-je-vieillis/</link>
      <pubDate>Mon, 01 Sep 2008 00:00:00 UTC</pubDate>
      <author>Enthusiastic Hugo User</author>
      <guid>http://letraspedia.com/lyric/10-petits-indiens-je-vieillis/</guid>
      <description>&lt;p&gt;Si le rideau tremble et se soulève&lt;br /&gt;Encore quelque fois&lt;br /&gt;C&amp;rsquo;est un air de toi qu&amp;rsquo;ont les passants&lt;br /&gt;Quand vient le printemps&lt;br /&gt;Ce doit être mal de vivre comme ça&lt;br /&gt;Quand on est une vieille fille&lt;br /&gt;Avec un amant mort mais si jeune&lt;br /&gt;Personne n&amp;rsquo;y croit&lt;br /&gt;Passent les jours et les nuits&lt;br /&gt;Passe le te temps, j&amp;rsquo;en vieillis&lt;br /&gt;Passent les jours et les nuits&lt;br /&gt;Passent les hirondelles&lt;br /&gt;Si c&amp;rsquo;est bien comme ça&lt;br /&gt;Si c&amp;rsquo;est fini, c&amp;rsquo;est bien de toi&lt;br /&gt;Ecoute, moi je m&amp;rsquo;en bats&lt;br /&gt;Je passe mes nuits&lt;br /&gt;Avec des passants de vingt ans&lt;br /&gt;Passent les jours et les nuits&lt;br /&gt;Passe le te temps, j&amp;rsquo;en vieillis&lt;br /&gt;Passent les jours et les nuits&lt;br /&gt;Passent les hirondelles&lt;br /&gt;Passent les jours et les nuits&lt;br /&gt;Passe le te temps, j&amp;rsquo;en vieillis&lt;br /&gt;Passent les jours et les nuits&lt;br /&gt;Passent les hirondelles&lt;br /&gt;Passent les jours et les nuits&lt;br /&gt;Passe le te temps, j&amp;rsquo;en vomis&lt;br /&gt;Passent les jours et les nuits&lt;br /&gt;Passent les hirondelles&lt;br /&gt;&lt;br&gt;&lt;/p&gt;
</description>
    </item>
    
    <item>
      <title> La Nuit</title>
      <link>http://letraspedia.com/lyric/10-petits-indiens-la-nuit/</link>
      <pubDate>Mon, 01 Sep 2008 00:00:00 UTC</pubDate>
      <author>Enthusiastic Hugo User</author>
      <guid>http://letraspedia.com/lyric/10-petits-indiens-la-nuit/</guid>
      <description>&lt;p&gt;Cette nuit qui me gâchent la vie&lt;br /&gt;Toi tu rêves, moi je ne dors jamais&lt;br /&gt;Je te veille et je guette les rats&lt;br /&gt;Le reveil marche encore à l&amp;rsquo;envers&lt;br /&gt;Je me glisse en dessous de tes bras&lt;br /&gt;Si je pars c&amp;rsquo;est pour ne pas te mordre&lt;br /&gt;Je joue aux dés la nuit quand tu dors&lt;br /&gt;Je bois le frigo la nuit quand tu dors&lt;br /&gt;Je ronge mes ongles et je les repeint&lt;br /&gt;Je me maquille et je prend des bains&lt;br /&gt;Je vend ta montre et je prend le blé&lt;br /&gt;Je casse la caisse et je perd les clefs&lt;br /&gt;Faut bien que je m&amp;rsquo;occupe la nuit quand tu dors&lt;br /&gt;Te reveilles pas la nuit sans prevenir&lt;br /&gt;Le matin j&amp;rsquo;arrive toujours à temps&lt;br /&gt;Tout ranger, y&amp;rsquo;a plus rien qui dépasse&lt;br /&gt;C&amp;rsquo;est mon vice, moi je ne dors jamais&lt;br /&gt;Je te veille et je guette les rats&lt;br /&gt;Quand tu dors, toi je sais pas ou tu es&lt;br /&gt;De nous deux, c&amp;rsquo;est toi qui va plus loin&lt;br /&gt;Je joue aux dés la nuit quand tu dors&lt;br /&gt;Je bois le frigo la nuit quand tu dors&lt;br /&gt;Je ronge mes ongles et je les repeint&lt;br /&gt;Je me maquille et je prend des bains&lt;br /&gt;Je vend ta montre et je prend le blé&lt;br /&gt;Je casse ta caisse et je perd les clefs&lt;br /&gt;Faut bien que je m&amp;rsquo;occupe la nuit quand tu dors&lt;br /&gt;Te reveilles pas la nuit sans prevenir&lt;br /&gt;&lt;br&gt;&lt;/p&gt;
</description>
    </item>
    
    <item>
      <title> La Peste Rouge</title>
      <link>http://letraspedia.com/lyric/10-petits-indiens-la-peste-rouge/</link>
      <pubDate>Mon, 01 Sep 2008 00:00:00 UTC</pubDate>
      <author>Enthusiastic Hugo User</author>
      <guid>http://letraspedia.com/lyric/10-petits-indiens-la-peste-rouge/</guid>
      <description>&lt;p&gt;Le jour&lt;br /&gt;Où les jeunes gueux&lt;br /&gt;Attraperont&lt;br /&gt;La peste rouge&lt;br /&gt;Elle courre&lt;br /&gt;Elle se déclare&lt;br /&gt;Coule, le sang coule&lt;br /&gt;Sur les remparts&lt;br /&gt;( &amp;hellip;. )&lt;br /&gt;Ce jour&lt;br /&gt;Je serai là&lt;br /&gt;Un peu trop lasse&lt;br /&gt;Pour m&amp;rsquo;enrôler&lt;br /&gt;Je jure&lt;br /&gt;Je m&amp;rsquo;arrangerai&lt;br /&gt;Pour leur souffler&lt;br /&gt;&lt;br&gt;Mes vieux regrets&lt;br /&gt;Et si ils brulent le passé, en première règle d&amp;rsquo;or&lt;br /&gt;Alors ma maison flambe et je brulerai encore&lt;br /&gt;Après tout c&amp;rsquo;est la règle pour ceux qui s&amp;rsquo;endorment&lt;br /&gt;Après tout c&amp;rsquo;est mon sort&lt;br /&gt;&lt;br&gt;&lt;/p&gt;
</description>
    </item>
    
    <item>
      <title> La Seine</title>
      <link>http://letraspedia.com/lyric/10-petits-indiens-la-seine/</link>
      <pubDate>Mon, 01 Sep 2008 00:00:00 UTC</pubDate>
      <author>Enthusiastic Hugo User</author>
      <guid>http://letraspedia.com/lyric/10-petits-indiens-la-seine/</guid>
      <description>&lt;p&gt;Ohh ohh ohh&lt;br /&gt;Ohh ohh ohh&lt;br /&gt;Ce jour-là il pleuvait&lt;br /&gt;La seine nous racontait des histoires&lt;br /&gt;Ohh ohh ohh&lt;br /&gt;Ohh ohh ohh&lt;br /&gt;Il ne se promenait pas&lt;br /&gt;&lt;br&gt;Ce jour-là il savait où aller&lt;br /&gt;Viens avec moi, je te garderai au chaud&lt;br /&gt;Dans mes eaux tu sauras le repos&lt;br /&gt;Viens dans mon lit je te tiendrai serré&lt;br /&gt;Dans mes bras tu oublies le passé&lt;br /&gt;Ohh ohh ohh&lt;br /&gt;Ohh ohh ohh&lt;br /&gt;Ce jour-là il pleuvait&lt;br /&gt;La seine nous racontait des histoires&lt;br /&gt;Ohh ohh ohh&lt;br /&gt;Ohh ohh ohh&lt;br /&gt;Il ne se promenait pas&lt;br /&gt;Ce jour-là il savait où aller&lt;br /&gt;Viens avec moi&lt;br /&gt;Plonger ton corps trop maigre&lt;br /&gt;Dans l&amp;rsquo;oubli d&amp;rsquo;une fin sans ce nous&lt;br /&gt;J&amp;rsquo;inonderai de baisers tes cheveux&lt;br /&gt;Pour te plaire, je te bercerai doucement&lt;br /&gt;Ohh ohh ohh&lt;br /&gt;Ohh ohh ohh&lt;br /&gt;Ce jour-là il pleuvait&lt;br /&gt;La seine nous racontait des histoires&lt;br /&gt;Ohh ohh ohh&lt;br /&gt;Ohh ohh ohh&lt;br /&gt;Il ne se promenait pas&lt;br /&gt;Ce jour-là il savait où aller&lt;br /&gt;Ohh ohh ohh&lt;br /&gt;Ohh ohh ohh&lt;br /&gt;Il ne se promenait pas&lt;br /&gt;Ce jour-là il savait où aller&lt;br /&gt;Ohh ohh ohh&lt;br /&gt;Ohh ohh ohh&lt;br /&gt;La seine racollait&lt;br /&gt;Un nouvel amoureux, sur les quais&lt;br /&gt;Ohh ohh ohh&lt;br /&gt;Ohh ohh ohh&lt;br /&gt;La meilleure des maîtresses&lt;br /&gt;Pour lui qui les avait toutes perdues.&lt;br /&gt;Ohh ohh ohh&lt;br /&gt;Ohh ohh ohh&lt;br /&gt;La la la la li la di da&amp;hellip;.&lt;br /&gt;&lt;br&gt;&lt;/p&gt;
</description>
    </item>
    
    <item>
      <title> Le Silence</title>
      <link>http://letraspedia.com/lyric/10-petits-indiens-le-silence/</link>
      <pubDate>Mon, 01 Sep 2008 00:00:00 UTC</pubDate>
      <author>Enthusiastic Hugo User</author>
      <guid>http://letraspedia.com/lyric/10-petits-indiens-le-silence/</guid>
      <description>&lt;p&gt;Quand le plancher de la scène&lt;br /&gt;Qui est sous nos talons&lt;br /&gt;Aura brûlé aux grands chantiers de la raison&lt;br /&gt;Quand on se sera essouflés&lt;br /&gt;A vouloir tout casser&lt;br /&gt;Quand pour survivre&lt;br /&gt;Il n&amp;rsquo;y aura qu&amp;rsquo;une seule façon&lt;br /&gt;Quand on aura déposé une gerbe à nos rancoeurs&lt;br /&gt;Quand le temps sera revenu&lt;br /&gt;De rentrer dans le rang&lt;br /&gt;Le silence, silence est d&amp;rsquo;or&lt;br /&gt;On s&amp;rsquo;écrase encore plus fort, toujours plus fort&lt;br /&gt;A qui les torts, à en réveiller nos morts&lt;br /&gt;Le silence, silence aidant&lt;br /&gt;Ceux qui mouftent seront de jeunes morts&lt;br /&gt;Pour la nation, au nom de l&amp;rsquo;ordre&lt;br /&gt;Il y aura mon nom&lt;br /&gt;Le silence, silence nous guette&lt;br /&gt;Le bruit qui coure, nous inquiète&lt;br /&gt;Toujours plus fort, encore plus fort&lt;br /&gt;Oh, je crie encore plus fort&lt;br /&gt;&lt;br&gt;&lt;/p&gt;
</description>
    </item>
    
    <item>
      <title> Le Train</title>
      <link>http://letraspedia.com/lyric/10-petits-indiens-le-train/</link>
      <pubDate>Mon, 01 Sep 2008 00:00:00 UTC</pubDate>
      <author>Enthusiastic Hugo User</author>
      <guid>http://letraspedia.com/lyric/10-petits-indiens-le-train/</guid>
      <description>&lt;p&gt;C&amp;rsquo;était pas seulement pour voir la mer&lt;br /&gt;Que j&amp;rsquo;étais là, rendez vous au quai&lt;br /&gt;J&amp;rsquo;avais dans l&amp;rsquo;sac, et j&amp;rsquo;avais pas l&amp;rsquo;air&lt;br /&gt;Un petit refrain qui s&amp;rsquo;était roulé dans le bruit&lt;br /&gt;Oh je te donnerai mes nuits&lt;br /&gt;Et la chaleur de mes deux seins&lt;br /&gt;Je te donnerai mes folies&lt;br /&gt;Comprends moi bien ce n&amp;rsquo;est pas rien&lt;br /&gt;Ne m&amp;rsquo;attend pas en vainqueur&lt;br /&gt;Je ne veux pas d&amp;rsquo;un dompteur&lt;br /&gt;Je ne veux pas d&amp;rsquo;un seigneur&lt;br /&gt;Ca disait ça aussi&lt;br /&gt;C&amp;rsquo;était pas seulement pour voir la mer&lt;br /&gt;Que j&amp;rsquo;ai pris le train au milieu de l&amp;rsquo;hiver&lt;br /&gt;J&amp;rsquo;avais pensé que t&amp;rsquo;allais me trouver&lt;br /&gt;Pour mon petit refrain mieux que le bruit du train qui repart&lt;br /&gt;J&amp;rsquo;allais te donner mes matins&lt;br /&gt;Mes jours de fête et mes chagrins&lt;br /&gt;Fidélité de mes deux mains&lt;br /&gt;Comprends moi bien ce n&amp;rsquo;était pas rien&lt;br /&gt;Si le train s&amp;rsquo;emballe, on s&amp;rsquo;excite un peu&lt;br /&gt;Chaque fois que l&amp;rsquo;on aime on meurt un petit peu&lt;br /&gt;Dans le hall de gare les gens qui s&amp;rsquo;etalent&lt;br /&gt;Jusqu&amp;rsquo;au prochain départ &amp;hellip;&lt;br /&gt;Je reprends mon train à l&amp;rsquo;envers&lt;br /&gt;Snas avoir regardé la mer&lt;br /&gt;Sans déballer tous les secrets&lt;br /&gt;Rangés au fond de mes paquets&lt;br /&gt;J&amp;rsquo;ai le grondement des machines&lt;br /&gt;Et le son du coup de sifflet&lt;br /&gt;Comprends moi bien, oh ce n&amp;rsquo;était pas rien &amp;hellip;&lt;br /&gt;&lt;br&gt;&lt;/p&gt;
</description>
    </item>
    
    <item>
      <title> Les Glycines</title>
      <link>http://letraspedia.com/lyric/10-petits-indiens-les-glycines/</link>
      <pubDate>Mon, 01 Sep 2008 00:00:00 UTC</pubDate>
      <author>Enthusiastic Hugo User</author>
      <guid>http://letraspedia.com/lyric/10-petits-indiens-les-glycines/</guid>
      <description>&lt;p&gt;Sur les murs y&amp;rsquo;avaient des glycines&lt;br /&gt;Sur les murs y&amp;rsquo;avaient des glycines&lt;br /&gt;Toi tu portais un tablier bleu&lt;br /&gt;Toi tu portais un tablier&lt;br /&gt;Toujours le nez dans tes bassines&lt;br /&gt;Toujours le nez dans tes bassines&lt;br /&gt;En ce temps-là on se parlait peu&lt;br /&gt;En ce temps-là on se taisait&lt;br /&gt;C&amp;rsquo;est pas de l&amp;rsquo;amour pauvre martha&lt;br /&gt;C&amp;rsquo;est pas de l&amp;rsquo;amour mais ça viendra&lt;br /&gt;Paraît que cousin et cousine&lt;br /&gt;Paraît que cousin et cousine&lt;br /&gt;Ca ne doit pas s&amp;rsquo;aimer d&amp;rsquo;amour non&lt;br /&gt;Ca ne doit pas parler d&amp;rsquo;amour&lt;br /&gt;Alors on parlait du beau temps,&lt;br /&gt;De la pluie et des fleurs des champs&lt;br /&gt;De la vendange et du labour mais&lt;br /&gt;On ne parlait jamais d&amp;rsquo;amour&lt;br /&gt;C&amp;rsquo;est pas de l&amp;rsquo;amour pauvre martha&lt;br /&gt;C&amp;rsquo;est pas de l&amp;rsquo;amour mais ça viendra&lt;br /&gt;Puis je suis parti en usine&lt;br /&gt;Puis je suis parti en usine&lt;br /&gt;Je ne voulais pas être fermier moi&lt;br /&gt;Je voudrais être le premier&lt;br /&gt;Merci beaucoup petit jesus&lt;br /&gt;J&amp;rsquo;ai bien manger et j&amp;rsquo;ai bien bu&lt;br /&gt;Je suis aimé ou respecté moi&lt;br /&gt;On me dit vous pour me parler&lt;br /&gt;C&amp;rsquo;est pas de l&amp;rsquo;amour pauvre martha&lt;br /&gt;C&amp;rsquo;est pas de l&amp;rsquo;amour mais ça viendra&lt;br /&gt;Pourtant quand je vois des glycines&lt;br /&gt;Pourtant quand je vois des glycines&lt;br /&gt;J&amp;rsquo;ai envie de les arracher moi&lt;br /&gt;J&amp;rsquo;ai envie de les arracher&lt;br /&gt;Paraît que t&amp;rsquo;aurais eu deux filles&lt;br /&gt;Qui font partie de ma famille&lt;br /&gt;Mais comme l&amp;rsquo;amour ne me dis plus rien&lt;br /&gt;Elles n&amp;rsquo;auront jamais de cousins&lt;br /&gt;C&amp;rsquo;est pas de l&amp;rsquo;amour pauvre martha&lt;br /&gt;C&amp;rsquo;est pas de la haine mais ça viendra&lt;br /&gt;&lt;br&gt;&lt;/p&gt;
</description>
    </item>
    
    <item>
      <title> Les Petites Gosses (1)</title>
      <link>http://letraspedia.com/lyric/10-petits-indiens-les-petites-gosses-1/</link>
      <pubDate>Mon, 01 Sep 2008 00:00:00 UTC</pubDate>
      <author>Enthusiastic Hugo User</author>
      <guid>http://letraspedia.com/lyric/10-petits-indiens-les-petites-gosses-1/</guid>
      <description>&lt;p&gt;Quand je suis parti c&amp;rsquo;était des petites gosses&lt;br /&gt;Elles roulaient leurs tresses en chignons de négoce&lt;br /&gt;J&amp;rsquo;aurais pas pensé que je les aimerais&lt;br /&gt;Les copains m&amp;rsquo;ont suivi sur un bout d&amp;rsquo;chemin&lt;br /&gt;&lt;br&gt;Quand on est arrivé sur le quai je crois&lt;br /&gt;La première fois qu&amp;rsquo;on se serrait la main&lt;br /&gt;Dans les rêves que je faisais&lt;br /&gt;Ca commençait bien comme&lt;br /&gt;Ca commençait comme ça&lt;br /&gt;J&amp;rsquo;ai tourné longtemps tout autour de la terre&lt;br /&gt;Dans un sens et puis l&amp;rsquo;autre et même à l&amp;rsquo;envers&lt;br /&gt;J&amp;rsquo;ai vu de l&amp;rsquo;or et les marchands de passes&lt;br /&gt;J&amp;rsquo;ai appris des mots dans des langues sucrées&lt;br /&gt;Je les recitais pour ne pas les oublier&lt;br /&gt;C&amp;rsquo;était sans compter que je me mentais&lt;br /&gt;&lt;br&gt;Dans les rêves que je faisais&lt;br /&gt;Ca se passait bien comme ça&lt;br /&gt;Ca s&amp;rsquo;passait bien comme ça&lt;br /&gt;Tous les souvenirs du monde je les donne&lt;br /&gt;Je les echange aux passants pour avoir su regarder&lt;br /&gt;Pour avoir su me garder&lt;br /&gt;Une petite gosse, une poupée&lt;br /&gt;A tenir dans mes bras&lt;br /&gt;On reveint toujours pour refermer les yeux&lt;br /&gt;Pour me faire rentrer faut dire y avait pas mieux&lt;br /&gt;J&amp;rsquo;avais pas pensé que je les aimais&lt;br /&gt;A rester, au comptoir comme dans un bocal&lt;br /&gt;A m&amp;rsquo;imaginer en les regardant passer&lt;br /&gt;Le samedi soir, leurs chignons défaits&lt;br /&gt;Dans les rêves que j&amp;rsquo;ai pu faire&lt;br /&gt;Ca finissait pas comme ça&lt;br /&gt;Ca finissait pas comme ça&lt;br /&gt;&lt;br&gt;&lt;/p&gt;
</description>
    </item>
    
    <item>
      <title> Les Rues Chaudes De Paris</title>
      <link>http://letraspedia.com/lyric/10-petits-indiens-les-rues-chaudes-de-paris/</link>
      <pubDate>Mon, 01 Sep 2008 00:00:00 UTC</pubDate>
      <author>Enthusiastic Hugo User</author>
      <guid>http://letraspedia.com/lyric/10-petits-indiens-les-rues-chaudes-de-paris/</guid>
      <description>&lt;p&gt;Ici tu ne trouveras pas, pas un bar pour t&amp;rsquo;y reposer&lt;br /&gt;Derrière, le vin rouge du comptoir n&amp;rsquo;aura pas le même goût&lt;br /&gt;Oh! ici tu es bien loin&lt;br /&gt;Tu es bien loin, tu es bien loin&lt;br /&gt;Des rues rues chaudes de paris&lt;br /&gt;Ici pas un banc pour flâner&lt;br /&gt;Pas même la seine pour s&amp;rsquo;y noyer&lt;br /&gt;Pas de coin de rue pour disparaître&lt;br /&gt;Pas de métro pour filer&lt;br /&gt;Oh! ici tu es bien loin&lt;br /&gt;Tu es bien loin, tu es bien loin&lt;br /&gt;Des rues rues chaudes de paris&lt;br /&gt;Tout est bouclé après sept heures&lt;br /&gt;Des avenues comme des mains&lt;br /&gt;Ici tout est fait pour courir et qu&amp;rsquo;ils aillent au plus vite&lt;br /&gt;Oh! ici tu es bien loin&lt;br /&gt;Tu es bien loin, tu es bien loin&lt;br /&gt;Des rues rues chaudes de paris&lt;br /&gt;La gare de banlieue sent la pisse&lt;br /&gt;Le vent y souffle comme sur la mer&lt;br /&gt;Je ne veux pas y retourner, pas morte&lt;br /&gt;Ni merde, ni mère de famille&lt;br /&gt;Oh! ici tu es bien loin&lt;br /&gt;Tu es bien loin, tu es bien loin&lt;br /&gt;Des rues rues chaudes de paris&lt;br /&gt;L&amp;rsquo;accordéon qui me raccompagne&lt;br /&gt;Toutes les nuits quand je suis saoul&lt;br /&gt;Ne pourra pas me raccompagner&lt;br /&gt;Plus loin que les portes du periphérique&lt;br /&gt;J&amp;rsquo;aime paris quand il fait froid dehors&lt;br /&gt;Et qu&amp;rsquo;on s&amp;rsquo;enferme dans les petits bars&lt;br /&gt;J&amp;rsquo;aime paris, paris la nuit&lt;br /&gt;Paris, oh oui, ça oui.&lt;br /&gt;Paris, paris, paris&lt;br /&gt;&lt;br&gt;&lt;/p&gt;
</description>
    </item>
    
    <item>
      <title> Les Salauds</title>
      <link>http://letraspedia.com/lyric/10-petits-indiens-les-salauds/</link>
      <pubDate>Mon, 01 Sep 2008 00:00:00 UTC</pubDate>
      <author>Enthusiastic Hugo User</author>
      <guid>http://letraspedia.com/lyric/10-petits-indiens-les-salauds/</guid>
      <description>&lt;p&gt;Je chante pour tous les salauds&lt;br /&gt;Leurs bobines sont des numéros&lt;br /&gt;Qu&amp;rsquo;est ce qui fait que tous y sont rentrés&lt;br /&gt;C&amp;rsquo;est ma photo dehors à l&amp;rsquo;entrée&lt;br /&gt;Je ris pour ceux qui m&amp;rsquo;ont prise&lt;br /&gt;Docile, d&amp;rsquo;accord sur la mise&lt;br /&gt;Qu&amp;rsquo;est ce qui fait que tous y sont restés&lt;br /&gt;A m&amp;rsquo;attendre y sont tout excités&lt;br /&gt;Je sens bien que ça va encore sûrement finir mal&lt;br /&gt;Je sens bien qu&amp;rsquo;ils n&amp;rsquo;ont que des envies spéciales&lt;br /&gt;Je ris le champagne me grise&lt;br /&gt;Branlante comme la tour de pise&lt;br /&gt;Et ce soir et toujours je les hais&lt;br /&gt;Y&amp;rsquo;a que le rouge sur mes lèvres,&lt;br /&gt;Je leur plais&lt;br /&gt;Je sens bien que ça va encore sûrement finir mal&lt;br /&gt;Je sens bien qu&amp;rsquo;ils n&amp;rsquo;ont que des envies spéciales&lt;br /&gt;Je sens bien que ça va encore sûrement finir mal&lt;br /&gt;Je sens bien qu&amp;rsquo;ils n&amp;rsquo;ont que des envies spéciales&lt;br /&gt;Je sens bien que ça va encore sûrement finir mal&lt;br /&gt;Je sens bien qu&amp;rsquo;ils n&amp;rsquo;ont que des envies spéciales&lt;br /&gt;&lt;br&gt;&lt;/p&gt;
</description>
    </item>
    
  </channel>
</rss>