<?xml version="1.0" encoding="utf-8" standalone="yes" ?>
<rss version="2.0" xmlns:atom="http://www.w3.org/2005/Atom">
  <channel>
      <title>3d Band on Letraspedia.com thes best lyrics page </title>
    <link>http://letraspedia.com/artist/3d-band/</link>
    <language>en-US</language>
    <author>Enthusiastic Hugo User</author>
    <rights>Copyright (c) 2014, Enthusiastic Hugo User; all rights reserved.</rights>
    <updated>Mon, 01 Sep 2008 00:00:00 UTC</updated>
    
    <item>
      <title> Extraña Declaración</title>
      <link>http://letraspedia.com/lyric/3d-band-extrana-declaracion/</link>
      <pubDate>Mon, 01 Sep 2008 00:00:00 UTC</pubDate>
      <author>Enthusiastic Hugo User</author>
      <guid>http://letraspedia.com/lyric/3d-band-extrana-declaracion/</guid>
      <description>&lt;p&gt;Tiempo me sobra para olvidarte,
&lt;br&gt;Pero no quiero sacarte,
&lt;br&gt;Estas metida en mí.
&lt;br&gt;Las ganas que tengo hoy de besarte,
&lt;br&gt;Me han inspirado bastante,
&lt;br&gt;Y escribí esta canción.
&lt;br&gt;
&lt;br&gt;Te has quedado con parte de mi corazón,
&lt;br&gt;Y estoy de acuerdo que contigo esté,
&lt;br&gt;Tal vez no entiendas lo que digo hoy,
&lt;br&gt;Pero no puedo olvidarme de ti
&lt;br&gt;
&lt;br&gt;Pues hoy te quiero más y más,
&lt;br&gt;Así tu aun no sientas lo mismo,
&lt;br&gt;Sé que no soy yo el mejor,
&lt;br&gt;El dueño de tu corazón,
&lt;br&gt;Disculpa esta extraña declaración.
&lt;br&gt;
&lt;br&gt;Antes, de conocerte la vida,
&lt;br&gt;Era realmente distinta, eso te lo puedo asegurar.
&lt;br&gt;Tú tienes, algo que a mí me motiva,
&lt;br&gt;A veces me desequilibra,
&lt;br&gt;No sabría explicar.
&lt;br&gt;
&lt;br&gt;Un poco insólito dedicar esta canción,
&lt;br&gt;Las circunstancias no lo pintan bien,
&lt;br&gt;Tal vez no entiendas lo que digo hoy,
&lt;br&gt;Pero no puedo olvidarme de ti
&lt;br&gt;
&lt;br&gt;Pues hoy te quiero más y más,
&lt;br&gt;Así tu aun no sientas lo mismo,
&lt;br&gt;Sé que no soy yo el mejor,
&lt;br&gt;El dueño de tu corazón,
&lt;br&gt;Disculpa esta extraña declaración.
&lt;br&gt;
&lt;br&gt;Pues hoy te quiero más y más,
&lt;br&gt;Así tu aun no sientas lo mismo,
&lt;br&gt;Sé que no soy yo el mejor,
&lt;br&gt;El dueño de tu corazón,
&lt;br&gt;Disculpa esta extraña declaración.
&lt;br&gt;
&lt;br&gt;Tiempo, me sobra para olvidarte pero no quiero sacarte, estas metida en mi&lt;/p&gt;
</description>
    </item>
    
    <item>
      <title> Lapiz Y Papel</title>
      <link>http://letraspedia.com/lyric/3d-band-lapiz-y-papel/</link>
      <pubDate>Mon, 01 Sep 2008 00:00:00 UTC</pubDate>
      <author>Enthusiastic Hugo User</author>
      <guid>http://letraspedia.com/lyric/3d-band-lapiz-y-papel/</guid>
      <description>&lt;p&gt;No tengo lápiz ni papel para escribir lo que siento, y te lo digo en este verso que ojala y llegue a ti.
&lt;br&gt;Desde que te vi mi vida ha cambiado, creo que estoy enamorado, ojala y lo estés de mí.
&lt;br&gt;
&lt;br&gt;Y yo sé, que no soy quien tú esperas,
&lt;br&gt;No soy el príncipe de la novela que tú tenías,
&lt;br&gt;Planeado para ti.
&lt;br&gt;Solo se, que estoy enamorado de ti
&lt;br&gt;
&lt;br&gt;Coro
&lt;br&gt;Me gustan tus ojos, me gusta tu boca,
&lt;br&gt;Y tú mirar,
&lt;br&gt;Tu sonrisa coqueta, que me provoca,
&lt;br&gt;Tus labios besar. (x2)
&lt;br&gt;
&lt;br&gt;II
&lt;br&gt;En mi vida yo siempre había pensado, que el amor no existía,
&lt;br&gt;hasta que llegaste a mí.
&lt;br&gt;Y ahora vivo como un loco enamorado, esperando una respuesta.
&lt;br&gt;
&lt;br&gt;Y yo sé, que no soy quien tú esperas,
&lt;br&gt;No soy el príncipe de la novela que tú tenías,
&lt;br&gt;Planeado para ti.
&lt;br&gt;Solo se, que estoy enamorado de ti
&lt;br&gt;
&lt;br&gt;Me gustan tus ojos, me gusta tu boca,
&lt;br&gt;Y tú mirar,
&lt;br&gt;Tu sonrisa coqueta, que me provoca,
&lt;br&gt;Tus labios besar. (x2)
&lt;br&gt;
&lt;br&gt;Post-coro
&lt;br&gt;Y tratare de conquistarte,
&lt;br&gt;Y no me rendiré jamás. (Bis)
&lt;br&gt;
&lt;br&gt;Me gustan tus ojos, me gusta tu boca,
&lt;br&gt;Y tú mirar,
&lt;br&gt;Tu sonrisa coqueta, que me provoca,
&lt;br&gt;Tus labios besar.
&lt;br&gt;
&lt;br&gt;Me gustan tus ojos, me gusta tu boca,
&lt;br&gt;Y tú mirar,
&lt;br&gt;Tu sonrisa coqueta, que me provoca,
&lt;br&gt;Tus labios besar (x3)&lt;/p&gt;
</description>
    </item>
    
    <item>
      <title> Yo A Donde Iré A Quedar?</title>
      <link>http://letraspedia.com/lyric/3d-band-yo-a-donde-ire-a-quedar/</link>
      <pubDate>Mon, 01 Sep 2008 00:00:00 UTC</pubDate>
      <author>Enthusiastic Hugo User</author>
      <guid>http://letraspedia.com/lyric/3d-band-yo-a-donde-ire-a-quedar/</guid>
      <description>&lt;p&gt;¿Quién nos cambió, la distancia que nos separa?
&lt;br&gt;¿Qué sucedió? Desperté y ya no estabas,
&lt;br&gt;Es oportuno recordar los buenos momentos,
&lt;br&gt;Sí que se hace difícil continuar
&lt;br&gt;
&lt;br&gt;Fuera tan fácil, como respirar,
&lt;br&gt;Tan sencillo, como poder andar,
&lt;br&gt;Y si la luna te pudiera hablar,
&lt;br&gt;Te contaría de mí caminar,
&lt;br&gt;Y empiezo a pensar
&lt;br&gt;¿Yo a donde iré a quedar?
&lt;br&gt;Si no hay vuelta atrás.
&lt;br&gt;
&lt;br&gt;Donde te encuentres,
&lt;br&gt;Quiero que tengas presente,
&lt;br&gt;Que yo aquí, siempre estaré
&lt;br&gt;No importa si, todos pretenden apartarme,
&lt;br&gt;Siempre aquí estaré
&lt;br&gt;
&lt;br&gt;Fuera tan fácil, como respirar,
&lt;br&gt;Tan sencillo, como poder andar,
&lt;br&gt;Y si la luna te pudiera hablar,
&lt;br&gt;Te contaría de mí caminar,
&lt;br&gt;Y empiezo a pensar
&lt;br&gt;¿Yo a donde iré a quedar?
&lt;br&gt;Si no hay vuelta atrás.
&lt;br&gt;
&lt;br&gt;Se acaba el tiempo, nos separamos,
&lt;br&gt;Tú por allá yo por acá nos olvidamos. (x5)&lt;/p&gt;
</description>
    </item>
    
  </channel>
</rss>