<?xml version="1.0" encoding="utf-8" standalone="yes" ?>
<rss version="2.0" xmlns:atom="http://www.w3.org/2005/Atom">
  <channel>
      <title>1945 on Letraspedia.com thes best lyrics page </title>
    <link>http://letraspedia.com/artist/1945/</link>
    <language>en-US</language>
    <author>Enthusiastic Hugo User</author>
    <rights>Copyright (c) 2014, Enthusiastic Hugo User; all rights reserved.</rights>
    <updated>Mon, 01 Sep 2008 00:00:00 UTC</updated>
    
    <item>
      <title> Hasta El Sol</title>
      <link>http://letraspedia.com/lyric/1945-hasta-el-sol/</link>
      <pubDate>Mon, 01 Sep 2008 00:00:00 UTC</pubDate>
      <author>Enthusiastic Hugo User</author>
      <guid>http://letraspedia.com/lyric/1945-hasta-el-sol/</guid>
      <description>&lt;p&gt;Hoy te he vuelto a encontrar
&lt;br&gt;te he vuelto a encontrar
&lt;br&gt;te he visto pasar
&lt;br&gt;camino hacia el mar
&lt;br&gt;entre la gente te vas
&lt;br&gt;y yo te sigo detras
&lt;br&gt;camino hacia el mar (sí)
&lt;br&gt;
&lt;br&gt;Y yo te sigo hasta el soool
&lt;br&gt;sí
&lt;br&gt;y yo te sigo hasta el soool
&lt;br&gt;y yo te sigo a tii
&lt;br&gt;
&lt;br&gt;Cada paso que das, me hace avanzar
&lt;br&gt;y cada paso que das, me lleva hacia el mar
&lt;br&gt;y entre la gente te vas
&lt;br&gt;y yo te sigo detras
&lt;br&gt;entre la gente te vas
&lt;br&gt;camino hacia el mar (hey)
&lt;br&gt;
&lt;br&gt;Y yo te sigo hasta el soool
&lt;br&gt;sí
&lt;br&gt;y yo te sigo hasta el soool
&lt;br&gt;y yo te sigo hasta el soool
&lt;br&gt;y yo te sigo a tiii
&lt;br&gt;y yo te sigo a ti
&lt;br&gt;
&lt;br&gt;heeeey
&lt;br&gt;
&lt;br&gt;Sí
&lt;br&gt;Y yo te sigo a ti
&lt;br&gt;(sigo a ti, sigo a ti, sigo a ti)
&lt;br&gt;Sí
&lt;br&gt;Y yo te sigo a ti
&lt;br&gt;(lalala)
&lt;br&gt;Sí
&lt;br&gt;Y yo te sigo a ti
&lt;br&gt;(sigo a ti, sigo a ti, sigo a ti)
&lt;br&gt;Sí
&lt;br&gt;Y yo te sigo a ti
&lt;br&gt;(lalala)
&lt;br&gt;Sí
&lt;br&gt;
&lt;br&gt;Y yo te sigo hasta el soool (soool)
&lt;br&gt;Sí
&lt;br&gt;Y yo te sigo hasta el soool (soool)
&lt;br&gt;Y yo te sigo a tiiiii
&lt;br&gt;(hey, hey,hey,hey)
&lt;br&gt;Y yo te sigo a ti.&lt;/p&gt;
</description>
    </item>
    
    <item>
      <title> Hold Me</title>
      <link>http://letraspedia.com/lyric/1945-hold-me/</link>
      <pubDate>Mon, 01 Sep 2008 00:00:00 UTC</pubDate>
      <author>Enthusiastic Hugo User</author>
      <guid>http://letraspedia.com/lyric/1945-hold-me/</guid>
      <description>&lt;p&gt;All my life in search of you
&lt;br&gt;
&lt;br&gt;Coming for me
&lt;br&gt;So long tired
&lt;br&gt;Give it up all
&lt;br&gt;Side by side
&lt;br&gt;And as our dreams
&lt;br&gt;Fall into our world
&lt;br&gt;We rescue us from the night
&lt;br&gt;
&lt;br&gt;Hold Me
&lt;br&gt;Hold me tight
&lt;br&gt;No matter the words I know this is the time
&lt;br&gt;To Changes Ill hold on tight
&lt;br&gt;Just like a whisper to the open sky
&lt;br&gt;
&lt;br&gt;All my life in search of you
&lt;br&gt;All these times are broken
&lt;br&gt;By forces but we dream on
&lt;br&gt;Cause changes come into the show
&lt;br&gt;
&lt;br&gt;Just talk about it
&lt;br&gt;Growing under, under
&lt;br&gt;
&lt;br&gt;I remember
&lt;br&gt;We where so alive
&lt;br&gt;Well we knew
&lt;br&gt;Just to get things right
&lt;br&gt;So we try to burn tears and skies
&lt;br&gt;So we find
&lt;br&gt;So we knew
&lt;br&gt;Saying
&lt;br&gt;
&lt;br&gt;Hold Me
&lt;br&gt;Hold me tight
&lt;br&gt;No matter the words I know this is the time
&lt;br&gt;Changing ourselves our lives
&lt;br&gt;Another whisper to the open sky
&lt;br&gt;
&lt;br&gt;I dont know why
&lt;br&gt;You freeze yourself and let go
&lt;br&gt;No no
&lt;br&gt;I mean love, love and love.
&lt;br&gt;
&lt;br&gt;Hold Me
&lt;br&gt;Hold me tight
&lt;br&gt;No matter the words I know this is the time
&lt;br&gt;To Changes Ill hold on tight
&lt;br&gt;Just like a whisper now I see you coming down
&lt;br&gt;
&lt;br&gt;Hold Me
&lt;br&gt;Hold me tight
&lt;br&gt;No matter the words I know this is the time
&lt;br&gt;Changes ourselves, our lives
&lt;br&gt;Just like a whisper now I see you coming now
&lt;br&gt;
&lt;br&gt;
&lt;br&gt;All my life in search of you
&lt;br&gt;All these times are broken
&lt;br&gt;By forces but we dream on
&lt;br&gt;Cause changes are and strong
&lt;br&gt;
&lt;br&gt;O wont you shine now
&lt;br&gt;Come to my love
&lt;br&gt;
&lt;br&gt;Now its alright
&lt;br&gt;Now we crawl out&lt;/p&gt;
</description>
    </item>
    
    <item>
      <title> The Dance Of The Gods</title>
      <link>http://letraspedia.com/lyric/1945-the-dance-of-the-gods/</link>
      <pubDate>Mon, 01 Sep 2008 00:00:00 UTC</pubDate>
      <author>Enthusiastic Hugo User</author>
      <guid>http://letraspedia.com/lyric/1945-the-dance-of-the-gods/</guid>
      <description>&lt;p&gt;It´s the things I see,
&lt;br&gt;I dream of things to come.
&lt;br&gt;It´s a tribe, a ritual, a dance, a song, a fire.
&lt;br&gt;It´s the people there, the people of my life,
&lt;br&gt;and I see all their feet on fire, we´re on fire.
&lt;br&gt;
&lt;br&gt;We run through, these evenings that won´t last,
&lt;br&gt;to break through this darkness in our lives.
&lt;br&gt;
&lt;br&gt;while they say&amp;hellip;
&lt;br&gt;
&lt;br&gt;Believe it, It´s true, It´s the dance of the gods.
&lt;br&gt;All we can do, is dance the dance of the gods.
&lt;br&gt;
&lt;br&gt;Then my darkest days, just shined around your light.
&lt;br&gt;We knew our greatest vision would get us really high.
&lt;br&gt;Still now when I feel alive, I just feel it one way round.
&lt;br&gt;´till somehow I break my sound, it breaks down.
&lt;br&gt;
&lt;br&gt;She runs through, these evenings that won´t last,
&lt;br&gt;to break through this darkness in our lives.
&lt;br&gt;
&lt;br&gt;while they say&amp;hellip;
&lt;br&gt;
&lt;br&gt;Believe it, It´s true, It´s the dance of the gods.
&lt;br&gt;All we can do, is dance the dance of the gods.
&lt;br&gt;
&lt;br&gt;I miss your hair, miss you, please come near,
&lt;br&gt;your light now feels oh so hard to find.
&lt;br&gt;I watch you clear, watch you oh so near,
&lt;br&gt;but somehow it feels so different now.
&lt;br&gt;
&lt;br&gt;It´s the gods toonight,
&lt;br&gt;all the gods on our side,
&lt;br&gt;let´s feel the gods toonight,
&lt;br&gt;the magic of life,
&lt;br&gt;dance with the gods toonight,
&lt;br&gt;all the gods on our side,
&lt;br&gt;let´s feel the gods toonight,
&lt;br&gt;the magic of life,
&lt;br&gt;comes back for a while.
&lt;br&gt;
&lt;br&gt;I miss your hair, miss you, please come near,
&lt;br&gt;your light now feels oh so hard to find.
&lt;br&gt;I watch you clear, watch you oh so near,
&lt;br&gt;there´s something that I can´t seem to find,
&lt;br&gt;that life has taken back.&lt;/p&gt;
</description>
    </item>
    
  </channel>
</rss>