<?xml version="1.0" encoding="utf-8" standalone="yes" ?>
<rss version="2.0" xmlns:atom="http://www.w3.org/2005/Atom">
  <channel>
      <title>2 Live Crew Ft. Kc Freak Nasty on Letraspedia.com thes best lyrics page </title>
    <link>http://letraspedia.com/artist/2-live-crew-ft/index.-kc-freak-nasty/</link>
    <language>en-US</language>
    <author>Enthusiastic Hugo User</author>
    <rights>Copyright (c) 2014, Enthusiastic Hugo User; all rights reserved.</rights>
    <updated>Mon, 01 Sep 2008 00:00:00 UTC</updated>
    
    <item>
      <title> 2 Live Party</title>
      <link>http://letraspedia.com/lyric/2-live-crew-ft-kc-freak-nasty-2-live-party/</link>
      <pubDate>Mon, 01 Sep 2008 00:00:00 UTC</pubDate>
      <author>Enthusiastic Hugo User</author>
      <guid>http://letraspedia.com/lyric/2-live-crew-ft-kc-freak-nasty-2-live-party/</guid>
      <description>&lt;p&gt;Chorus:  kc&lt;br /&gt;Do ya wanna have a party?&lt;br /&gt;2 live is throwin&amp;rsquo; another party!&lt;br /&gt;Buttnaked ass shakin&amp;rsquo; party&lt;br /&gt;Ten thousand motherfuckers at the party&lt;br /&gt;We&amp;rsquo;re gonna see ya at the party&lt;br /&gt;Another motherfuckin&amp;rsquo; 2 live party&lt;br /&gt;&lt;br /&gt;Verse 1:  fresh kid ice&lt;br /&gt;Deep down south, we love to party&lt;br /&gt;Dance floors packed, hoes shakin&amp;rsquo; they bodies&lt;br /&gt;70&amp;rsquo;s music still rulin&amp;rsquo; the disco&lt;br /&gt;&amp;gt;from south beach to san francisco&lt;br /&gt;A late night fever, a sex crazed land&lt;br /&gt;Wild-ass hoes to the one night stand&lt;br /&gt;Swettin&amp;rsquo; the freaks with the tightest skirts&lt;br /&gt;Talk about they ride, a 60s &amp;lsquo;vert&lt;br /&gt;Listenin&amp;rsquo; to oldies bumpin&amp;rsquo; the sounds&lt;br /&gt;Forget that shit, buy the underground&lt;br /&gt;Underground station that ain&amp;rsquo;t legit&lt;br /&gt;Playin&amp;rsquo; them cuss-words, dropping that shit&lt;br /&gt;Party from the club, to the streets&lt;br /&gt;Hangin&amp;rsquo; on cars, solicitin&amp;rsquo; freaks&lt;br /&gt;It ain&amp;rsquo;t over, it&amp;rsquo;s time to play&lt;br /&gt;Don&amp;rsquo;t stress ya&amp;rsquo;ll, let&amp;rsquo;s par-tyyy!&lt;br /&gt;&lt;br /&gt;Chorus&lt;br /&gt;&lt;br /&gt;Verse 2:  freak nasty&lt;br /&gt;I put my hand up on your hip&lt;br /&gt;When i dip, you dip, we dip&lt;br /&gt;So c&amp;rsquo;mon baby, just pop that p&amp;rsquo;&lt;br /&gt;And watch freak nasty throw that d, yeah&lt;br /&gt;Ain&amp;rsquo;t nuthin&amp;rsquo; like a 2 live party&lt;br /&gt;When them hoes freak everybody&lt;br /&gt;Them other girls just bore me&lt;br /&gt;But the 2 live girls make me so horny&lt;br /&gt;I had a hoe doin&amp;rsquo; s &amp;amp; m&lt;br /&gt;Marquis had a hoe doin&amp;rsquo; her and him&lt;br /&gt;Chinaman had &amp;lsquo;em gettin&amp;rsquo; down low&lt;br /&gt;And m&amp;rsquo; boy king t was bringin&amp;rsquo; three mo&amp;rsquo;&lt;br /&gt;Come one come all if you can hang&lt;br /&gt;But you gotta move somethin&amp;rsquo; and do the damn thang&lt;br /&gt;Clay d got the bottle and i got the blunt&lt;br /&gt;2 live, freak nasty, what&amp;rsquo;s up!&lt;br /&gt;&lt;br /&gt;Chorus&lt;br /&gt;&lt;br /&gt;Verse 3:  brother marquis&lt;br /&gt;What&amp;rsquo;ll know &amp;lsquo;bout havin&amp;rsquo; a party?&lt;br /&gt;Fall up in the club, the envy of everybody&lt;br /&gt;&lt;br&gt;You make the money, so spend it&lt;br /&gt;Baller parkin&amp;rsquo; benz&amp;rsquo;s lookin&amp;rsquo; like millions&lt;br /&gt;I&amp;rsquo;m in the back of the club gettin&amp;rsquo; blessed g-fresh&lt;br /&gt;Drinkin&amp;rsquo; n&amp;rsquo; smokin&amp;rsquo; the best, and nothin&amp;rsquo; less&lt;br /&gt;Champagne poppin&amp;rsquo;, chicken heads flockin&amp;rsquo;&lt;br /&gt;The dj&amp;rsquo;s rockin&amp;rsquo;, got the whole house hoppin&amp;rsquo;&lt;br /&gt;Let&amp;rsquo;s make this night one to remember&lt;br /&gt;If you fuckin&amp;rsquo; with me, you&amp;rsquo;re fuckin&amp;rsquo; with a real nigga&lt;br /&gt;You can jump in the &amp;lsquo;vert, baby, and ride out&lt;br /&gt;I&amp;rsquo;ll have you suckin&amp;rsquo; me up at the hide-out&lt;br /&gt;Tell a bitch quick, i ain&amp;rsquo;t beggin&amp;rsquo; nor buyin&amp;rsquo;&lt;br /&gt;Get the fuck up out my face, who the fuck you tryin&amp;rsquo;?&lt;br /&gt;It&amp;rsquo;s a good time nigga, that&amp;rsquo;s what i&amp;rsquo;m all about&lt;br /&gt;Get the money get the pussy, get the map, i&amp;rsquo;m out&lt;br /&gt;&lt;br /&gt;Chorus&lt;br /&gt;&lt;br&gt;&lt;/p&gt;
</description>
    </item>
    
  </channel>
</rss>