<?xml version="1.0" encoding="utf-8" standalone="yes" ?>
<rss version="2.0" xmlns:atom="http://www.w3.org/2005/Atom">
  <channel>
      <title>2am on Letraspedia.com thes best lyrics page </title>
    <link>http://letraspedia.com/artist/2am/</link>
    <language>en-US</language>
    <author>Enthusiastic Hugo User</author>
    <rights>Copyright (c) 2014, Enthusiastic Hugo User; all rights reserved.</rights>
    <updated>Mon, 01 Sep 2008 00:00:00 UTC</updated>
    
    <item>
      <title> A Friends Confession</title>
      <link>http://letraspedia.com/lyric/2am-a-friends-confession/</link>
      <pubDate>Mon, 01 Sep 2008 00:00:00 UTC</pubDate>
      <author>Enthusiastic Hugo User</author>
      <guid>http://letraspedia.com/lyric/2am-a-friends-confession/</guid>
      <description>&lt;p&gt;ggwae ohrae dwetsuh
&lt;br&gt;nae mamee jogeumshik byunhagi shijakhanji
&lt;br&gt;honjasuh gwaerohwuhhanji..
&lt;br&gt;uhnjaebootunga neega ohrddaemada
&lt;br&gt;nuhreul uhrlineun namjaga nuhmoona meewuhtsuh
&lt;br&gt;
&lt;br&gt;charari naega nuhl jikineungae
&lt;br&gt;naeuljido moreun saenggakee
&lt;br&gt;
&lt;br&gt;eejaeneun naega nuhl ahnahjoogo
&lt;br&gt;saranghaejoogo shipdan saenggakee deuluhtsuh
&lt;br&gt;
&lt;br&gt;Baby eejaeneun naegaewah
&lt;br&gt;And be my lady
&lt;br&gt;nuhmoona ohraedongahn jikyuhbwatsuh
&lt;br&gt;mal uhbshi suhsuh
&lt;br&gt;ahntakkawoon gaseumeul soomgimyuh
&lt;br&gt;
&lt;br&gt;chingooroh, chingooroh jinaeya handaneun eeyuroh
&lt;br&gt;mokgaji chaohllatduhn geu gobaekeul chamahyahaetsuh..
&lt;br&gt;hajiman eejaeneun gobaekhalgae
&lt;br&gt;nuhreul saranghae
&lt;br&gt;
&lt;br&gt;nae soneul jabgo nabakkae uhbdamyuh
&lt;br&gt;nagahteun chingooreul dungae,
&lt;br&gt;jeongmal keun chukbogiramyeo
&lt;br&gt;byeonchi maljago mareul halttaemada,
&lt;br&gt;jogeumshik jaraneun nae sarangeul nulluhtsuh
&lt;br&gt;
&lt;br&gt;charari naega nuhl jikineungae
&lt;br&gt;naeuljido moreundaneun saenggakee
&lt;br&gt;
&lt;br&gt;jakkooman deuluhtjiman chamahtsuh
&lt;br&gt;nuhreul eeruhbuhrilkkaba duryuhwoh, hajiman
&lt;br&gt;
&lt;br&gt;Baby (Baby) eejaeneun naegaewa (naegaewa)
&lt;br&gt;And be my lady (lady)
&lt;br&gt;nuhmoona ohraedongahn jikyuhbwatsuh
&lt;br&gt;maruhbshi suhsuh
&lt;br&gt;ahntakkawoon gaseumeul soomgimyuh (No)
&lt;br&gt;
&lt;br&gt;chingooroh (Your friend), chingooroh jinaeya handaneun eeyuroh (I know)
&lt;br&gt;mokgaji chaohrlatdun (chaohrlatdun geumahl)
&lt;br&gt;
&lt;br&gt;geu gobaekeul (gobaekeul) chamahyahaetsuh (mahlhal su uhbsuhtsuh)
&lt;br&gt;hajiman eejaeneun gobaekhalgae,
&lt;br&gt;nuhreul saranghae
&lt;br&gt;I love you&lt;/p&gt;
</description>
    </item>
    
    <item>
      <title> A Friends Confession (en Español)</title>
      <link>http://letraspedia.com/lyric/2am-a-friends-confession-en-espanol/</link>
      <pubDate>Mon, 01 Sep 2008 00:00:00 UTC</pubDate>
      <author>Enthusiastic Hugo User</author>
      <guid>http://letraspedia.com/lyric/2am-a-friends-confession-en-espanol/</guid>
      <description>&lt;p&gt;A mi corazón el tiempo llego, todo este tiempo solo tratado de olvidarte. Al verte pasar no lo puedo evitar, solamente ciento odio por quien te hacer llorar.
&lt;br&gt;
&lt;br&gt;Solamente yo te protegeré, sin importar si te vuelvo a perder. Juro que esta vez yo te sostendré. Te amare como nadie nunca te amo.
&lt;br&gt;
&lt;br&gt;Baby, ¿Puedes volver a mí?
&lt;br&gt;And be my lady, mis ojos te buscan
&lt;br&gt;Todo el tiempo en ti pensare, estaré buscando alguna razón. Por nadie yo te podría cambiar y como amigos no es suficiente. Mucho tiempo lo trate ocultar lo que hoy te necesito decir que te amo a ti.
&lt;br&gt;
&lt;br&gt;Tomas mi mano y me siento único. Pero solo soy tu amigo, un amigo algo especial. Me pides por favor ser por siempre amigos y me dejar sin opciones, sin poderte decir.
&lt;br&gt;
&lt;br&gt;Solamente yo te protegeré, sin importar si te vuelvo a perder. Juro que esta vez no te perderé estos miedos hoy los voy a olvidar.
&lt;br&gt;
&lt;br&gt;Baby, ¿Puedes volver a mí?
&lt;br&gt;And be my lady, mis ojos te buscan
&lt;br&gt;Todo el tiempo en ti pensare, estaré buscando alguna razón. Por nadie yo te podría cambiar y como amigos no es suficiente. Mucho tiempo lo trate ocultar lo que hoy te necesito decir que te amo a ti.&lt;/p&gt;
</description>
    </item>
    
    <item>
      <title> Back Then</title>
      <link>http://letraspedia.com/lyric/2am-back-then/</link>
      <pubDate>Mon, 01 Sep 2008 00:00:00 UTC</pubDate>
      <author>Enthusiastic Hugo User</author>
      <guid>http://letraspedia.com/lyric/2am-back-then/</guid>
      <description>&lt;p&gt;Geuttae 12siga dadoemyeon
&lt;br&gt;Neujeun makchae mam jorimyeo ip matchudeon
&lt;br&gt;Geuttae ni saengireul apdugo
&lt;br&gt;Myeot ireul yeolsimhi gurmeodo baebureudeon
&lt;br&gt;Geuttaeui naega geuriwo
&lt;br&gt;
&lt;br&gt;Dongjeon myeot gaero jeonhwagiman butdeulgo
&lt;br&gt;Paran hwamyeone tajaro bameul saedo
&lt;br&gt;Son tteolligo du nun ppajyeodo uri dureun cham tteugeowosseo
&lt;br&gt;Geu saebyeok motungiui cheot immatchumgwa
&lt;br&gt;Maldo andoege haetdeon saranghandan mal
&lt;br&gt;Cham mungkeulhaetdeon neowa naega geuriwo oh neon jal isseulkka
&lt;br&gt;
&lt;br&gt;Geuttae niga jun gong teipsoge
&lt;br&gt;Choesin yuhaenghan norae sairo ni moksori
&lt;br&gt;Dasin deureul su eobtjiman
&lt;br&gt;
&lt;br&gt;Dongjeon myeot gaero jeonhwagiman butdeulgo
&lt;br&gt;Paran hwamyeone tajaro bameul saedo
&lt;br&gt;Son tteolligo du nun ppajyeodo uri dureun cham tteugeowosseo
&lt;br&gt;Geu saebyeok motungiui cheot immatchumgwa
&lt;br&gt;Maldo andoege haetdeon saranghandan mal
&lt;br&gt;Cham mungkeulhaetdeon neowa naega geuriwo oh neon jal isseulkka
&lt;br&gt;
&lt;br&gt;Geu sojunghangeol geuttaen wae geugeol mollasseonneunji
&lt;br&gt;Babocheoreom wae ijewa huhoehaneunji
&lt;br&gt;
&lt;br&gt;Dan harurado doragal su itdamyeon
&lt;br&gt;Geu ttaeui naro doragal su itdamyeon
&lt;br&gt;Malhal geoya gomawotdago niga isseo naega itdago
&lt;br&gt;Maldo motage sigani heulleotjiman
&lt;br&gt;Tto dareun saranghago isseul neojiman
&lt;br&gt;Eodie itgeon haengbokhagil baralkke oh nae sarang annyeong&lt;/p&gt;
</description>
    </item>
    
    <item>
      <title> Best Separation</title>
      <link>http://letraspedia.com/lyric/2am-best-separation/</link>
      <pubDate>Mon, 01 Sep 2008 00:00:00 UTC</pubDate>
      <author>Enthusiastic Hugo User</author>
      <guid>http://letraspedia.com/lyric/2am-best-separation/</guid>
      <description>&lt;p&gt;Jarhan geoji uri ije keuman
&lt;br&gt;Mannagiro han geo jarhan geoji
&lt;br&gt;Uri cheongmal shikeobeorin geo majji
&lt;br&gt;Keureohdago marhaejwo miryeon eoptdago
&lt;br&gt;
&lt;br&gt;Ulji malgi nugul tashaji malgi
&lt;br&gt;Chueok yaegi deulmeokkeoriji anhgi
&lt;br&gt;Kkok balggo saram manheun deseo
&lt;br&gt;Uriye majimagi jeongshineoptdorok
&lt;br&gt;Yaksokhae
&lt;br&gt;
&lt;br&gt;Jeoldae saranghaetda haengbokhaetda
&lt;br&gt;Ijji mothal keoran nayakhan marhaji ma
&lt;br&gt;Nuga keugeol molla
&lt;br&gt;Eochaetdeun uri ibyeorhago mal keojanha
&lt;br&gt;Mam byeonhaji anheul keomyeonseo
&lt;br&gt;
&lt;br&gt;Keokjeong anhgi jal kyeondil keorago
&lt;br&gt;Neowah nan saenggakbodaneun ganghan geol
&lt;br&gt;I dokhan ibyeoreul hago itjanha
&lt;br&gt;Neowah nan boran deushi jal sal keojanha
&lt;br&gt;Yaksokhae
&lt;br&gt;
&lt;br&gt;Jeoldae saranghaetda haengbokhaetda
&lt;br&gt;Ijji mothal keoran nayakhan marhaji ma
&lt;br&gt;Nuga keugeol molla
&lt;br&gt;Eochaetdeun uri ibyeorhago mal keojanha
&lt;br&gt;Mam byeonhaji anheul keomyeonseo
&lt;br&gt;
&lt;br&gt;Jeoldae bogo shipeo mot kyeondikesseo
&lt;br&gt;Neoye jib apiya keureojin anheul keoya
&lt;br&gt;Ijen al keot kata
&lt;br&gt;Eochaetdeun uri ibyeorhago mal keojanha
&lt;br&gt;Mam byeonhaji anheul keomyeonseo
&lt;br&gt;Mam byeonhaji anheul keomyeonseo&lt;/p&gt;
</description>
    </item>
    
    <item>
      <title> Cant Say I Love You</title>
      <link>http://letraspedia.com/lyric/2am-cant-say-i-love-you/</link>
      <pubDate>Mon, 01 Sep 2008 00:00:00 UTC</pubDate>
      <author>Enthusiastic Hugo User</author>
      <guid>http://letraspedia.com/lyric/2am-cant-say-i-love-you/</guid>
      <description>&lt;p&gt;Wae ja ku man i ro ni wae ma rel mot a ra ded ni
&lt;br&gt;Wae ja ku man nae gyo thel gi ut go ri ni
&lt;br&gt;No wa nan i mi keth nan dan mal do nen bo gi sil dan mal
&lt;br&gt;Ol ma na do hae ya man a ra ded get ni
&lt;br&gt;
&lt;br&gt;No eui bu mo nim mal sem wae ded ji rel an ni
&lt;br&gt;Ge sa ra mi wae o di ga to o toh ni
&lt;br&gt;Ge nyang na rel to na myon dwae him den il do a ni ya
&lt;br&gt;i je ni ga sal don se sang e ro ga
&lt;br&gt;
&lt;br&gt;Nol sa rang han dan mal i jen mot hae
&lt;br&gt;Gi da ryo dal ran mal do nen mot hae
&lt;br&gt;Nol a phe ge man han ba bo ga then na ya
&lt;br&gt;Mot nan nam ja il pu ni ya
&lt;br&gt;
&lt;br&gt;Ga ra go to na ra go dwei ji an nen go jit ma rel hae bwa do
&lt;br&gt;Sil da go an dwein da go ja ku ja ku u ro dae nen no ra so
&lt;br&gt;Mi ryo ni nae ma mel ja ba nae gyo the nol du go si pho
&lt;br&gt;Ha ji man do nen an dwae nol wi hae keth nae ya man hae
&lt;br&gt;
&lt;br&gt;A ju o ril tae bu tho na man al don no ra so
&lt;br&gt;Mot hae bon i ri no mu ma nat ja na
&lt;br&gt;Gat go si phen got do gat go joh en ot do i bo ya ji
&lt;br&gt;i je ni ga sal don se sang e ro ga
&lt;br&gt;
&lt;br&gt;Nol sa rang han dan mal i jen mot hae
&lt;br&gt;Gi da ryo dal ran mal do nen mot hae
&lt;br&gt;Nol a phe ge man han ba bo ga then na ya
&lt;br&gt;Mot nan nam ja il pu ni ya
&lt;br&gt;
&lt;br&gt;O toh ke nae ga no rel it get ni
&lt;br&gt;Nae in saeng eui bit na don tae yang el
&lt;br&gt;i roh ke na no rel bo nae bo ri myon
&lt;br&gt;O toh ke sal ji do mo re nen de
&lt;br&gt;
&lt;br&gt;Nol sa rang han dan mal i jen mot hae
&lt;br&gt;Gi da ryo dal ran mal do nen mot hae
&lt;br&gt;Nol a phe ge man han ba bo ga then na ya
&lt;br&gt;Mot nan nam ja il pu ni ya
&lt;br&gt;
&lt;br&gt;Mot nan nam ja il pu ni ya&amp;hellip;&lt;/p&gt;
</description>
    </item>
    
    <item>
      <title> Cant Say I Love You (en Español)</title>
      <link>http://letraspedia.com/lyric/2am-cant-say-i-love-you-en-espanol/</link>
      <pubDate>Mon, 01 Sep 2008 00:00:00 UTC</pubDate>
      <author>Enthusiastic Hugo User</author>
      <guid>http://letraspedia.com/lyric/2am-cant-say-i-love-you-en-espanol/</guid>
      <description>&lt;p&gt;¿Por qué sigues siendo así?
&lt;br&gt;¿Por qué no puedes entender?
&lt;br&gt;¿Por qué te sigues aferrando a mí?
&lt;br&gt;
&lt;br&gt;Cuánto tiempo más tengo que decir
&lt;br&gt;Que tú y yo hemos terminado ya
&lt;br&gt;No quiero verte nunca más
&lt;br&gt;
&lt;br&gt;¿Por qué no escuchas a tus padres?
&lt;br&gt;Lo  que es tan malo acerca de esa persona
&lt;br&gt;Solo tienes que dejarme
&lt;br&gt;Ni siquiera es una cosa difícil de hacer
&lt;br&gt;Ahora regresa al mundo que estabas viviendo
&lt;br&gt;
&lt;br&gt;No puedo decir te amo nunca mas
&lt;br&gt;No puedo pedir que esperes por mí más
&lt;br&gt;Soy un tonto que solo te hizo daño
&lt;br&gt;Soy un pobre hombre
&lt;br&gt;
&lt;br&gt;Incluso si miento torpemente
&lt;br&gt;Diciéndote que no te vayas
&lt;br&gt;Tú sigues llorando, llorando
&lt;br&gt;Diciendo que tú no quieres, que no puedes
&lt;br&gt;
&lt;br&gt;Un persistente afecto me sostiene
&lt;br&gt;Y quiero mantenerte a mi lado
&lt;br&gt;Pero no puedo
&lt;br&gt;Tengo que ponerle fin por ti
&lt;br&gt;
&lt;br&gt;Porque solo me conocías a mi desde que eras muy joven
&lt;br&gt;Tenias muchas cosas que no pudiste hacer
&lt;br&gt;Tú tienes que hacer las cosas que quieres y usar ropa bonita
&lt;br&gt;Ahora regresa al mundo que estabas viviendo
&lt;br&gt;
&lt;br&gt;No puedo decir te amo nunca mas
&lt;br&gt;No puedo pedir que esperes por mí mas
&lt;br&gt;Soy un tonto que solo te hizo daño
&lt;br&gt;Soy un pobre hombre
&lt;br&gt;
&lt;br&gt;¿Cómo puedo olvidarte?
&lt;br&gt;Tuel sol brillante de mi vida
&lt;br&gt;Si te dejo de esta manera
&lt;br&gt;No sé cómo viviré
&lt;br&gt;
&lt;br&gt;No puedo decir te amo nunca mas
&lt;br&gt;No puedo pedir que esperes por mí mas
&lt;br&gt;Soy un tonto que solo te hizo daño
&lt;br&gt;Soy solo  un pobre hombre
&lt;br&gt;
&lt;br&gt;Te amo
&lt;br&gt;
&lt;br&gt;Espera por mí
&lt;br&gt;
&lt;br&gt;Soy un tonto que solo te hizo daño
&lt;br&gt;Solo soy un pobre hombre&lt;/p&gt;
</description>
    </item>
    
    <item>
      <title> Coming To Me</title>
      <link>http://letraspedia.com/lyric/2am-coming-to-me/</link>
      <pubDate>Mon, 01 Sep 2008 00:00:00 UTC</pubDate>
      <author>Enthusiastic Hugo User</author>
      <guid>http://letraspedia.com/lyric/2am-coming-to-me/</guid>
      <description>&lt;p&gt;Georiui modeun yeonindeuri sarange ppajyeoitda
&lt;br&gt;Machi areumdaun hanpyeonui yeonghwareul boneun geotman gataseo
&lt;br&gt;Chagaun baramdo waenji pogeunhage neukkyeojineun geol
&lt;br&gt;Georiui modeun saramdeuri useumyeo chumeul chunda
&lt;br&gt;Naegedo mwonga gibun joheun iri chaja ol geotman gataseo
&lt;br&gt;Neukkimi joheungeol deo isang apeumeun eopda geujeo utneunda
&lt;br&gt;
&lt;br&gt;Sarangi onda huimangi onda
&lt;br&gt;Itji mot hal gieok mideul su eomneun gijeok gateun
&lt;br&gt;Ildeuri naegero onda
&lt;br&gt;Han julgi bichi doeeo onda
&lt;br&gt;Bi naerineun eoduun haneure sesangi heuryeojyeodo
&lt;br&gt;Nae nune bichin modeun ge nan geunyang manyang yeppeo boineun geol
&lt;br&gt;Oeropdeon sigando ijen natseolgeman neukkyeojineun geol
&lt;br&gt;Haruharuga dalkomhae neul eonjena saerowo
&lt;br&gt;Maeil maeil nalmada gwaenhi nado moreuge seolleyeo
&lt;br&gt;Neukkimi joheun na deoisang seulpeumeun eopda geujeo utneunda&lt;/p&gt;
</description>
    </item>
    
    <item>
      <title> Consolation</title>
      <link>http://letraspedia.com/lyric/2am-consolation/</link>
      <pubDate>Mon, 01 Sep 2008 00:00:00 UTC</pubDate>
      <author>Enthusiastic Hugo User</author>
      <guid>http://letraspedia.com/lyric/2am-consolation/</guid>
      <description>&lt;p&gt;Museun mareul halkka yawin ni eolguri
&lt;br&gt;Ansseureowo ara ara geu maeumeul
&lt;br&gt;Tteonagan geu saram ichyeojijiga annni
&lt;br&gt;Mamedo eomneun mallo neol wirohae bonda
&lt;br&gt;
&lt;br&gt;Jeomjeom ichyeojyeo
&lt;br&gt;Modeun geot i da orae doen yaegicheoreom
&lt;br&gt;Saranghan mankeum ttak geumankeum apeumyeon dwae
&lt;br&gt;Jeomjeom jichyeoga
&lt;br&gt;Neoui apeum neoui maeumeul
&lt;br&gt;
&lt;br&gt;Ara ara da aljiman ni apen naega itjanha
&lt;br&gt;Aesseo useum jitgo useugaet soril hago
&lt;br&gt;Nado ireon naega naega cham sirchiman
&lt;br&gt;Ijeul suman itdamyeon nae mameun kkok nureun chae
&lt;br&gt;Doejido anketjiman neol wirohae bonda
&lt;br&gt;
&lt;br&gt;Jeomjeom ichyeojyeo
&lt;br&gt;Modeun geot i da orae doen yaegicheoreom
&lt;br&gt;Saranghan mankeum ttak geumankeum apeumyeon dwae
&lt;br&gt;Jeomjeom jichyeoga
&lt;br&gt;Neoui apeum neoui maeumeul
&lt;br&gt;
&lt;br&gt;Ara ara da aljiman ni apen naya
&lt;br&gt;Ni apen naya
&lt;br&gt;Nareul bwa
&lt;br&gt;Swipge geureoke
&lt;br&gt;Ichyeojiji annneun daneungeol
&lt;br&gt;Ara ara da aljiman ni apen naega itjanha&lt;/p&gt;
</description>
    </item>
    
    <item>
      <title> Dunk Shoot</title>
      <link>http://letraspedia.com/lyric/2am-dunk-shoot/</link>
      <pubDate>Mon, 01 Sep 2008 00:00:00 UTC</pubDate>
      <author>Enthusiastic Hugo User</author>
      <guid>http://letraspedia.com/lyric/2am-dunk-shoot/</guid>
      <description>&lt;p&gt;jumuneul wewo-boja
&lt;br&gt;yalballabahigia yaballabahigia
&lt;br&gt;
&lt;br&gt;mae-il mae-il mae-il nora-daedo
&lt;br&gt;araseo araseo daehak gage-haejwo
&lt;br&gt;mae-il dan eumshik meogeo-daedo
&lt;br&gt;sara-sara ppajyeoda-o
&lt;br&gt;
&lt;br&gt;mae-il mae-il mae-il myeonjeo-bedo
&lt;br&gt;araseo araseo hapgyeok (hapgyeok)
&lt;br&gt;mae-il ddok-gateun tongjangi-jiman
&lt;br&gt;dona-dona neureoda-o
&lt;br&gt;
&lt;br&gt;moduga ibjangeun dallado
&lt;br&gt;bara-neun-geon dan hana
&lt;br&gt;saenggak-daeroman dwera
&lt;br&gt;
&lt;br&gt;uri haengun-eui moyangeun yeoreo-gaejiman
&lt;br&gt;haengbok-eui moyangeun hana
&lt;br&gt;saenggak-daeroman dwera
&lt;br&gt;
&lt;br&gt;jumuneul wewo-boja
&lt;br&gt;yalballabahi-igia yaballabahigia
&lt;br&gt;jumuneul wewo-boja oh yeah
&lt;br&gt;yalballabahigiyamo haimamo-hailula
&lt;br&gt;
&lt;br&gt;oooh oooooh oooooh eh eh
&lt;br&gt;
&lt;br&gt;naega naega joha-haneun saram
&lt;br&gt;araseo araseo naege gobaek-haera
&lt;br&gt;chaega hanbeonman hulteo-bwado
&lt;br&gt;wewo wewo wewo-jyeora
&lt;br&gt;
&lt;br&gt;moduga ibjangeun dallado
&lt;br&gt;baraneun-geon dan hana
&lt;br&gt;saenggak-daeroman dwera
&lt;br&gt;
&lt;br&gt;uri haengun-eui moyangeun yeoreo-gaejiman
&lt;br&gt;haengbok-eui moyangeun hana
&lt;br&gt;saenggak-daeroman dwera
&lt;br&gt;
&lt;br&gt;jumuneul wewo-boja
&lt;br&gt;yalballabahi-igia yaballabahigia
&lt;br&gt;jumuneul wewo-boja oh yeah
&lt;br&gt;yalballabahigiyamo haimamo-hailula
&lt;br&gt;
&lt;br&gt;oooh oooooh oooooh eh eh
&lt;br&gt;
&lt;br&gt;mideo-bwa i jumuni
&lt;br&gt;niga wonhaneun-geoseul
&lt;br&gt;modu irwo-julkkeoran-geol
&lt;br&gt;aju ganjeorhi barago (barago)
&lt;br&gt;bara-myeon (bara-myeon)
&lt;br&gt;sesangi bakkwil-kkeoya
&lt;br&gt;
&lt;br&gt;jumuneul wewo-boja
&lt;br&gt;yalballabahi-gia yaballabahigia
&lt;br&gt;jumuneul wewo-boja oh yeah
&lt;br&gt;yalballabahigiyamo haimamo-hailula
&lt;br&gt;
&lt;br&gt;oooh oooooh oooooh eh eh
&lt;br&gt;oooh oooooh oooooh eh eh&lt;/p&gt;
</description>
    </item>
    
    <item>
      <title> Erase All Our Memories</title>
      <link>http://letraspedia.com/lyric/2am-erase-all-our-memories/</link>
      <pubDate>Mon, 01 Sep 2008 00:00:00 UTC</pubDate>
      <author>Enthusiastic Hugo User</author>
      <guid>http://letraspedia.com/lyric/2am-erase-all-our-memories/</guid>
      <description>&lt;p&gt;[JINWOON]
&lt;br&gt;Geurae urin jeongmal jal eoullineun keopeuliyeosseotji
&lt;br&gt;Chingudeul jubyeon saramdeul modu da bureoweohaesseul mankeum
&lt;br&gt;
&lt;br&gt;[JOKWON]
&lt;br&gt;Hajiman ije modu da jinagan shigan iyagil ppun
&lt;br&gt;Geunyang geureohke ijeo
&lt;br&gt;
&lt;br&gt;[SEULONG]Just let it go let me go
&lt;br&gt;[CHANGMIN] Geuttaen neomunado dalgumhaesseotji
&lt;br&gt;[SEULONG] Just let it go let me go
&lt;br&gt;[CHANGMIN] Ijen amu soyongeobdan geol moreuni
&lt;br&gt;
&lt;br&gt;[JOKWON] Chueok ijen da jiweobeoryeo
&lt;br&gt;[JINWOON] Uri hamkke han geu shigandeul
&lt;br&gt;[JOKWON] Gieok ijen da jiweobeoryeo
&lt;br&gt;[JINWOON] Ne mamsuk miryeon sarang modu
&lt;br&gt;
&lt;br&gt;[SEULONG]
&lt;br&gt;Ijeneun deo isang neowa hal mari naneun deo eobneunde
&lt;br&gt;Ije wa wae ireohke nal chajawa gyesok gwichange hani
&lt;br&gt;
&lt;br&gt;[CHANGMIN]
&lt;br&gt;Ijeneun nado sarangdo chueokdo hamkkehaetdeon shigando
&lt;br&gt;Geunyang geureohke ijeo
&lt;br&gt;
&lt;br&gt;[JINWOON]Just let it go let me go
&lt;br&gt;[JOKWON] Geuttaen neomunado dalgumhaesseotji
&lt;br&gt;[JINWOON] Just let it go let me go
&lt;br&gt;[JOKWON] Ijen amu soyongeobdan geol moreuni
&lt;br&gt;
&lt;br&gt;[CHANGMIN] Chueok ijenda jiweobeoryeo
&lt;br&gt;[SEULONG]Uri hamkke han geu shigandeul
&lt;br&gt;[CHANGMIN] Gieok ijen da jiweobeoryeo
&lt;br&gt;[SEULONG] Ne mamsok miryeon sarangdo
&lt;br&gt;
&lt;br&gt;[CHANGMIN]
&lt;br&gt;Geurae nado gakkeumeun ne geokjeonge gakkeumeun ne saenggakhae
&lt;br&gt;Im waiting for you babe
&lt;br&gt;
&lt;br&gt;[JOKWON]
&lt;br&gt;Hajiman urin ije dashi doragal su dorikil sudo eobseo
&lt;br&gt;Jebal nareul ijeojweo Baby
&lt;br&gt;
&lt;br&gt;Chueok ijen da jiweobeoryeo
&lt;br&gt;[SEULONG] Uri hamkke han geu shigandeul
&lt;br&gt;Gieok ijen da jiweobeoryeo
&lt;br&gt;
&lt;br&gt;Chueok ijen da jiweobeoryeo
&lt;br&gt;[JINWOON] Uri hamkke han geu shigandeul
&lt;br&gt;Gieok ijen da jiweobeoryeo
&lt;br&gt;[JINWOON] Ne mamsuk miryeon sarang modu&lt;/p&gt;
</description>
    </item>
    
    <item>
      <title> Even If I Die, I Cant Let You Go</title>
      <link>http://letraspedia.com/lyric/2am-even-if-i-die-i-cant-let-you-go/</link>
      <pubDate>Mon, 01 Sep 2008 00:00:00 UTC</pubDate>
      <author>Enthusiastic Hugo User</author>
      <guid>http://letraspedia.com/lyric/2am-even-if-i-die-i-cant-let-you-go/</guid>
      <description>&lt;p&gt;Eoryeodo apeun geon ttok gata
&lt;br&gt;Sesangeul jal moreundago apeungeol moreujin anha
&lt;br&gt;
&lt;br&gt;Gwaenchana jil georago wae geojitmareul hae
&lt;br&gt;Ireohke apeun gaseumi eotteohke shwipge natgesseo
&lt;br&gt;Neo eobshi eotteohke salgesseo geuraeseo nan
&lt;br&gt;
&lt;br&gt;Jugeodo mot bonae naega eotteohke neol bonae
&lt;br&gt;Garyeo geodeun tteonaryeo geodeun nae gaseum gochyeo nae
&lt;br&gt;Apeuji anhke na saragal surado itge
&lt;br&gt;Andwindamyeon eochapi ussal geo
&lt;br&gt;Jugeodo mot bonae
&lt;br&gt;
&lt;br&gt;Amuri niga nal milchyeodo kkeutkkaji butjabeul geoya
&lt;br&gt;Eodido gaji mothage
&lt;br&gt;
&lt;br&gt;Jeongmal gal georamyeon geojitmareul hae
&lt;br&gt;Naeil dashi manna jago useu myeonseo bojago
&lt;br&gt;He eojijan mareul nong damirago animyeon nan
&lt;br&gt;
&lt;br&gt;Jugeodo mot bonae naega eotteohke neol bonae
&lt;br&gt;Garyeo geodeun tteonaryeo geodeun nae gaseum gochyeo nae
&lt;br&gt;Apeuji anhke na saragal surado itge
&lt;br&gt;Andwindamyeon eochapi ussal geo
&lt;br&gt;Jugeodo mot bonae
&lt;br&gt;
&lt;br&gt;Geu manheun shiganeul hamkke gyeokkeot neunde
&lt;br&gt;Ijewa eotteohke honja sallan geoya
&lt;br&gt;Geureohken mothae nan mothae
&lt;br&gt;
&lt;br&gt;Jugeodo mot bonae, jeong mallo mot bonae, naega eotteohke neol bonae
&lt;br&gt;Garyeo geodeun tteonaryeo geodeun nae gaseum gochyeo nae
&lt;br&gt;Apeuji anhke na saragal surado itge
&lt;br&gt;Andwin damyeon eochapi mossal geo
&lt;br&gt;Jugeodo mot bonae&lt;/p&gt;
</description>
    </item>
    
    <item>
      <title> Even If I Die, I Cant Let You Go (en Español)</title>
      <link>http://letraspedia.com/lyric/2am-even-if-i-die-i-cant-let-you-go-en-espanol/</link>
      <pubDate>Mon, 01 Sep 2008 00:00:00 UTC</pubDate>
      <author>Enthusiastic Hugo User</author>
      <guid>http://letraspedia.com/lyric/2am-even-if-i-die-i-cant-let-you-go-en-espanol/</guid>
      <description>&lt;p&gt;Aunque soy joven, el dolor es exactamente el mismo.
&lt;br&gt;Dices que no conozco el mundo bien, que no conozco el dolor
&lt;br&gt;
&lt;br&gt;Dices que todo va a estar bien, ¿Por qué mientes?
&lt;br&gt;Un corazón que ha sido herido así, ¿Cómo puede fácilmente curarse?
&lt;br&gt;Sin ti, ¿Cómo puedo vivir?
&lt;br&gt;
&lt;br&gt;Por eso yo
&lt;br&gt;Aunque muera, no puedo dejarte ir
&lt;br&gt;¿Cómo puedo dejarte ir?
&lt;br&gt;Porque te quieres ir, porque te quieres marchar
&lt;br&gt;Mi corazón está reformado.
&lt;br&gt;No te voy a herir
&lt;br&gt;Por lo menos déjame seguir viviendo
&lt;br&gt;Si dices que no puedes, no hay manera de que yo pueda vivir.
&lt;br&gt;Aunque muera, no puedo dejarte ir.
&lt;br&gt;
&lt;br&gt;No importa cuánto intentes alejarme de ti
&lt;br&gt;Me aferraré hasta el final
&lt;br&gt;No puedo dejarte ir a ningún lado.
&lt;br&gt;Si realmente te vas, dime una mentira.
&lt;br&gt;Dime que nos volveremos a encontrar mañana, para vernos con una sonrisa
&lt;br&gt;Si tus palabras de que rompamos no son una broma
&lt;br&gt;
&lt;br&gt;Entonces yo
&lt;br&gt;Aunque muera, no puedo dejarte ir
&lt;br&gt;¿Cómo puedo dejarte ir?
&lt;br&gt;Porque te quieres ir, porque te quieres marchar
&lt;br&gt;Mi corazón está reformado.
&lt;br&gt;
&lt;br&gt;No te voy a herir
&lt;br&gt;Por lo menos déjame seguir viviendo
&lt;br&gt;Si dices que no puedes, no hay manera de que yo pueda vivir.
&lt;br&gt;Aunque me muera, no puedo dejarte ir.
&lt;br&gt;Pasamos todos esos momentos juntos
&lt;br&gt;Como se supone que viviré solo ahora
&lt;br&gt;No puedo hacer eso, no puedo
&lt;br&gt;Aunque me muera, no puedo dejarte ir
&lt;br&gt;
&lt;br&gt;De verdad no puedo dejarte.
&lt;br&gt;¿Cómo puedo dejarte ir?
&lt;br&gt;Porque te quieres ir, porque te quieres marchar
&lt;br&gt;Mi corazón está reformado.
&lt;br&gt;No te voy a herir
&lt;br&gt;Por lo menos déjame seguir viviendo
&lt;br&gt;Si dices que no puedes, no hay manera de que yo pueda vivir.
&lt;br&gt;Aunque me muera, no puedo dejarte ir.&lt;/p&gt;
</description>
    </item>
    
    <item>
      <title> First Love</title>
      <link>http://letraspedia.com/lyric/2am-first-love/</link>
      <pubDate>Mon, 01 Sep 2008 00:00:00 UTC</pubDate>
      <author>Enthusiastic Hugo User</author>
      <guid>http://letraspedia.com/lyric/2am-first-love/</guid>
      <description>&lt;p&gt;Knock, knock, knock ima wa dare no egao wo
&lt;br&gt;Machikogarete DOA wo akeru no?
&lt;br&gt;Lock, lock, lock kimi no egao tokku ni
&lt;br&gt;Wasurete ita hazu datta no ni
&lt;br&gt;
&lt;br&gt;Sayonara nante kotoba dake
&lt;br&gt;Kono kokoro ni wa kizande aru You and I
&lt;br&gt;
&lt;br&gt;Knock, knock, knock ima wa boku no egao wo
&lt;br&gt;Machinozonde iru koibito ga iru
&lt;br&gt;Luck, luck, luck kako wo wasureru hodo ni
&lt;br&gt;Love, love, love koi ni ochite iru kedo
&lt;br&gt;
&lt;br&gt;Modoreru nara ima sugu ni
&lt;br&gt;Kimi no moto he to hashitte yuku kara
&lt;br&gt;
&lt;br&gt;Boku no First Love
&lt;br&gt;Wasurerarenai
&lt;br&gt;Wasuretakute mo zutto
&lt;br&gt;Kimi ga yomigaeru
&lt;br&gt;Boku no First Love
&lt;br&gt;
&lt;br&gt;Kimi ga First Love
&lt;br&gt;Ima mo zutto
&lt;br&gt;You are my first love
&lt;br&gt;Eien ni boku no First Love
&lt;br&gt;My first Love&lt;/p&gt;
</description>
    </item>
    
    <item>
      <title> Forgetting You</title>
      <link>http://letraspedia.com/lyric/2am-forgetting-you/</link>
      <pubDate>Mon, 01 Sep 2008 00:00:00 UTC</pubDate>
      <author>Enthusiastic Hugo User</author>
      <guid>http://letraspedia.com/lyric/2am-forgetting-you/</guid>
      <description>&lt;p&gt;Gaseumi neomu apeun isungando
&lt;br&gt;Eonjengan kkeuchi nagetjyo
&lt;br&gt;Kkeuchi eobseul geotman gatdeon nunmuldo
&lt;br&gt;Eonjenganeun mareugetjyo
&lt;br&gt;Nunmuljochado miryeonjochado
&lt;br&gt;Namji ankireul neomuna apeujiman
&lt;br&gt;
&lt;br&gt;Geudaereul itgo (ijeneun) da jiwonaelkkeyo
&lt;br&gt;Geudaeui ireumdo geudaewa sajindo geudae jinhan hyanggikkaji
&lt;br&gt;Sigani heulleo (dasi naege) dareun sarangi omyeon
&lt;br&gt;Majimak nameun chueokdo jiwojulkkeyo
&lt;br&gt;
&lt;br&gt;Niga eomneun neoui geu binjarido
&lt;br&gt;Sarangi chaewojigetjyo
&lt;br&gt;Nunmuljochado miryeonjochado
&lt;br&gt;Namji ankireul neomuna apeujiman
&lt;br&gt;
&lt;br&gt;Geudae (imi nal ijeotdago) sarangdo (chueokdo da jiwotdago)
&lt;br&gt;Ttansaram gyeoteseo neomuna haengbokhadago
&lt;br&gt;Geudae (amureochido annnayo) ibyeoreun (naman himdeungeongayo)
&lt;br&gt;Sigani jinamyeon itgetjyo i apeumkkajido
&lt;br&gt;Gipi bakhin nae sarang gajyeogaseyo&lt;/p&gt;
</description>
    </item>
    
    <item>
      <title> Graduation</title>
      <link>http://letraspedia.com/lyric/2am-graduation/</link>
      <pubDate>Mon, 01 Sep 2008 00:00:00 UTC</pubDate>
      <author>Enthusiastic Hugo User</author>
      <guid>http://letraspedia.com/lyric/2am-graduation/</guid>
      <description>&lt;p&gt;Onje manaseo neunji
&lt;br&gt;ijeneun hyeyor jyeoya hanye
&lt;br&gt;orlguleun baljiman uri
&lt;br&gt;jorjeun nunbiteul ro aeseo useum jieunye
&lt;br&gt;syewoli jinamyeon hok
&lt;br&gt;uri chueokitchyo jilkabwa
&lt;br&gt;geumshimseuron orlgul ro soro
&lt;br&gt;hanbon usobogo inae gogae soginye
&lt;br&gt;
&lt;br&gt;uri ui guumdo onjenkaneun donagakaetji
&lt;br&gt;syewoli jinamyeon himdeulkimanhan na ui nanaldeuli
&lt;br&gt;sala on mankeum dashi heureul dae mundeuk dweldola bokyetji
&lt;br&gt;baraejyeo kaneun na ui guumeul chajeulyo haesseul dae saenggaka gyetji
&lt;br&gt;orinshijol hamkkehaetdon uri deul ui chueok deuleul
&lt;br&gt;keu orin naldeuleul
&lt;br&gt;
&lt;br&gt;uri ui guumdo onjenkaneun donagakaetji
&lt;br&gt;syewoli jinamyeon himdeulkimanhan na ui nanaldeuli
&lt;br&gt;sala on mankeum dashi heureul dae mundeuk dweldola bokyetji
&lt;br&gt;baraejyeo kaneun na ui guumeul chajeulyo haesseul dda saenggaka gyetji
&lt;br&gt;orinshijol hamkkehaetdon uri deul ui chueok deuleul
&lt;br&gt;keu orin naldeuleul&lt;/p&gt;
</description>
    </item>
    
  </channel>
</rss>