<?xml version="1.0" encoding="utf-8" standalone="yes" ?>
<rss version="2.0" xmlns:atom="http://www.w3.org/2005/Atom">
  <channel>
      <title>1st Lady on Letraspedia.com thes best lyrics page </title>
    <link>http://letraspedia.com/artist/1st-lady/</link>
    <language>en-US</language>
    <author>Enthusiastic Hugo User</author>
    <rights>Copyright (c) 2014, Enthusiastic Hugo User; all rights reserved.</rights>
    <updated>Mon, 01 Sep 2008 00:00:00 UTC</updated>
    
    <item>
      <title> Always Wanna Be With You</title>
      <link>http://letraspedia.com/lyric/1st-lady-always-wanna-be-with-you/</link>
      <pubDate>Mon, 01 Sep 2008 00:00:00 UTC</pubDate>
      <author>Enthusiastic Hugo User</author>
      <guid>http://letraspedia.com/lyric/1st-lady-always-wanna-be-with-you/</guid>
      <description>&lt;p&gt;Chorus: I dont ever wanna lose you baby
&lt;br&gt;I always wanna be with you
&lt;br&gt;All you gotta do is learn to trust me
&lt;br&gt;And I promise that I will stay true
&lt;br&gt;
&lt;br&gt;I dont ever wanna lose you baby
&lt;br&gt;Always wanna be with you
&lt;br&gt;All you gotta do is learn to trust me
&lt;br&gt;I promise that I will stay true
&lt;br&gt;
&lt;br&gt;I know that its been hard on you
&lt;br&gt;And I know that Im not always with you
&lt;br&gt;But you need to know that I do love you
&lt;br&gt;And forever thats the way it will stay
&lt;br&gt;
&lt;br&gt;And I know its hard to trust me
&lt;br&gt;When Im always out with all my boys
&lt;br&gt;Its my job and I will never be broken
&lt;br&gt;When I go home, its with you Ill stay
&lt;br&gt;
&lt;br&gt;I try too hard to keep this going
&lt;br&gt;And I will as long as you do too
&lt;br&gt;Plus I love you and I will always will do
&lt;br&gt;I only wanna be with you
&lt;br&gt;
&lt;br&gt;I wish I had a sign to show you
&lt;br&gt;You mean the world to me and thats the truth
&lt;br&gt;I dont wanna be with no one else, boy
&lt;br&gt;I only be with you
&lt;br&gt;
&lt;br&gt;Chorus
&lt;br&gt;
&lt;br&gt;I dont ever wanna lose you baby
&lt;br&gt;Always wanna be with you
&lt;br&gt;Do is learn to trust me
&lt;br&gt;I promise that I will stay true
&lt;br&gt;
&lt;br&gt;Trust me cause I love you
&lt;br&gt;I say I love you cause I really mean it
&lt;br&gt;I never felt this way before
&lt;br&gt;Look at pictures of me when Im gone, boy
&lt;br&gt;
&lt;br&gt;Ill be the one you breath
&lt;br&gt;Oh, wait youre the air I breath
&lt;br&gt;Inspiration, youre the song I sing
&lt;br&gt;
&lt;br&gt;I dont ever wanna lose you baby
&lt;br&gt;Always wanna be with you&lt;/p&gt;
</description>
    </item>
    
    <item>
      <title> Baby I Love You</title>
      <link>http://letraspedia.com/lyric/1st-lady-baby-i-love-you/</link>
      <pubDate>Mon, 01 Sep 2008 00:00:00 UTC</pubDate>
      <author>Enthusiastic Hugo User</author>
      <guid>http://letraspedia.com/lyric/1st-lady-baby-i-love-you/</guid>
      <description>&lt;p&gt;Baby i love you and i&amp;rsquo;ll never let you go
&lt;br&gt;But if i have to boy i think that you should know
&lt;br&gt;All the love we made can never be erased
&lt;br&gt;And i promise you that you will never be replaced (2x)
&lt;br&gt;
&lt;br&gt;I love you ,yes i do
&lt;br&gt;I&amp;rsquo;ll be with here you as long as you want me to
&lt;br&gt;Until(until) the end(the end) of time
&lt;br&gt;
&lt;br&gt;From the day i met you i knew we&amp;rsquo;d be together
&lt;br&gt;And now i know i wanna be with you forever
&lt;br&gt;I wanna marry you and i wanna have your kids
&lt;br&gt;Thinking never compared to the feeling of your kisses
&lt;br&gt;
&lt;br&gt;I can say im truly happy to this day
&lt;br&gt;You made think i better live my life everyday
&lt;br&gt;There&amp;rsquo;s never been a doubt in my mind
&lt;br&gt;That i regret ever having you by my side
&lt;br&gt;
&lt;br&gt;But if the day comes that i have to let you go
&lt;br&gt;I think there&amp;rsquo;s somthin&amp;rsquo; i should probably let you know
&lt;br&gt;I enjoyed everyday that i spend with you
&lt;br&gt;And i will miss you but im happy that i had you at all
&lt;br&gt;
&lt;br&gt;Baby i love you and i&amp;rsquo;ll never let you go
&lt;br&gt;But if i have to boy i think that you should know
&lt;br&gt;All the love we made can never be erased
&lt;br&gt;And i promise you that you will never be replaced (2X)
&lt;br&gt;
&lt;br&gt;I love you ohh yes i do
&lt;br&gt;I&amp;rsquo;ll be with you as long as you want me to
&lt;br&gt;Until the end of time&lt;/p&gt;
</description>
    </item>
    
    <item>
      <title> Cant Go On</title>
      <link>http://letraspedia.com/lyric/1st-lady-cant-go-on/</link>
      <pubDate>Mon, 01 Sep 2008 00:00:00 UTC</pubDate>
      <author>Enthusiastic Hugo User</author>
      <guid>http://letraspedia.com/lyric/1st-lady-cant-go-on/</guid>
      <description>&lt;p&gt;I cant go on living without you
&lt;br&gt;I cant go on without seeing you smiling baby
&lt;br&gt;I cant go on living without you
&lt;br&gt;I cant go on without holding you in my arms
&lt;br&gt;
&lt;br&gt;Sometimes people make mistakes in their lives..
&lt;br&gt;But why do we have to end things this way..
&lt;br&gt;I guess im trying to say..
&lt;br&gt;That i really miss your loving..
&lt;br&gt;And i really miss your hugging..
&lt;br&gt;Everything..everything..everyday..
&lt;br&gt;I sit awake every night..
&lt;br&gt;Wondering if ill ever find..
&lt;br&gt;Mr.right..
&lt;br&gt;I know that we fight..
&lt;br&gt;But then i try to see my self..
&lt;br&gt;With someone else..
&lt;br&gt;But i always see myself..
&lt;br&gt;Running back to you.. baby..
&lt;br&gt;
&lt;br&gt;Cant go on living with out you..
&lt;br&gt;All the times i said that i doubt you..
&lt;br&gt;Be there.. i swear..
&lt;br&gt;And you mean everything..
&lt;br&gt;You mean everything..
&lt;br&gt;To me when your close to me..
&lt;br&gt;I get chills cause it feels so real..
&lt;br&gt;I cant resist boy i need your kiss..
&lt;br&gt;I just cant go on like this..
&lt;br&gt;
&lt;br&gt;Im trying to fight my fears..
&lt;br&gt;Holding back after all these years..
&lt;br&gt;Ill lose myself..
&lt;br&gt;And walk away from me again..
&lt;br&gt;Cause i give you my heart..
&lt;br&gt;And not just a piece of it..
&lt;br&gt;I love you form the very start..
&lt;br&gt;And my love will never go away..
&lt;br&gt;I miss you everyday..
&lt;br&gt;Your gone..
&lt;br&gt;Since you went away..
&lt;br&gt;I been lost..
&lt;br&gt;And when my phone rings..
&lt;br&gt;I hope it&amp;rsquo;s your call..
&lt;br&gt;But ill jus keep wishing&amp;hellip;
&lt;br&gt;Things that just dont come true..
&lt;br&gt;And all it does is make me sad..it don&amp;rsquo;t help..
&lt;br&gt;And then i end up getting mad..myself..
&lt;br&gt;Tell me baby..why you wanna make me feel like that..
&lt;br&gt;
&lt;br&gt;Cant go on living with out you..
&lt;br&gt;All the times i said that i doubt you..
&lt;br&gt;Be there.. i swear..
&lt;br&gt;And you mean everything..
&lt;br&gt;You mean everything..
&lt;br&gt;To me when your close to me..
&lt;br&gt;I get chills cause it feels so real..
&lt;br&gt;I cant resist boy i need your kiss..
&lt;br&gt;I just cant go on like this..
&lt;br&gt;
&lt;br&gt;After all the times that passed..
&lt;br&gt;I still want you in my life..
&lt;br&gt;You were my first love..
&lt;br&gt;And i want you to be my last..
&lt;br&gt;I still remember..
&lt;br&gt;All of those mornings..
&lt;br&gt;We lay in bed together and laughed..
&lt;br&gt;I wish that would last forever..
&lt;br&gt;But until you come back to me..
&lt;br&gt;All i have are old memoriies..
&lt;br&gt;Days of you and me..
&lt;br&gt;Wishing you&amp;rsquo;d just come back to me..
&lt;br&gt;Come everysecond your gone..
&lt;br&gt;And im sitting alone everynite..
&lt;br&gt;Writing these two love songs..
&lt;br&gt;Baby come back to me..
&lt;br&gt;
&lt;br&gt;I know that things have changed..
&lt;br&gt;And i know your in a different state now..
&lt;br&gt;Im willing to change to see..my place..
&lt;br&gt;You&amp;rsquo;re the only man i&amp;rsquo;ve ever loved..
&lt;br&gt;Before you, i never knew love..
&lt;br&gt;How can you walk away and never look back..
&lt;br&gt;Never look back..
&lt;br&gt;
&lt;br&gt;Cant go on living with out you..
&lt;br&gt;All the times i said that i doubt you..
&lt;br&gt;Be there.. i swear..
&lt;br&gt;And you mean everything..
&lt;br&gt;You mean everything..
&lt;br&gt;To me when your close to me..
&lt;br&gt;I get chills cause it feels so real..
&lt;br&gt;I cant resist boy i need your kiss..
&lt;br&gt;I just cant go on like this..
&lt;br&gt;
&lt;br&gt;I cant go on living without you
&lt;br&gt;I cant go on without seeing you smiling..
&lt;br&gt;I cant go on living without you
&lt;br&gt;I cant go on without seeing you smiling baby..
&lt;br&gt;
&lt;br&gt;Can go on living with out..
&lt;br&gt;All the times i said that i doubt you..
&lt;br&gt;Be there.. i swear..
&lt;br&gt;And you mean everything..
&lt;br&gt;You mean everything
&lt;br&gt;To me when your close to me..
&lt;br&gt;I get chills cause it feels so real..
&lt;br&gt;I cant resist boy i need your kiss..
&lt;br&gt;I just can go on like this..&lt;/p&gt;
</description>
    </item>
    
    <item>
      <title> Dance To The Music</title>
      <link>http://letraspedia.com/lyric/1st-lady-dance-to-the-music/</link>
      <pubDate>Mon, 01 Sep 2008 00:00:00 UTC</pubDate>
      <author>Enthusiastic Hugo User</author>
      <guid>http://letraspedia.com/lyric/1st-lady-dance-to-the-music/</guid>
      <description>&lt;p&gt;Hey you all already out there
&lt;br&gt;We wanna get this party started right
&lt;br&gt;So everybody grab somebody
&lt;br&gt;And get to the dance floor
&lt;br&gt;
&lt;br&gt;Everybody in the house
&lt;br&gt;Come on yeah
&lt;br&gt;
&lt;br&gt;Everybody in the house
&lt;br&gt;If you&amp;rsquo;re feeling the beat tonight
&lt;br&gt;Get to the floor
&lt;br&gt;Come on yeah
&lt;br&gt;
&lt;br&gt;Everybody dance yeah
&lt;br&gt;I know you feel it
&lt;br&gt;If you&amp;rsquo;re in the house tonight
&lt;br&gt;If you&amp;rsquo;re feeling the beat
&lt;br&gt;Come on
&lt;br&gt;
&lt;br&gt;Everbody in the house come on
&lt;br&gt;
&lt;br&gt;Dance to the music
&lt;br&gt;Why won&amp;rsquo;t you dance
&lt;br&gt;Dance to the music
&lt;br&gt;Dance to the music
&lt;br&gt;Why won&amp;rsquo;t you dance
&lt;br&gt;Dance to the music
&lt;br&gt;
&lt;br&gt;Everybody in the house
&lt;br&gt;If you&amp;rsquo;re feeling the beat tonight
&lt;br&gt;Get to the floor
&lt;br&gt;Come on yeah
&lt;br&gt;
&lt;br&gt;Everybody dance yeah
&lt;br&gt;I know you feel it
&lt;br&gt;If you&amp;rsquo;re in the house tonight
&lt;br&gt;If you&amp;rsquo;re feeling the beat
&lt;br&gt;Come on
&lt;br&gt;
&lt;br&gt;Everbody dance
&lt;br&gt;You gotta dance
&lt;br&gt;Everbody dance
&lt;br&gt;You gotta dance
&lt;br&gt;
&lt;br&gt;Dance to the music
&lt;br&gt;Why won&amp;rsquo;t you dance
&lt;br&gt;Dance to the music
&lt;br&gt;Dance to the music
&lt;br&gt;You gotta dance
&lt;br&gt;Dance to the music
&lt;br&gt;
&lt;br&gt;Hey you all already out there
&lt;br&gt;We wanna get this party started right
&lt;br&gt;So everybody grab somebody
&lt;br&gt;And get to the dance floo
&lt;br&gt;
&lt;br&gt;Dance to the music
&lt;br&gt;Why won&amp;rsquo;t you dance
&lt;br&gt;Dance to the music
&lt;br&gt;Dance to the music
&lt;br&gt;You gotta dance
&lt;br&gt;Dance to the music&lt;/p&gt;
</description>
    </item>
    
    <item>
      <title> I Dont Know</title>
      <link>http://letraspedia.com/lyric/1st-lady-i-dont-know/</link>
      <pubDate>Mon, 01 Sep 2008 00:00:00 UTC</pubDate>
      <author>Enthusiastic Hugo User</author>
      <guid>http://letraspedia.com/lyric/1st-lady-i-dont-know/</guid>
      <description>&lt;p&gt;I don&amp;rsquo;t know babe
&lt;br&gt;(lil coccsta)
&lt;br&gt;Oo oo ohh oo
&lt;br&gt;(chekk it)
&lt;br&gt;Ooo ooo oo
&lt;br&gt;(ladee preciouz)
&lt;br&gt;I dun know babe eh yeah eh yea oh oowhoa
&lt;br&gt;Babe i dun know whyy
&lt;br&gt;
&lt;br&gt;Lil coccsta:
&lt;br&gt;Am livin my life in hell
&lt;br&gt;Livin my life in missery
&lt;br&gt;Cause all the thing you causes now it conjade on me
&lt;br&gt;Yea the hunt that you can move on
&lt;br&gt;Find some one better than me
&lt;br&gt;Some one who has the right to see
&lt;br&gt;To love you better than me
&lt;br&gt;And you don&amp;rsquo;t have to worry bout me cause i will move on
&lt;br&gt;And i will stay strong
&lt;br&gt;Cause all the pain inside it will not sosy
&lt;br&gt;But it don&amp;rsquo;t matter now
&lt;br&gt;That you&amp;rsquo;re gone
&lt;br&gt;Baby you&amp;rsquo;re gone
&lt;br&gt;And am all alone
&lt;br&gt;You left me alone
&lt;br&gt;But tell me this gurl
&lt;br&gt;Why did you let me go
&lt;br&gt;I don&amp;rsquo;t understand girl
&lt;br&gt;I need to know
&lt;br&gt;My heart is broken into two
&lt;br&gt;All because of you boo
&lt;br&gt;And baby you don&amp;rsquo;t know what am going throught
&lt;br&gt;So baby tell me this
&lt;br&gt;Why did you have to let meh go
&lt;br&gt;I gottah know
&lt;br&gt;
&lt;br&gt;Chorus:(lady preciouz)
&lt;br&gt;I dun know baby
&lt;br&gt;Why i left you in misery
&lt;br&gt;Never thought that a girl like me
&lt;br&gt;Could ever put you down
&lt;br&gt;Ooooo no oooo no
&lt;br&gt;Could never forgive my self
&lt;br&gt;And its over over&amp;hellip;.
&lt;br&gt;Why did i leave you
&lt;br&gt;
&lt;br&gt;Ladee preciouz:
&lt;br&gt;Baby i dun needa know why
&lt;br&gt;This stoopid act
&lt;br&gt;But i decided to go by
&lt;br&gt;I know that i make the wrong move
&lt;br&gt;And i hurt you its tru
&lt;br&gt;And now you&amp;rsquo;re moving on
&lt;br&gt;Being stuck on me its no use
&lt;br&gt;Baby boy you&amp;rsquo;re to much of a homie to me
&lt;br&gt;The one to special to end
&lt;br&gt;Look at the possibilyty
&lt;br&gt;If we was together
&lt;br&gt;It could mess it up forever
&lt;br&gt;As i let you go
&lt;br&gt;Don&amp;rsquo;t have it in you
&lt;br&gt;And regret it nuh uh never
&lt;br&gt;Cause am just not worth the pain
&lt;br&gt;And missery that agging me
&lt;br&gt;Should be wit me
&lt;br&gt;So please just let it be
&lt;br&gt;Am soory that i maker you feel this way
&lt;br&gt;(am so sorry)baby am sorry that i just gave my and threw it all away
&lt;br&gt;(am sorry baby am sorry ooh oo)
&lt;br&gt;Baby i left you all alone
&lt;br&gt;Baby i don&amp;rsquo;t know why i left you so
&lt;br&gt;I don&amp;rsquo;t know baby why i left you in misery
&lt;br&gt;Never thought that a girl like me can put you down ohh oowhoa ohh whoa
&lt;br&gt;Could never forgive my self and now its over over&amp;hellip;.
&lt;br&gt;Why did i leave you
&lt;br&gt;
&lt;br&gt;Mr.marker:
&lt;br&gt;Girl i know is time
&lt;br&gt;That this love could never lasted
&lt;br&gt;Now that you&amp;rsquo;re gone baby my world has compress
&lt;br&gt;You got me askin how exactly did this happen
&lt;br&gt;Now tell me this is this the way i was saggin
&lt;br&gt;And i know you be nagging
&lt;br&gt;But i did all i can
&lt;br&gt;And if you need more attention
&lt;br&gt;You should have told me am lackin
&lt;br&gt;And every time we go wak
&lt;br&gt;Lets just some how am haven
&lt;br&gt;Some time i left behind me i could hear the door slammin
&lt;br&gt;Every time that you&amp;rsquo;re mad
&lt;br&gt;You probably think that i treated you bad
&lt;br&gt;But please understand
&lt;br&gt;I could&amp;rsquo;nt stand seeing you like that
&lt;br&gt;Am outtah brovery ganging
&lt;br&gt;From mostly holla ur hain
&lt;br&gt;Cause i know i was loosing you
&lt;br&gt;But i could still manige
&lt;br&gt;Now its time to move on and let the past be the past
&lt;br&gt;But i still don&amp;rsquo;t know why you never answer baby girl
&lt;br&gt;I don&amp;rsquo;t understand you had to
&lt;br&gt;But without me i hope you live in happyly ever after
&lt;br&gt;
&lt;br&gt;Lady preciouz: baby i don&amp;rsquo;t know why
&lt;br&gt;But i know to my self i was lying
&lt;br&gt;Hurt most of
&lt;br&gt;Sitting by my self crying
&lt;br&gt;All alone cause i let you go
&lt;br&gt;The reason baby don&amp;rsquo;t know
&lt;br&gt;I don&amp;rsquo;t know whoa oooh
&lt;br&gt;I don&amp;rsquo;t know baby
&lt;br&gt;Why i left you in missery
&lt;br&gt;Never thought hat a girl like me
&lt;br&gt;Can ever put you down ooo no ooo no
&lt;br&gt;Could never forgive myself and its over over
&lt;br&gt;Why did i leave you
&lt;br&gt;
&lt;br&gt;( you can hear this song on viethaven.com and then go to online music then click
&lt;br&gt;Where its say nhac my)&lt;/p&gt;
</description>
    </item>
    
    <item>
      <title> Im Sorry</title>
      <link>http://letraspedia.com/lyric/1st-lady-im-sorry/</link>
      <pubDate>Mon, 01 Sep 2008 00:00:00 UTC</pubDate>
      <author>Enthusiastic Hugo User</author>
      <guid>http://letraspedia.com/lyric/1st-lady-im-sorry/</guid>
      <description>&lt;p&gt;They say it takes time to get over serious relationships
&lt;br&gt;But Ive been waiting patiently(patiently)
&lt;br&gt;Im still stuck on you(stuck on you)
&lt;br&gt;I still picture your face smiling at me
&lt;br&gt;Ive made a big mistake(big mistake)
&lt;br&gt;And now Ive got to face the consequences of my actions(my actions)
&lt;br&gt;But until your back here in my arms
&lt;br&gt;Ill never have the satisfaction(satisfaction)
&lt;br&gt;
&lt;br&gt;I know you know that Im sorry(sorry)
&lt;br&gt;And I never meant to hurt you
&lt;br&gt;Is there anything that I can do?
&lt;br&gt;To make it up to you
&lt;br&gt;Id do anything (baby)
&lt;br&gt;Cause Im sorry(sorry)
&lt;br&gt;I never meant to make you cry
&lt;br&gt;I dont want to say goodbye
&lt;br&gt;Im sorry Im sorry that I lied
&lt;br&gt;
&lt;br&gt;Every day that passes Im missing you more and more
&lt;br&gt;I still remember the first time I said I knew
&lt;br&gt;I knew this was heaven sent(heaven sent)
&lt;br&gt;I was destined(destined)
&lt;br&gt;To be, me with you
&lt;br&gt;And now Ive messed it up(messed it up)
&lt;br&gt;I pray to god above you, you will forgive me
&lt;br&gt;Just take me in your arms
&lt;br&gt;And hold me all night long (all night long)
&lt;br&gt;And tell me youll never leave me&amp;hellip;(leave me)
&lt;br&gt;(Youll never leave me baby)
&lt;br&gt;
&lt;br&gt;I know you know(you know) that Im sorry(sorry)
&lt;br&gt;And I never meant to hurt you
&lt;br&gt;Is there anything that I can do?
&lt;br&gt;To make it up to you(to make it up to you)
&lt;br&gt;Id do anything (baby)
&lt;br&gt;Cause Im sorry(sorry)
&lt;br&gt;I never meant to make you cry
&lt;br&gt;I dont want to say goodbye
&lt;br&gt;Im sorry Im sorry that I lied
&lt;br&gt;
&lt;br&gt;I believe that everything happens for a reason
&lt;br&gt;I know everybody makes mistakes
&lt;br&gt;And everybody regrets sometimes
&lt;br&gt;I wont let this ruin everything that we had
&lt;br&gt;I dont want you to forget how much I love you baby(baby)
&lt;br&gt;how much I miss you baby(baby)
&lt;br&gt;You get me missing you baby(and i&amp;rsquo;ll be missing you baby)
&lt;br&gt;You mean everything to me
&lt;br&gt;
&lt;br&gt;I know you know that Im sorry (sorry)
&lt;br&gt;And I never meant to hurt you
&lt;br&gt;Is there anything that I can do?
&lt;br&gt;To make it up to you(to make it up to you)
&lt;br&gt;Id do anything baby (anything baby)
&lt;br&gt;Cause Im sorry(sorry)
&lt;br&gt;I never meant to make you cry
&lt;br&gt;I dont want to say goodbye
&lt;br&gt;Im sorry (sorry)
&lt;br&gt;Im sorry that I lied&lt;/p&gt;
</description>
    </item>
    
    <item>
      <title> Im Sorry (en Portugués)</title>
      <link>http://letraspedia.com/lyric/1st-lady-im-sorry-en-portugues/</link>
      <pubDate>Mon, 01 Sep 2008 00:00:00 UTC</pubDate>
      <author>Enthusiastic Hugo User</author>
      <guid>http://letraspedia.com/lyric/1st-lady-im-sorry-en-portugues/</guid>
      <description>&lt;p&gt;Eu não posso seguir em frente vivendo sem você
&lt;br&gt;Eu não posso seguir em frente sem ver você sorrindo
&lt;br&gt;baby
&lt;br&gt;Eu não posso seguir em frente vivendo sem você
&lt;br&gt;Eu não posso seguir em frente sem dominar você em meus
&lt;br&gt;braços
&lt;br&gt;
&lt;br&gt;As vezes as pessoas comentem erros em suas vidas
&lt;br&gt;Mas porque nós temos que terminar as coisas desta
&lt;br&gt;maneira
&lt;br&gt;Eu acho que eu estou tentando dizer
&lt;br&gt;Que eu realmente sinto falta do seu amor
&lt;br&gt;E eu realmente sinto falta do seu abraço
&lt;br&gt;Tudotudotodo dia
&lt;br&gt;Eu sento acordado toda noite
&lt;br&gt;Maravilha se eu tivesse sido
&lt;br&gt;Sr.correto
&lt;br&gt;Eu sei que nós lutamos
&lt;br&gt;Mas aí eu tento ver minha vida
&lt;br&gt;Com mais alguém
&lt;br&gt;Mas eu sempre vejo minha vida
&lt;br&gt;Voltando de volta para você&amp;hellip;baby&amp;hellip;
&lt;br&gt;
&lt;br&gt;Não posso seguir em frente vivendo sem você
&lt;br&gt;Toda as vezes que eu disse que eu duvidei de você
&lt;br&gt;Estarei láeu juro
&lt;br&gt;E você significa tudo
&lt;br&gt;Você significa tudo
&lt;br&gt;Eu sinto calafrios porque isto parece tão real
&lt;br&gt;Eu não posso resistir garoto eu preciso do seu beijo
&lt;br&gt;Eu só não posso seguir em frente sem você
&lt;br&gt;
&lt;br&gt;Eu estou tentando corrigir meus erros
&lt;br&gt;Voltando atrás apos todos estes anos
&lt;br&gt;Eu perderei minha vida.
&lt;br&gt;E andarei sem destino para mim de novo
&lt;br&gt;Porque eu te dei meu coração
&lt;br&gt;E não só um pedaço dele
&lt;br&gt;Eu te amei dês do começo
&lt;br&gt;E meu amor nunca vai ir embora
&lt;br&gt;Eu sinto sua falta todo dia
&lt;br&gt;Você foi
&lt;br&gt;Desde que você foi embora
&lt;br&gt;Eu estou perdido
&lt;br&gt;E quando meu telefone toca
&lt;br&gt;Eu espero que seja sua ligação
&lt;br&gt;Mas eu só continuo desejando
&lt;br&gt;Coisas que simplesmente não se realizam
&lt;br&gt;E só me faz me sentir tristeisto na ajuda&amp;hellip;
&lt;br&gt;E então eu termino sempre loucominha
&lt;br&gt;vida
&lt;br&gt;Me diga babyporque você quer me fazer sentir
&lt;br&gt;deste jeito&amp;hellip;
&lt;br&gt;
&lt;br&gt;Não posso seguir em frente sem você
&lt;br&gt;Todas as vezes que eu disse que eu duvidei de você.
&lt;br&gt;Estarei láeu juro
&lt;br&gt;E você significa tudo
&lt;br&gt;Você significa tudo
&lt;br&gt;Para mim, quando você se fecha para mim
&lt;br&gt;Eu sinto calafrios porque isto parece tão real
&lt;br&gt;Eu não posso resistir garoto eu preciso do seu beijo
&lt;br&gt;Eu não posso seguir em frente deste jeito
&lt;br&gt;
&lt;br&gt;Depois de tanto tempo passo
&lt;br&gt;Eu ainda quero você em minha vida&amp;hellip;
&lt;br&gt;Você foi meu primeiro amor
&lt;br&gt;E eu quero que você seja meu ultimo
&lt;br&gt;Eu ainda me lembro
&lt;br&gt;Todas aquelas manhãs
&lt;br&gt;Nos estávamos na cama e rimos
&lt;br&gt;Eu deseja que durasse para sempre
&lt;br&gt;Mas desde que você voltasse para mim
&lt;br&gt;Tudo que eu tenho soa velhas memórias&amp;hellip;
&lt;br&gt;Dias de você eu
&lt;br&gt;Desejando que você simplesmente voltasse para
&lt;br&gt;mim
&lt;br&gt;Voltasse cada Segundo que você se foi
&lt;br&gt;E eu estou sentado sozinho toda noite
&lt;br&gt;Escrevendo estas duas musicas de amor
&lt;br&gt;Baby volte para mim
&lt;br&gt;
&lt;br&gt;Eu sei que as coisas mudaram
&lt;br&gt;E eu sei que você esta num estado diferente agora
&lt;br&gt;Eu estou desejando mudar para vermeu
&lt;br&gt;lugar
&lt;br&gt;Você foi u único homem que eu amei
&lt;br&gt;Depois de você e nunca conheci o amor
&lt;br&gt;Como você pode andar por ai e nuca olhar para trás
&lt;br&gt;Nunca olhar para trás
&lt;br&gt;
&lt;br&gt;Não posso continuar vivendo sem você
&lt;br&gt;Todas as vezes que eu disse que eu duvidava de você
&lt;br&gt;Estarei láeu juro
&lt;br&gt;E você significa tudo&amp;hellip;
&lt;br&gt;Você significa tudo
&lt;br&gt;Para mim quando você esta perto de mim&amp;hellip;
&lt;br&gt;Eu sinto calafrios porque parece tão real
&lt;br&gt;Eu não posso resistir garoto eu preciso de você
&lt;br&gt;Eu simplesmente não posso seguir em frente sem você
&lt;br&gt;
&lt;br&gt;Eu não posso seguir em frente vivendo sem você
&lt;br&gt;Eu não posso seguir em frente sem ver seu sorriso
&lt;br&gt;Eu não posso seguir em frente vivendo sem você
&lt;br&gt;Eu não posso seguir em frente sem ver seu sorriso
&lt;br&gt;baby
&lt;br&gt;Não posso seguir em frente sem você&amp;hellip;
&lt;br&gt;Todas as vezes que eu disse que eu duvidava de você
&lt;br&gt;
&lt;br&gt;Estarei láeu jUro
&lt;br&gt;E você significa tudo
&lt;br&gt;Você significa tudo
&lt;br&gt;Para mim quando você está perto de mim
&lt;br&gt;Eu sinto calafrios porque isto parece tão real
&lt;br&gt;Eu não posso resistir garoto eu preciso do seu beijo
&lt;br&gt;Eu não posso seguir em frente desse jeito&lt;/p&gt;
</description>
    </item>
    
    <item>
      <title> Its Over</title>
      <link>http://letraspedia.com/lyric/1st-lady-its-over/</link>
      <pubDate>Mon, 01 Sep 2008 00:00:00 UTC</pubDate>
      <author>Enthusiastic Hugo User</author>
      <guid>http://letraspedia.com/lyric/1st-lady-its-over/</guid>
      <description>&lt;p&gt;I loved you
&lt;br&gt;And i tried..for 3 years..but i&amp;hellip;
&lt;br&gt;I need..some time..to be for real
&lt;br&gt;And i know it&amp;rsquo;s killing you
&lt;br&gt;To be without me now
&lt;br&gt;It was bound to happen sometime
&lt;br&gt;
&lt;br&gt;I just hate to be the one
&lt;br&gt;To break your heart and tear your world apart
&lt;br&gt;Its feels so bad but feels so good
&lt;br&gt;Watching you walk away from me
&lt;br&gt;I don&amp;rsquo;t wanna hurt ya!
&lt;br&gt;Its for our own good
&lt;br&gt;I miss you and i love you, goodbye
&lt;br&gt;
&lt;br&gt;Sorry, sorry, sorry for leaving you now
&lt;br&gt;I tried so hard, so so hard
&lt;br&gt;But i&amp;rsquo;m done trying
&lt;br&gt;Long nights, bad fights, all alone, all those nights
&lt;br&gt;In my bed, you went out, i&amp;rsquo;m crying myself to sleep
&lt;br&gt;
&lt;br&gt;I guess you didn&amp;rsquo;t know
&lt;br&gt;What i was about to do, to get through to you
&lt;br&gt;But now that you do, it&amp;rsquo;s just too late
&lt;br&gt;I&amp;rsquo;m sorry but it&amp;rsquo;s over!&lt;/p&gt;
</description>
    </item>
    
    <item>
      <title> Missing You</title>
      <link>http://letraspedia.com/lyric/1st-lady-missing-you/</link>
      <pubDate>Mon, 01 Sep 2008 00:00:00 UTC</pubDate>
      <author>Enthusiastic Hugo User</author>
      <guid>http://letraspedia.com/lyric/1st-lady-missing-you/</guid>
      <description>&lt;p&gt;Ooooooooooo heyyyyyy
&lt;br&gt;Oh i&amp;rsquo;m missin&amp;rsquo; you
&lt;br&gt;Baby i&amp;rsquo;m missin&amp;rsquo; you
&lt;br&gt;Oooo ooo ooo&amp;hellip;. ya o o o o &amp;hellip;&amp;hellip;
&lt;br&gt;Baby i&amp;rsquo;m missing you
&lt;br&gt;
&lt;br&gt;Things&amp;rsquo;ll never be the same with out you&amp;hellip;
&lt;br&gt;
&lt;br&gt;What did i do to deserve this
&lt;br&gt;I didn&amp;rsquo;t even get one last kiss, from you
&lt;br&gt;Oh baby god took your love from me
&lt;br&gt;He needed an angel so it seems
&lt;br&gt;I need to feel your hands all over me
&lt;br&gt;I need to feel you kissing me
&lt;br&gt;I need to feel you holding me
&lt;br&gt;I need to feel your touch
&lt;br&gt;Cause i miss your love so much
&lt;br&gt;And i can&amp;rsquo;t keep on living this way
&lt;br&gt;I need you here with me
&lt;br&gt;Why did he take you away, from me
&lt;br&gt;
&lt;br&gt;It&amp;rsquo;s hard for me to tell you i love you
&lt;br&gt;As i&amp;rsquo;m standing over your grave
&lt;br&gt;And i know i&amp;rsquo;ll never hear your voice again
&lt;br&gt;Why did you leave me
&lt;br&gt;Why couldn&amp;rsquo;t you just stay
&lt;br&gt;Because my world is nothing, without you
&lt;br&gt;Now i don&amp;rsquo;t know what to do, with myself
&lt;br&gt;
&lt;br&gt;I would&amp;rsquo;ve given you anything
&lt;br&gt;Just to make you happy
&lt;br&gt;Just to hear you say, that you love me one last time
&lt;br&gt;I&amp;rsquo;d go to hell back over and over again
&lt;br&gt;Just to prove to you how much i need you here
&lt;br&gt;There is nothing that i wouldn&amp;rsquo;t do
&lt;br&gt;I&amp;rsquo;d cry for you
&lt;br&gt;I&amp;rsquo;d lie for you
&lt;br&gt;And there&amp;rsquo;s no doubt that if i could take your place in heaven
&lt;br&gt;I would die for you, yes i would
&lt;br&gt;I would rather give up my life
&lt;br&gt;Than to see tears in your eyes
&lt;br&gt;I can&amp;rsquo;t stand to see you cry
&lt;br&gt;
&lt;br&gt;Cause it&amp;rsquo;s hard for me to tell you i love you
&lt;br&gt;As i&amp;rsquo;m standing over your grave
&lt;br&gt;And i know i&amp;rsquo;ll never hear your voice again
&lt;br&gt;Why did you leave me
&lt;br&gt;Why couldn&amp;rsquo;t you just stay babe
&lt;br&gt;Because my world is nothing, without you
&lt;br&gt;Now i don&amp;rsquo;t know what to do, with myself
&lt;br&gt;
&lt;br&gt;I just dont know what to do with myself
&lt;br&gt;I cant stop looking at those pictures on my shelf
&lt;br&gt;Knowing it was just one week ago, stood there and took that picture
&lt;br&gt;There just one thing that i wanna know
&lt;br&gt;Why would god want to hurt me so bad
&lt;br&gt;Does he know how much it hurts to be missing you
&lt;br&gt;Baby im missing you
&lt;br&gt;Baby im missing you
&lt;br&gt;
&lt;br&gt;I love you oohh god dammit i love you
&lt;br&gt;Why did he did he take you away from me
&lt;br&gt;Because i love you so&amp;hellip;
&lt;br&gt;I miss you so much baby i just cant go on baby
&lt;br&gt;Ohhh&lt;/p&gt;
</description>
    </item>
    
    <item>
      <title> Never Be Replaced</title>
      <link>http://letraspedia.com/lyric/1st-lady-never-be-replaced/</link>
      <pubDate>Mon, 01 Sep 2008 00:00:00 UTC</pubDate>
      <author>Enthusiastic Hugo User</author>
      <guid>http://letraspedia.com/lyric/1st-lady-never-be-replaced/</guid>
      <description>&lt;p&gt;Baby I love you , and I&amp;rsquo;ll never let you go,
&lt;br&gt;But if I have to, boy I think that you should know.
&lt;br&gt;All the love we made , can never be erased.
&lt;br&gt;And I promise you that you will never be replaced.
&lt;br&gt;
&lt;br&gt;Baby I love you , and I&amp;rsquo;ll never let you go,
&lt;br&gt;But if I have to, boy I think that you should know.
&lt;br&gt;The love we made , can never be erased.
&lt;br&gt;And I promise you that you will never be replaced.
&lt;br&gt;
&lt;br&gt;I love you,
&lt;br&gt;Yes I do.
&lt;br&gt;I&amp;rsquo;ll be with you as long as you want me to.
&lt;br&gt;Until, the end , of time.
&lt;br&gt;
&lt;br&gt;From the day I met you
&lt;br&gt;I knew we&amp;rsquo;ll be together
&lt;br&gt;And now I know I wanna be with you forever
&lt;br&gt;I wanna marry you
&lt;br&gt;And I wanna have your kids
&lt;br&gt;Thinkin never compares to the feeling of your kisses,
&lt;br&gt;I can say I&amp;rsquo;m truly happy to this day
&lt;br&gt;You make me thank god that I live my life everyday
&lt;br&gt;There&amp;rsquo;s never been a doubt
&lt;br&gt;In my mind
&lt;br&gt;That I regret ever having you by my side
&lt;br&gt;But if the day comes that
&lt;br&gt;I have to let you go
&lt;br&gt;I think there&amp;rsquo;s something I should probably let you know
&lt;br&gt;Enjoyed everyday that I spent with you
&lt;br&gt;And I will miss you cuz I&amp;rsquo;m happy that I had you at all
&lt;br&gt;
&lt;br&gt;Baby i love you , and I&amp;rsquo;ll never let you go,
&lt;br&gt;But if I have to, boy I think that you should know,
&lt;br&gt;All the love we made , can never be erased ,
&lt;br&gt;And I promise you that you will never be replaced
&lt;br&gt;
&lt;br&gt;Baby i love you ,) and I&amp;rsquo;ll never let you go ,
&lt;br&gt;But if I have to, boy I think that you should know ,
&lt;br&gt;The love we made , can never be erased ,
&lt;br&gt;And I promise you that you will never be replaced
&lt;br&gt;
&lt;br&gt;I love you,
&lt;br&gt;Yes I do
&lt;br&gt;I&amp;rsquo;ll be with you
&lt;br&gt;As long as you want me to
&lt;br&gt;until , the end , of time&lt;/p&gt;
</description>
    </item>
    
    <item>
      <title> Never Be Replaced (boys Version)</title>
      <link>http://letraspedia.com/lyric/1st-lady-never-be-replaced-boys-version/</link>
      <pubDate>Mon, 01 Sep 2008 00:00:00 UTC</pubDate>
      <author>Enthusiastic Hugo User</author>
      <guid>http://letraspedia.com/lyric/1st-lady-never-be-replaced-boys-version/</guid>
      <description>&lt;p&gt;How could she?
&lt;br&gt;Why would she?
&lt;br&gt;(sigh)
&lt;br&gt;
&lt;br&gt;[CHORUS]:
&lt;br&gt;Baby I love you
&lt;br&gt;Why did you let me go?
&lt;br&gt;Yes It hurts me
&lt;br&gt;When I say what you don&amp;rsquo;t know
&lt;br&gt;all the love we made
&lt;br&gt;can never be erased
&lt;br&gt;and I promise you
&lt;br&gt;that you will never be replaced
&lt;br&gt;(Bis)
&lt;br&gt;
&lt;br&gt;Damn all my love
&lt;br&gt;she really had me thinking
&lt;br&gt;Me and her no worries
&lt;br&gt;and the future we&amp;rsquo;d be living
&lt;br&gt;Together
&lt;br&gt;and I knew It wouldn&amp;rsquo;t be forever
&lt;br&gt;Cause I know good thing don&amp;rsquo;t last long
&lt;br&gt;but we could&amp;rsquo;ve had made it further
&lt;br&gt;All the thigs you told me
&lt;br&gt;all the lies I knew
&lt;br&gt;Cause if the better
&lt;br&gt;you just couldn&amp;rsquo;t let me go
&lt;br&gt;without a single reason or
&lt;br&gt;even a single fight
&lt;br&gt;You gave the best of my life
&lt;br&gt;But in the lonliest
&lt;br&gt;nights I got it bad
&lt;br&gt;No,I got it worst then even usher
&lt;br&gt;Cause even tho you
&lt;br&gt;did I can&amp;rsquo;t let go no
&lt;br&gt;I know its not supposeto come back
&lt;br&gt;I know that you want
&lt;br&gt;I know you left and
&lt;br&gt;never coming back accept that
&lt;br&gt;fact that your gone
&lt;br&gt;
&lt;br&gt;[CHORUS]:
&lt;br&gt;Baby I love you
&lt;br&gt;Why did you let me go?
&lt;br&gt;Yes It hurts me
&lt;br&gt;When I say what you don&amp;rsquo;t know
&lt;br&gt;all the love we made
&lt;br&gt;can never be erased
&lt;br&gt;and I promise you
&lt;br&gt;that you will never be replaced
&lt;br&gt;(x 4)&lt;/p&gt;
</description>
    </item>
    
    <item>
      <title> Never Be Replaced (en Portugués)</title>
      <link>http://letraspedia.com/lyric/1st-lady-never-be-replaced-en-portugues/</link>
      <pubDate>Mon, 01 Sep 2008 00:00:00 UTC</pubDate>
      <author>Enthusiastic Hugo User</author>
      <guid>http://letraspedia.com/lyric/1st-lady-never-be-replaced-en-portugues/</guid>
      <description>&lt;p&gt;Refrão:
&lt;br&gt;Baby, eu te amo e nunca vou deixar você ir embora
&lt;br&gt;Mas se eu precisar, cara, eu acho que você devia
&lt;br&gt;saber
&lt;br&gt;Todo amor que nós fazemos nunca pode ser apagado
&lt;br&gt;E eu prometo que você nunca será substituído
&lt;br&gt;Baby, eu te amo e nunca vou deixar você ir embora
&lt;br&gt;Mas se eu precisar, cara, eu acho que você devia
&lt;br&gt;saber
&lt;br&gt;Todo amor que nós fazemos nunca pode ser apagado
&lt;br&gt;E eu prometo que você nunca será substituído
&lt;br&gt;
&lt;br&gt;Eu te amo, sim, eu amo
&lt;br&gt;Eu vou ficar com você o tempo que você quiser
&lt;br&gt;Até o final dos tempos
&lt;br&gt;Desde do dia que eu te conheci
&lt;br&gt;Eu sei que nós temos que ficar juntos
&lt;br&gt;E agora eu sei que quero ficar com você para sempre
&lt;br&gt;Eu quero me casar com você e ter filhos
&lt;br&gt;Pensar nunca se compara a sentir os beijos
&lt;br&gt;Eu posso dizer que estou realmente feliz com isso
&lt;br&gt;Você me fez pensar que eu morreria e viveria a vida
&lt;br&gt;hesitando
&lt;br&gt;Mas nunca tive dúvidas na minha cabeça
&lt;br&gt;Que eu nunca me arrependerei de ter você ao meu lado
&lt;br&gt;Mas se esse dia chegar, eu terei que deixar você ir
&lt;br&gt;embora
&lt;br&gt;Eu acho que é algo que eu provavelmente devo avisá-lo
&lt;br&gt;Com tudo que eu passei com você
&lt;br&gt;Então sentirei sua falta, porque estou feliz por ter
&lt;br&gt;você
&lt;br&gt;
&lt;br&gt;Refrão
&lt;br&gt;
&lt;br&gt;Eu sinto por você, sim, eu sinto
&lt;br&gt;Eu ficarei com você o tempo que você quiser
&lt;br&gt;Até o final dos tempos&lt;/p&gt;
</description>
    </item>
    
    <item>
      <title> Not Okay With Change</title>
      <link>http://letraspedia.com/lyric/1st-lady-not-okay-with-change/</link>
      <pubDate>Mon, 01 Sep 2008 00:00:00 UTC</pubDate>
      <author>Enthusiastic Hugo User</author>
      <guid>http://letraspedia.com/lyric/1st-lady-not-okay-with-change/</guid>
      <description>&lt;p&gt;You say your not okay with change
&lt;br&gt;But then you turn around and walk away
&lt;br&gt;And leave me for a stranger
&lt;br&gt;What does she have that i dont have?
&lt;br&gt;Does she kiss you like i kissed you?
&lt;br&gt;Babe or miss you like im missin you?
&lt;br&gt;You said your not okay with change
&lt;br&gt;But then you turned around and walked away
&lt;br&gt;And left me for a stranger
&lt;br&gt;
&lt;br&gt;I know that i can get to you somtimes
&lt;br&gt;I know that i somtimes i make you cry
&lt;br&gt;I swear to god im crying
&lt;br&gt;Now that you&amp;rsquo;re gone from me
&lt;br&gt;Why is it that i see the beauty in your eyes?
&lt;br&gt;But you dont realize
&lt;br&gt;What you did when you said goodbye
&lt;br&gt;Please dont leave and make me cry
&lt;br&gt;Never good at good-byes
&lt;br&gt;Especially from you
&lt;br&gt;
&lt;br&gt;Its crazy
&lt;br&gt;
&lt;br&gt;I never thought i&amp;rsquo;d be your lady
&lt;br&gt;There i was right by your side
&lt;br&gt;Then you played those games
&lt;br&gt;And you messed me up
&lt;br&gt;How could you lea&lt;/p&gt;
</description>
    </item>
    
    <item>
      <title> Stay With Me</title>
      <link>http://letraspedia.com/lyric/1st-lady-stay-with-me/</link>
      <pubDate>Mon, 01 Sep 2008 00:00:00 UTC</pubDate>
      <author>Enthusiastic Hugo User</author>
      <guid>http://letraspedia.com/lyric/1st-lady-stay-with-me/</guid>
      <description>&lt;p&gt;Baby I just want you to stay by my side,
&lt;br&gt;Since the first day I saw you, I knew-ew-ew-ewww,
&lt;br&gt;There&amp;rsquo;s never a day without you,
&lt;br&gt;I&amp;rsquo;ll never be complete without you.
&lt;br&gt;Now when your next to me,
&lt;br&gt;i wouldn&amp;rsquo;t want it any other way,
&lt;br&gt;
&lt;br&gt;Through the ups and the downs,
&lt;br&gt;i wanted u to form the world,
&lt;br&gt;im always going to have you in my heart,
&lt;br&gt;i knew this from the very start,
&lt;br&gt;
&lt;br&gt;you would always mean the world to me,
&lt;br&gt;Without you my life&amp;rsquo;d be incomplete,
&lt;br&gt;Ooooo.. baby,
&lt;br&gt;u kno i always love to see you smile,
&lt;br&gt;
&lt;br&gt;So, lets make a lil step by step,
&lt;br&gt;your always asking me,
&lt;br&gt;i just want you to know one thing,
&lt;br&gt;Oooo.. baby,
&lt;br&gt;
&lt;br&gt;baby, i just want you to stay by my side,
&lt;br&gt;since the 1st day i saw you,
&lt;br&gt;i knew-ew-ew-ewww,
&lt;br&gt;theres never a day without you,
&lt;br&gt;i&amp;rsquo;d never be complete without you,
&lt;br&gt;now i want you next to me,
&lt;br&gt;i wouldnt want it any other way,
&lt;br&gt;
&lt;br&gt;I&amp;rsquo;ll always be me, and you&amp;rsquo;ll be you,
&lt;br&gt;You should of bought it from the very start,
&lt;br&gt;baby boy can u feel my heart beat?,
&lt;br&gt;its beating, for you,
&lt;br&gt;can u feel my lonesome, bout you,
&lt;br&gt;baby boy its all for you.
&lt;br&gt;
&lt;br&gt;Baby I just want you to stay by my side,
&lt;br&gt;Since that first day I saw you, I knew-ew-ew-ewww,
&lt;br&gt;There&amp;rsquo;s never a day without you,
&lt;br&gt;I&amp;rsquo;ll never be complete without you.
&lt;br&gt;Now I want u next to me,
&lt;br&gt;i wouldn&amp;rsquo;t want it any other way,
&lt;br&gt;
&lt;br&gt;baby boy can u feel my heart beat?,
&lt;br&gt;its beating, for you,
&lt;br&gt;can u feel my lonesome, bout you,
&lt;br&gt;baby boy its all for you
&lt;br&gt;
&lt;br&gt;Oooo&amp;hellip; its all for you&amp;hellip;
&lt;br&gt;Oooo&amp;hellip; Baby..&lt;/p&gt;
</description>
    </item>
    
  </channel>
</rss>