<?xml version="1.0" encoding="utf-8" standalone="yes" ?>
<rss version="2.0" xmlns:atom="http://www.w3.org/2005/Atom">
  <channel>
      <title>3ball Mty on Letraspedia.com thes best lyrics page </title>
    <link>http://letraspedia.com/artist/3ball-mty/</link>
    <language>en-US</language>
    <author>Enthusiastic Hugo User</author>
    <rights>Copyright (c) 2014, Enthusiastic Hugo User; all rights reserved.</rights>
    <updated>Mon, 01 Sep 2008 00:00:00 UTC</updated>
    
    <item>
      <title> Antes Del Amanecer</title>
      <link>http://letraspedia.com/lyric/3ball-mty-antes-del-amanecer/</link>
      <pubDate>Mon, 01 Sep 2008 00:00:00 UTC</pubDate>
      <author>Enthusiastic Hugo User</author>
      <guid>http://letraspedia.com/lyric/3ball-mty-antes-del-amanecer/</guid>
      <description>&lt;p&gt;Los dickson!!
&lt;br&gt;
&lt;br&gt;Te conozco tan bien
&lt;br&gt;se que serias capas de no voltearme haber
&lt;br&gt;tuyo es el amanecer, debes estar tranquila el no lo va sabeeer.
&lt;br&gt;
&lt;br&gt;Si lo pudiera saber
&lt;br&gt;Si lo pudiera entender
&lt;br&gt;No se puede oponer
&lt;br&gt;es un camino sucio yo lo se muy bien.
&lt;br&gt;
&lt;br&gt;Reconozco que see
&lt;br&gt;Aquel sueño prohibido que dejaste ver
&lt;br&gt;Todos a tu alrededor
&lt;br&gt;No creo que sea distinto, solo es el amooooooor.
&lt;br&gt;
&lt;br&gt;Si lo pudiera saber
&lt;br&gt;Si lo pudiera entender
&lt;br&gt;No se puede oponer
&lt;br&gt;Es un camino sucio yo lo se muy bien.
&lt;br&gt;
&lt;br&gt;Si lo pudiera saber
&lt;br&gt;Si lo pudiera saber
&lt;br&gt;Si lo pudiera saber
&lt;br&gt;Si lo pudiera entendeeeeeeeer.&lt;/p&gt;
</description>
    </item>
    
    <item>
      <title> Baile De Amor</title>
      <link>http://letraspedia.com/lyric/3ball-mty-baile-de-amor/</link>
      <pubDate>Mon, 01 Sep 2008 00:00:00 UTC</pubDate>
      <author>Enthusiastic Hugo User</author>
      <guid>http://letraspedia.com/lyric/3ball-mty-baile-de-amor/</guid>
      <description>&lt;p&gt;Baile de amor
&lt;br&gt;Aunque batalle chiquita que quiero contigo
&lt;br&gt;De cerca te vi me robaste un suspiro
&lt;br&gt;Y voy a buscar tu amor y el camino
&lt;br&gt;Para que juntemos tu ombligo y mi ombligo
&lt;br&gt;Te quiero besar hasta que salga el sol
&lt;br&gt;Tus ojos me hacen perder el control
&lt;br&gt;Quiero que sientas el mismo calor
&lt;br&gt;Y asi me entregas todito tu amor
&lt;br&gt;Tu amor&amp;hellip;tu amor&amp;hellip;tu amor&amp;hellip;..
&lt;br&gt;(y asi me entregas todito tu amor)
&lt;br&gt;
&lt;br&gt;Vamos te invitio a mi casa a tomar un buen vino
&lt;br&gt;Con solo mirarte por ti me derrito
&lt;br&gt;Yo quiero tener ese cuerpo divino
&lt;br&gt;Haciendo mil formas y arriba del mio
&lt;br&gt;Todita la noche que siento bonito
&lt;br&gt;Acercate mas, y dame un besito
&lt;br&gt;Poquito a poquito y asi pegadito
&lt;br&gt;Que haces vibrar mi corazonsito
&lt;br&gt;(Tu amor).Mi corazonsito..
&lt;br&gt;(tu amor).Mi corazonsito..
&lt;br&gt;(tu amor).Mi corazonsito..
&lt;br&gt;Y asi me entregas todito tu amor
&lt;br&gt;Mi corazonsito,Mi corazonsito,Mi corazonsito,
&lt;br&gt;Y asi me entregas todito tu amor
&lt;br&gt;
&lt;br&gt;Baile de amor, Juntos los dos
&lt;br&gt;Baile de amor, Juntos los dos
&lt;br&gt;Juntos los dos, (Huooaouaooo)x
&lt;br&gt;
&lt;br&gt;Aunque batalle chiquita que quiero contigo
&lt;br&gt;De cerca te vi me robaste un suspiro
&lt;br&gt;Y voy a buscar tu amor y el camino
&lt;br&gt;Para que juntemos tu ombligo y mi ombligo
&lt;br&gt;Te quiero besar hasta que salga el sol
&lt;br&gt;Tus ojos me hacen perder el control
&lt;br&gt;Quiero que sientas el mismo calor
&lt;br&gt;Y asi me entregas todito tu amor
&lt;br&gt;Tu amor..(Baile de amor, Juntos los dos)
&lt;br&gt;(Juntos los dos),(Huooaouaooo)
&lt;br&gt;(Huooaouaooo) (Huooaouaooo).
&lt;br&gt;Baile de amor, Juntos los dos, (Huooaouaooo)
&lt;br&gt;
&lt;br&gt;Aunque batalle chiquita que quiero contigo
&lt;br&gt;De cerca te vi me robaste un suspiro
&lt;br&gt;Y voy a buscar tu amor y el camino
&lt;br&gt;Para que juntemos tu ombligo y mi ombligo
&lt;br&gt;Te quiero besar hasta que salga el sol
&lt;br&gt;Tus ojos me hacen perder el control
&lt;br&gt;Quiero que sientas el mismo calor
&lt;br&gt;Y asi me entregas todito tu amor
&lt;br&gt;Tu amor&amp;hellip;tu amor&amp;hellip;tu amor&amp;hellip;&amp;hellip;tu amoooorr..&lt;/p&gt;
</description>
    </item>
    
    <item>
      <title> Besos Al Aire</title>
      <link>http://letraspedia.com/lyric/3ball-mty-besos-al-aire/</link>
      <pubDate>Mon, 01 Sep 2008 00:00:00 UTC</pubDate>
      <author>Enthusiastic Hugo User</author>
      <guid>http://letraspedia.com/lyric/3ball-mty-besos-al-aire/</guid>
      <description>&lt;p&gt;Bese tus labios, Bese Tu frente,
&lt;br&gt;Bese tu cuello, también tu Cuerpo
&lt;br&gt;muy suavemente (muy suavemente)
&lt;br&gt;Tantas veces rocié mis labios de lado a lado de arriba a abajo
&lt;br&gt;toce tu piel
&lt;br&gt;&amp;amp; un dia te fuiste sin despedirte
&lt;br&gt;Yo no sabia lo que perdía
&lt;br&gt;y me castigo todos los dias al no tenerte
&lt;br&gt;Hoy solo vivo de tu recuerdo
&lt;br&gt;solo suspiro pues te eh perdido
&lt;br&gt;Ahora no se..
&lt;br&gt;&amp;amp; Un dia te fuiste sin despedirte
&lt;br&gt;Hooyy solo le doy besos al aire
&lt;br&gt;(me estoy muriendo por tocarte)
&lt;br&gt;Hooyy solo le doy besos al aire
&lt;br&gt;(como quisiera acariciarte)
&lt;br&gt;Yaa no te intereso no me extrañas,
&lt;br&gt;no me quieres ni mirar..ni miraar
&lt;br&gt;Con un beso yo probe las tentaciones de otros labios
&lt;br&gt;&amp;amp; tu nunca has perdonado las traiciones,
&lt;br&gt;&amp;amp; ahora por a ver sido cobarde
&lt;br&gt;en vez de besarte a ti
&lt;br&gt;solo le doy besos al aire
&lt;br&gt;
&lt;br&gt;Ambos Sabemos que fuiste mala,
&lt;br&gt;tu misma fuiste quien corto las alas de este amor
&lt;br&gt;solo por esa traicion que me partio en dos el corazon
&lt;br&gt;Hay noche contigo que pasara
&lt;br&gt;Solo te digo mamita,
&lt;br&gt;Que ya no te quiero miraar..
&lt;br&gt;
&lt;br&gt;Yo no sabia lo que perdia y me castigo
&lt;br&gt;todos los dias al no tenerte (al no tenerte)
&lt;br&gt;Hoy solo vivo de tu recuerdo
&lt;br&gt;solo suspiro pues te eh perdido
&lt;br&gt;Ahora no se
&lt;br&gt;Un dia te fuiste sin despedirte
&lt;br&gt;Hoy solo le doy besos al aire
&lt;br&gt;(me estoy muriendo por tocarte)
&lt;br&gt;Hoy solo le doy besos al aire
&lt;br&gt;(como quisiera acariciarte)
&lt;br&gt;Ya no te intereso no me extrañas,
&lt;br&gt;no me quieres ni mirar..ni miraar
&lt;br&gt;Con un beso yo probe las tentaciones de otros labios &amp;amp; tu nunca has perdonado las traiciones,
&lt;br&gt;&amp;amp; ahora por a ver sido cobarde en vez
&lt;br&gt;de besarte a ti solo le doy besos al aire
&lt;br&gt;
&lt;br&gt;Si alguna ves te dije te quiero,
&lt;br&gt;Yo te ofreci un cariño sincero
&lt;br&gt;&amp;amp; que paso? Te Gano la tentacion
&lt;br&gt;&amp;amp; me partiste en dos el corazon
&lt;br&gt;Hay noche contigo que pasara,
&lt;br&gt;solo te digo mamita
&lt;br&gt;que ya no te quiero mirar (ya no te quiero mirar)
&lt;br&gt;
&lt;br&gt;Hoy solo le doy besos al aire (ya no te quiero mirar),
&lt;br&gt;besos al aire, besos al aire, besos al aire,
&lt;br&gt;besos al aire, besos al aire, besos al aire,
&lt;br&gt;besos al aire..be be bee..
&lt;br&gt;&lt;/p&gt;
</description>
    </item>
    
    <item>
      <title> Cometa</title>
      <link>http://letraspedia.com/lyric/3ball-mty-cometa/</link>
      <pubDate>Mon, 01 Sep 2008 00:00:00 UTC</pubDate>
      <author>Enthusiastic Hugo User</author>
      <guid>http://letraspedia.com/lyric/3ball-mty-cometa/</guid>
      <description>&lt;p&gt;Los dickson!!
&lt;br&gt;
&lt;br&gt;Me ilumina tu mirada
&lt;br&gt;Eres azucar de la mermelada
&lt;br&gt;Como el sabor que me dejan tu labios al besaaaar.
&lt;br&gt;
&lt;br&gt;Como una suave briza en el cielo
&lt;br&gt;Tu alimento es todo mi deseo
&lt;br&gt;Eres la dueña de todos mis dias hasta el finaal.
&lt;br&gt;
&lt;br&gt;Ven ah volaaaar
&lt;br&gt;Sobre un cometa te voy a llevar
&lt;br&gt;Y veras que el cielo juntos vamos a tocar
&lt;br&gt;Ven a volaaaar
&lt;br&gt;Sobre un cometa te voy a llevar
&lt;br&gt;Escaparas y a un mundo nuevo te voy a llevar.
&lt;br&gt;
&lt;br&gt;El cielo azul de las mañana
&lt;br&gt;Eres insomnio de mis madrugadas
&lt;br&gt;Eres la rosa mas linda que siempre quisiera sentir.
&lt;br&gt;
&lt;br&gt;Me ilumina tu mirada
&lt;br&gt;Eres azucar de la mermelada
&lt;br&gt;Como el sabor que me dejan tu labios al besaaar.
&lt;br&gt;
&lt;br&gt;Ven ah volaaaar
&lt;br&gt;Sobre un cometa te voy a llevar
&lt;br&gt;Y veras que el cielo juntos vamos ah tocar
&lt;br&gt;Ven ah volaar
&lt;br&gt;Sobre un cometa te voy a llevar
&lt;br&gt;Escaparas y a un mundo nuevo te voy a llevar(x2)
&lt;br&gt;
&lt;br&gt;Uoooooooo
&lt;br&gt;Uoooooooo
&lt;br&gt;Uoooooooo
&lt;br&gt;Uooooooooo
&lt;br&gt;Uooh(x2)
&lt;br&gt;
&lt;br&gt;Veeen ah volaaaaar
&lt;br&gt;Que aun mundo nuevoooo
&lt;br&gt;Te voy a llevaaaaaaaaaaar.&lt;/p&gt;
</description>
    </item>
    
    <item>
      <title> El Amor Manda</title>
      <link>http://letraspedia.com/lyric/3ball-mty-el-amor-manda/</link>
      <pubDate>Mon, 01 Sep 2008 00:00:00 UTC</pubDate>
      <author>Enthusiastic Hugo User</author>
      <guid>http://letraspedia.com/lyric/3ball-mty-el-amor-manda/</guid>
      <description>&lt;p&gt;Es tan extraño lo que siento por ti
&lt;br&gt;después de tanto hoy he vuelto a reír
&lt;br&gt;y estoy segura que aunque no me lo digas
&lt;br&gt;se que sientes lo mismo por mi
&lt;br&gt;
&lt;br&gt;Culpable ha sido el destino
&lt;br&gt;quien te puso en mi camino
&lt;br&gt;y el corazón es testigo
&lt;br&gt;que este amor no es tan prohibido
&lt;br&gt;
&lt;br&gt;Porque el amor es el que manda
&lt;br&gt;y te hace que no pierdas la esperanza
&lt;br&gt;porque el amor todo lo puede
&lt;br&gt;y aunque hace bien -
&lt;br&gt;gracias a ti hoy en mi vida
&lt;br&gt;es el amor quien manda
&lt;br&gt;
&lt;br&gt;En esta luz que alumbra mi caminar
&lt;br&gt;ya no hay tinieblas ya no hay miedo de andar
&lt;br&gt;no imaginaba en lo que te has convertido
&lt;br&gt;hoy te has vuelto mi ángel guardián
&lt;br&gt;
&lt;br&gt;Culpable ha sido el destino
&lt;br&gt;quien te puso en mi camino
&lt;br&gt;el corazón es testigo
&lt;br&gt;de este amor no es tan prohibido
&lt;br&gt;
&lt;br&gt;Porque el amor es el que manda
&lt;br&gt;y te hace que no pierdas la esperanza
&lt;br&gt;porque el amor todo lo puede
&lt;br&gt;y aunque hace bien -
&lt;br&gt;porque el amor es el que manda
&lt;br&gt;en quien yo pongo toda mi confianza
&lt;br&gt;porque el amor todo lo puede
&lt;br&gt;y ha nuestro amor ya nada lo detiene
&lt;br&gt;gracias a ti hoy en mi vida
&lt;br&gt;es el amor quien manda&lt;/p&gt;
</description>
    </item>
    
    <item>
      <title> El Shake (feat. Las Cumbia Girls)</title>
      <link>http://letraspedia.com/lyric/3ball-mty-el-shake-feat-las-cumbia-girls/</link>
      <pubDate>Mon, 01 Sep 2008 00:00:00 UTC</pubDate>
      <author>Enthusiastic Hugo User</author>
      <guid>http://letraspedia.com/lyric/3ball-mty-el-shake-feat-las-cumbia-girls/</guid>
      <description>&lt;p&gt;Ven suéltate hazlo otra vez ven gozame
&lt;br&gt;así es como es da media vuelta y pégate
&lt;br&gt;oh ooh oh ooh mira como muevo las caderas
&lt;br&gt;oh ooh oh ooh acércateme un poco mas
&lt;br&gt;
&lt;br&gt;Con el shake, shake, shake voy hacerte bailar
&lt;br&gt;con el shake, shake, shake yo te pongo a gozar
&lt;br&gt;con el shake, shake, shake voy hacerte vibrar
&lt;br&gt;con el shake, shake, shake te voy a enamorar
&lt;br&gt;
&lt;br&gt;Con el shake, shake, shake voy hacerte bailar
&lt;br&gt;con el shake, shake, shake yo te pongo a gozar
&lt;br&gt;con el shake, shake, shake voy hacerte vibrar
&lt;br&gt;con el shake, shake, shake te voy a enamorar.&lt;/p&gt;
</description>
    </item>
    
    <item>
      <title> Intentalo (en Ingles)</title>
      <link>http://letraspedia.com/lyric/3ball-mty-intentalo-en-ingles/</link>
      <pubDate>Mon, 01 Sep 2008 00:00:00 UTC</pubDate>
      <author>Enthusiastic Hugo User</author>
      <guid>http://letraspedia.com/lyric/3ball-mty-intentalo-en-ingles/</guid>
      <description>&lt;p&gt;I wanna feel your body
&lt;br&gt;Juntito to mine
&lt;br&gt;Because my soul
&lt;br&gt;For some time now
&lt;br&gt;feeling cold
&lt;br&gt;If you have it closer bente
&lt;br&gt;With me little by little
&lt;br&gt;Very slowly that
&lt;br&gt;I&amp;rsquo;m feeling more than nice
&lt;br&gt;
&lt;br&gt;Bete bordering a corner
&lt;br&gt;Ire you wanting a little at
&lt;br&gt;
&lt;br&gt;X2
&lt;br&gt;If you want so you! Try!
&lt;br&gt;Go north to south! Try it!
&lt;br&gt;I&amp;rsquo;m just you ..: do not leave me without your love. ! Try it!
&lt;br&gt;
&lt;br&gt;I guusta
&lt;br&gt;It scares me to feel your body
&lt;br&gt;Eeeeeeeeeeeeeee burning on my skin!
&lt;br&gt;
&lt;br&gt;Turns me on!
&lt;br&gt;I feel your breath turns
&lt;br&gt;Burning my whole being eeeeeeeee eeeeee!
&lt;br&gt;
&lt;br&gt;I wanna feel your body
&lt;br&gt;Juntito to mine
&lt;br&gt;Because my soul
&lt;br&gt;For some time now
&lt;br&gt;feeling cold
&lt;br&gt;If you have it closer bente
&lt;br&gt;With me little by little &amp;hellip;&amp;hellip;..
&lt;br&gt;(repeat all over again)
&lt;br&gt;It comprises
&lt;br&gt;It comprises
&lt;br&gt;It comprises
&lt;br&gt;I enkindle
&lt;br&gt;It comprises
&lt;br&gt;It comprises
&lt;br&gt;It comprises
&lt;br&gt;It comprises&lt;/p&gt;
</description>
    </item>
    
    <item>
      <title> Inténtalo</title>
      <link>http://letraspedia.com/lyric/3ball-mty-intentalo/</link>
      <pubDate>Mon, 01 Sep 2008 00:00:00 UTC</pubDate>
      <author>Enthusiastic Hugo User</author>
      <guid>http://letraspedia.com/lyric/3ball-mty-intentalo/</guid>
      <description>&lt;p&gt;Quiero sentir tu cuerpo
&lt;br&gt;Juntito al mio
&lt;br&gt;Por que mi alma
&lt;br&gt;Ya tiene tiempo
&lt;br&gt;Si tengo frio
&lt;br&gt;Si tu lo tienes bente acercando
&lt;br&gt;Junto conmigo poquito a poco
&lt;br&gt;Muy despacito que
&lt;br&gt;Estoy sintiendo más que bonito
&lt;br&gt;
&lt;br&gt;Bete orillando por un rinconcito
&lt;br&gt;Te ire queriendo poco a poquito
&lt;br&gt;
&lt;br&gt;X2
&lt;br&gt;Si  asi lo quieres tu !intentalo!
&lt;br&gt;Vete de norte a sur   ! Intentalo!
&lt;br&gt;Que solo soy de ti  ..: no me dejes sin tu amor :. ! Intentalo!
&lt;br&gt;
&lt;br&gt;Me guusta
&lt;br&gt;Me asusta sentir tu cuerpo
&lt;br&gt;Ardiendo sobre mi piel eeeeeeeeeeeeeee!
&lt;br&gt;
&lt;br&gt;Me prende!
&lt;br&gt;Me enciende sentir tu aliento
&lt;br&gt;Quemando todo mí ser eeeeee eeeeeeeee!
&lt;br&gt;
&lt;br&gt;Quiero sentir tu cuerpo
&lt;br&gt;Juntito al mio
&lt;br&gt;Por que mi alma
&lt;br&gt;Ya tiene tiempo
&lt;br&gt;Si tengo frio
&lt;br&gt;Si tu lo tienes bente acercando
&lt;br&gt;Junto conmigo poquito a poco..
&lt;br&gt;(se repite de nuevo todo)
&lt;br&gt;Me prende
&lt;br&gt;Me prende
&lt;br&gt;Me prende
&lt;br&gt;Me enciendete
&lt;br&gt;Me prende
&lt;br&gt;Me prende
&lt;br&gt;Me prende
&lt;br&gt;Me prende
&lt;br&gt;&lt;/p&gt;
</description>
    </item>
    
    <item>
      <title> Kaliente Kaliente (feat. Li Saumet)</title>
      <link>http://letraspedia.com/lyric/3ball-mty-kaliente-kaliente-feat-li-saumet/</link>
      <pubDate>Mon, 01 Sep 2008 00:00:00 UTC</pubDate>
      <author>Enthusiastic Hugo User</author>
      <guid>http://letraspedia.com/lyric/3ball-mty-kaliente-kaliente-feat-li-saumet/</guid>
      <description>&lt;p&gt;Tu cuerpo, mi boca rosando despacio
&lt;br&gt;me hace sentir muy bien
&lt;br&gt;movido y sin prisa bailando y sudando
&lt;br&gt;gozando hasta enloquecer
&lt;br&gt;
&lt;br&gt;Me quedo contigo pero no respondo
&lt;br&gt;lo que pueda suceder
&lt;br&gt;porque yo te aviso si vienes ahora
&lt;br&gt;que soy  toda una mujer
&lt;br&gt;
&lt;br&gt;Kaliente, kaliente, kaliente, kaliente
&lt;br&gt;kaliente, kaliente, kaliente
&lt;br&gt;kaliente, kaliente, kaliente, kaliente
&lt;br&gt;kaliente, kaliente, kaliente, kaliente
&lt;br&gt;kaliente, kaliente, kaliente
&lt;br&gt;kaliente, kaliente, kaliente, kaliente
&lt;br&gt;
&lt;br&gt;Agárrate fuerte que quiero sentir tu piel
&lt;br&gt;kaliente y ardiendo hasta al amanecer
&lt;br&gt;si viene despacio me voy a perder
&lt;br&gt;ten mucho cuidado que soy muy mujer
&lt;br&gt;
&lt;br&gt;Kaliente, kaliente, kaliente
&lt;br&gt;kaliente, kaliente, kaliente si
&lt;br&gt;kaliente, kaliente, kaliente
&lt;br&gt;kaliente, kaliente, kaliente
&lt;br&gt;kaliente, kaliente, kaliente, kaliente si
&lt;br&gt;kaliente, kaliente, kaliente, kaliente
&lt;br&gt;
&lt;br&gt;Tu cuerpo, mi boca rosando despacio
&lt;br&gt;me hace sentir muy bien
&lt;br&gt;movido y sin prisa bailando y sudando
&lt;br&gt;y gozando hasta enloquecer
&lt;br&gt;
&lt;br&gt;Me quedo contigo pero no respondo
&lt;br&gt;lo que pueda suceder
&lt;br&gt;por eso te aviso si vienes ahora
&lt;br&gt;que nunca te vuelvo a ver
&lt;br&gt;
&lt;br&gt;Agárrate fuerte que quiero sentir tu piel
&lt;br&gt;kaliente y ardiendo hasta al amanecer
&lt;br&gt;si viene despacio me voy a perder
&lt;br&gt;ten mucho cuidado que soy muy mujer
&lt;br&gt;
&lt;br&gt;Agárrate fuerte que quiero sentir tu piel
&lt;br&gt;kaliente y ardiendo hasta al amanecer
&lt;br&gt;si viene despacio me voy a perder
&lt;br&gt;ten mucho cuidado que soy muy mujer
&lt;br&gt;
&lt;br&gt;Kaliente.&lt;/p&gt;
</description>
    </item>
    
    <item>
      <title> La Edad No Importa (feat. Saul Kd)</title>
      <link>http://letraspedia.com/lyric/3ball-mty-la-edad-no-importa-feat-saul-kd/</link>
      <pubDate>Mon, 01 Sep 2008 00:00:00 UTC</pubDate>
      <author>Enthusiastic Hugo User</author>
      <guid>http://letraspedia.com/lyric/3ball-mty-la-edad-no-importa-feat-saul-kd/</guid>
      <description>&lt;p&gt;Nuestro amor es grande y que todo soporta
&lt;br&gt;almas gemelas, la edad no importa
&lt;br&gt;nos amamos, nos pertenecemos
&lt;br&gt;
&lt;br&gt;La edad no importa, la edad no importa
&lt;br&gt;la edad no importa amor
&lt;br&gt;la edad no importa entre tu y yo
&lt;br&gt;
&lt;br&gt;Cuando nos entregamos se enciende la llama
&lt;br&gt;pero basta un beso pa&amp;rsquo; saber que me amas
&lt;br&gt;te lo he demostrado que yo te adoro
&lt;br&gt;que eres mi vida, eres mi todo
&lt;br&gt;diferente nuestra edad nuestro amor es igual
&lt;br&gt;arde tanto como el sol nunca se apagara
&lt;br&gt;aunque la gente diga que no eres para mi
&lt;br&gt;que lo nuestro no es normal que no seras feliz
&lt;br&gt;no tiene importancia si dos seres se aman
&lt;br&gt;se juntan sus labios se funden sus miradas
&lt;br&gt;es que la gente ignora lo que vivimos
&lt;br&gt;las cositas lindas que compartimos
&lt;br&gt;y si me obligaran que me alejara
&lt;br&gt;se inundaría la tierra con lo que por ti llorara
&lt;br&gt;pues sin ti mi vida seria fría
&lt;br&gt;todo seria obscuridad no existiría el día
&lt;br&gt;
&lt;br&gt;Nuestro amor es grande y que todo soporta
&lt;br&gt;almas gemelas, la edad no importa
&lt;br&gt;nos amamos, nos pertenecemos
&lt;br&gt;
&lt;br&gt;La edad no importa, la edad no importa
&lt;br&gt;la edad no importa amor
&lt;br&gt;la edad no importa entre tu y yo
&lt;br&gt;
&lt;br&gt;Para el amor no hay edad tu y yo lo sabemos
&lt;br&gt;si se ama de verdad eso es lo de menos
&lt;br&gt;no importa el que dirán y que juzguen sin saber
&lt;br&gt;al corazón no se manda deben de entender
&lt;br&gt;el no discrimina no distingue edades
&lt;br&gt;no distingue raza o nacionalidades
&lt;br&gt;si hay que culpar a alguien culpemos a cupido
&lt;br&gt;único culpable de tenernos hoy unidos
&lt;br&gt;mucha gente dice que es un imposible
&lt;br&gt;parece que no saben que el amor es invencible
&lt;br&gt;tal vez nunca han amado como te amo a ti
&lt;br&gt;y solamente importa que te hago feliz
&lt;br&gt;tiene las cualidades que este amor requiere
&lt;br&gt;no importa lo que digan mi corazón sin ti se muere
&lt;br&gt;es fácil criticar si no se han enamorado
&lt;br&gt;es mas fácil juzgar si nunca han amado
&lt;br&gt;
&lt;br&gt;Nuestro amor es grande y que todo soporta
&lt;br&gt;almas gemelas, la edad no importa
&lt;br&gt;nos amamos, nos pertenecemos
&lt;br&gt;
&lt;br&gt;La edad no importa, la edad no importa
&lt;br&gt;la edad no importa amor
&lt;br&gt;la edad no importa entre tu y yo
&lt;br&gt;
&lt;br&gt;Entre tu y yo, amor, no importa la edad.&lt;/p&gt;
</description>
    </item>
    
    <item>
      <title> La Niña (julián álvarez)</title>
      <link>http://letraspedia.com/lyric/3ball-mty-la-nina-julian-alvarez/</link>
      <pubDate>Mon, 01 Sep 2008 00:00:00 UTC</pubDate>
      <author>Enthusiastic Hugo User</author>
      <guid>http://letraspedia.com/lyric/3ball-mty-la-nina-julian-alvarez/</guid>
      <description>&lt;p&gt;Triste mirar llegar el sábado
&lt;br&gt;y no estas conmigo
&lt;br&gt;por que prefieres mas a tus amigas
&lt;br&gt;y yo me muero por estar contigo
&lt;br&gt;Pero si tu me llamas
&lt;br&gt;enseguida cuelgo a mis amigos
&lt;br&gt;dejando solo siempre la parranda
&lt;br&gt;y yo me muero por estar contigo
&lt;br&gt;y ya no eres la niña que en la casa me buscaba
&lt;br&gt;mensajes me mandaba
&lt;br&gt;diciendo que le adorara
&lt;br&gt;y que nunca la olvidara
&lt;br&gt;
&lt;br&gt;Porque ella si me amaba
&lt;br&gt;hoy me deja sin mas nada
&lt;br&gt;sin decir ni una palabra
&lt;br&gt;
&lt;br&gt;y esta situación me está aburriendo a mi
&lt;br&gt;porque sin ella, yo no puedo vivir
&lt;br&gt;
&lt;br&gt;Y ya no eres la niña
&lt;br&gt;que en la casa me buscaba
&lt;br&gt;que mensajes me mandaba
&lt;br&gt;diciendo que le adorara
&lt;br&gt;y que nunca la olvidara
&lt;br&gt;
&lt;br&gt;Y que nunca
&lt;br&gt;
&lt;br&gt;Yo no quiero que algún día
&lt;br&gt;tu me digas que yo intenso
&lt;br&gt;por eso con tus amigos te dejo
&lt;br&gt;y le ponemos final a este cuento
&lt;br&gt;
&lt;br&gt;Mejor vive tu vida de aventura
&lt;br&gt;que yo olvido todo
&lt;br&gt;y así disfrutas todo lo que quieres
&lt;br&gt;que yo mejor me marcho de tu vida
&lt;br&gt;y es mejor así, busco a otra niña
&lt;br&gt;
&lt;br&gt;Y ya no eres la niña
&lt;br&gt;que en la casa me buscaba
&lt;br&gt;que mensajes me mandaba
&lt;br&gt;diciendo que le adorara
&lt;br&gt;y que nunca la olvidara
&lt;br&gt;
&lt;br&gt;Porque ella si me amaba
&lt;br&gt;hoy me deja sin mas nada
&lt;br&gt;sin decir ni una palabra
&lt;br&gt;
&lt;br&gt;Y esta situación me está aburriendo a mi
&lt;br&gt;porque sin ella, yo no puedo vivir
&lt;br&gt;
&lt;br&gt;Y ya no eres la niña
&lt;br&gt;que en la casa me buscaba
&lt;br&gt;que mensajes me mandaba
&lt;br&gt;diciendo que le adorara
&lt;br&gt;y que nunca la olvidara
&lt;br&gt;
&lt;br&gt;Porque ella si me amaba
&lt;br&gt;hoy me deja sin más nada
&lt;br&gt;sin decir ni una palabra.&lt;/p&gt;
</description>
    </item>
    
    <item>
      <title> La Noche Es Tuya</title>
      <link>http://letraspedia.com/lyric/3ball-mty-la-noche-es-tuya/</link>
      <pubDate>Mon, 01 Sep 2008 00:00:00 UTC</pubDate>
      <author>Enthusiastic Hugo User</author>
      <guid>http://letraspedia.com/lyric/3ball-mty-la-noche-es-tuya/</guid>
      <description>&lt;p&gt;Como furia va creciendo
&lt;br&gt;un volcán ardiente de fuego
&lt;br&gt;que por dentro te quema la piel y te enciende el cuerpo
&lt;br&gt;Este ritmo con locura y te mueve hábil la cintura
&lt;br&gt;que te suda todita la piel ya no tengas duda
&lt;br&gt;e ieieie moviéndote ie
&lt;br&gt;e ieieie rosándote ie
&lt;br&gt;Esta locura no puedes parar
&lt;br&gt;y tus sentidos los pone a volar
&lt;br&gt;adrenalina que te hace bailar
&lt;br&gt;ya no tengas miedo
&lt;br&gt;prende las venas y pierde el control
&lt;br&gt;siente la sangre corriendo al millón
&lt;br&gt;ya no te niegues vivir la emoción
&lt;br&gt;que la noche es tuya
&lt;br&gt;que la noche es tuya
&lt;br&gt;Como furia va creciendo
&lt;br&gt;un volcán ardiente de fuego
&lt;br&gt;que por dentro te quema la piel y te enciende el cuerpo
&lt;br&gt;Este ritmo con locura y te mueve hábil la cintura
&lt;br&gt;que te suda todita la piel ya no tengas duda
&lt;br&gt;e ieieie moviéndote ie
&lt;br&gt;e ieieie rosándote ie&lt;/p&gt;
</description>
    </item>
    
    <item>
      <title> La Rana</title>
      <link>http://letraspedia.com/lyric/3ball-mty-la-rana/</link>
      <pubDate>Mon, 01 Sep 2008 00:00:00 UTC</pubDate>
      <author>Enthusiastic Hugo User</author>
      <guid>http://letraspedia.com/lyric/3ball-mty-la-rana/</guid>
      <description>&lt;p&gt;Que mas quiere la rana que la echen al agua
&lt;br&gt;y si la echan al agua, que hace la rana
&lt;br&gt;que mas quiere la rana que la echen al agua
&lt;br&gt;y si la sacan del agua, que hace la rana
&lt;br&gt;
&lt;br&gt;Brinca, salta, baila y se divierte
&lt;br&gt;se vuelve loquita, se pone de ambiente
&lt;br&gt;se deja caer todo el pantano de repente
&lt;br&gt;se arma el pachangon esto se pone caliente
&lt;br&gt;
&lt;br&gt;Y se arma el ambiente en el pantano
&lt;br&gt;todos bailando hasta los gusanos
&lt;br&gt;con los cangrejos y sus hermanos
&lt;br&gt;hasta los patos están gozando
&lt;br&gt;una garza de piernas largas
&lt;br&gt;y un caracol feliz se bailaban
&lt;br&gt;una tortuga llego enseguida
&lt;br&gt;peguntando por la bebida
&lt;br&gt;un lagarto le respondió
&lt;br&gt;aquí el tequila le invito yo
&lt;br&gt;saquen las chelas grito la iguana
&lt;br&gt;a mi el tequila me pone mala
&lt;br&gt;como que aquí huele a marihuana
&lt;br&gt;guarden el vicio no es cosa sana
&lt;br&gt;mejor sigamos todos bailando
&lt;br&gt;dijo la rana y siguió brincando
&lt;br&gt;
&lt;br&gt;Y la rana se luce pa&amp;rsquo; que la vean ea ea ea ea
&lt;br&gt;y la rana feliz toda se menea ea ea ea ea
&lt;br&gt;y la rana se luce pa&amp;rsquo; que la vean ea ea ea ea
&lt;br&gt;y la rana feliz toda se menea ea ea ea ea
&lt;br&gt;
&lt;br&gt;Y mueve la cadera, mueve la cadera
&lt;br&gt;mueve la cadera, mueve la cadera
&lt;br&gt;y brinca y salta
&lt;br&gt;y brinca y salta, y brinca y salta
&lt;br&gt;y salta, salta, salta
&lt;br&gt;y brinca y salta
&lt;br&gt;y brinca y salta, y brinca y salta
&lt;br&gt;y salta, salta, salta, salta
&lt;br&gt;
&lt;br&gt;Y la rana se luce pa&amp;rsquo; que la vean ea ea ea ea
&lt;br&gt;y la rana feliz toda se menea ea ea ea ea
&lt;br&gt;y la rana se luce pa&amp;rsquo; que la vean ea ea ea ea
&lt;br&gt;y la rana feliz toda se menea ea ea ea ea.&lt;/p&gt;
</description>
    </item>
    
    <item>
      <title> Las 12 A Las 12</title>
      <link>http://letraspedia.com/lyric/3ball-mty-de-las-12-a-las-12/</link>
      <pubDate>Mon, 01 Sep 2008 00:00:00 UTC</pubDate>
      <author>Enthusiastic Hugo User</author>
      <guid>http://letraspedia.com/lyric/3ball-mty-de-las-12-a-las-12/</guid>
      <description>&lt;p&gt;De las 12 a las 12 cada fin yo tiro el party
&lt;br&gt;Que se jalen los compas y las chicas everybody
&lt;br&gt;Get ready por que ya no  hay quien nos pare.
&lt;br&gt;Esta noche estoy de fiesta y lo demás me vale madre.
&lt;br&gt;
&lt;br&gt;De las 12 a las 12 agarro el vuelo y sin escalas
&lt;br&gt;Y salud por las mujeres aunque a veces mal nos pagan
&lt;br&gt;Paso arriba y brindemos por las bellas
&lt;br&gt;Que si se invento el alcohol así yo pues voy por ellas
&lt;br&gt;
&lt;br&gt;Hey hey  every day y ponle play
&lt;br&gt;y revienta las bocinas
&lt;br&gt;Que me quiero amanecer
&lt;br&gt;Hey hey  every day y ponle play
&lt;br&gt;cuando acabe esta canción me la pones otra vez
&lt;br&gt;
&lt;br&gt;Hey hey  every day y ponle play
&lt;br&gt;y revienta las bocinas
&lt;br&gt;Que me quiero amanecer
&lt;br&gt;Hey hey  every day y ponle play
&lt;br&gt;cuando acabe esta canción me la pones otra vez
&lt;br&gt;
&lt;br&gt;De las 12 a las 12 cada fin yo tiro el party
&lt;br&gt;Que se jalen los compas y las chicas everybody
&lt;br&gt;Get ready por que ya no  hay quien nos pare.
&lt;br&gt;Esta noche estoy de fiesta y lo demás me vale madre.
&lt;br&gt;
&lt;br&gt;De las 12 a las 12 agarro el vuelo y sin escalas
&lt;br&gt;Y salud por las mujeres aunque a veces mal nos pagan
&lt;br&gt;Paso arriba y brindemos por las bellas
&lt;br&gt;Que si se invento el alcohol así yo pues voy por ellas
&lt;br&gt;
&lt;br&gt;Hey hey  every day y ponle play
&lt;br&gt;y revienta las bocinas
&lt;br&gt;Que me quiero amanecer
&lt;br&gt;Hey hey  every day y ponle play
&lt;br&gt;cuando acabe esta canción me la pones otra vez
&lt;br&gt;
&lt;br&gt;Hey hey  every day y ponle play
&lt;br&gt;y revienta las bocinas
&lt;br&gt;Que me quiero amanecer
&lt;br&gt;Hey hey  every day y ponle play
&lt;br&gt;cuando acabe esta canción me la pones otra vez&lt;/p&gt;
</description>
    </item>
    
    <item>
      <title> Mala Mujer</title>
      <link>http://letraspedia.com/lyric/3ball-mty-mala-mujer/</link>
      <pubDate>Mon, 01 Sep 2008 00:00:00 UTC</pubDate>
      <author>Enthusiastic Hugo User</author>
      <guid>http://letraspedia.com/lyric/3ball-mty-mala-mujer/</guid>
      <description>&lt;p&gt;Tus ojos fueron los que flecharon (los que flecharon)
&lt;br&gt;Esta alma vacia sin consuelo (sin consuelo, sin consuelo)
&lt;br&gt;Tus manos tibias sobre mi cuerpo (sobre mi cuerpo)
&lt;br&gt;Lograron llevarme de la tierra al cielo (de la tierra al cielo)
&lt;br&gt;
&lt;br&gt;Esta noche la vere, la vere he
&lt;br&gt;y un secreto contare por si tu no lo sabias
&lt;br&gt;por ella todo darias parece inofensiva
&lt;br&gt;pero es una mala mujer
&lt;br&gt;
&lt;br&gt;su mirada tracionera
&lt;br&gt;que envenena a cualquiera
&lt;br&gt;flor hermosa, mentirosa
&lt;br&gt;sus espinas me destrozan
&lt;br&gt;y yo crei, crei en sus palabras
&lt;br&gt;
&lt;br&gt;su mirada traicionera
&lt;br&gt;que mis nervios acelera
&lt;br&gt;eres mala, interesada
&lt;br&gt;te deslumbran las monedas
&lt;br&gt;y yo crei, crei en sus palabras
&lt;br&gt;
&lt;br&gt;Ya no, ya noo
&lt;br&gt;vuelvo a creer en lo que dice
&lt;br&gt;
&lt;br&gt;Esta noche la vere, la vere he
&lt;br&gt;y un secreto contare por si tu no lo sabias
&lt;br&gt;por ella todo darias parece inofensiva
&lt;br&gt;pero es una mala mujer
&lt;br&gt;
&lt;br&gt;su mirada tracionera
&lt;br&gt;que envenena a cualquiera
&lt;br&gt;flor hermosa, mentirosa
&lt;br&gt;sus espinas me destrozan
&lt;br&gt;y yo crei, crei en sus palabras
&lt;br&gt;
&lt;br&gt;su mirada traicionera
&lt;br&gt;que mis nervios acelera
&lt;br&gt;eres mala, interesada
&lt;br&gt;te deslumbran las monedas
&lt;br&gt;y yo crei, crei en sus palabras&lt;/p&gt;
</description>
    </item>
    
  </channel>
</rss>