<?xml version="1.0" encoding="utf-8" standalone="yes" ?>
<rss version="2.0" xmlns:atom="http://www.w3.org/2005/Atom">
  <channel>
      <title>012 on Letraspedia.com thes best lyrics page </title>
    <link>http://letraspedia.com/artist/012/</link>
    <language>en-US</language>
    <author>Enthusiastic Hugo User</author>
    <rights>Copyright (c) 2014, Enthusiastic Hugo User; all rights reserved.</rights>
    <updated>Mon, 01 Sep 2008 00:00:00 UTC</updated>
    
    <item>
      <title> These Are The Times</title>
      <link>http://letraspedia.com/lyric/012-these-are-the-times/</link>
      <pubDate>Mon, 01 Sep 2008 00:00:00 UTC</pubDate>
      <author>Enthusiastic Hugo User</author>
      <guid>http://letraspedia.com/lyric/012-these-are-the-times/</guid>
      <description>&lt;p&gt;Chorus:&lt;br /&gt;These are the times we all live for&lt;br /&gt;Praying they&amp;rsquo;ll last forevermore&lt;br /&gt;Holding to memories living in our minds&lt;br /&gt;Until the end of time&lt;br /&gt;And it was the way we hoped it would be&lt;br /&gt;Standing close by you, close by me&lt;br /&gt;Forget about saying godbye, cuz true&lt;br /&gt;Friendships never die&lt;br /&gt;Thinking &amp;lsquo;bout the times we were&lt;br /&gt;Standing there by each other&lt;br /&gt;Sharing good times, sharing pain&lt;br /&gt;Without you could i take the rain?&lt;br /&gt;No. it just wouldn&amp;rsquo;t have been the same (no)&lt;br /&gt;Now we must go our separate ways&lt;br /&gt;And look forward to more bright days&lt;br /&gt;But reminisce and realize&lt;br /&gt;We don&amp;rsquo;t have to say goodbye&lt;br /&gt;[chorus]&lt;br /&gt;Gotta stay strong to move on&lt;br /&gt;As this brand new lifetime dawns&lt;br /&gt;Here it comes, we can&amp;rsquo;t delay it&lt;br /&gt;Come on, hold on, say it, pray it&lt;br /&gt;As it comes we gotta play it&lt;br /&gt;(i know)&lt;br /&gt;We&amp;rsquo;ve got so much too live for&lt;br /&gt;(and i know)&lt;br /&gt;The pain is to real to ignore&lt;br /&gt;(but i know)&lt;br /&gt;That we ain&amp;rsquo;t leaving no one&lt;br /&gt;Cuz our world has just begun.&lt;br /&gt;[chorus]&lt;br /&gt;I feel the end is near, though not to our unity&lt;br /&gt;I know the air is clear enough to be set free&lt;br /&gt;We have been unfurled, let&amp;rsquo;s warn the world&lt;br /&gt;Of what we&amp;rsquo;re proud to be.. (baby, yeah)&lt;br /&gt;[repeat chorus and fade&amp;hellip;]&lt;br /&gt;&lt;br&gt;&lt;/p&gt;
</description>
    </item>
    
    <item>
      <title> These Are The Times - Deutsche Version</title>
      <link>http://letraspedia.com/lyric/012-these-are-the-times-deutsche-version/</link>
      <pubDate>Mon, 01 Sep 2008 00:00:00 UTC</pubDate>
      <author>Enthusiastic Hugo User</author>
      <guid>http://letraspedia.com/lyric/012-these-are-the-times-deutsche-version/</guid>
      <description>&lt;p&gt;Gesprochen:&lt;br /&gt;Der klasse von 1999 gewidmet in ewigkeit (f&amp;uuml;r eva)&lt;br /&gt;Neun-neun f&amp;uuml;rs leben, ihr alle&amp;hellip;&lt;br /&gt;&lt;br /&gt;Chorus:&lt;br /&gt;Jetzt ist die zeit, f&amp;uuml;r die wir alle leben&lt;br /&gt;Wir beten, dass sie nie aufh&amp;ouml;rt&lt;br /&gt;Klammern uns an erinnerungen, die in unserem ged&amp;auml;chtnis leben&lt;br /&gt;Bis zum ende aller zeit&lt;br /&gt;Und es war, wie wir alle es uns erhofften&lt;br /&gt;Nahe bei dir, nahe bei mir stehend&lt;br /&gt;Vergiss, auf wiedersehen zu sagen, denn&lt;br /&gt;Wahre freundschaft stirbt nie&lt;br /&gt;&lt;br /&gt;W&amp;auml;hrend wir &amp;uuml;ber die zeit nachdenken&lt;br /&gt;Stehen wir zusammen dort&lt;br /&gt;Teilen gute zeiten, teilen schmerz&lt;br /&gt;Ohne dich k&amp;ouml;nnte ich den regen nicht ertragen&lt;br /&gt;Nein. es w&amp;auml;re nicht das selbe (nein)&lt;br /&gt;Jetzt m&amp;uuml;ssen wir getrennte wege gehen&lt;br /&gt;Und uns auf hellere tage freuen&lt;br /&gt;Aber rufe dir uns ged&amp;auml;chtnis und erkenne&lt;br /&gt;Dass wir nicht auf wiedersehen sagen m&amp;uuml;ssen&lt;br /&gt;&lt;br /&gt;[chorus]&lt;br /&gt;&lt;br /&gt;Wir m&amp;uuml;ssen stark bleiben, um voran zu kommen&lt;br /&gt;W&amp;auml;hrend dieses nagelneue leben beginnt&lt;br /&gt;Hier kommt es schon, wir k&amp;ouml;nnen es nicht aufschieben&lt;br /&gt;Na los, halte durch, sage es, bete es&lt;br /&gt;So, wie es kommt, m&amp;uuml;ssen wir es spielen&lt;br /&gt;(ich weiss)&lt;br /&gt;Wir haben so viel, f&amp;uuml;r das sich zu leben lohnt&lt;br /&gt;(und ich weiss)&lt;br /&gt;Der schmerz ist zu wirklich um ihn zu ignorieren&lt;br /&gt;(aber ich weiss)&lt;br /&gt;Dass wir keinen einzigen zur&amp;uuml;cklassen&lt;br /&gt;Denn unsere welt hat gerade erst angefangen.&lt;br /&gt;&lt;br /&gt;[chorus]&lt;br /&gt;&lt;br /&gt;Ich sp&amp;uuml;re, dass das ende naht, aber nicht f&amp;uuml;r unsere einheit&lt;br /&gt;Ich weiss, dass die luft klar genug ist, um frei gelassen zu werden&lt;br /&gt;Wir wurden ausgebreitet, lass uns die welt warnen&lt;br /&gt;Vor dem, auf das wir stolz sind.. (baby, yeah)&lt;br /&gt;&lt;br /&gt;[chorus wiederholen und ausblenden&amp;hellip;]&lt;br /&gt;&lt;br&gt;&lt;/p&gt;
</description>
    </item>
    
  </channel>
</rss>