<?xml version="1.0" encoding="utf-8" standalone="yes" ?>
<rss version="2.0" xmlns:atom="http://www.w3.org/2005/Atom">
  <channel>
      <title>3oyz on Letraspedia.com thes best lyrics page </title>
    <link>http://letraspedia.com/artist/3oyz/</link>
    <language>en-US</language>
    <author>Enthusiastic Hugo User</author>
    <rights>Copyright (c) 2014, Enthusiastic Hugo User; all rights reserved.</rights>
    <updated>Mon, 01 Sep 2008 00:00:00 UTC</updated>
    
    <item>
      <title> Como Te Amo Yo</title>
      <link>http://letraspedia.com/lyric/3oyz-como-te-amo-yo/</link>
      <pubDate>Mon, 01 Sep 2008 00:00:00 UTC</pubDate>
      <author>Enthusiastic Hugo User</author>
      <guid>http://letraspedia.com/lyric/3oyz-como-te-amo-yo/</guid>
      <description>&lt;p&gt;Quizás te han ofrecido lujos
&lt;br&gt;Y una casa grande con un ascensor
&lt;br&gt;Quizás te han ofrecido joyas
&lt;br&gt;Y un carro elegante con televisor.
&lt;br&gt;
&lt;br&gt;Pero hay algo que es verdad
&lt;br&gt;El amor no es algo comercial
&lt;br&gt;No hay dinero en el mundo
&lt;br&gt;Que compre un sentimiento real&amp;hellip;
&lt;br&gt;
&lt;br&gt;No te prometo la luna
&lt;br&gt;Ni un viaje hasta el espacio
&lt;br&gt;No te prometo una fortuna
&lt;br&gt;Ni miles en el banco
&lt;br&gt;No te prometo la luna&amp;hellip;
&lt;br&gt;Ni estrellas en tu cuarto
&lt;br&gt;Te garantizo que nadie te va amar
&lt;br&gt;Como te amo yo&lt;/p&gt;
</description>
    </item>
    
    <item>
      <title> Magia</title>
      <link>http://letraspedia.com/lyric/3oyz-magia/</link>
      <pubDate>Mon, 01 Sep 2008 00:00:00 UTC</pubDate>
      <author>Enthusiastic Hugo User</author>
      <guid>http://letraspedia.com/lyric/3oyz-magia/</guid>
      <description>&lt;p&gt;Naciste con una misión , llenar de cosas puras tu corazon
&lt;br&gt;los golpes de la vida lo sientes los esquivas
&lt;br&gt;por aquel que te maltrata tu inocencia la desgasta
&lt;br&gt;mundo frio mundo cruel lastima que estés en el .
&lt;br&gt;
&lt;br&gt;Coro
&lt;br&gt;Tu te llamas esperanza
&lt;br&gt;tu apellido dice fe (tu apellido dice fe) Por Esoo
&lt;br&gt;
&lt;br&gt;Eres perfecta tal como eres
&lt;br&gt;me gustan tus ojos
&lt;br&gt;en tu cara tienes magia tienes magia(2x)
&lt;br&gt;
&lt;br&gt;si es que ellos ya hacen mal no preocupes tu pensar
&lt;br&gt;vamos juntos a lograr que esto no vaya afectar tu conciencia
&lt;br&gt;al final algo puede salir mal
&lt;br&gt;no te quiero ver llorar por culpa de los demás
&lt;br&gt;se que juntos somos mas y este mundo bueno es .
&lt;br&gt;
&lt;br&gt;(coro)
&lt;br&gt;Tu te llamas esperanza
&lt;br&gt;tu apellido dice fe (tu apellido dice fe)Por Esooo
&lt;br&gt;
&lt;br&gt;Eres perfecta tal como eres
&lt;br&gt;me gustan tus ojos
&lt;br&gt;en tu cara tienes magiaa tienes magia(2x)
&lt;br&gt;
&lt;br&gt;OHHHHUOOUOUO(2x)
&lt;br&gt;
&lt;br&gt;Tu tienes magia y todos sabemos
&lt;br&gt;que por eso eres perfecta
&lt;br&gt;tu sabes que siempre lo vas hacer
&lt;br&gt;Son Boyz
&lt;br&gt;
&lt;br&gt;(coro)
&lt;br&gt;Eres perfecta tal como eres
&lt;br&gt;me gustan tus ojos
&lt;br&gt;en tu cara tienes magiaa tienes magia(2x)
&lt;br&gt;
&lt;br&gt;Son Boooyz
&lt;br&gt;OHHHHUOOUOUO
&lt;br&gt;Son Boooyz
&lt;br&gt;OHHHHUOOUOUO(2x)
&lt;br&gt;Son Tres&lt;/p&gt;
</description>
    </item>
    
    <item>
      <title> Nos Enamoramos</title>
      <link>http://letraspedia.com/lyric/3oyz-nos-enamoramos/</link>
      <pubDate>Mon, 01 Sep 2008 00:00:00 UTC</pubDate>
      <author>Enthusiastic Hugo User</author>
      <guid>http://letraspedia.com/lyric/3oyz-nos-enamoramos/</guid>
      <description>&lt;p&gt;Solo soy un niño
&lt;br&gt;Que se enamoro
&lt;br&gt;Y no halla forma de explicarlo
&lt;br&gt;Y tu una linda niña
&lt;br&gt;Que también
&lt;br&gt;Se enamoro
&lt;br&gt;Y juntos podemos contarlo
&lt;br&gt;
&lt;br&gt;Porque no se
&lt;br&gt;Como hacer
&lt;br&gt;Con este sentimiento
&lt;br&gt;Que es más grande
&lt;br&gt;Que nosotros dos
&lt;br&gt;Y por eso
&lt;br&gt;Te pido
&lt;br&gt;Que lo cantes conmigo
&lt;br&gt;
&lt;br&gt;Que nos enamoramos si
&lt;br&gt;Me tienes mal
&lt;br&gt;(Me tienes mal)
&lt;br&gt;Somos dos niños
&lt;br&gt;Que ya nos besamos
&lt;br&gt;Pero eso es normal
&lt;br&gt;(Bis)
&lt;br&gt;
&lt;br&gt;Soy un pequeño gigante
&lt;br&gt;Que te conquista con rimas
&lt;br&gt;Tu mi ángel del cielo
&lt;br&gt;Tu amor de mi vida
&lt;br&gt;Se me va la voz
&lt;br&gt;Cantándote mil canciones
&lt;br&gt;Mientas en tu cuaderno
&lt;br&gt;Dibujo miles de corazones
&lt;br&gt;En cada concierto quiero
&lt;br&gt;Que te encuentres presente
&lt;br&gt;Pasubirte
&lt;br&gt;A la tarima
&lt;br&gt;Cantando frente a la gente
&lt;br&gt;Y me digas cómo te sientes
&lt;br&gt;Cuando te declare mi amor
&lt;br&gt;
&lt;br&gt;Coro
&lt;br&gt;
&lt;br&gt;Tus padres dicen
&lt;br&gt;Que no inventes
&lt;br&gt;Que tu no
&lt;br&gt;Me necesitas
&lt;br&gt;No importa lo que ellos piensen
&lt;br&gt;Importan esas cositas
&lt;br&gt;Decirte que te quiero
&lt;br&gt;Y cuando llega la cita
&lt;br&gt;Te dedico mi canción
&lt;br&gt;Y un beso patu boquita
&lt;br&gt;
&lt;br&gt;Solo recuerda
&lt;br&gt;Que de ti estoy enamorado
&lt;br&gt;Cuando te duermas
&lt;br&gt;Sentir amor no es un pecado
&lt;br&gt;Por eso toma mi mano
&lt;br&gt;Yo te invito a ser feliz
&lt;br&gt;(Bis)
&lt;br&gt;
&lt;br&gt;Coro
&lt;br&gt;
&lt;br&gt;Solo soy un niño
&lt;br&gt;Que se enamoro
&lt;br&gt;Y no haya forma de explicarlo
&lt;br&gt;Y juntos podemos contarlo.&lt;/p&gt;
</description>
    </item>
    
    <item>
      <title> Regalo De Navidad (varios Artistas)</title>
      <link>http://letraspedia.com/lyric/3oyz-regalo-de-navidad-varios-artistas/</link>
      <pubDate>Mon, 01 Sep 2008 00:00:00 UTC</pubDate>
      <author>Enthusiastic Hugo User</author>
      <guid>http://letraspedia.com/lyric/3oyz-regalo-de-navidad-varios-artistas/</guid>
      <description>&lt;p&gt;Feliz navidad
&lt;br&gt;
&lt;br&gt;En esta navidad
&lt;br&gt;Vamos a celebrar
&lt;br&gt;En familia estar
&lt;br&gt;Momento para amar
&lt;br&gt;Y yo
&lt;br&gt;Esperando con la familia
&lt;br&gt;La noche buena
&lt;br&gt;Una noche de abrazos y risas
&lt;br&gt;Y disfrutando la cena
&lt;br&gt;(Hey)
&lt;br&gt;Y no te puedo negar
&lt;br&gt;Que me da mucha nostalgia amiga
&lt;br&gt;Feliz navidad
&lt;br&gt;Que tu vida esta noche
&lt;br&gt;Se llene de magia amiga
&lt;br&gt;In the happy hours Happy
&lt;br&gt;Tengo un regalo pati
&lt;br&gt;En esta navidad
&lt;br&gt;Con ganas de verte amanecer
&lt;br&gt;
&lt;br&gt;En noche buena la familia
&lt;br&gt;Se reúne a cenar
&lt;br&gt;Compartimos los regalos
&lt;br&gt;Es un momento especial
&lt;br&gt;Te pido por salud, amor y bienestar
&lt;br&gt;Y a las personas que me escuchan
&lt;br&gt;Mucha prosperidad
&lt;br&gt;Yo me siento melancólico
&lt;br&gt;Irónico
&lt;br&gt;Que suele suceder
&lt;br&gt;Lo normal es que los niños
&lt;br&gt;Jueguen y empiecen a correr
&lt;br&gt;Pero cuando nos reunimos
&lt;br&gt;Yo comienzo a recordar
&lt;br&gt;A las personas que quiero
&lt;br&gt;Y en este momento no están
&lt;br&gt;En cada navidad
&lt;br&gt;Hay que valorar
&lt;br&gt;Las bendiciones que
&lt;br&gt;Durante el año se nos dan
&lt;br&gt;La alegría llega
&lt;br&gt;A nuestro hogar
&lt;br&gt;Y todos los niños esperan
&lt;br&gt;Ese momento especial
&lt;br&gt;
&lt;br&gt;Feliz navidad
&lt;br&gt;(Hay feliz navidad)
&lt;br&gt;Feliz navidad
&lt;br&gt;(Feliz navidad)
&lt;br&gt;Feliz navidad
&lt;br&gt;Prospero año y felicidad
&lt;br&gt;(Bis)
&lt;br&gt;
&lt;br&gt;Coro
&lt;br&gt;
&lt;br&gt;Noche de paz
&lt;br&gt;Noche de amor
&lt;br&gt;Todos unidos
&lt;br&gt;No importa la raza
&lt;br&gt;Tampoco el color
&lt;br&gt;
&lt;br&gt;Noche de paz
&lt;br&gt;Noche de amor
&lt;br&gt;Que la esperanza
&lt;br&gt;Brille en tu alma
&lt;br&gt;Y en tu corazón
&lt;br&gt;
&lt;br&gt;Coro
&lt;br&gt;
&lt;br&gt;En esta navidad yo quiero
&lt;br&gt;Verte feliz
&lt;br&gt;Y que todos tus deseos
&lt;br&gt;Puedas cumplir
&lt;br&gt;Que tengas paz y harmonía
&lt;br&gt;Que con mucha alegría
&lt;br&gt;Unidos en familia poder compartir
&lt;br&gt;Y quiero
&lt;br&gt;Recordar como
&lt;br&gt;Cuando niños
&lt;br&gt;Abríamos los regalos
&lt;br&gt;Esa emoción que se sentía
&lt;br&gt;En navidad cuando jugamos
&lt;br&gt;Yo no lo olvido
&lt;br&gt;No lo olvides tú
&lt;br&gt;Y lleva siempre esa emoción
&lt;br&gt;En tu espíritu
&lt;br&gt;
&lt;br&gt;Se prenden las luces
&lt;br&gt;De cada arbolito
&lt;br&gt;Anunciando que llego diciembre
&lt;br&gt;Familia y amigos se juntan
&lt;br&gt;Deseando la paz que
&lt;br&gt;Nos llega hasta el alma
&lt;br&gt;Invita a los vecinos
&lt;br&gt;Siente la energía
&lt;br&gt;Me siento complacido
&lt;br&gt;Con tu compañía girl
&lt;br&gt;
&lt;br&gt;En esta noche de paz
&lt;br&gt;Yo quiero desearte una feliz navidad
&lt;br&gt;Que todos reunidos con amor
&lt;br&gt;Entonemos un bello canto
&lt;br&gt;Al niño Dios
&lt;br&gt;
&lt;br&gt;Que la cena en familia
&lt;br&gt;De verdad se sienta unida
&lt;br&gt;Donde ya no haya tristeza
&lt;br&gt;Y el amor sea medicina
&lt;br&gt;Pal dolor
&lt;br&gt;Porque nació el niño Dios
&lt;br&gt;
&lt;br&gt;Coro
&lt;br&gt;
&lt;br&gt;Llega la noche
&lt;br&gt;Ponen la mesa
&lt;br&gt;Llega el momento
&lt;br&gt;Para la cena
&lt;br&gt;Todos disfrutan
&lt;br&gt;En noche buena
&lt;br&gt;Así es como recuerdo navidad
&lt;br&gt;
&lt;br&gt;Coro
&lt;br&gt;
&lt;br&gt;Feliz, feliz, feliz navidad
&lt;br&gt;Hoy canto a favor de la prosperidad
&lt;br&gt;Levanto mi copa por los que no están
&lt;br&gt;Doy gracias a Dios por otro año que va
&lt;br&gt;Lo bueno vendrá
&lt;br&gt;Ya lo veras
&lt;br&gt;Piensa en positivo y lo bueno atraerás
&lt;br&gt;Así es que yo me siento en navidad
&lt;br&gt;
&lt;br&gt;Feliz navidad.&lt;/p&gt;
</description>
    </item>
    
  </channel>
</rss>