<?xml version="1.0" encoding="utf-8" standalone="yes" ?>
<rss version="2.0" xmlns:atom="http://www.w3.org/2005/Atom">
  <channel>
      <title>32 on Letraspedia.com thes best lyrics page </title>
    <link>http://letraspedia.com/artist/32/</link>
    <language>en-US</language>
    <author>Enthusiastic Hugo User</author>
    <rights>Copyright (c) 2014, Enthusiastic Hugo User; all rights reserved.</rights>
    <updated>Mon, 01 Sep 2008 00:00:00 UTC</updated>
    
    <item>
      <title> A Mordiscos</title>
      <link>http://letraspedia.com/lyric/32-a-mordiscos/</link>
      <pubDate>Mon, 01 Sep 2008 00:00:00 UTC</pubDate>
      <author>Enthusiastic Hugo User</author>
      <guid>http://letraspedia.com/lyric/32-a-mordiscos/</guid>
      <description>&lt;p&gt;Esta noche hace frío, pero tu serás mi abrigo,
&lt;br&gt;ay amor caliéntame un poquito.
&lt;br&gt;Esta vez no habrá testigos,
&lt;br&gt;solo tú estarás conmigo, ay amor sentimiento bonito,
&lt;br&gt;amor amor amor amor a modiscos yo te amaré
&lt;br&gt;amor amor amor amor te daré.
&lt;br&gt;
&lt;br&gt;Quiero que seas mi caramelo hacerte un chocolate
&lt;br&gt;y que tu amor me mate así.
&lt;br&gt;Quiero que seas mi caramelo hacerte un chocolate
&lt;br&gt;y que tu amor me mate así.
&lt;br&gt;
&lt;br&gt;Hace tiempo te esperaba, desde que tú lo imaginabas,
&lt;br&gt;ay amor caliéntame un poquito, no vas a olvidarme
&lt;br&gt;nunca, de esta noche no te salvas, ay amor,
&lt;br&gt;sentimiento bonito,
&lt;br&gt;amor amor amor amor a modiscos yo te amaré
&lt;br&gt;amor amor amor amor te daré.
&lt;br&gt;
&lt;br&gt;Quiero que seas mi caramelo hacerte un chocolate
&lt;br&gt;y que tu amor me mate así.
&lt;br&gt;Quiero que seas mi caramelo hacerte un chocolate
&lt;br&gt;y que tu amor me mate así.
&lt;br&gt;
&lt;br&gt;Quiero quiero calentito chocolate,
&lt;br&gt;quiero quiero que seas mi caramelo, m
&lt;br&gt;uero muero muero loco de remate,
&lt;br&gt;quiero quiero ser la chispa de tu amor.
&lt;br&gt;
&lt;br&gt;Quiero que seas mi caramelo hacerte un chocolate
&lt;br&gt;y que tu amor me mate así.
&lt;br&gt;Quiero que seas mi caramelo hacerte un chocolate
&lt;br&gt;y que tu amor me mate así.(x2)&lt;/p&gt;
</description>
    </item>
    
    <item>
      <title> A Todo Gas</title>
      <link>http://letraspedia.com/lyric/32-a-todo-gas/</link>
      <pubDate>Mon, 01 Sep 2008 00:00:00 UTC</pubDate>
      <author>Enthusiastic Hugo User</author>
      <guid>http://letraspedia.com/lyric/32-a-todo-gas/</guid>
      <description>&lt;p&gt;A todo gas voy en mi moto
&lt;br&gt;y te voy a adelantar
&lt;br&gt;Porque las chicas hoy pisamos fuerte
&lt;br&gt;Échate a temblar
&lt;br&gt;Despierta ya y aprende
&lt;br&gt;que es la velocidad
&lt;br&gt;Yo me siento divina y tu ya ves
&lt;br&gt;Tu siempre detrás
&lt;br&gt;
&lt;br&gt;Mira hacia atrás y fliparás
&lt;br&gt;A todo gas te vamos a adelantar
&lt;br&gt;Mira el retrovisor y aprende la lección
&lt;br&gt;No hay que llorar chicas vamos a ganar
&lt;br&gt;
&lt;br&gt;A las chicas no nos da miedo el acelerador
&lt;br&gt;Eso ya es pasado es historia
&lt;br&gt;Que suene el motor
&lt;br&gt;Vamos a flipar al centro comercial
&lt;br&gt;Y a los papis volvemos locos
&lt;br&gt;Respetamos siempre las señales
&lt;br&gt;Que las calles son de todos
&lt;br&gt;
&lt;br&gt;Hay que saber perder chaval
&lt;br&gt;Desde hoy va ser normal
&lt;br&gt;Siente el poder de las chicas
&lt;br&gt;Es especial
&lt;br&gt;Ya nunca más tu nos verás por el retrovisor
&lt;br&gt;Y muy monas te pareceremos en televisión Yeaah!&lt;/p&gt;
</description>
    </item>
    
    <item>
      <title> Amigas Hasta El Final</title>
      <link>http://letraspedia.com/lyric/32-amigas-hasta-el-final/</link>
      <pubDate>Mon, 01 Sep 2008 00:00:00 UTC</pubDate>
      <author>Enthusiastic Hugo User</author>
      <guid>http://letraspedia.com/lyric/32-amigas-hasta-el-final/</guid>
      <description>&lt;p&gt;Cha chara cha&amp;hellip;dedicada en mi, os llevo como un talisman,
&lt;br&gt;puedo sentir que hay magia entre nosotras,
&lt;br&gt;el destino esta escrito en las estrellas,
&lt;br&gt;de la a a la z la misma meta nos unira.
&lt;br&gt;amigas hasta el final unidas como un iman
&lt;br&gt;un mismo corazon entre un millon siempre amigas hasta el final.
&lt;br&gt;cha chara cha&amp;hellip;es super guay sentirnos
&lt;br&gt;como hermanas seguras de lo que hay con solo una mirada
&lt;br&gt;se como vencer el miedo a perder no hay secretos entre tu
&lt;br&gt;y yo siempre vamos a ser&amp;hellip;
&lt;br&gt;amigas hasta el final unidas como un iman un solo corazon
&lt;br&gt;entre un millon siempre amigas hasta el final&amp;hellip;hasta el final.
&lt;br&gt;cha chara cha&amp;hellip;porque el destino esta escrito
&lt;br&gt;en las estrellas una para todas todas para una
&lt;br&gt;al mundo vamos a salvar.
&lt;br&gt;amigas hasta el final unidas como un iman
&lt;br&gt;un mismo corazon entre un millon siempre
&lt;br&gt;amigas hasta el final (x2)siempre amigas siempre
&lt;br&gt;amigas siempre amigas&lt;/p&gt;
</description>
    </item>
    
    <item>
      <title> Baila Como Quieras</title>
      <link>http://letraspedia.com/lyric/32-baila-como-quieras/</link>
      <pubDate>Mon, 01 Sep 2008 00:00:00 UTC</pubDate>
      <author>Enthusiastic Hugo User</author>
      <guid>http://letraspedia.com/lyric/32-baila-como-quieras/</guid>
      <description>&lt;p&gt;!OEH,oeh&amp;hellip;¡ ¡OEH,oeh!
&lt;br&gt;Pero tu de que vas,dime de que vas
&lt;br&gt;Tu lo que tienes es un morro
&lt;br&gt;Que te lo pisas
&lt;br&gt;Tanto mirar, y mirar, y mirar&amp;hellip;
&lt;br&gt;Baila conmigo esta rumbita que te traigo &amp;ldquo;pa&amp;rdquo; gozar
&lt;br&gt;Y dejate de miraitas
&lt;br&gt;Que no me vas a enamorar.
&lt;br&gt;¡Oeh,Oeh!
&lt;br&gt;Para empezar,para empezar
&lt;br&gt;Para empezar a bailar esta rumba
&lt;br&gt;Me coges de la mano
&lt;br&gt;¡Ay!ay de la mano&amp;hellip;.
&lt;br&gt;Y meneando p´ arriba,p´arriba, p´arriba
&lt;br&gt;Y meneando p´abajo,p´abajo,p´abajo
&lt;br&gt;P´arriba, p´arriba
&lt;br&gt;P´abajo, p´abajo
&lt;br&gt;P´arriba,p´abajo
&lt;br&gt;P´arriba &amp;hellip;&amp;hellip;.
&lt;br&gt;Baila conmigo esta rumbita que te traigo &amp;ldquo;pa&amp;rdquo; gozar
&lt;br&gt;y dejate de miraitas
&lt;br&gt;Que no me vas a enamorar
&lt;br&gt;Un.dos&amp;hellip;baila como quieras
&lt;br&gt;Un,dos&amp;hellip;mueve las caderas
&lt;br&gt;Pero siempre llevando palmas al compas
&lt;br&gt;Pero siempre llevando palmas al compas
&lt;br&gt;¡Oeh,oeh&amp;hellip;! ¡Oeh,oeh!
&lt;br&gt;Para bailar esta rumba menea..¡El que!
&lt;br&gt;Menea
&lt;br&gt;Para bailar esta rumba menea&amp;hellip;¡El que!
&lt;br&gt;Tu menea&amp;hellip;
&lt;br&gt;Para bailar esta rumba menea,menea
&lt;br&gt;Menea lo que quieras,menea las caderas
&lt;br&gt;Y dale sabroso al maneito
&lt;br&gt;Menea con gracia ese culito
&lt;br&gt;Pero siempre llevando palmas al compas
&lt;br&gt;Pero siempre llevando palmas al compas
&lt;br&gt;Oeh,oeh&amp;hellip;! ¡Oeh,oeh&amp;hellip;!
&lt;br&gt;Mira esa rumbita
&lt;br&gt;A menear ese culillo
&lt;br&gt;Un,dos..baila como quieras
&lt;br&gt;Un,dos&amp;hellip;mueve las caderas
&lt;br&gt;Pero siempre llevando palmas al compas
&lt;br&gt;Pero siempre llevando palmas al compas
&lt;br&gt;Y ole!&lt;/p&gt;
</description>
    </item>
    
    <item>
      <title> Bailando Voy</title>
      <link>http://letraspedia.com/lyric/32-bailando-voy/</link>
      <pubDate>Mon, 01 Sep 2008 00:00:00 UTC</pubDate>
      <author>Enthusiastic Hugo User</author>
      <guid>http://letraspedia.com/lyric/32-bailando-voy/</guid>
      <description>&lt;p&gt;Cada vez que quiero salir, cada vez que quiero bailar me vienes con un cuento.
&lt;br&gt;Solamente quieres dormir, solamente quieres jugar a un nuevo videojuego.
&lt;br&gt;Hoy tengo un plan perfecto, no quiero estar parada un día más.
&lt;br&gt;Hoy quiero estar de miedo, salgo a triunfar.
&lt;br&gt;
&lt;br&gt;Bailando voy, yo bailo que bailo.
&lt;br&gt;Bailando al son, de mi corazón.
&lt;br&gt;Bailando voy, yo bailo que bailo.
&lt;br&gt;Bailando amor, hay fiesta en el sol.
&lt;br&gt;
&lt;br&gt;Bailando voy, yo bailo que bailo.
&lt;br&gt;Bailando al son, de mi corazón.
&lt;br&gt;Bailando voy, yo bailo que bailo.
&lt;br&gt;Bailando amor, hay fiesta en el sol.
&lt;br&gt;
&lt;br&gt;Hoy ya no me pienso aburrir, hoy ya no me pienso agobiar mañana te lo cuento.
&lt;br&gt;Hoy ya no te quiero oír, hoy ya no me quiero callar no quiero más tormento.
&lt;br&gt;Hoy tengo un plan perfecto, no quiero estar parada un día más.
&lt;br&gt;Hoy quiero estar de miedo, salgo a triunfar.
&lt;br&gt;
&lt;br&gt;Bailando voy, yo bailo que bailo.
&lt;br&gt;Bailando al son, de mi corazón.
&lt;br&gt;Bailando voy, yo bailo que bailo.
&lt;br&gt;Bailando amor, hay fiesta en el sol.
&lt;br&gt;
&lt;br&gt;Bailando voy, yo bailo que bailo.
&lt;br&gt;Bailando al son, de mi corazón.
&lt;br&gt;Bailando voy, yo bailo que bailo.
&lt;br&gt;Bailando amor, hay fiesta en el sol.
&lt;br&gt;
&lt;br&gt;Bailando voy, yo bailo que bailo.&lt;/p&gt;
</description>
    </item>
    
    <item>
      <title> Besame Despacito</title>
      <link>http://letraspedia.com/lyric/32-besame-despacito/</link>
      <pubDate>Mon, 01 Sep 2008 00:00:00 UTC</pubDate>
      <author>Enthusiastic Hugo User</author>
      <guid>http://letraspedia.com/lyric/32-besame-despacito/</guid>
      <description>&lt;p&gt;Que no ves que no lo ves cuando me miras me rindo a tus pies
&lt;br&gt;y me das rubores me das me tienes aturdida como la novia en el altar
&lt;br&gt;yo se que ahora lo ves que do
&lt;br&gt;tendria atrapada en tu red siento emocion
&lt;br&gt;y gran combocion es que tu voz me ciega y me acelera
&lt;br&gt;ay ay ay yotengo miedo que miedo de ay ay ay ay
&lt;br&gt;
&lt;br&gt;BESAME DESPACITO AY SUAVECITO  DAME TU CARIÑITO
&lt;br&gt;SUSURRAME BAJITO SOLO UN POQUITITOCON CUIDADITO
&lt;br&gt;AY QUE BONITO AY AY
&lt;br&gt;BESAME DESPACITO AY SUAVECITO HABLAME TANTITO
&lt;br&gt;QUE MJI SUEÑO ES INFINITO AY QUE BONITO ME VA A ESPLOTAR EL CORAZON AY AY
&lt;br&gt;
&lt;br&gt;Ay que bien me siento tan bien cuando suspiras suspiro
&lt;br&gt;tambien como un volcan un fuerte huracan me llevaras mu lejos
&lt;br&gt;y el mismo cielo es de tocar
&lt;br&gt;Veras que aprendere pasito a paso eso de querer
&lt;br&gt;cada instruccion yo seguire dime lo que tu quieres a tu manera
&lt;br&gt;
&lt;br&gt;*ESTRIBILLLO (X2)&lt;/p&gt;
</description>
    </item>
    
    <item>
      <title> Boom, Boom</title>
      <link>http://letraspedia.com/lyric/32-boom-boom/</link>
      <pubDate>Mon, 01 Sep 2008 00:00:00 UTC</pubDate>
      <author>Enthusiastic Hugo User</author>
      <guid>http://letraspedia.com/lyric/32-boom-boom/</guid>
      <description>&lt;p&gt;Este ritmo se llama BOOM BOOM
&lt;br&gt;Este ritmo se llama BOOM BOOM
&lt;br&gt;Y si te gusta bailarlo, mueve el cuerpo.
&lt;br&gt;Sácate todos tus miedos.
&lt;br&gt;Sacate todos tus miedos.
&lt;br&gt;Y si te gusta mi ritmo, mueve el cuerpo.
&lt;br&gt;Dejate llevar con suavidaad, que este baile atrae libertaaad.
&lt;br&gt;Trata de moverte ahora, con mucho sabor, y con el BOOM BOOM BOOM y el BAM BAM BAM, vamos a celebrar!!! Hey!!!
&lt;br&gt;Un movimiento de derecha, Boom Boom.
&lt;br&gt;Y después para la izquierda, bam bam.
&lt;br&gt;Y así dejamos que se mueva el cuerpo con ese Boom Boom que mata a las penas.
&lt;br&gt;Un meneito para abajo, Boom Boom.
&lt;br&gt;Y un saltito para arriba, bam bam.
&lt;br&gt;Y después moviendo las caderas vamos hacia adelante todos en cadena.
&lt;br&gt;
&lt;br&gt;Trata de moverte ahora
&lt;br&gt;con mucho sabor
&lt;br&gt;y con el Boom Boom Boom
&lt;br&gt;y el bam bam bam
&lt;br&gt;vamos a celebrar.
&lt;br&gt;
&lt;br&gt;Un movimiento de derecha, Boom Boom.
&lt;br&gt;Y después para la izquierda, bam bam.
&lt;br&gt;Y así dejamos que se mueva el cuerpo con ese Boom Boom que mata a las penas.
&lt;br&gt;Un meneito para abajo, Boom Boom.
&lt;br&gt;Y un saltito para arriba, bam bam.
&lt;br&gt;Y después moviendo las caderas vamos hacia adelante todos en cadena.
&lt;br&gt;
&lt;br&gt;Tas gozando mi ritmo Boom Boom,
&lt;br&gt;tas gozando mi ritmo Boom Boom
&lt;br&gt;se que te gusta bailarlo mueve el cuerpo.
&lt;br&gt;Deja todos tus problemas,
&lt;br&gt;deja todos tus problemas
&lt;br&gt;y verás que la alegría se te pega.
&lt;br&gt;
&lt;br&gt;Déjate llevar con suavidad
&lt;br&gt;y con el Boom Boom Boom
&lt;br&gt;y el bam bam bam
&lt;br&gt;vamos a celebrar.
&lt;br&gt;
&lt;br&gt;ESTRIBILLO
&lt;br&gt;
&lt;br&gt;Con el Boom, Boom
&lt;br&gt;con el bam, bam.
&lt;br&gt;
&lt;br&gt;Con el Boom, Boom
&lt;br&gt;con el bam, bam.
&lt;br&gt;
&lt;br&gt;ESTRIBILLOS
&lt;br&gt;
&lt;br&gt;Un movimiento de derecha, Boom Boom.&lt;/p&gt;
</description>
    </item>
    
    <item>
      <title> Bulla</title>
      <link>http://letraspedia.com/lyric/32-bulla/</link>
      <pubDate>Mon, 01 Sep 2008 00:00:00 UTC</pubDate>
      <author>Enthusiastic Hugo User</author>
      <guid>http://letraspedia.com/lyric/32-bulla/</guid>
      <description>&lt;p&gt;Oaoaoa bulla oeoaoe olé eoa baila ese ritmo de moda.
&lt;br&gt;Oaoaoa bulla oeoeoa olá eoa así baila siempre a tu bola.
&lt;br&gt;
&lt;br&gt;No pierdas el hilo de lo que digo de lo que hago de lo que canto,
&lt;br&gt;ay ay ay, ay ay ay, dale que dale mañana es tarde para gozar no pierdas las ganas verás que guasa,
&lt;br&gt;todos unidos nos divertimos, ay ay ay, ay ay ay,
&lt;br&gt;dale que dale mañana es tarde pa&amp;rsquo; disfrutar.
&lt;br&gt;
&lt;br&gt;Mira que noche, noche de luna, baila que baila sigue la bullaaaaa
&lt;br&gt;Bulla bulla bulla bulla olá olé ay ay ay muevete con el ritmo de moda.
&lt;br&gt;Bulla bulla bulla bulla olé olá ay ay ay baila ya siempre a tu bola.
&lt;br&gt;
&lt;br&gt;Oaoaoa bulla oeoaoe olé eoa baila
&lt;br&gt;ese ritmo de moda
&lt;br&gt;Oaoaoa bulla oeoeoa olá eoa
&lt;br&gt;así baila siempre a tu bola.
&lt;br&gt;
&lt;br&gt;No seas un crio buscando lios pensemos siempre en positivo
&lt;br&gt;ay ay ay, ay ay ay, dale que dale mañana es tarde es tarde para gozar.
&lt;br&gt;En tus malas horas de pasota sueña colores verás que mola
&lt;br&gt;ay ay ay dale que dale mañana es tarde pa&amp;rsquo; disfrutar.
&lt;br&gt;
&lt;br&gt;Mira que noche, noche de luna,
&lt;br&gt;baila que baila sigue la bullaaaaa&amp;hellip;
&lt;br&gt;Bulla bulla bulla bulla olá olé
&lt;br&gt;ay ay ay muevete con el ritmo de moda.
&lt;br&gt;Bulla bulla bulla bulla olé olá
&lt;br&gt;ay ay ay baila ya siempre a tu bola.
&lt;br&gt;
&lt;br&gt;Oaoaoa bulla oeoaoe olé eoa
&lt;br&gt;baila ese ritmo de moda
&lt;br&gt;Oaoaoa bulla oeoeoa olá eoa
&lt;br&gt;así baila siempre a tu bola.
&lt;br&gt;
&lt;br&gt;Bulla bulla bulla bulla olá olé
&lt;br&gt;ay ay ay muevete con el ritmo de moda.
&lt;br&gt;Bulla bulla bulla bulla olé olá
&lt;br&gt;ay ay ay baila ya siempre a tu bola.(x2)
&lt;br&gt;¡Oaoaoa Bulla!&lt;/p&gt;
</description>
    </item>
    
    <item>
      <title> Castillos En El Aire</title>
      <link>http://letraspedia.com/lyric/32-castillos-en-el-aire/</link>
      <pubDate>Mon, 01 Sep 2008 00:00:00 UTC</pubDate>
      <author>Enthusiastic Hugo User</author>
      <guid>http://letraspedia.com/lyric/32-castillos-en-el-aire/</guid>
      <description>&lt;p&gt;Vivir con prisa para morir con calma,
&lt;br&gt;soñar un mundo de ilusiones que se alcanzan
&lt;br&gt;hablar bajito para gritar mas fuerte
&lt;br&gt;que existe un mundo de colores diferentes
&lt;br&gt;
&lt;br&gt;Reir con fuerza para calmar los llantos
&lt;br&gt;tocar la luna simplemente con un santo,
&lt;br&gt;dejarte el alma con una despedida
&lt;br&gt;y asi tener una excusa pa&amp;rsquo; volver
&lt;br&gt;
&lt;br&gt;me quedare calladito para oir verdades
&lt;br&gt;que no dire, si no canto esta cancion
&lt;br&gt;como escucharas mi voz..
&lt;br&gt;
&lt;br&gt;Hay que reir,
&lt;br&gt;la vida esta cansada de vivir por ti
&lt;br&gt;Hay q romper barreras
&lt;br&gt;dejate de historias y comienza a ser feliz
&lt;br&gt;No hay que soñar
&lt;br&gt;Hay que cumplir los sueños
&lt;br&gt;sin poder pintar castillos en el aire
&lt;br&gt;Ahora te preguntas, ya mañana dios dira
&lt;br&gt;y dios dira..
&lt;br&gt;
&lt;br&gt;Romper barreras para sentirte suelto
&lt;br&gt;dormir tranquila como la bella del cuento
&lt;br&gt;pasar mil horas frete a tu ventana
&lt;br&gt;y que me vea a mi la piel en babydoll en la mañana
&lt;br&gt;
&lt;br&gt;Me quedare calladita para oir verdades,
&lt;br&gt;que no dire, si no canto esta cancion
&lt;br&gt;como escucharas mi voz
&lt;br&gt;
&lt;br&gt;Hay que reir,
&lt;br&gt;la vida esta cansada de vivir por ti
&lt;br&gt;Hay q romper barreras
&lt;br&gt;dejate de historias y comienza a ser feliz
&lt;br&gt;No hay que soñar
&lt;br&gt;Hay que cumplir los sueños
&lt;br&gt;sin poder pintar castillos en el aire
&lt;br&gt;Ahora te preguntas, ya mañana dios dira
&lt;br&gt;y dios dira..
&lt;br&gt;
&lt;br&gt;Hay que reir,
&lt;br&gt;la vida esta cansada de vivir por ti
&lt;br&gt;Hay q romper barreras
&lt;br&gt;dejate de historias y comienza a ser feliz
&lt;br&gt;No hay que soñar
&lt;br&gt;Hay que cumplir los sueños
&lt;br&gt;sin poder pintar castillos en el aire
&lt;br&gt;Ahora te preguntas, ya mañana dios dira
&lt;br&gt;y dios dira..
&lt;br&gt;
&lt;br&gt;Me quedare calladita para oir verdades,
&lt;br&gt;que no dire, si no canto esta cancion
&lt;br&gt;como escucharas mi voz
&lt;br&gt;
&lt;br&gt;Hay que reir,
&lt;br&gt;la vida esta cansada de vivir por ti
&lt;br&gt;Hay q romper barreras
&lt;br&gt;dejate de historias y comienza a ser feliz
&lt;br&gt;No hay que soñar
&lt;br&gt;Hay que cumplir los sueños
&lt;br&gt;sin poder pintar castillos en el aire
&lt;br&gt;Ahora te preguntas, ya mañana dios dira
&lt;br&gt;y dios dira.. (bis)&lt;/p&gt;
</description>
    </item>
    
    <item>
      <title> Chachi Piruli</title>
      <link>http://letraspedia.com/lyric/32-chachi-piruli/</link>
      <pubDate>Mon, 01 Sep 2008 00:00:00 UTC</pubDate>
      <author>Enthusiastic Hugo User</author>
      <guid>http://letraspedia.com/lyric/32-chachi-piruli/</guid>
      <description>&lt;p&gt;He sentido un cosquilleo,
&lt;br&gt;Con la fuerza de un imán,
&lt;br&gt;No se viene con rodeos,
&lt;br&gt;Ya no me puedo escapar.
&lt;br&gt;
&lt;br&gt;Me a pillado por sorpresa,
&lt;br&gt;me ha liado el corazón,
&lt;br&gt;yo pasaba de princesas,
&lt;br&gt;y ahora me alegro porque&amp;hellip;
&lt;br&gt;
&lt;br&gt;Chachi chachi piruli sera sera
&lt;br&gt;que me enamore me va me va
&lt;br&gt;como me gusta besar sin miedo.
&lt;br&gt;Chachi chachi piruli sera sera
&lt;br&gt;que me enamore me va me va
&lt;br&gt;como me gusta besar sin miedo.
&lt;br&gt;
&lt;br&gt;Ya no hago el gamberro,
&lt;br&gt;Y me e vuelto mas formal,
&lt;br&gt;Saco a pasear al perro,
&lt;br&gt;Y hago caso a mi mamá.
&lt;br&gt;
&lt;br&gt;Me a pillado por sorpresa,
&lt;br&gt;me aliado el corazon,
&lt;br&gt;yo pasaba de princesas,
&lt;br&gt;y ahora me alegro porque&amp;hellip;
&lt;br&gt;
&lt;br&gt;Chachi chachi piruli sera sera,
&lt;br&gt;que me enamore me va me va,
&lt;br&gt;como me gusta besar sin miedo.
&lt;br&gt;Chachi chachi piruli sera sera,
&lt;br&gt;que me enamore me va me va,
&lt;br&gt;como me gusta besar sin miedo.
&lt;br&gt;
&lt;br&gt;Listen Baby,
&lt;br&gt;Come on with me,
&lt;br&gt;Kiss me Baby,
&lt;br&gt;One two.
&lt;br&gt;
&lt;br&gt;Listen Baby,
&lt;br&gt;Come on with me,
&lt;br&gt;Kiss me Baby,
&lt;br&gt;One two, one two three,
&lt;br&gt;
&lt;br&gt;Chachi chachi piruli sera sera,
&lt;br&gt;que me enamore me va me va,
&lt;br&gt;como me gusta besar sin miedo.
&lt;br&gt;Chachi chachi piruli sera sera,
&lt;br&gt;que me enamore me va me va,
&lt;br&gt;como me gusta besar sin miedo.
&lt;br&gt;
&lt;br&gt;Besar sin Miedo.&lt;/p&gt;
</description>
    </item>
    
    <item>
      <title> Cola Cao</title>
      <link>http://letraspedia.com/lyric/32-cola-cao/</link>
      <pubDate>Mon, 01 Sep 2008 00:00:00 UTC</pubDate>
      <author>Enthusiastic Hugo User</author>
      <guid>http://letraspedia.com/lyric/32-cola-cao/</guid>
      <description>&lt;p&gt;Yo soy aquel negrito
&lt;br&gt;del África tropical
&lt;br&gt;que cultivando cantaba
&lt;br&gt;la canción del Cola Cao
&lt;br&gt;y como verán ustedes
&lt;br&gt;les voy a relatar
&lt;br&gt;las múltiples cualidades
&lt;br&gt;de este producto sin par.
&lt;br&gt;
&lt;br&gt;Es el Cola Cao desayuno y merienda,
&lt;br&gt;es el Cola Cao desayuno y merienda ideal, Cola Cao.
&lt;br&gt;
&lt;br&gt;Lo toma el futbolista para entrar goles,
&lt;br&gt;también lo toman los buenos nadadores,
&lt;br&gt;si lo toma el ciclista se hace el amo de la pista
&lt;br&gt;y si es el boxeador golpea que es un primor.
&lt;br&gt;
&lt;br&gt;Yo soy aquel negrito
&lt;br&gt;del África tropical
&lt;br&gt;que cultivando cantaba
&lt;br&gt;la canción del Cola Cao
&lt;br&gt;y como verán ustedes
&lt;br&gt;les voy a relatar
&lt;br&gt;las múltiples cualidades
&lt;br&gt;de este producto sin par.
&lt;br&gt;
&lt;br&gt;Es el Cola Cao desayuno y merienda,
&lt;br&gt;es el Cola Cao desayuno y merienda ideal, Cola Cao.
&lt;br&gt;
&lt;br&gt;Lo toma el futbolista para entrar goles,
&lt;br&gt;también lo toman los buenos nadadores,
&lt;br&gt;si lo toma el ciclista se hace el amo de la pista
&lt;br&gt;y si es el boxeador golpea que es un primor.&lt;/p&gt;
</description>
    </item>
    
    <item>
      <title> Cosas De Mayores</title>
      <link>http://letraspedia.com/lyric/32-cosas-de-mayores/</link>
      <pubDate>Mon, 01 Sep 2008 00:00:00 UTC</pubDate>
      <author>Enthusiastic Hugo User</author>
      <guid>http://letraspedia.com/lyric/32-cosas-de-mayores/</guid>
      <description>&lt;p&gt;No me cuentes cuentos que no crees ni tu no me hagas malas cuentas que te pongo una cruz;
&lt;br&gt;Yo no tengo paranoias ni una tabla de windsurf pero tengo las ideas mucho mas claras que tu;
&lt;br&gt;Cuidame esta tierra que es la unica que tengo y no caces mas ballenas ni me ensucies mas el cielo;
&lt;br&gt;una novia, un buen trabajo y un coche de Madrid toda la vida compitiendo y al final lo haras feliz
&lt;br&gt;
&lt;br&gt;Cosas de mayores, un mundo al reves cabeza con pies;
&lt;br&gt;cosas de mayores, no quiero aprender tanta estupidez.
&lt;br&gt;
&lt;br&gt;Un millón de luces luego todos a bailar, no me derrito por los chicos yo nunca voy a fumar;
&lt;br&gt;en mi casa hay una fiesta aunque se enfade papá me hago otro par de agujeros para dos piercings mas;
&lt;br&gt;Ellos imponen sus reglas, nos controlan con reloj, y después nos dan ejemplo haciendo lo que dicen no;
&lt;br&gt;está prohibido divertirse, hasta en el parque de atracciones, y molesto todo el día con las cosas de mayores!!!
&lt;br&gt;
&lt;br&gt;Cosas de mayores un mundo al reves cabeza con pies;
&lt;br&gt;cosas de mayores no quiero aprender tanta estupidez,(x2)
&lt;br&gt;
&lt;br&gt;cosas de mayores puaaj
&lt;br&gt;
&lt;br&gt;cosas de mayores
&lt;br&gt;
&lt;br&gt;Cosas de mayores un mundo al reves cabeza con pies;
&lt;br&gt;cosas de mayores no quiero aprender tanta estupidez.&lt;/p&gt;
</description>
    </item>
    
    <item>
      <title> Dulces Dieciséis</title>
      <link>http://letraspedia.com/lyric/32-dulces-dieciseis/</link>
      <pubDate>Mon, 01 Sep 2008 00:00:00 UTC</pubDate>
      <author>Enthusiastic Hugo User</author>
      <guid>http://letraspedia.com/lyric/32-dulces-dieciseis/</guid>
      <description>&lt;p&gt;Tienes
&lt;br&gt;ese look que me dispara locamente
&lt;br&gt;que me saca cabalmente de mi mente
&lt;br&gt;Y me hace ser primera en llegar
&lt;br&gt;para así no perderme en tu mirada
&lt;br&gt;
&lt;br&gt;Eres
&lt;br&gt;lo mejor que me ha pasado hasta el momento
&lt;br&gt;La sonrisa que domina mi silencio
&lt;br&gt;Ese diario que no para de hablar
&lt;br&gt;de contar que estoy enamorada
&lt;br&gt;
&lt;br&gt;Pero es primera vez que siento esto
&lt;br&gt;mil mariposas que me vuelan por dentro
&lt;br&gt;
&lt;br&gt;Es tan enredado comenzar a querer
&lt;br&gt;que no me puedo creer
&lt;br&gt;que esté siempre aquí a tu lado
&lt;br&gt;Son tan complicados y sencillos a la vez
&lt;br&gt;tus dulces dieciséis
&lt;br&gt;que me muero por volverte a ver
&lt;br&gt;
&lt;br&gt;Oh volverte a ver
&lt;br&gt;
&lt;br&gt;Sabes
&lt;br&gt;que me tienes por las nubes tú lo sabes
&lt;br&gt;cuando llegas cuando entras cuando sales
&lt;br&gt;Es como un encantamiento de amor
&lt;br&gt;un hechizo que no quiero que acabe
&lt;br&gt;
&lt;br&gt;Pero es primera vez que siento esto
&lt;br&gt;mil mariposas que me vuelan por dentro
&lt;br&gt;
&lt;br&gt;Es tan enredado comenzar a querer
&lt;br&gt;que no me puedo creer
&lt;br&gt;que esté siempre aquí a tu lado
&lt;br&gt;Son tan complicados y sencillos a la vez
&lt;br&gt;tus dulces dieciséis
&lt;br&gt;que me muero por volverte a ver
&lt;br&gt;
&lt;br&gt;Es tan enredado comenzar a querer
&lt;br&gt;que no me puedo creer
&lt;br&gt;que esté siempre aquí a tu lado
&lt;br&gt;Son tan complicados y sencillos a la vez
&lt;br&gt;tus dulces dieciséis
&lt;br&gt;que me muero por volverte a ver
&lt;br&gt;
&lt;br&gt;Oh volverte a ver
&lt;br&gt;
&lt;br&gt;Pero es primera vez que siento esto
&lt;br&gt;mil mariposas que me vuelan por dentro
&lt;br&gt;
&lt;br&gt;Es tan enredado comenzar a querer
&lt;br&gt;que no me puedo creer
&lt;br&gt;que esté siempre aquí a tu lado
&lt;br&gt;Son tan complicados y sencillos a la vez
&lt;br&gt;tus dulces dieciséis
&lt;br&gt;que me muero por volverte a ver&lt;/p&gt;
</description>
    </item>
    
    <item>
      <title> El Baile De La Ola</title>
      <link>http://letraspedia.com/lyric/32-el-baile-de-la-ola/</link>
      <pubDate>Mon, 01 Sep 2008 00:00:00 UTC</pubDate>
      <author>Enthusiastic Hugo User</author>
      <guid>http://letraspedia.com/lyric/32-el-baile-de-la-ola/</guid>
      <description>&lt;p&gt;¡¡Esa olaaaaaaaa!!!!
&lt;br&gt;
&lt;br&gt;Sube,sube a la ola
&lt;br&gt;Sube, sube como mola.
&lt;br&gt;Sube,sube a tu bola
&lt;br&gt;1,2,3,muévete ahora!(bis)
&lt;br&gt;
&lt;br&gt;Que calor,que calor es muy guay que llegue el verano.
&lt;br&gt;Se acabó,se acabó un año más, el estudiar.
&lt;br&gt;Muévete, muévete pa bailar, cógeme la mano.
&lt;br&gt;Pégate,pegare un poco más, que va empezar.
&lt;br&gt;
&lt;br&gt;Todos bien abajo de adelante hacia atrás&amp;hellip;..
&lt;br&gt;Esa olaaaaaaaaaa&amp;hellip;!!
&lt;br&gt;1, 2, 3, y&amp;hellip;
&lt;br&gt;
&lt;br&gt;Sube, sube a la ola.
&lt;br&gt;Sube, sube como mola.
&lt;br&gt;Sube, sube a tu bola.
&lt;br&gt;1, 2, 3, muévete ahora!(bis)
&lt;br&gt;
&lt;br&gt;Todo es,todo es super guay cuando hay vacaciones.
&lt;br&gt;Ni deberes, ni profes, no hay que madrugar.
&lt;br&gt;Pruébate, pruébate el bañador ven con tus amigos,
&lt;br&gt;En la playa todos bajo el sol ven a flipar.
&lt;br&gt;
&lt;br&gt;Todos bien abajo de adelante hacia atrás.
&lt;br&gt;Esa olaaaaaaaaaa&amp;hellip;!!
&lt;br&gt;1, 2, 3, y&amp;hellip;
&lt;br&gt;
&lt;br&gt;Sube, sube a la ola.
&lt;br&gt;Sube, sube como mola.
&lt;br&gt;Sube, sube a tu bola.
&lt;br&gt;1, 2, 3, muévete ahora!(bis)
&lt;br&gt;
&lt;br&gt;Sube, sube a la ola. Sube, sube&amp;hellip;
&lt;br&gt;Sube, sube como mola. Sube, sube&amp;hellip;
&lt;br&gt;Sube, sube a la ola. Sube, sube&amp;hellip;
&lt;br&gt;Sube, sube como mola. Sube, sube&amp;hellip;
&lt;br&gt;
&lt;br&gt;Todos bien abajo de adelante hacia atrás.
&lt;br&gt;Esa olaaaaaaaaaa&amp;hellip;!!
&lt;br&gt;1, 2, 3, y&amp;hellip;
&lt;br&gt;
&lt;br&gt;Sube, sube a la ola.
&lt;br&gt;Sube, sube como mola.
&lt;br&gt;Sube, sube a tu bola.
&lt;br&gt;1, 2, 3, muévete ahora!(3v)
&lt;br&gt;
&lt;br&gt;Sube sube a la ola. Sube, sube&amp;hellip;&lt;/p&gt;
</description>
    </item>
    
    <item>
      <title> El Rama Lama (rama Lama Ding Dong)</title>
      <link>http://letraspedia.com/lyric/32-el-rama-lama-rama-lama-ding-dong/</link>
      <pubDate>Mon, 01 Sep 2008 00:00:00 UTC</pubDate>
      <author>Enthusiastic Hugo User</author>
      <guid>http://letraspedia.com/lyric/32-el-rama-lama-rama-lama-ding-dong/</guid>
      <description>&lt;p&gt;El Rama Lama (Rama Lama Ding Dong)
&lt;br&gt;
&lt;br&gt;Ramala, ding dong
&lt;br&gt;Ramala, ding ding dong
&lt;br&gt;Ramalamalamalamalama ding dong
&lt;br&gt;Ramalamalamalamalama ding
&lt;br&gt;Ramalamalamalamalama ding dong
&lt;br&gt;Ramalamalamalamalama ding
&lt;br&gt;Ramalamalamalamalama ding dong
&lt;br&gt;Ramalamalamalamalama ding
&lt;br&gt;Ramalamalamalamalama ding dong
&lt;br&gt;Ramalamalamalamalama ding
&lt;br&gt;Uuuuaaaauuuu
&lt;br&gt;Hooooooy mi movil suena asi
&lt;br&gt;Ramalamalamalamalama ding dong
&lt;br&gt;Vibrando a mas de mil
&lt;br&gt;Ramalamalamalamalama ding dong
&lt;br&gt;Se ha vuelto locoo
&lt;br&gt;Porque has llamado tuuu
&lt;br&gt;Oolle niño me voy a morir
&lt;br&gt;Ramalamalamalamalama ding dong
&lt;br&gt;Si no te puedo oir
&lt;br&gt;Ramalamalamalamalama ding dong
&lt;br&gt;Manda una fotoo, con un mensaje de amoor
&lt;br&gt;Pampamparampampampam
&lt;br&gt;Een clase, no oigo al profesoor
&lt;br&gt;En casa espero frente al ordenadoor
&lt;br&gt;Llega un correo, me explota el corazoon
&lt;br&gt;Sera, sera, no puedo maaaas
&lt;br&gt;Hoy mi movil suena asi
&lt;br&gt;Ramalamalamalamalama ding dong
&lt;br&gt;Sin saldo pa vivir
&lt;br&gt;Ramalamalamalamalama ding dong
&lt;br&gt;Se ha vuelto loco, porque has llamado tuuu
&lt;br&gt;Pampampam
&lt;br&gt;(coro)
&lt;br&gt;Uuuaaauu
&lt;br&gt;Pampamparampampampam
&lt;br&gt;Een clase, no oigo al profesoor
&lt;br&gt;En casa espero, frente al ordenadoor
&lt;br&gt;Llega un correo, me explota el corazoon
&lt;br&gt;Sera, sera, no puedo maaaas
&lt;br&gt;Oye niño dime cariño
&lt;br&gt;Ramalamalamalamalama ding dong
&lt;br&gt;Se que te hago tilin
&lt;br&gt;Ramalamalamalamalama ding dong
&lt;br&gt;Tu seras para mi
&lt;br&gt;Como un principe azuul
&lt;br&gt;Pampampam
&lt;br&gt;Ramala, ding dong
&lt;br&gt;Ramala, ding ding dong
&lt;br&gt;Pampampam
&lt;br&gt;Ramalamalamalamalama ding dong
&lt;br&gt;Ramalamalamalamalama ding
&lt;br&gt;Ramalamalamalamalama ding dong
&lt;br&gt;Ramalamalamalamalama ding
&lt;br&gt;Ramalamalamalamalama ding dong
&lt;br&gt;Ramalamalamalamalama ding
&lt;br&gt;Uuuaaauuu&lt;/p&gt;
</description>
    </item>
    
  </channel>
</rss>