<?xml version="1.0" encoding="utf-8" standalone="yes" ?>
<rss version="2.0" xmlns:atom="http://www.w3.org/2005/Atom">
  <channel>
      <title>3 Steps Ahead on Letraspedia.com thes best lyrics page </title>
    <link>http://letraspedia.com/artist/3-steps-ahead/</link>
    <language>en-US</language>
    <author>Enthusiastic Hugo User</author>
    <rights>Copyright (c) 2014, Enthusiastic Hugo User; all rights reserved.</rights>
    <updated>Mon, 01 Sep 2008 00:00:00 UTC</updated>
    
    <item>
      <title> Cloud 9</title>
      <link>http://letraspedia.com/lyric/3-steps-ahead-cloud-9/</link>
      <pubDate>Mon, 01 Sep 2008 00:00:00 UTC</pubDate>
      <author>Enthusiastic Hugo User</author>
      <guid>http://letraspedia.com/lyric/3-steps-ahead-cloud-9/</guid>
      <description>&lt;p&gt;Need somebody
&lt;br&gt;to drink with?
&lt;br&gt;
&lt;br&gt;I&amp;rsquo;m on Cloud 9
&lt;br&gt;
&lt;br&gt;How are you doing buddy?
&lt;br&gt;Give me a call sometime
&lt;br&gt;
&lt;br&gt;Need somebody
&lt;br&gt;to drink with?
&lt;br&gt;
&lt;br&gt;I&amp;rsquo;m on Cloud 9
&lt;br&gt;
&lt;br&gt;How are you doing buddy?
&lt;br&gt;Give me a call sometime&lt;/p&gt;
</description>
    </item>
    
    <item>
      <title> Drop It</title>
      <link>http://letraspedia.com/lyric/3-steps-ahead-drop-it/</link>
      <pubDate>Mon, 01 Sep 2008 00:00:00 UTC</pubDate>
      <author>Enthusiastic Hugo User</author>
      <guid>http://letraspedia.com/lyric/3-steps-ahead-drop-it/</guid>
      <description>&lt;p&gt;Ah, Jesus!
&lt;br&gt;I wish you could see this&amp;hellip;
&lt;br&gt;The light&amp;rsquo;s coming up
&lt;br&gt;I&amp;rsquo;ve never seen a painting
&lt;br&gt;that captures the beauty of the ocean
&lt;br&gt;at a moment like this
&lt;br&gt;
&lt;br&gt;I&amp;rsquo;m gonna make you rich,
&lt;br&gt;bud fox
&lt;br&gt;Yeah,
&lt;br&gt;rich enough that you can afford a girl like darien
&lt;br&gt;This is your wake-up call, pal
&lt;br&gt;Go to work!
&lt;br&gt;
&lt;br&gt;Drop It
&lt;br&gt;
&lt;br&gt;High&amp;hellip;
&lt;br&gt;We re flying high&amp;hellip;
&lt;br&gt;Right up to the sky&lt;/p&gt;
</description>
    </item>
    
    <item>
      <title> Fuck The Police</title>
      <link>http://letraspedia.com/lyric/3-steps-ahead-fuck-the-police/</link>
      <pubDate>Mon, 01 Sep 2008 00:00:00 UTC</pubDate>
      <author>Enthusiastic Hugo User</author>
      <guid>http://letraspedia.com/lyric/3-steps-ahead-fuck-the-police/</guid>
      <description>&lt;p&gt;Listen to this man
&lt;br&gt;Last night i was watching tv
&lt;br&gt;Listen to this man
&lt;br&gt;The police came in
&lt;br&gt;They ripped the whole place apart
&lt;br&gt;They&amp;rsquo;ve beaten me up man
&lt;br&gt;They&amp;rsquo;ve kicked my ass
&lt;br&gt;
&lt;br&gt;They&amp;hellip; they took all my shit
&lt;br&gt;They said they&amp;rsquo;d be back for more
&lt;br&gt;What can I do?
&lt;br&gt;Where can I go?
&lt;br&gt;
&lt;br&gt;Fuck the police!&lt;/p&gt;
</description>
    </item>
    
    <item>
      <title> Ganster</title>
      <link>http://letraspedia.com/lyric/3-steps-ahead-ganster/</link>
      <pubDate>Mon, 01 Sep 2008 00:00:00 UTC</pubDate>
      <author>Enthusiastic Hugo User</author>
      <guid>http://letraspedia.com/lyric/3-steps-ahead-ganster/</guid>
      <description>&lt;p&gt;Gangster
&lt;br&gt;
&lt;br&gt;As far back as
&lt;br&gt;I can remember,
&lt;br&gt;I&amp;rsquo;ve always wanted
&lt;br&gt;to be a gangster
&lt;br&gt;
&lt;br&gt;Gangster
&lt;br&gt;
&lt;br&gt;As far back as
&lt;br&gt;I can remember,
&lt;br&gt;I&amp;rsquo;ve always wanted
&lt;br&gt;to be a gangster&lt;/p&gt;
</description>
    </item>
    
    <item>
      <title> In The Name Of Love</title>
      <link>http://letraspedia.com/lyric/3-steps-ahead-in-the-name-of-love/</link>
      <pubDate>Mon, 01 Sep 2008 00:00:00 UTC</pubDate>
      <author>Enthusiastic Hugo User</author>
      <guid>http://letraspedia.com/lyric/3-steps-ahead-in-the-name-of-love/</guid>
      <description>&lt;p&gt;I am excited
&lt;br&gt;In the name of love
&lt;br&gt;
&lt;br&gt;I am excited
&lt;br&gt;In the name of love
&lt;br&gt;
&lt;br&gt;I am excited
&lt;br&gt;In the name of love, love, love, love
&lt;br&gt;
&lt;br&gt;Bring it on down!
&lt;br&gt;
&lt;br&gt;Bring it on, bring it on
&lt;br&gt;I am excited
&lt;br&gt;
&lt;br&gt;Bring it on down
&lt;br&gt;
&lt;br&gt;In the name of love, love, love, love, love
&lt;br&gt;
&lt;br&gt;Love, love, love, love, love, love, love (x12)
&lt;br&gt;
&lt;br&gt;In the name of love
&lt;br&gt;
&lt;br&gt;Bring it on down
&lt;br&gt;Bring it on down
&lt;br&gt;
&lt;br&gt;Bring it on, bring it on
&lt;br&gt;
&lt;br&gt;I am excited
&lt;br&gt;
&lt;br&gt;Bring it on, bring it on
&lt;br&gt;
&lt;br&gt;I am excited
&lt;br&gt;
&lt;br&gt;In the name of love, love, love, love, love&lt;/p&gt;
</description>
    </item>
    
    <item>
      <title> Its Delicious</title>
      <link>http://letraspedia.com/lyric/3-steps-ahead-its-delicious/</link>
      <pubDate>Mon, 01 Sep 2008 00:00:00 UTC</pubDate>
      <author>Enthusiastic Hugo User</author>
      <guid>http://letraspedia.com/lyric/3-steps-ahead-its-delicious/</guid>
      <description>&lt;p&gt;Voulez-vous coucher avec moi
&lt;br&gt;Voulez-vous, voulez-vous
&lt;br&gt;Voulez, voulez, voulez-vous
&lt;br&gt;Voulez-vous coucher avec moi
&lt;br&gt;Oh yeah !
&lt;br&gt;Voulez-vous coucher avec moi
&lt;br&gt;Oh, oh, oh
&lt;br&gt;Voulez-vous coucher avec moi
&lt;br&gt;Oh yeah !
&lt;br&gt;Voulez-vous coucher avec moi, ce soir !
&lt;br&gt;
&lt;br&gt;Voulez-vous coucher avec moi, ce soir !
&lt;br&gt;
&lt;br&gt;Come on
&lt;br&gt;Come on, it&amp;rsquo;s delicious !
&lt;br&gt;Come on,
&lt;br&gt;Come on it&amp;rsquo;s delicious, baby !
&lt;br&gt;
&lt;br&gt;Oh yeah !
&lt;br&gt;
&lt;br&gt;Come on it&amp;rsquo;s delicious, baby ! (x2)
&lt;br&gt;
&lt;br&gt;It&amp;rsquo;s delicious, delicious, delicious !
&lt;br&gt;
&lt;br&gt;Pump it up now !
&lt;br&gt;It&amp;rsquo;s delicious !
&lt;br&gt;Pump it up now !
&lt;br&gt;Come on it&amp;rsquo;s delicious, baby !
&lt;br&gt;Pump it up now !
&lt;br&gt;It&amp;rsquo;s delicious !
&lt;br&gt;Pump it up now !
&lt;br&gt;Voulez-vous coucher avec moi, ce soir
&lt;br&gt;
&lt;br&gt;Pump it up now !&lt;/p&gt;
</description>
    </item>
    
    <item>
      <title> Mindblower</title>
      <link>http://letraspedia.com/lyric/3-steps-ahead-mindblower/</link>
      <pubDate>Mon, 01 Sep 2008 00:00:00 UTC</pubDate>
      <author>Enthusiastic Hugo User</author>
      <guid>http://letraspedia.com/lyric/3-steps-ahead-mindblower/</guid>
      <description>&lt;p&gt;This is what we want
&lt;br&gt;This is what we want
&lt;br&gt;Louder!
&lt;br&gt;
&lt;br&gt;This is what we want
&lt;br&gt;Louder!
&lt;br&gt;
&lt;br&gt;This is what we want
&lt;br&gt;We want it louder!
&lt;br&gt;Louder!&lt;/p&gt;
</description>
    </item>
    
    <item>
      <title> Paint It Black</title>
      <link>http://letraspedia.com/lyric/3-steps-ahead-paint-it-black/</link>
      <pubDate>Mon, 01 Sep 2008 00:00:00 UTC</pubDate>
      <author>Enthusiastic Hugo User</author>
      <guid>http://letraspedia.com/lyric/3-steps-ahead-paint-it-black/</guid>
      <description>&lt;p&gt;I see a red door
&lt;br&gt;and I want it painted black.
&lt;br&gt;
&lt;br&gt;No colors anymore
&lt;br&gt;I want them to turn black.
&lt;br&gt;
&lt;br&gt;I see the girls walk by dressed
&lt;br&gt;in their summer clothes.
&lt;br&gt;
&lt;br&gt;I have to turn my head
&lt;br&gt;until my darkness goes.
&lt;br&gt;I see a line of cars
&lt;br&gt;and they&amp;rsquo;re all painted black.
&lt;br&gt;With flowers
&lt;br&gt;and my love both never to come back.
&lt;br&gt;I see people turn their heads
&lt;br&gt;and quickly look away.
&lt;br&gt;
&lt;br&gt;Like a new born baby
&lt;br&gt;it just happens every day.
&lt;br&gt;I look inside myself
&lt;br&gt;and see my heart is black.
&lt;br&gt;
&lt;br&gt;I see my red door
&lt;br&gt;and it has been painted black.
&lt;br&gt;Maybe then I&amp;rsquo;ll fade away
&lt;br&gt;and not have to face the facts.
&lt;br&gt;It&amp;rsquo;s not easy facin&amp;rsquo; up
&lt;br&gt;when your whole world is black.
&lt;br&gt;
&lt;br&gt;No more will my green sea
&lt;br&gt;go turn a deeper blue.
&lt;br&gt;I could not foresee this thing
&lt;br&gt;happening to you.
&lt;br&gt;If I look hard enough into the settin&amp;rsquo; sun.
&lt;br&gt;My love will laugh with me
&lt;br&gt;before the mornin&amp;rsquo; comes.
&lt;br&gt;
&lt;br&gt;I see a red door and
&lt;br&gt;I want it painted black.
&lt;br&gt;No colors anymore
&lt;br&gt;I want them to turn black.
&lt;br&gt;
&lt;br&gt;I see the girls walk by dressed
&lt;br&gt;in their summer clothes.
&lt;br&gt;I have to turn my head until my darkness goes.
&lt;br&gt;I wanna see it painted, painted black.
&lt;br&gt;
&lt;br&gt;Black as night,
&lt;br&gt;black as coal.
&lt;br&gt;I wanna see the sun
&lt;br&gt;blotted out from the sky.
&lt;br&gt;I wanna see it painted,
&lt;br&gt;painted, painted, painted black.
&lt;br&gt;Yeah!&lt;/p&gt;
</description>
    </item>
    
  </channel>
</rss>