<?xml version="1.0" encoding="utf-8" standalone="yes" ?>
<rss version="2.0" xmlns:atom="http://www.w3.org/2005/Atom">
  <channel>
      <title>2pac Ft Bone Thugs N Harmony on Letraspedia.com thes best lyrics page </title>
    <link>http://letraspedia.com/artist/2pac-ft-bone-thugs-n-harmony/</link>
    <language>en-US</language>
    <author>Enthusiastic Hugo User</author>
    <rights>Copyright (c) 2014, Enthusiastic Hugo User; all rights reserved.</rights>
    <updated>Mon, 01 Sep 2008 00:00:00 UTC</updated>
    
    <item>
      <title> Untouchable</title>
      <link>http://letraspedia.com/lyric/2pac-ft-bone-thugs-n-harmony-untouchable/</link>
      <pubDate>Mon, 01 Sep 2008 00:00:00 UTC</pubDate>
      <author>Enthusiastic Hugo User</author>
      <guid>http://letraspedia.com/lyric/2pac-ft-bone-thugs-n-harmony-untouchable/</guid>
      <description>&lt;p&gt;Am I wrong cause I wanna get it on till I die?
&lt;br&gt;Am I wrong cause I wanna get it on till I die?
&lt;br&gt;Get it on till I die
&lt;br&gt;Get it on till I die
&lt;br&gt;Y&amp;rsquo;all, Y&amp;rsquo;all remember me
&lt;br&gt;Y&amp;rsquo;all, Y&amp;rsquo;all remember me
&lt;br&gt;
&lt;br&gt;(Chorus: Krayzie Bone)
&lt;br&gt;
&lt;br&gt;It&amp;rsquo;s that Tupac (Pac)
&lt;br&gt;It&amp;rsquo;s that Tupac (Tupac)
&lt;br&gt;It&amp;rsquo;s that Tupac (Pac)
&lt;br&gt;It&amp;rsquo;s that Tupac (Tupac)
&lt;br&gt;It&amp;rsquo;s that Tupac (Pac)
&lt;br&gt;It&amp;rsquo;s that Tupac (Tupac)
&lt;br&gt;It&amp;rsquo;s that Tupac (Pac)
&lt;br&gt;It&amp;rsquo;s that Tupac (Tupac)
&lt;br&gt;(Pac&amp;rsquo;s home)
&lt;br&gt;Ha ha
&lt;br&gt;
&lt;br&gt;(Verse One: Tupac)
&lt;br&gt;
&lt;br&gt;After the fire comes the rain
&lt;br&gt;After the pleasure there&amp;rsquo;s pain
&lt;br&gt;Even though we broke for the moment we&amp;rsquo;ll be balling again
&lt;br&gt;Time to make ya&amp;rsquo;ll, my military be prepared for the busters similar to
&lt;br&gt;Bitches to scary, get to near me we rush &amp;lsquo;em
&lt;br&gt;Visions of over packed prisons
&lt;br&gt;Million&amp;rsquo;s of niggas thug living
&lt;br&gt;Pressure&amp;rsquo;s, three strikes I hope they don&amp;rsquo;t test us
&lt;br&gt;So pull the heat out, ammunition in crate&amp;rsquo;s (shh)
&lt;br&gt;Move without a sound as we slide down pistols in place
&lt;br&gt;I&amp;rsquo;m sensing niggas is defenceless I&amp;rsquo;m hitting fence&amp;rsquo;s then getting ghost
&lt;br&gt;Who can prevent me shooting senseless?
&lt;br&gt;At these niggas throats
&lt;br&gt;Bitch made niggas and that bullshit you going through
&lt;br&gt;Outlaws busting while we rushing
&lt;br&gt;We untouchable
&lt;br&gt;F**k you niggas and that bullshit you going through
&lt;br&gt;We Outlaws rushing you busting you
&lt;br&gt;We untouchable
&lt;br&gt;
&lt;br&gt;(Chorus: Krayzie Bone &amp;amp; Tupac)
&lt;br&gt;
&lt;br&gt;It&amp;rsquo;s that Tupac (Pac)
&lt;br&gt;(Am I wrong cause I wanna get it on till I die?)
&lt;br&gt;It&amp;rsquo;s that Tupac (Tupac)
&lt;br&gt;(Am I wrong cause I wanna get it on till I die?)
&lt;br&gt;It&amp;rsquo;s that Tupac (Pac)
&lt;br&gt;(Get it on till I die)
&lt;br&gt;It&amp;rsquo;s that Tupac (Tupac)
&lt;br&gt;(Get it on till I die)
&lt;br&gt;It&amp;rsquo;s that Tupac (Pac)
&lt;br&gt;(Y&amp;rsquo;all, Y&amp;rsquo;all remember me)
&lt;br&gt;It&amp;rsquo;s that Tupac (Tupac)
&lt;br&gt;(Y&amp;rsquo;all, Y&amp;rsquo;all remember me)
&lt;br&gt;
&lt;br&gt;(Verse Two: Krayzie Bone)
&lt;br&gt;
&lt;br&gt;You niggas better not try to run up
&lt;br&gt;And don&amp;rsquo;t try to say we ain&amp;rsquo;t told you
&lt;br&gt;You&amp;rsquo;re dealing with killers and soldiers
&lt;br&gt;Nigga these explosives, trying to blow shit, running you over
&lt;br&gt;[Untouchable lyrics on &lt;a href=&#34;http://www.metrolyrics.com&#34;&gt;http://www.metrolyrics.com&lt;/a&gt;]
&lt;br&gt;
&lt;br&gt;Nigga controller
&lt;br&gt;Whenever y&amp;rsquo;all niggas try to roll up
&lt;br&gt;Thinking I&amp;rsquo;m a ho, well, come and let me show ya
&lt;br&gt;I&amp;rsquo;m a light up the rhythm like dosia
&lt;br&gt;Dumping so potent, nigga don&amp;rsquo;t choke up
&lt;br&gt;Flow up
&lt;br&gt;Makaveli The Don, got niggas strapped and ready to bomb
&lt;br&gt;As soon as I send the alarm, and when we&amp;rsquo;re done
&lt;br&gt;We&amp;rsquo;ve committed a red rum, leaving the enemies dead and gone
&lt;br&gt;Leaving &amp;lsquo;em niggas head&amp;rsquo;s blown, cause they know they dead wrong
&lt;br&gt;When the shots ring out you know we&amp;rsquo;re coming through (Know we&amp;rsquo;re coming through)
&lt;br&gt;Talk a lot with your mouth, well what you gon&amp;rsquo; do? (So what you gon&amp;rsquo; do?)
&lt;br&gt;Shut &amp;lsquo;em down, busters be knowing to keep they distance
&lt;br&gt;Thugs don&amp;rsquo;t fuck around
&lt;br&gt;We get back at &amp;lsquo;em so swiftly, niggas is with me underground
&lt;br&gt;Slug in a niggas mug, reppin&amp;rsquo; Midwest Side
&lt;br&gt;Niggas if you a thug get your weapon, let&amp;rsquo;s ride
&lt;br&gt;Ride for Pac, Pac, get live for Pac, Pac, Pop off the Glock, Glock
&lt;br&gt;The thugging it don&amp;rsquo;t stop
&lt;br&gt;
&lt;br&gt;(Chorus x2: Krayzie Bone &amp;amp; Tupac)
&lt;br&gt;
&lt;br&gt;It&amp;rsquo;s that Tupac (Pac)
&lt;br&gt;(Am I wrong cause I wanna get it on till I die?)
&lt;br&gt;It&amp;rsquo;s that Tupac (Tupac)
&lt;br&gt;(Am I wrong cause I wanna get it on till I die?)
&lt;br&gt;It&amp;rsquo;s that Tupac (Pac)
&lt;br&gt;(Get it on till I die)
&lt;br&gt;It&amp;rsquo;s that Tupac (Tupac)
&lt;br&gt;(Get it on till I die)
&lt;br&gt;It&amp;rsquo;s that Tupac (Pac)
&lt;br&gt;(Y&amp;rsquo;all, Y&amp;rsquo;all remember me)
&lt;br&gt;It&amp;rsquo;s that Tupac (Tupac)
&lt;br&gt;(Y&amp;rsquo;all, Y&amp;rsquo;all remember me)
&lt;br&gt;
&lt;br&gt;(Verse Three: Tupac)
&lt;br&gt;
&lt;br&gt;Only wish to breed
&lt;br&gt;I explode into a million seeds
&lt;br&gt;Ya&amp;rsquo;ll remember me
&lt;br&gt;Legendary live eternally
&lt;br&gt;Bury me in pieces cause they fear reincarnation
&lt;br&gt;Niggas screaming peace cause they fear when my squad face &amp;lsquo;em
&lt;br&gt;Take them to places, stake they face then erase &amp;lsquo;em and brake &amp;lsquo;em
&lt;br&gt;Murder motherfucker&amp;rsquo;s at a rate and then quicken the pace
&lt;br&gt;Blast me but never ask me to live a lie
&lt;br&gt;Am I wrong cause I wanna get it on till I die?
&lt;br&gt;(Westcoast)
&lt;br&gt;Now I&amp;rsquo;m worldwide
&lt;br&gt;Niggas gossip like girls then hide
&lt;br&gt;No offence to Nas but this whole fucking world is mine
&lt;br&gt;Even if you blind you can still see my prophecy
&lt;br&gt;My destiny to overthrow those on top of me
&lt;br&gt;Fiending for currency the money be calling
&lt;br&gt;Can you feel me, dreaming?
&lt;br&gt;Seeing scenes of me balling?
&lt;br&gt;Fuck you bitch made niggas and that bullshit you going through
&lt;br&gt;Outlaws busting while we rushing
&lt;br&gt;We untouchable
&lt;br&gt;Fuck you niggas and that bullshit you going through
&lt;br&gt;We Outlaws rushing you busting
&lt;br&gt;We untouchable
&lt;br&gt;
&lt;br&gt;It&amp;rsquo;s that Tupac (Pac)
&lt;br&gt;(Am I wrong cause I wanna get it on till I die?)
&lt;br&gt;It&amp;rsquo;s that Tupac (Tupac)
&lt;br&gt;(Am I wrong cause I wanna get it on till I die?)&lt;/p&gt;
</description>
    </item>
    
  </channel>
</rss>