<?xml version="1.0" encoding="utf-8" standalone="yes" ?>
<rss version="2.0" xmlns:atom="http://www.w3.org/2005/Atom">
  <channel>
      <title>1990s on Letraspedia.com thes best lyrics page </title>
    <link>http://letraspedia.com/artist/1990s/</link>
    <language>en-US</language>
    <author>Enthusiastic Hugo User</author>
    <rights>Copyright (c) 2014, Enthusiastic Hugo User; all rights reserved.</rights>
    <updated>Mon, 01 Sep 2008 00:00:00 UTC</updated>
    
    <item>
      <title> Enjoying Myself</title>
      <link>http://letraspedia.com/lyric/1990s-enjoying-myself/</link>
      <pubDate>Mon, 01 Sep 2008 00:00:00 UTC</pubDate>
      <author>Enthusiastic Hugo User</author>
      <guid>http://letraspedia.com/lyric/1990s-enjoying-myself/</guid>
      <description>&lt;p&gt;I like enjoying myself
&lt;br&gt;I like enjoying you too
&lt;br&gt;I like enjoying myself at parties
&lt;br&gt;and so do you
&lt;br&gt;
&lt;br&gt;we like enjoying ourselfs
&lt;br&gt;
&lt;br&gt;some people ask am I enjoying myself
&lt;br&gt;I say
&lt;br&gt;I havent decided yet I&amp;rsquo;m just enjoying myself
&lt;br&gt;and maybe
&lt;br&gt;you can enjoy me too
&lt;br&gt;I&amp;rsquo;m just enjoying myself
&lt;br&gt;
&lt;br&gt;i would not like to play chess
&lt;br&gt;with a man in a vest
&lt;br&gt;unless he was wearing a statson?
&lt;br&gt;im goin into the forest now as my pills shall be taking effect soon
&lt;br&gt;
&lt;br&gt;now im here with my friends and we are taking some drugs
&lt;br&gt;its so fun we shall be taking some more soon
&lt;br&gt;
&lt;br&gt;I just like enjoying myself
&lt;br&gt;sometimes i wish i was wrong so i could dream i was right
&lt;br&gt;that the outside?
&lt;br&gt;and maybe you can join me for the rest of the night
&lt;br&gt;im just enjoying myself
&lt;br&gt;and maybe for the rest of the right
&lt;br&gt;i said maybe baby for the rest of the night
&lt;br&gt;i said maybe you can enjoy me for the rest of the night&lt;/p&gt;
</description>
    </item>
    
    <item>
      <title> See You At The Lights</title>
      <link>http://letraspedia.com/lyric/1990s-see-you-at-the-lights/</link>
      <pubDate>Mon, 01 Sep 2008 00:00:00 UTC</pubDate>
      <author>Enthusiastic Hugo User</author>
      <guid>http://letraspedia.com/lyric/1990s-see-you-at-the-lights/</guid>
      <description>&lt;p&gt;Barababababarabababa 
&lt;br&gt;
&lt;br&gt;Hey! Its gonna snow tonight
&lt;br&gt;I know, I will be liking it
&lt;br&gt;So lets go, lets go!
&lt;br&gt;Step out of the house
&lt;br&gt;Step into the white
&lt;br&gt;Put on that dress tonight
&lt;br&gt;The one your mom dont like
&lt;br&gt;
&lt;br&gt;Ill see you at the lights
&lt;br&gt;Barababababarabababa 
&lt;br&gt;
&lt;br&gt;Hey! I saw your photograph
&lt;br&gt;Oh no. Did it make you laugh?
&lt;br&gt;I said no! Oh no!
&lt;br&gt;Street lights too bright
&lt;br&gt;Give me some now
&lt;br&gt;Give me something to do,
&lt;br&gt;with somebody like you
&lt;br&gt;we could be in the sky
&lt;br&gt;
&lt;br&gt;Ill see you at the lights
&lt;br&gt;Babababababababababa..
&lt;br&gt;
&lt;br&gt;
&lt;br&gt;Hey I&amp;rsquo;m deep inside of me
&lt;br&gt;No lights on my Christmas tree
&lt;br&gt;I said no! Thats not a bar.
&lt;br&gt;Get out, to a bar
&lt;br&gt;get out like a blonde gets out of a car
&lt;br&gt;
&lt;br&gt;How right you are!
&lt;br&gt;you are my guardian
&lt;br&gt;you are my boogaloo
&lt;br&gt;You wear my favourite shoes
&lt;br&gt;
&lt;br&gt;I see the light in you (Bababababarababa.)
&lt;br&gt;I see the light in you&lt;/p&gt;
</description>
    </item>
    
    <item>
      <title> Switch</title>
      <link>http://letraspedia.com/lyric/1990s-switch/</link>
      <pubDate>Mon, 01 Sep 2008 00:00:00 UTC</pubDate>
      <author>Enthusiastic Hugo User</author>
      <guid>http://letraspedia.com/lyric/1990s-switch/</guid>
      <description>&lt;p&gt;Is there a switch for that?
&lt;br&gt;You gotta switch,
&lt;br&gt;Come on, switch it back
&lt;br&gt;Position off
&lt;br&gt;Why don&amp;rsquo;t you keep it shut?
&lt;br&gt;I&amp;rsquo;m tired of listening while you&amp;rsquo;re bitching up
&lt;br&gt;
&lt;br&gt;Is there a switch for that?
&lt;br&gt;I get no kiss for that
&lt;br&gt;Switch for that
&lt;br&gt;Come on, switch it back
&lt;br&gt;You got a switch for that
&lt;br&gt;Switch for that
&lt;br&gt;Well, switch it off
&lt;br&gt;
&lt;br&gt;I&amp;rsquo;m feeling good
&lt;br&gt;About me
&lt;br&gt;I&amp;rsquo;m feeling good
&lt;br&gt;About the people around me
&lt;br&gt;I don&amp;rsquo;t care
&lt;br&gt;Just what they&amp;rsquo;ve done
&lt;br&gt;Jump in the ocean
&lt;br&gt;You can lie in the sun
&lt;br&gt;
&lt;br&gt;Is there a switch for that?
&lt;br&gt;I get no kiss for that
&lt;br&gt;Switch for that
&lt;br&gt;Come on, switch it back
&lt;br&gt;Switch for that
&lt;br&gt;Switch for that
&lt;br&gt;Well, switch it off
&lt;br&gt;
&lt;br&gt;I got a switch for that
&lt;br&gt;Whoo!
&lt;br&gt;I got a switch
&lt;br&gt;And I will switch it back
&lt;br&gt;Position off
&lt;br&gt;Why don&amp;rsquo;t you keep it shut
&lt;br&gt;I&amp;rsquo;m tired of listening while you&amp;rsquo;re bitching up
&lt;br&gt;
&lt;br&gt;Is there a switch for that?
&lt;br&gt;I get no kiss for that
&lt;br&gt;Switch for that
&lt;br&gt;Come on, switch it back
&lt;br&gt;Is there a switch for that?
&lt;br&gt;Switch for that
&lt;br&gt;Well, switch it off
&lt;br&gt;
&lt;br&gt;Ooh la la la 4x
&lt;br&gt;Ooh
&lt;br&gt;Switch for that
&lt;br&gt;Well, switch it off&lt;/p&gt;
</description>
    </item>
    
    <item>
      <title> Weed</title>
      <link>http://letraspedia.com/lyric/1990s-weed/</link>
      <pubDate>Mon, 01 Sep 2008 00:00:00 UTC</pubDate>
      <author>Enthusiastic Hugo User</author>
      <guid>http://letraspedia.com/lyric/1990s-weed/</guid>
      <description>&lt;p&gt;Why don&amp;rsquo;t you try taking drugs again?
&lt;br&gt;You were never funnier than you were back than
&lt;br&gt;You never go to parties
&lt;br&gt;Why is that?
&lt;br&gt;Such a drag, not being seen with you
&lt;br&gt;
&lt;br&gt;Well I&amp;rsquo;ve been sat at home
&lt;br&gt;Smoking too much weed now
&lt;br&gt;I&amp;rsquo;m even scared of the telephone
&lt;br&gt;And I don&amp;rsquo;t even got one
&lt;br&gt;
&lt;br&gt;Oh-oh-oh-ohh
&lt;br&gt;Shine a light of love
&lt;br&gt;All over me
&lt;br&gt;
&lt;br&gt;If you talk to the clowns
&lt;br&gt;They let you down
&lt;br&gt;You speak only to the ringmaster
&lt;br&gt;
&lt;br&gt;If you talk to the clowns
&lt;br&gt;They let you down
&lt;br&gt;You speak only to the ringmaster
&lt;br&gt;
&lt;br&gt;If you talk to the clowns
&lt;br&gt;They let you down
&lt;br&gt;You speak only to the ringmaster
&lt;br&gt;
&lt;br&gt;&lt;/p&gt;
</description>
    </item>
    
    <item>
      <title> Youre Supposed To Be My Friend</title>
      <link>http://letraspedia.com/lyric/1990s-youre-supposed-to-be-my-friend/</link>
      <pubDate>Mon, 01 Sep 2008 00:00:00 UTC</pubDate>
      <author>Enthusiastic Hugo User</author>
      <guid>http://letraspedia.com/lyric/1990s-youre-supposed-to-be-my-friend/</guid>
      <description>&lt;p&gt;You&amp;rsquo;re supposed to be my friend
&lt;br&gt;We&amp;rsquo;re supposed to get along
&lt;br&gt;Hey, you&amp;rsquo;re supposed to be my friend
&lt;br&gt;That&amp;rsquo;s right! Right?
&lt;br&gt;It&amp;rsquo;s hard to get you on the phone
&lt;br&gt;You&amp;rsquo;re never home!
&lt;br&gt;You&amp;rsquo;re never at my place neither
&lt;br&gt;Well that makes two of us!
&lt;br&gt;
&lt;br&gt;Well I request you be my friend
&lt;br&gt;We&amp;rsquo;ll spend some time taking drugs
&lt;br&gt;In a bar
&lt;br&gt;Or at home
&lt;br&gt;In a jar, friend
&lt;br&gt;
&lt;br&gt;But you&amp;rsquo;re supposed to be
&lt;br&gt;You&amp;rsquo;re supposed to be
&lt;br&gt;Supposed to be my friend
&lt;br&gt;You&amp;rsquo;re supposed to be
&lt;br&gt;Supposed to be my friend
&lt;br&gt;You&amp;rsquo;re supposed to be
&lt;br&gt;Supposed to be my friend
&lt;br&gt;You&amp;rsquo;re supposed to be my friend now
&lt;br&gt;
&lt;br&gt;
&lt;br&gt;Beat me cheat me try and feed me
&lt;br&gt;Lines you picked up from those trendy ladies
&lt;br&gt;But always be my friend
&lt;br&gt;&amp;lsquo;Cos you&amp;rsquo;re supposed to be my friend
&lt;br&gt;Yo start actin&amp;rsquo; like it!
&lt;br&gt;
&lt;br&gt;I think I&amp;rsquo;ll take the dog for a walk
&lt;br&gt;Yeh maybe I&amp;rsquo;ll meet up with some friends
&lt;br&gt;Yeh maybe I&amp;rsquo;ll meet up with some dogs
&lt;br&gt;&amp;lsquo;Cos you&amp;rsquo;re supposed to be
&lt;br&gt;
&lt;br&gt;You&amp;rsquo;re supposed to be
&lt;br&gt;Supposed to be my friend
&lt;br&gt;You&amp;rsquo;re supposed to be
&lt;br&gt;Supposed to be my friend
&lt;br&gt;You&amp;rsquo;re supposed to be
&lt;br&gt;Supposed to be my friend
&lt;br&gt;You&amp;rsquo;re supposed to be my friend now
&lt;br&gt;
&lt;br&gt;You&amp;rsquo;re supposed to be
&lt;br&gt;Supposed to be my friend
&lt;br&gt;You&amp;rsquo;re supposed to be
&lt;br&gt;Supposed to be my friend
&lt;br&gt;You&amp;rsquo;re supposed to be
&lt;br&gt;Supposed to be my friend
&lt;br&gt;You&amp;rsquo;re supposed to be my friend now&lt;/p&gt;
</description>
    </item>
    
  </channel>
</rss>