<?xml version="1.0" encoding="utf-8" standalone="yes" ?>
<rss version="2.0" xmlns:atom="http://www.w3.org/2005/Atom">
  <channel>
      <title>3bockales on Letraspedia.com thes best lyrics page </title>
    <link>http://letraspedia.com/artist/3bockales/</link>
    <language>en-US</language>
    <author>Enthusiastic Hugo User</author>
    <rights>Copyright (c) 2014, Enthusiastic Hugo User; all rights reserved.</rights>
    <updated>Mon, 01 Sep 2008 00:00:00 UTC</updated>
    
    <item>
      <title> Túmbate El Rollo</title>
      <link>http://letraspedia.com/lyric/3bockales-tumbate-el-rollo/</link>
      <pubDate>Mon, 01 Sep 2008 00:00:00 UTC</pubDate>
      <author>Enthusiastic Hugo User</author>
      <guid>http://letraspedia.com/lyric/3bockales-tumbate-el-rollo/</guid>
      <description>&lt;p&gt;[AraizaMC]
&lt;br&gt;Mira me a los ojos que tengo algo que decirte
&lt;br&gt;Que a mi me gusta lo retro vaya a un que parezca un chiste
&lt;br&gt;Por eso es que te enamoro con risas y algunas cartas
&lt;br&gt;Por que busco amor del bueno y aparte de eso me encantas
&lt;br&gt;Disculpa si voy directo con esta canción romántica
&lt;br&gt;bajo la luna y las estrellas pa&amp;rsquo; que la noche sea magica
&lt;br&gt;Se muy bien que no eres fácil me costara enamorarte
&lt;br&gt;Tu sonrisa es el paquete que tendré que ir a robarte
&lt;br&gt;Tus labios de caramelo mmm ya quiero probarlos
&lt;br&gt;A y que no se te olvide solo yo podre beasarlos
&lt;br&gt;Ahora cierra tus ojitoa y grabagelo en la mente
&lt;br&gt;Si buscas alguien que te ame yo te amare enternamente
&lt;br&gt;Perdona mi atrevimiento pero no aguanto por eso
&lt;br&gt;Ahora si me acerco lentamente para darte un beso
&lt;br&gt;Y claro que me gustas yo no quiero ser tu amigo
&lt;br&gt;Yo quiero este contigo y como novio lo consigo
&lt;br&gt;
&lt;br&gt;[Coros (Dazer whanN)]
&lt;br&gt;Nena deja todo atrás
&lt;br&gt;que no te importe lo que diga los demás
&lt;br&gt;que tu me sacaste de este ollo
&lt;br&gt;¡Eiit tumabte el rollo!
&lt;br&gt;Deja de fingir el amor hacia mi
&lt;br&gt;Que tu mesacaste de este ollo
&lt;br&gt;¡Oye tumbate el rollo!
&lt;br&gt;
&lt;br&gt;[MCAsck]
&lt;br&gt;Nena solo hacercate mira no te haré daño
&lt;br&gt;Solo quiero amarte como nunca te han amado
&lt;br&gt;Se que tal vez pienses que no soy el indicado
&lt;br&gt;Pero eh imaginado como seria estar a tu lado
&lt;br&gt;Increíble nena soy sencible
&lt;br&gt;pero en la cama puedo ser totalmente impredecible
&lt;br&gt;Mira, prefiero ahorarme esos comentarios
&lt;br&gt;Que si los saco a relucir serian todo el calendario
&lt;br&gt;Cargo a diario el orario de cúal soy propietario
&lt;br&gt;Pero por ti llegaría, a donde nunca han llegado
&lt;br&gt;Dejaremos un legado de como fue nuestro amor
&lt;br&gt;y de que forma enamore yo a tu corazón
&lt;br&gt;Bombon mi pasión mi furor tu atracción
&lt;br&gt;Fueron los ingredientes de esta canción
&lt;br&gt;Los rumores que dicen de mi son tan falsos
&lt;br&gt;Vamos bebe no loa creas y ven a mis brazos
&lt;br&gt;
&lt;br&gt;[Coros (Dazer whanN)]
&lt;br&gt;Nena deja todo atrás
&lt;br&gt;que no te importe lo que diga los demás
&lt;br&gt;que tu me sacaste de este ollo
&lt;br&gt;¡Eiit tumabte el rollo!
&lt;br&gt;Deja de fingir el amor hacia mi
&lt;br&gt;Que tu mesacaste de este ollo
&lt;br&gt;¡Oye tumbate el rollo!
&lt;br&gt;
&lt;br&gt;[Dazer whanN]
&lt;br&gt;Se bien lo que diras si se que cada que me vez suspiras
&lt;br&gt;daria todo por que me sigas viendo como me miras
&lt;br&gt;sin mentiras te lo digo no me dare por vencido
&lt;br&gt;se que quieres algo mas ya no mientas y ven conmigo
&lt;br&gt;que te protegere si te caes me abiento al ollo
&lt;br&gt;dejemonos de cosas nena ven y tumbate el rollo
&lt;br&gt;(Ah) que el Dazer whanN no esta tan mal
&lt;br&gt;solo soy algo distinto a lo que tu llamas normal
&lt;br&gt;hey tranquila deja los nervios a un lado
&lt;br&gt;solo imagina como seria tu vida aqui a mi lado
&lt;br&gt;lo malo ah pasado lo bueno ya se aproxima
&lt;br&gt;de solo imaginarlo ya hasta se subio mi autoestima
&lt;br&gt;y lo repito juntos descubriremos un que otro mito
&lt;br&gt;y de vez en cuando si quieres nos damos en lo oscurito
&lt;br&gt;y viendolo bien nadie te hara una cancion como esta
&lt;br&gt;pero bueno dime que piensastede mi propuesta
&lt;br&gt;
&lt;br&gt;[Coros (Dazer whanN)]
&lt;br&gt;Nena deja todo atrás
&lt;br&gt;que no te importe lo que diga los demás
&lt;br&gt;que tu me sacaste de este ollo
&lt;br&gt;¡Eiit tumabte el rollo!
&lt;br&gt;Deja de fingir el amor hacia mi
&lt;br&gt;Que tu mesacaste de este ollo
&lt;br&gt;¡Oye tumbate el rollo!
&lt;br&gt;
&lt;br&gt;Nena deja todo atrás
&lt;br&gt;que no te importe lo que diga los demás
&lt;br&gt;que tu me sacaste de este ollo
&lt;br&gt;¡Oye tumabte el rollo!
&lt;br&gt;Deja de fingir el amor hacia mi
&lt;br&gt;Que tu mesacaste de este ollo
&lt;br&gt;¡Eiit tumbate el rollo! Ah!&lt;/p&gt;
</description>
    </item>
    
  </channel>
</rss>