<?xml version="1.0" encoding="utf-8" standalone="yes" ?>
<rss version="2.0" xmlns:atom="http://www.w3.org/2005/Atom">
  <channel>
      <title>30h3 on Letraspedia.com thes best lyrics page </title>
    <link>http://letraspedia.com/artist/30h3/</link>
    <language>en-US</language>
    <author>Enthusiastic Hugo User</author>
    <rights>Copyright (c) 2014, Enthusiastic Hugo User; all rights reserved.</rights>
    <updated>Mon, 01 Sep 2008 00:00:00 UTC</updated>
    
    <item>
      <title> Chokechain</title>
      <link>http://letraspedia.com/lyric/30h3-chokechain/</link>
      <pubDate>Mon, 01 Sep 2008 00:00:00 UTC</pubDate>
      <author>Enthusiastic Hugo User</author>
      <guid>http://letraspedia.com/lyric/30h3-chokechain/</guid>
      <description>&lt;p&gt;I got this shit on lock
&lt;br&gt;I got this shit on lock
&lt;br&gt;Holla&amp;rsquo; Holla&amp;rsquo; at me if you on my block
&lt;br&gt;I got this shit on lock
&lt;br&gt;I got this shit on lock
&lt;br&gt;Holla&amp;rsquo; Holla&amp;rsquo; at me if you on my block
&lt;br&gt;
&lt;br&gt;I got yo&amp;rsquo; dogs on a collar, balla
&lt;br&gt;So how you like that?
&lt;br&gt;Chokechain for their necks, and I don&amp;rsquo;t think they bite back
&lt;br&gt;Woof woof - How they howl
&lt;br&gt;Give some chow, they bout to growl
&lt;br&gt;Little dogs will kill you dude, as soon as you let &amp;lsquo;em out
&lt;br&gt;
&lt;br&gt;Purebred (Purebred)
&lt;br&gt;Got &amp;lsquo;em with the nice coat
&lt;br&gt;Your head (Your head)
&lt;br&gt;When I get them at the right throat
&lt;br&gt;Dig deep(dig deep)
&lt;br&gt;Shock collars on their necks
&lt;br&gt;You fuck with 3OH!3, and motherfuckas know they next
&lt;br&gt;
&lt;br&gt;Now get yo&amp;rsquo; drum on (c&amp;rsquo;mon and getcha drum on)
&lt;br&gt;Getcha getcha drum on (c&amp;rsquo;mon and getcha drum on)
&lt;br&gt;
&lt;br&gt;I got a chokechain for my pit bull lane
&lt;br&gt;I got a shock collar for my rottweiler
&lt;br&gt;Got a - chockchain for my pit bull lane
&lt;br&gt;I got a shock collar for my rottweiler
&lt;br&gt;Got a - Chokechain (ch-ch-chokechain)
&lt;br&gt;I got a shock collar ( sh-sh-shock collar)
&lt;br&gt;I got a choke chain (ch-ch-chokechain)
&lt;br&gt;I got a shock collar (sh-sh-shock collar)
&lt;br&gt;
&lt;br&gt;I got my woof from a white teen - He won&amp;rsquo;t bite me
&lt;br&gt;Fuckin with me, and you&amp;rsquo;ll get bitten most likely
&lt;br&gt;Howlin&amp;rsquo; at the moon - growling at the lightning
&lt;br&gt;ugh - this thing is mad frightening
&lt;br&gt;We got the drum hits, tell your kid to get a bit a etiquette
&lt;br&gt;Before he splits his seed to try to spit a bit of rhetoric
&lt;br&gt;You gotta sa-say, g-g-go put it away
&lt;br&gt;Yeah we be runnin&amp;rsquo; the game, now it&amp;rsquo;s all one in the same
&lt;br&gt;
&lt;br&gt;Now get yo&amp;rsquo; drum on (c&amp;rsquo;mon and getcha drum on)
&lt;br&gt;Getcha getcha drum on (c&amp;rsquo;mon and getcha drum on)
&lt;br&gt;
&lt;br&gt;I got this shit on lock
&lt;br&gt;I got this shit on lock
&lt;br&gt;Holla&amp;rsquo; Holla&amp;rsquo; at me if you on my block
&lt;br&gt;I got this shit on lock
&lt;br&gt;I got this shit on lock
&lt;br&gt;Holla&amp;rsquo; Holla&amp;rsquo; at me if you on my block
&lt;br&gt;
&lt;br&gt;I got a chokechain for my pit bull lane
&lt;br&gt;I got a shock collar for my rottweiler
&lt;br&gt;Got a - chockchain for my pit bull lane
&lt;br&gt;I got a shock collar for my rottweiler
&lt;br&gt;Got a - Chokechain (ch-ch-chokechain)
&lt;br&gt;I got a shock collar ( sh-sh-shock collar)
&lt;br&gt;I got a choke chain (ch-ch-chokechain)
&lt;br&gt;I got a shock collar (sh-sh-shock collar)
&lt;br&gt;:P&lt;/p&gt;
</description>
    </item>
    
    <item>
      <title> Colorado Sunrise</title>
      <link>http://letraspedia.com/lyric/30h3-colorado-sunrise/</link>
      <pubDate>Mon, 01 Sep 2008 00:00:00 UTC</pubDate>
      <author>Enthusiastic Hugo User</author>
      <guid>http://letraspedia.com/lyric/30h3-colorado-sunrise/</guid>
      <description>&lt;p&gt;And If I had something to say to you, I&amp;rsquo;d whisper it softly.
&lt;br&gt;K-K-Kiss you on your rosey lips, and never let you off me.
&lt;br&gt;S-Shiver on our roof and see your face lit by starlight.
&lt;br&gt;Hold you through the night and watch that colorado sunrise.
&lt;br&gt;
&lt;br&gt;I&amp;rsquo;ve got my fingers on each hand for every mistakes I&amp;rsquo;ve made.
&lt;br&gt;Plus my tongues are tied to tounsils and I need to shit and shave.
&lt;br&gt;I&amp;rsquo;m a shade to pale for handsome and have habits that I can&amp;rsquo;t shake.
&lt;br&gt;
&lt;br&gt;But if you try to take that from me, Well I&amp;rsquo;ll never be the same.
&lt;br&gt;Train wreck, that I am.
&lt;br&gt;And I am, what I am, what I am, what I am.
&lt;br&gt;A train wreck, that I am. And I am, what I am, what I am,
&lt;br&gt;what I am, a train wreck.
&lt;br&gt;
&lt;br&gt;And as long as it&amp;rsquo;s okay with you I think I&amp;rsquo;ll stay right here.
&lt;br&gt;I&amp;rsquo;ve g-g-got no where to go, where I go is up to you, Dear.
&lt;br&gt;H-H-Happy as a clam I see the glimer in your eye.
&lt;br&gt;I&amp;rsquo;ll hold you through the night and watch that Colorado sunrise.
&lt;br&gt;
&lt;br&gt;And ain&amp;rsquo;t no car that ever cared because I got no place to go.
&lt;br&gt;But in a room with a single wall I couldn&amp;rsquo;t pay to plant or grow.
&lt;br&gt;You can try to make this pretty, pick up all my dirty clothes.
&lt;br&gt;If you never reall get me then I guess you&amp;rsquo;ll never know.
&lt;br&gt;
&lt;br&gt;This Train wreck, that I am.
&lt;br&gt;And I am, what I am, what I am, what I am.
&lt;br&gt;A train wreck, that I am. And I am, what I am, what I am,
&lt;br&gt;what I am, a train wreck.
&lt;br&gt;
&lt;br&gt;I&amp;rsquo;ve got my fingers on each hand for every mistakes I&amp;rsquo;ve made.
&lt;br&gt;Plus my tongues are tied to tounsils and I need to shit and shave.
&lt;br&gt;I&amp;rsquo;m a shade to pale for handsome and have habits that I can&amp;rsquo;t shake.
&lt;br&gt;And if you try to take that from me well I wouldn&amp;rsquo;t be the same.
&lt;br&gt;
&lt;br&gt;Train wreck, that I am.
&lt;br&gt;And I am, what I am, what I am, what I am.
&lt;br&gt;A train wreck, that I am. And I am, what I am, what I am,
&lt;br&gt;what I am, a train wreck.
&lt;br&gt;
&lt;br&gt;Train wreck, that I am.
&lt;br&gt;And I am, what I am, what I am, what I am.
&lt;br&gt;A train wreck, that I am. And I am, what I am, what I am,
&lt;br&gt;what I am, a train wreck.
&lt;br&gt;
&lt;br&gt;(And If I had something to say to you, I&amp;rsquo;d whisper it softly.
&lt;br&gt;K-K-Kiss you on your rosey lips, and never let you off me.
&lt;br&gt;S-Shiver on our roof and see your face lit by starlight.
&lt;br&gt;Hold you through the night and watch that colorado sunrise.)&lt;/p&gt;
</description>
    </item>
    
    <item>
      <title> Dance With Me</title>
      <link>http://letraspedia.com/lyric/30h3-dance-with-me/</link>
      <pubDate>Mon, 01 Sep 2008 00:00:00 UTC</pubDate>
      <author>Enthusiastic Hugo User</author>
      <guid>http://letraspedia.com/lyric/30h3-dance-with-me/</guid>
      <description>&lt;p&gt;Get your hands up
&lt;br&gt;The sky&amp;rsquo;s falling
&lt;br&gt;Get your hands up
&lt;br&gt;It&amp;rsquo;s the apocalypse
&lt;br&gt;Got a mouth full of lambs blood
&lt;br&gt;Dam broke down
&lt;br&gt;The whole town flooded
&lt;br&gt;Your man couldn&amp;rsquo;t cut it
&lt;br&gt;Got his fake ass gutted
&lt;br&gt;He muttered something monotoned
&lt;br&gt;Under his breath
&lt;br&gt;Now he&amp;rsquo;s out first round
&lt;br&gt;With his hand on his chest
&lt;br&gt;Must have been a cardiac
&lt;br&gt;Now he&amp;rsquo;s searching for his Pontiac
&lt;br&gt;To get back to a bar attack
&lt;br&gt;To brush up on his battle rap
&lt;br&gt;We hit the high hats and make it clap
&lt;br&gt;We wear plaid after labor day and still get ass
&lt;br&gt;We&amp;rsquo;re high-class, low brow, over bomb beats
&lt;br&gt;Cloggin&amp;rsquo; more arteries than the drive-thru at Arby&amp;rsquo;s.
&lt;br&gt;
&lt;br&gt;
&lt;br&gt;Singin&amp;rsquo;, I love Rock &amp;lsquo;n&amp;rsquo; Roll
&lt;br&gt;So put another dime in the jukebox, baby.
&lt;br&gt;I love Rock &amp;lsquo;n&amp;rsquo; Roll
&lt;br&gt;Put another dime and dance with me!
&lt;br&gt;
&lt;br&gt;Get your hands clappin&amp;rsquo;
&lt;br&gt;The aliens have landed
&lt;br&gt;Get your hands clappin&amp;rsquo;
&lt;br&gt;Damn I&amp;rsquo;m dope
&lt;br&gt;Been rockin&amp;rsquo; since a zygote
&lt;br&gt;It won&amp;rsquo;t stop the price crossers opening for my ghost
&lt;br&gt;Cos everybody knows that I&amp;rsquo;ve been backin&amp;rsquo; the fans
&lt;br&gt;My rhymes touch more kids than Micheal Jackson&amp;rsquo;s hands
&lt;br&gt;I&amp;rsquo;m iller than thriller
&lt;br&gt;Stiffer than a zombie
&lt;br&gt;Gagged with Abercrombie while your girl rides up on me
&lt;br&gt;And I&amp;rsquo;m callin&amp;rsquo; up your sister and we&amp;rsquo;re cuddling to Amelie.
&lt;br&gt;Ohhhh!
&lt;br&gt;So you think you can rap
&lt;br&gt;So you walk eight miles, and you think you can rap.
&lt;br&gt;That&amp;rsquo;s cuter than the Olsen pre-dope but your crack
&lt;br&gt;Or havin&amp;rsquo; a teddy bear tattooed up on your back.
&lt;br&gt;
&lt;br&gt;Singin&amp;rsquo;, I love Rock &amp;lsquo;n&amp;rsquo; Roll
&lt;br&gt;So put another dime in the jukebox, baby.
&lt;br&gt;I love Rock &amp;lsquo;n&amp;rsquo; Roll
&lt;br&gt;Put another dime and dance with me!&lt;/p&gt;
</description>
    </item>
    
    <item>
      <title> Do</title>
      <link>http://letraspedia.com/lyric/30h3-do/</link>
      <pubDate>Mon, 01 Sep 2008 00:00:00 UTC</pubDate>
      <author>Enthusiastic Hugo User</author>
      <guid>http://letraspedia.com/lyric/30h3-do/</guid>
      <description>&lt;p&gt;El sol es tan caliente
&lt;br&gt;Las bebidas son tan frías
&lt;br&gt;Su ropa sólo se caen
&lt;br&gt;Lo largo del día
&lt;br&gt;
&lt;br&gt;Vamos a permanecer hasta
&lt;br&gt;¿No va a sentar en el hogar
&lt;br&gt;Vamos a bailar toda la noche
&lt;br&gt;Debido a que lo diga (na na na)
&lt;br&gt;
&lt;br&gt;Estoy pensando que tal vez no puedo tener relaciones
&lt;br&gt;Porque últimamente no están haciendo ningún sentido
&lt;br&gt;Y nena, tú eres la única cosa en mi mente
&lt;br&gt;Pero eso puede cambiar en cualquier momento
&lt;br&gt;
&lt;br&gt;Porque hay mujeres hicieron el bien de tantos
&lt;br&gt;Que mi cabeza da vueltas
&lt;br&gt;Y he perdido todo sentimiento
&lt;br&gt;Todo el mundo está cantando como
&lt;br&gt;
&lt;br&gt;Hey! Na na na
&lt;br&gt;Hey hey! Na na na na
&lt;br&gt;Hey! Na na na
&lt;br&gt;Hey hey! Na na na na
&lt;br&gt;
&lt;br&gt;Porque hay mujeres hicieron el bien de tantos
&lt;br&gt;Que mi cabeza da vueltas
&lt;br&gt;Y yo estoy viendo la visión doble
&lt;br&gt;Todo el mundo está cantando como
&lt;br&gt;
&lt;br&gt;Hey! Na na na
&lt;br&gt;Hey hey! Na na na na
&lt;br&gt;Hey! Na na na
&lt;br&gt;Hey hey! Na na na na
&lt;br&gt;
&lt;br&gt;Vamos a hacer esto fuera de
&lt;br&gt;Apague todo el bloque
&lt;br&gt;Ver a las chicas gota a como si fuera una pasarela
&lt;br&gt;
&lt;br&gt;Estamos viviendo fácil
&lt;br&gt;Tenemos todo el día
&lt;br&gt;Y podemos ir a lo real no importa lo que la policía dice (na na na)
&lt;br&gt;
&lt;br&gt;Estoy pensando que tal vez no puedo tener relaciones
&lt;br&gt;Porque últimamente no están haciendo ningún sentido
&lt;br&gt;Y nena, tú eres la única cosa en mi mente
&lt;br&gt;Pero eso puede cambiar en cualquier momento
&lt;br&gt;
&lt;br&gt;Porque hay mujeres hicieron el bien de tantos
&lt;br&gt;Que mi cabeza da vueltas
&lt;br&gt;Y he perdido todo sentimiento
&lt;br&gt;Todo el mundo está cantando como
&lt;br&gt;
&lt;br&gt;Hey! Na na na
&lt;br&gt;Hey hey! Na na na na
&lt;br&gt;Hey! Na na na
&lt;br&gt;Hey hey! Na na na na
&lt;br&gt;
&lt;br&gt;Porque hay mujeres hicieron el bien de tantos
&lt;br&gt;Que mi cabeza da vueltas
&lt;br&gt;Y yo estoy viendo la visión doble
&lt;br&gt;Todo el mundo está cantando como
&lt;br&gt;
&lt;br&gt;Hey! Na na na
&lt;br&gt;Hey hey! Na na na na
&lt;br&gt;Hey! Na na na
&lt;br&gt;Hey hey! Na na na na
&lt;br&gt;
&lt;br&gt;No veo signos vitales en el ECG
&lt;br&gt;Muerto en la pista de baile
&lt;br&gt;Sólo aplaudir, porque necesitamos más
&lt;br&gt;3OH! 3, apagando los altavoces
&lt;br&gt;
&lt;br&gt;(¡Eh! Na na na) que sopla a los altavoces
&lt;br&gt;
&lt;br&gt;Porque hay mujeres hicieron el bien de tantos
&lt;br&gt;Que mi cabeza da vueltas
&lt;br&gt;Y he perdido todo sentimiento
&lt;br&gt;Todo el mundo está cantando como
&lt;br&gt;
&lt;br&gt;Hey! Na na na
&lt;br&gt;Hey hey! Na na na na
&lt;br&gt;Hey! Na na na
&lt;br&gt;Hey hey! Na na na na
&lt;br&gt;
&lt;br&gt;Porque hay mujeres hicieron el bien de tantos
&lt;br&gt;Que mi cabeza da vueltas
&lt;br&gt;Y yo estoy viendo la visión doble
&lt;br&gt;Todo el mundo está cantando como
&lt;br&gt;
&lt;br&gt;Hey! Na na na
&lt;br&gt;Hey hey! Na na na na
&lt;br&gt;Hey! Na na na
&lt;br&gt;Hey hey! Na na na na&lt;/p&gt;
</description>
    </item>
    
    <item>
      <title> Dont Dance</title>
      <link>http://letraspedia.com/lyric/30h3-dont-dance/</link>
      <pubDate>Mon, 01 Sep 2008 00:00:00 UTC</pubDate>
      <author>Enthusiastic Hugo User</author>
      <guid>http://letraspedia.com/lyric/30h3-dont-dance/</guid>
      <description>&lt;p&gt;Tongue in cheek till a hole burns out her mouth,
&lt;br&gt;And fingers crossed like the promise of cub scouts,
&lt;br&gt;And we know that the picture in her heart shaped locket,
&lt;br&gt;Is far from an inanimate object.
&lt;br&gt;she´s as dark as the blood pulsing under her skin,
&lt;br&gt;Still afraid of the boogey man under her bed,
&lt;br&gt;And we know that the ashes in the urn was a person,
&lt;br&gt;And we never should have burned him.
&lt;br&gt;
&lt;br&gt;Shake it, shake it like you bouts to get paid,
&lt;br&gt;Boom slaggaboom, like you gots a peg leg.
&lt;br&gt;
&lt;br&gt;I´m game, you´re game; you´re the main attraction,
&lt;br&gt;And the way you fit your jeans it makes me ready for action.
&lt;br&gt;Break it down to a fraction,
&lt;br&gt;I´m doing decimal subtraction to find a reaction.
&lt;br&gt;
&lt;br&gt;This is for the C-O 3-O-3, my people,
&lt;br&gt;we´ve got the music that you can´t stand still to,
&lt;br&gt;And even if you don´t dance,
&lt;br&gt;I´ve gotta get you out and take this chance,
&lt;br&gt;
&lt;br&gt;I caught her cornering the pictures in her purse,
&lt;br&gt;A white reflection of the window of his hearse,
&lt;br&gt;And she knows not to be another wife in waiting,
&lt;br&gt;So she´s just a widow that I´m dating.
&lt;br&gt;Rolled up sleeves with a carton in it´s fold,
&lt;br&gt;A rusted chain with a cross that once was gold,
&lt;br&gt;And I look from a distance as the coffin closes,
&lt;br&gt;And disappears below the roses.
&lt;br&gt;
&lt;br&gt;Shake it, shake it like you bouts to get paid,
&lt;br&gt;Boom slaggaboom, like you gots a peg leg.
&lt;br&gt;
&lt;br&gt;This is for the C-O 3-0-3, my people,
&lt;br&gt;we´ve got the music that you can´t stand still to,
&lt;br&gt;And even if you don´t dance,
&lt;br&gt;I´ve gotta get you out and take this chance.&lt;/p&gt;
</description>
    </item>
    
    <item>
      <title> Dont Trust Me!</title>
      <link>http://letraspedia.com/lyric/30h3-dont-trust-me/</link>
      <pubDate>Mon, 01 Sep 2008 00:00:00 UTC</pubDate>
      <author>Enthusiastic Hugo User</author>
      <guid>http://letraspedia.com/lyric/30h3-dont-trust-me/</guid>
      <description>&lt;p&gt;Black dress, with the tights underneath
&lt;br&gt;I&amp;rsquo;ve got the breath of a last cigarette on my teeth
&lt;br&gt;And she&amp;rsquo;s an actress (actress) but she ain&amp;rsquo;t got no need
&lt;br&gt;She&amp;rsquo;s got money from her parents in a trust fund back east
&lt;br&gt;
&lt;br&gt;T-T-T-Tongues always pressed to your cheeks
&lt;br&gt;while my tongue is on the inside of some other girl&amp;rsquo;s teeth
&lt;br&gt;and tell your boyfriend; if he says he&amp;rsquo;s got beef
&lt;br&gt;that i&amp;rsquo;m a vegetarian and i ain&amp;rsquo;t fuckin&amp;rsquo; scared of him
&lt;br&gt;
&lt;br&gt;[x2]
&lt;br&gt;She wants to touch me, whaaaooo
&lt;br&gt;She wants to love me, whaaaooo
&lt;br&gt;She&amp;rsquo;ll never leave me, whaaaooo whaaaooo-ooo
&lt;br&gt;Don&amp;rsquo;t trust a ho
&lt;br&gt;Never trust a ho
&lt;br&gt;Won&amp;rsquo;t trust a ho, that won&amp;rsquo;t trust me
&lt;br&gt;
&lt;br&gt;X&amp;rsquo;s on the back of your hand
&lt;br&gt;Wash them in the bathroom to drink like the bands
&lt;br&gt;And the set list (set list); you stole off the stage
&lt;br&gt;Has red and purple lipstick all over the page
&lt;br&gt;
&lt;br&gt;B-B-B-Bruises cover your arms; shaking in the fingers with the bottle in your palm
&lt;br&gt;And the best is (best is); no one knows who you are
&lt;br&gt;Just another girl, alone at the bar
&lt;br&gt;
&lt;br&gt;[x2]
&lt;br&gt;She wants to touch me, whaaaooo
&lt;br&gt;She wants to love me, whaaaooo
&lt;br&gt;She&amp;rsquo;ll never leave me, whaaaooo, whaaaooo-ooo
&lt;br&gt;Don&amp;rsquo;t trust a ho
&lt;br&gt;Never trust a ho
&lt;br&gt;Won&amp;rsquo;t trust a ho, that won&amp;rsquo;t trust me
&lt;br&gt;
&lt;br&gt;Shhhh girl, shut your lips
&lt;br&gt;Do the hellen keller
&lt;br&gt;And talk with your hips
&lt;br&gt;
&lt;br&gt;[x2]
&lt;br&gt;I said shhhhh girl, shut your lips
&lt;br&gt;Do the hellen keller
&lt;br&gt;And talk with your hips
&lt;br&gt;
&lt;br&gt;[x2]
&lt;br&gt;She wants to touch me, whaaaooo
&lt;br&gt;She wants to love me, whaaaooo
&lt;br&gt;She&amp;rsquo;ll never leave me, whaaaooo, whaaaooo-ooo
&lt;br&gt;Don&amp;rsquo;t trust a ho
&lt;br&gt;Never trust a ho
&lt;br&gt;Won&amp;rsquo;t trust a ho, that won&amp;rsquo;t trust me&lt;/p&gt;
</description>
    </item>
    
    <item>
      <title> Dont Trust Me! (en Español)</title>
      <link>http://letraspedia.com/lyric/30h3-dont-trust-me-en-espanol/</link>
      <pubDate>Mon, 01 Sep 2008 00:00:00 UTC</pubDate>
      <author>Enthusiastic Hugo User</author>
      <guid>http://letraspedia.com/lyric/30h3-dont-trust-me-en-espanol/</guid>
      <description>&lt;p&gt;Vestido negro, con medias por debajo de la
&lt;br&gt;Tengo el aliento de un último cigarrillo en los dientes
&lt;br&gt;Y ella es una actriz (actriz), pero ella no se tiene ninguna necesidad
&lt;br&gt;Ella tiene el dinero de sus padres en un fondo fiduciario el este
&lt;br&gt;
&lt;br&gt;T-T-T-lenguas siempre presionado a sus mejillas
&lt;br&gt;mientras que mi lengua está en el interior de algunos dientes de otra chica
&lt;br&gt;y decirle a su novio, si él dice que tiene el sector de la carne
&lt;br&gt;que soy vegetariano y no es i maldito miedo de él
&lt;br&gt;
&lt;br&gt;[x2]
&lt;br&gt;Ella quiere que me toque, whaaaooo
&lt;br&gt;Ella quiere que me ama, whaaaooo
&lt;br&gt;Ella nunca me dejen, whaaaooo whaaaooo-ooo
&lt;br&gt;No confíe en un ho
&lt;br&gt;Nunca confíes en un ho
&lt;br&gt;No confiar en un ho, que no confiar en mí
&lt;br&gt;
&lt;br&gt;X en el dorso de la mano
&lt;br&gt;Lávelos en el cuarto de baño para beber, como las bandas
&lt;br&gt;Y el conjunto lista (fijar la lista), que robaron de la etapa
&lt;br&gt;Tiene el rojo y el púrpura en todo el lápiz labial página
&lt;br&gt;
&lt;br&gt;BBB-Golpes cubrir sus brazos; temblor en los dedos de
&lt;br&gt;la mano con la botella en la palma de su mano
&lt;br&gt;Y lo mejor es (es mejor), no se sabe quién es usted
&lt;br&gt;Sólo una chica, sola en el bar
&lt;br&gt;
&lt;br&gt;[x2]
&lt;br&gt;Ella quiere que me toque, whaaaooo
&lt;br&gt;Ella quiere que me ama, whaaaooo
&lt;br&gt;Ella nunca me dejen, whaaaooo, whaaaooo-ooo
&lt;br&gt;No confíe en un ho
&lt;br&gt;Nunca confíes en un ho
&lt;br&gt;No confiar en un ho, que no confiar en mí
&lt;br&gt;
&lt;br&gt;Shhhh niña, cierra tus labios
&lt;br&gt;¿Las Hellen Keller
&lt;br&gt;Y hablar con sus caderas
&lt;br&gt;
&lt;br&gt;[x2]
&lt;br&gt;Dije shhhhh niña, cierra tus labios
&lt;br&gt;¿Las Hellen Keller
&lt;br&gt;Y hablar con sus caderas
&lt;br&gt;
&lt;br&gt;[x2]
&lt;br&gt;Ella quiere que me toque, whaaaooo
&lt;br&gt;Ella quiere que me ama, whaaaooo
&lt;br&gt;Ella nunca me dejen, whaaaooo, whaaaooo-ooo
&lt;br&gt;No confíe en un ho
&lt;br&gt;Nunca confíes en un ho
&lt;br&gt;No confiar en un ho, que no confiar en mí&lt;/p&gt;
</description>
    </item>
    
    <item>
      <title> Double Vision</title>
      <link>http://letraspedia.com/lyric/30h3-double-vision/</link>
      <pubDate>Mon, 01 Sep 2008 00:00:00 UTC</pubDate>
      <author>Enthusiastic Hugo User</author>
      <guid>http://letraspedia.com/lyric/30h3-double-vision/</guid>
      <description>&lt;p&gt;The sun is so hot
&lt;br&gt;The drinks are so cold
&lt;br&gt;Your clothes just fall off
&lt;br&gt;As the day goes
&lt;br&gt;
&lt;br&gt;We&amp;rsquo;re gonna stay up
&lt;br&gt;Ain&amp;rsquo;t gonna lay at home
&lt;br&gt;We&amp;rsquo;re gonna dance all night
&lt;br&gt;Because we say so (na na na)
&lt;br&gt;
&lt;br&gt;I&amp;rsquo;m thinking maybe I can&amp;rsquo;t have relationships
&lt;br&gt;Cuz lately they&amp;rsquo;re not making any sense
&lt;br&gt;And baby, you&amp;rsquo;re the one thing on my mind
&lt;br&gt;But that can change any time
&lt;br&gt;
&lt;br&gt;Cuz there&amp;rsquo;s so many fine women
&lt;br&gt;That my head is spinning
&lt;br&gt;And I&amp;rsquo;ve lost all feeling
&lt;br&gt;Everybody&amp;rsquo;s singing like
&lt;br&gt;
&lt;br&gt;Hey! Na na na
&lt;br&gt;Hey hey! Na na na na
&lt;br&gt;Hey! Na na na
&lt;br&gt;Hey hey! Na na na na
&lt;br&gt;
&lt;br&gt;Cuz there&amp;rsquo;s so many fine women
&lt;br&gt;That my head is spinning
&lt;br&gt;And I&amp;rsquo;m seeing double vision
&lt;br&gt;Everybody&amp;rsquo;s singing like
&lt;br&gt;
&lt;br&gt;Hey! Na na na
&lt;br&gt;Hey hey! Na na na na
&lt;br&gt;Hey! Na na na
&lt;br&gt;Hey hey! Na na na na
&lt;br&gt;
&lt;br&gt;Let&amp;rsquo;s do this outside
&lt;br&gt;Shut down the whole block
&lt;br&gt;Watch the girls drop by like it&amp;rsquo;s a catwalk
&lt;br&gt;
&lt;br&gt;We&amp;rsquo;re living easy
&lt;br&gt;We&amp;rsquo;ve got the whole day
&lt;br&gt;And we can go hard no matter what the cops say (na na na)
&lt;br&gt;
&lt;br&gt;I&amp;rsquo;m thinking maybe I can&amp;rsquo;t have relationships
&lt;br&gt;Cuz lately they&amp;rsquo;re not making any sense
&lt;br&gt;And baby, you&amp;rsquo;re the one thing on my mind
&lt;br&gt;But that can change any time
&lt;br&gt;
&lt;br&gt;Cuz there&amp;rsquo;s so many fine women
&lt;br&gt;That my head is spinning
&lt;br&gt;And I&amp;rsquo;ve lost all feeling
&lt;br&gt;Everybody&amp;rsquo;s singing like
&lt;br&gt;
&lt;br&gt;Hey! Na na na
&lt;br&gt;Hey hey! Na na na na
&lt;br&gt;Hey! Na na na
&lt;br&gt;Hey hey! Na na na na
&lt;br&gt;
&lt;br&gt;Cuz there&amp;rsquo;s so many fine women
&lt;br&gt;That my head is spinning
&lt;br&gt;And I&amp;rsquo;m seeing double vision
&lt;br&gt;Everybody&amp;rsquo;s singing like
&lt;br&gt;
&lt;br&gt;Hey! Na na na
&lt;br&gt;Hey hey! Na na na na
&lt;br&gt;Hey! Na na na
&lt;br&gt;Hey hey! Na na na na
&lt;br&gt;
&lt;br&gt;I see no vitals on your EKG
&lt;br&gt;Dead on the dancefloor
&lt;br&gt;We only clap because we need more
&lt;br&gt;3OH!3, blowing out your speakers
&lt;br&gt;
&lt;br&gt;(Hey! Na na na) Blowing out your speakers
&lt;br&gt;
&lt;br&gt;Cuz there&amp;rsquo;s so many fine women
&lt;br&gt;That my head is spinning
&lt;br&gt;And I&amp;rsquo;ve lost all feeling
&lt;br&gt;Everybody&amp;rsquo;s singing like
&lt;br&gt;
&lt;br&gt;Hey! Na na na
&lt;br&gt;Hey hey! Na na na na
&lt;br&gt;Hey! Na na na
&lt;br&gt;Hey hey! Na na na na
&lt;br&gt;
&lt;br&gt;Cuz there&amp;rsquo;s so many fine women
&lt;br&gt;That my head is spinning
&lt;br&gt;And I&amp;rsquo;m seeing double vision
&lt;br&gt;Everybody&amp;rsquo;s singing like
&lt;br&gt;
&lt;br&gt;Hey! Na na na
&lt;br&gt;Hey hey! Na na na na
&lt;br&gt;Hey! Na na na
&lt;br&gt;Hey hey! Na na na na&lt;/p&gt;
</description>
    </item>
    
    <item>
      <title> Double Visión ( En Español)</title>
      <link>http://letraspedia.com/lyric/30h3-double-vision-en-espanol/</link>
      <pubDate>Mon, 01 Sep 2008 00:00:00 UTC</pubDate>
      <author>Enthusiastic Hugo User</author>
      <guid>http://letraspedia.com/lyric/30h3-double-vision-en-espanol/</guid>
      <description>&lt;p&gt;El sol es tan caliente
&lt;br&gt;Las bebidas son tan frías
&lt;br&gt;Su ropa sólo se caen
&lt;br&gt;Lo largo del día
&lt;br&gt;
&lt;br&gt;Vamos a permanecer hasta
&lt;br&gt;¿No va a sentar en el hogar
&lt;br&gt;Vamos a bailar toda la noche
&lt;br&gt;Debido a que lo diga (na na na)
&lt;br&gt;
&lt;br&gt;Estoy pensando que tal vez no puedo tener relaciones
&lt;br&gt;Porque últimamente no están haciendo ningún sentido
&lt;br&gt;Y nena, tú eres la única cosa en mi mente
&lt;br&gt;Pero eso puede cambiar en cualquier momento
&lt;br&gt;
&lt;br&gt;Porque hay mujeres hicieron el bien de tantos
&lt;br&gt;Que mi cabeza da vueltas
&lt;br&gt;Y he perdido todo sentimiento
&lt;br&gt;Todo el mundo está cantando como
&lt;br&gt;
&lt;br&gt;Hey! Na na na
&lt;br&gt;Hey hey! Na na na na
&lt;br&gt;Hey! Na na na
&lt;br&gt;Hey hey! Na na na na
&lt;br&gt;
&lt;br&gt;Porque hay mujeres hicieron el bien de tantos
&lt;br&gt;Que mi cabeza da vueltas
&lt;br&gt;Y yo estoy viendo la visión doble
&lt;br&gt;Todo el mundo está cantando como
&lt;br&gt;
&lt;br&gt;Hey! Na na na
&lt;br&gt;Hey hey! Na na na na
&lt;br&gt;Hey! Na na na
&lt;br&gt;Hey hey! Na na na na
&lt;br&gt;
&lt;br&gt;Vamos a hacer esto fuera de
&lt;br&gt;Apague todo el bloque
&lt;br&gt;Ver a las chicas gota a como si fuera una pasarela
&lt;br&gt;
&lt;br&gt;Estamos viviendo fácil
&lt;br&gt;Tenemos todo el día
&lt;br&gt;Y podemos ir a lo real no importa lo que la policía dice (na na na)
&lt;br&gt;
&lt;br&gt;Estoy pensando que tal vez no puedo tener relaciones
&lt;br&gt;Porque últimamente no están haciendo ningún sentido
&lt;br&gt;Y nena, tú eres la única cosa en mi mente
&lt;br&gt;Pero eso puede cambiar en cualquier momento
&lt;br&gt;
&lt;br&gt;Porque hay mujeres hicieron el bien de tantos
&lt;br&gt;Que mi cabeza da vueltas
&lt;br&gt;Y he perdido todo sentimiento
&lt;br&gt;Todo el mundo está cantando como
&lt;br&gt;
&lt;br&gt;Hey! Na na na
&lt;br&gt;Hey hey! Na na na na
&lt;br&gt;Hey! Na na na
&lt;br&gt;Hey hey! Na na na na
&lt;br&gt;
&lt;br&gt;Porque hay mujeres hicieron el bien de tantos
&lt;br&gt;Que mi cabeza da vueltas
&lt;br&gt;Y yo estoy viendo la visión doble
&lt;br&gt;Todo el mundo está cantando como
&lt;br&gt;
&lt;br&gt;Hey! Na na na
&lt;br&gt;Hey hey! Na na na na
&lt;br&gt;Hey! Na na na
&lt;br&gt;Hey hey! Na na na na
&lt;br&gt;
&lt;br&gt;No veo signos vitales en el ECG
&lt;br&gt;Muerto en la pista de baile
&lt;br&gt;Sólo aplaudir, porque necesitamos más
&lt;br&gt;3OH! 3, apagando los altavoces
&lt;br&gt;
&lt;br&gt;(¡Eh! Na na na) que sopla a los altavoces
&lt;br&gt;
&lt;br&gt;Porque hay mujeres hicieron el bien de tantos
&lt;br&gt;Que mi cabeza da vueltas
&lt;br&gt;Y he perdido todo sentimiento
&lt;br&gt;Todo el mundo está cantando como
&lt;br&gt;
&lt;br&gt;Hey! Na na na
&lt;br&gt;Hey hey! Na na na na
&lt;br&gt;Hey! Na na na
&lt;br&gt;Hey hey! Na na na na
&lt;br&gt;
&lt;br&gt;Porque hay mujeres hicieron el bien de tantos
&lt;br&gt;Que mi cabeza da vueltas
&lt;br&gt;Y yo estoy viendo la visión doble
&lt;br&gt;Todo el mundo está cantando como
&lt;br&gt;
&lt;br&gt;Hey! Na na na
&lt;br&gt;Hey hey! Na na na na
&lt;br&gt;Hey! Na na na
&lt;br&gt;Hey hey! Na na na na&lt;/p&gt;
</description>
    </item>
    
    <item>
      <title> Dragon Backpack</title>
      <link>http://letraspedia.com/lyric/30h3-dragon-backpack/</link>
      <pubDate>Mon, 01 Sep 2008 00:00:00 UTC</pubDate>
      <author>Enthusiastic Hugo User</author>
      <guid>http://letraspedia.com/lyric/30h3-dragon-backpack/</guid>
      <description>&lt;p&gt;She can heal you with the tip of her tongue.
&lt;br&gt;&amp;amp; She&amp;#65533;s been eating children like the wolves eat their young.
&lt;br&gt;She can heal you with the tip of her tongue.
&lt;br&gt;&amp;amp; She&amp;#65533;s been eating children like the wolves eat their young.
&lt;br&gt;
&lt;br&gt;She&amp;rsquo;s got a wolf t-shirt,
&lt;br&gt;A eagle sweatshirt,
&lt;br&gt;A bison handkerchief,
&lt;br&gt;A dragon backpack.
&lt;br&gt;
&lt;br&gt;She&amp;rsquo;s got a wolf t-shirt,
&lt;br&gt;A eagle sweatshirt,
&lt;br&gt;A bison handkerchief,
&lt;br&gt;A dragon backpack.
&lt;br&gt;
&lt;br&gt;She can heal you with the tip of her tongue.
&lt;br&gt;&amp;amp; She&amp;#65533;s been eating children like the wolves eat their young.
&lt;br&gt;She can heal you with the tip of her tongue.
&lt;br&gt;&amp;amp; She&amp;#65533;s been eating children like the wolves eat their young.
&lt;br&gt;
&lt;br&gt;She&amp;rsquo;s got a wolf t-shirt,
&lt;br&gt;A eagle sweatshirt,
&lt;br&gt;A bison handkerchief,
&lt;br&gt;A dragon backpack.
&lt;br&gt;
&lt;br&gt;She&amp;rsquo;s got a wolf t-shirt,
&lt;br&gt;A eagle sweatshirt,
&lt;br&gt;A bison handkerchief,
&lt;br&gt;A dragon backpack.
&lt;br&gt;
&lt;br&gt;She&amp;rsquo;s got a wolf t-shirt,
&lt;br&gt;A eagle sweatshirt,
&lt;br&gt;A bison handkerchief,
&lt;br&gt;A dragon backpack.
&lt;br&gt;
&lt;br&gt;She&amp;rsquo;s got a wolf t-shirt,
&lt;br&gt;A eagle sweatshirt,
&lt;br&gt;A bison handkerchief,
&lt;br&gt;A dragon backpack.&lt;/p&gt;
</description>
    </item>
    
    <item>
      <title> Electroshock</title>
      <link>http://letraspedia.com/lyric/30h3-electroshock/</link>
      <pubDate>Mon, 01 Sep 2008 00:00:00 UTC</pubDate>
      <author>Enthusiastic Hugo User</author>
      <guid>http://letraspedia.com/lyric/30h3-electroshock/</guid>
      <description>&lt;p&gt;Sweat, sweat, cos I&amp;rsquo;m a poisonous pill,
&lt;br&gt;Pop me in your mouth baby, sit and be still,
&lt;br&gt;Not yet, I ain&amp;rsquo;t through wit&amp;rsquo; you girl,
&lt;br&gt;Put me in your glass baby, give me a swirl.
&lt;br&gt;
&lt;br&gt;Sweat, sweat, cos I&amp;rsquo;m a poisonous pill,
&lt;br&gt;pop me in you mouth baby, sit and be still,
&lt;br&gt;Not yet, I ain&amp;rsquo;t through wit&amp;rsquo; you girl,
&lt;br&gt;Put me in you glass baby, give me a swirl.
&lt;br&gt;
&lt;br&gt;Don&amp;rsquo;t stop don&amp;rsquo;t let it (oh),
&lt;br&gt;Freeze up your trembling lips,
&lt;br&gt;Don&amp;rsquo;t you regret it (oh),
&lt;br&gt;Cos you can bet that this won&amp;rsquo;t even ever happen again.
&lt;br&gt;
&lt;br&gt;So hold me close tiny dancer,
&lt;br&gt;The only thing I&amp;rsquo;ve got&amp;rsquo;s this electrorock answer,
&lt;br&gt;I saw a picture on the canvas,
&lt;br&gt;Baby&amp;rsquo;s got a ciggy and he let&amp;rsquo;s her know she&amp;rsquo;s cancerous.
&lt;br&gt;
&lt;br&gt;Yes, yes; your tight white dress.
&lt;br&gt;You&amp;rsquo;re all alone and I&amp;rsquo;m about to microphone check.
&lt;br&gt;Oh yeah, prep the area here,
&lt;br&gt;Shock, shock, electrorock and steady now; clear.
&lt;br&gt;
&lt;br&gt;Yes, yes; my tight white vest.
&lt;br&gt;You&amp;rsquo;re all alone and I&amp;rsquo;m about to microphone check.
&lt;br&gt;Oh yeah prep the area here,
&lt;br&gt;Shock, shock, electrorock and steady now clear.
&lt;br&gt;
&lt;br&gt;Sweat, sweat, cos I&amp;rsquo;m a poisonous pill,
&lt;br&gt;Pop me in your mouth baby, sit and be still,
&lt;br&gt;Not yet, I ain&amp;rsquo;t through wit&amp;rsquo; you girl,
&lt;br&gt;Put me in your glass baby, give me a swirl.
&lt;br&gt;
&lt;br&gt;I am a static hat full of magic tricks,
&lt;br&gt;You are kinetic, slow down baby,
&lt;br&gt;Why you leavin&amp;rsquo; so quick?
&lt;br&gt;
&lt;br&gt;So hold me close tiny dancer,
&lt;br&gt;The only thing I&amp;rsquo;ve got&amp;rsquo;s this electrorock answer,
&lt;br&gt;I saw a picture on the canvas,
&lt;br&gt;Baby&amp;rsquo;s got a ciggy and he let&amp;rsquo;s her know she&amp;rsquo;s cancerous.
&lt;br&gt;
&lt;br&gt;Yes, yes; your tight white dress.
&lt;br&gt;You&amp;rsquo;re all alone and I&amp;rsquo;m about to microphone check.
&lt;br&gt;Oh yeah, prep the area here,
&lt;br&gt;Shock, shock, electrorock and steady now clear.
&lt;br&gt;
&lt;br&gt;Yes, yes; my tight white vest.
&lt;br&gt;You&amp;rsquo;re all alone and I&amp;rsquo;m about to microphone check.
&lt;br&gt;Oh yeah prep the area here,
&lt;br&gt;Shock, shock, electrorock and steady now clear.
&lt;br&gt;
&lt;br&gt;Steady now, steady, steady now,
&lt;br&gt;Steady now, steady, steady now,
&lt;br&gt;Steady now, steady, steady now,
&lt;br&gt;Steady now, steady, steady now; clear.&lt;/p&gt;
</description>
    </item>
    
    <item>
      <title> Follow Me Down</title>
      <link>http://letraspedia.com/lyric/30h3-follow-me-down/</link>
      <pubDate>Mon, 01 Sep 2008 00:00:00 UTC</pubDate>
      <author>Enthusiastic Hugo User</author>
      <guid>http://letraspedia.com/lyric/30h3-follow-me-down/</guid>
      <description>&lt;p&gt;Take me take me outta here it makes me
&lt;br&gt;Feel so, feel so na na nana na
&lt;br&gt;
&lt;br&gt;Baby baby here we all crazy
&lt;br&gt;You dont have to worry na na nana na
&lt;br&gt;
&lt;br&gt;So follow me down
&lt;br&gt;Out of this town
&lt;br&gt;Girl youre moving way too slow
&lt;br&gt;So follow me down, Ill show you around
&lt;br&gt;Theres a place we gotta go
&lt;br&gt;
&lt;br&gt;Follow me, follow me
&lt;br&gt;Fa la-la-la-la [x2]
&lt;br&gt;Fa la-la-la-la
&lt;br&gt;
&lt;br&gt;Dancing, walking clock keeps on talking
&lt;br&gt;They sing, they sing la la-la-la-la
&lt;br&gt;
&lt;br&gt;Gentlemen and ladies, animals and babies
&lt;br&gt;We sing, we sing na na na-na-na
&lt;br&gt;
&lt;br&gt;So follow me down
&lt;br&gt;Out of this town
&lt;br&gt;Girl youre moving way too slow
&lt;br&gt;So follow me down, Ill show you around
&lt;br&gt;Theres a place we gotta go
&lt;br&gt;
&lt;br&gt;Follow me, follow me
&lt;br&gt;Fa la-la-la-la [x2]
&lt;br&gt;Fa la-la-la-la
&lt;br&gt;
&lt;br&gt;Follow me, follow me
&lt;br&gt;Fa la-la-la-la [x2]
&lt;br&gt;Fa la-la-la-la
&lt;br&gt;
&lt;br&gt;Ahh ah oh
&lt;br&gt;Ah ah ah oh
&lt;br&gt;Ah ah ah oh oh
&lt;br&gt;
&lt;br&gt;Down down down down. Oh okay
&lt;br&gt;Down, down. Down down. Oh, oh
&lt;br&gt;
&lt;br&gt;Follow me, follow me
&lt;br&gt;Fa la-la-la-la [x2]
&lt;br&gt;Fa la-la-la-la
&lt;br&gt;Follow me, follow me
&lt;br&gt;Fa la-la-la-la [x2]
&lt;br&gt;Fa la-la-la-la&lt;/p&gt;
</description>
    </item>
    
    <item>
      <title> Follow Me Down (en Español)</title>
      <link>http://letraspedia.com/lyric/30h3-follow-me-down-en-espanol/</link>
      <pubDate>Mon, 01 Sep 2008 00:00:00 UTC</pubDate>
      <author>Enthusiastic Hugo User</author>
      <guid>http://letraspedia.com/lyric/30h3-follow-me-down-en-espanol/</guid>
      <description>&lt;p&gt;Llévame llévame aquí Outta me hace
&lt;br&gt;Sentirse así, siento tan na na na nana
&lt;br&gt;
&lt;br&gt;Baby Baby aquí estamos todos locos
&lt;br&gt;Usted no tiene que preocuparse na na na nana
&lt;br&gt;
&lt;br&gt;Así que me siguen abajo
&lt;br&gt;Fuera de esta ciudad
&lt;br&gt;Chica se está moviendo demasiado lento
&lt;br&gt;Así que me siguen abajo, te voy a mostrar la
&lt;br&gt;Hay un lugar nos tenemos que ir
&lt;br&gt;
&lt;br&gt;Sígueme, sígueme
&lt;br&gt;Fa la-la-la-la [x2]
&lt;br&gt;Fa la-la-la-la
&lt;br&gt;
&lt;br&gt;Bailar, caminar reloj sigue hablando
&lt;br&gt;Cantan, cantan la la-la-la-la
&lt;br&gt;
&lt;br&gt;Señores y señoras, los animales y los bebés
&lt;br&gt;Cantamos, cantamos na na na-na-na
&lt;br&gt;
&lt;br&gt;Así que me siguen abajo
&lt;br&gt;Fuera de esta ciudad
&lt;br&gt;Chica se está moviendo demasiado lento
&lt;br&gt;Así que me siguen abajo, te voy a mostrar la
&lt;br&gt;Hay un lugar nos tenemos que ir
&lt;br&gt;
&lt;br&gt;Sígueme, sígueme
&lt;br&gt;Fa la-la-la-la [x2]
&lt;br&gt;Fa la-la-la-la
&lt;br&gt;
&lt;br&gt;Sígueme, sígueme
&lt;br&gt;Fa la-la-la-la [x2]
&lt;br&gt;Fa la-la-la-la
&lt;br&gt;
&lt;br&gt;Ahh ah oh
&lt;br&gt;Ah ah ah ah
&lt;br&gt;Ah ah ah oh oh
&lt;br&gt;
&lt;br&gt;Abajo abajo abajo abajo. Oh bien
&lt;br&gt;Abajo, abajo. Abajo, abajo. Oh, oh
&lt;br&gt;
&lt;br&gt;Sígueme, sígueme
&lt;br&gt;Fa la-la-la-la [x2]
&lt;br&gt;Fa la-la-la-la
&lt;br&gt;Sígueme, sígueme
&lt;br&gt;Fa la-la-la-la [x2]
&lt;br&gt;Fa la-la-la-la&lt;/p&gt;
</description>
    </item>
    
    <item>
      <title> Holler Til You Pass Out</title>
      <link>http://letraspedia.com/lyric/30h3-holler-til-you-pass-out/</link>
      <pubDate>Mon, 01 Sep 2008 00:00:00 UTC</pubDate>
      <author>Enthusiastic Hugo User</author>
      <guid>http://letraspedia.com/lyric/30h3-holler-til-you-pass-out/</guid>
      <description>&lt;p&gt;I&amp;rsquo;ma hit you from the back, I&amp;rsquo;ma hit you from the,
&lt;br&gt;I&amp;rsquo;ma hit you from the back, I&amp;rsquo;ma hit you from the,
&lt;br&gt;I&amp;rsquo;ma hit you from the back, I&amp;rsquo;ma hit you from the,
&lt;br&gt;I&amp;rsquo;ma hit you from the back and make you holler &amp;lsquo;til you pass out.
&lt;br&gt;
&lt;br&gt;Holler back, holler back. [X4]
&lt;br&gt;
&lt;br&gt;If you gots a neat stash (give me half, give me half)
&lt;br&gt;And if you roll up on some cash (give me half, give me half)
&lt;br&gt;And if your momma&amp;rsquo;s in the back (give me half, give me half)
&lt;br&gt;And you know I got the bass bat, bass bat, bass bat,
&lt;br&gt;
&lt;br&gt;Bitches on the dick, give &amp;lsquo;em 3oh!3,
&lt;br&gt;Poppin&amp;rsquo; motherfuckers like &amp;lsquo;you know me&amp;rsquo;
&lt;br&gt;Shining in the club with the goatee,
&lt;br&gt;Rollin&amp;rsquo; on the dubs like an OG.
&lt;br&gt;Get them hands cracking in the 3oh!3 [X2]
&lt;br&gt;
&lt;br&gt;Hey yeah, shake-shake your ass now, [X3]
&lt;br&gt;I&amp;rsquo;ma hit you from the back and make you holler &amp;lsquo;til you pass out.
&lt;br&gt;
&lt;br&gt;Hey yeah, shake-shake your ass now, [X3]
&lt;br&gt;I&amp;rsquo;ma hit you from the back and make you holler &amp;lsquo;til you pass out.
&lt;br&gt;
&lt;br&gt;Bang bang, bang bang, motherfucking street slang. [X4]
&lt;br&gt;Is it getting hot in here or is it just me? [X3]
&lt;br&gt;Is it getting hot in here or is it 3oh!3?
&lt;br&gt;
&lt;br&gt;You&amp;rsquo;s a punk bitch if you don&amp;rsquo;t know bout Boulder,
&lt;br&gt;Your girl&amp;rsquo;s a freak, cos that&amp;rsquo;s what I told her,
&lt;br&gt;You think you&amp;rsquo;re tight, but my ice gets colder,
&lt;br&gt;In Baller-ado fight you with my soldiers,
&lt;br&gt;You know we clean, never smokin&amp;rsquo; that doja,
&lt;br&gt;The gang sign, cos that&amp;rsquo;s what we all love.
&lt;br&gt;
&lt;br&gt;Hey yeah, shake-shake your ass now, [X3]
&lt;br&gt;I&amp;rsquo;ma hit you from the back and make you holler &amp;lsquo;til you pass out.
&lt;br&gt;
&lt;br&gt;Hey yeah, shake-shake your ass now, [X3]
&lt;br&gt;I&amp;rsquo;ma hit you from the back and make you holler &amp;lsquo;til you pass out.
&lt;br&gt;
&lt;br&gt;Bang bang, bang bang, motherfucking street slang. [X4]
&lt;br&gt;Is it getting hot in here or is it just me? [X3]
&lt;br&gt;Is it getting hot in here or is it 3oh!3?&lt;/p&gt;
</description>
    </item>
    
    <item>
      <title> Hornz</title>
      <link>http://letraspedia.com/lyric/30h3-hornz/</link>
      <pubDate>Mon, 01 Sep 2008 00:00:00 UTC</pubDate>
      <author>Enthusiastic Hugo User</author>
      <guid>http://letraspedia.com/lyric/30h3-hornz/</guid>
      <description>&lt;p&gt;Three-Oh [x12]
&lt;br&gt;I´m &amp;lsquo;a hit you from the back
&lt;br&gt;I´m not comming to your party
&lt;br&gt;Shake it, shake it, shake it like you-
&lt;br&gt;Get your hands up
&lt;br&gt;Take-take that
&lt;br&gt;Mother fucker fake rap
&lt;br&gt;I´m &amp;lsquo;a hit you from the back Chokechain
&lt;br&gt;I´m hot baby you´re not
&lt;br&gt;Poisonous pill
&lt;br&gt;Punk-punk-punk-pu-punk-punk bitch Colorado
&lt;br&gt;
&lt;br&gt;(Day One) A chaple and glistening
&lt;br&gt;(Day Three) The sun is
&lt;br&gt;shining on a perfect beach
&lt;br&gt;(Day Six) A train that isn´t whistling
&lt;br&gt;(Day Ten) and I don´t want
&lt;br&gt;to see you off again
&lt;br&gt;
&lt;br&gt;We know the most crunk
&lt;br&gt;Indie city choking chimeny-sweeper,
&lt;br&gt;Turn up your radio
&lt;br&gt;the song we play will blow the speakers
&lt;br&gt;don´t stop whistlin&amp;rsquo;
&lt;br&gt;to let them know what they&amp;rsquo;ve been missing
&lt;br&gt;turn the jukebox on
&lt;br&gt;the song we play will blow the system
&lt;br&gt;
&lt;br&gt;(Day One) A chaple and glistening
&lt;br&gt;(Day Three) The sun is
&lt;br&gt;shining on a perfect beach
&lt;br&gt;(Day Six) A train that isn´t whistlin
&lt;br&gt;(Day Ten) and I don´t want
&lt;br&gt;to see you off again
&lt;br&gt;
&lt;br&gt;We know the most crunk
&lt;br&gt;Indie city choking chimeny-sweeper,
&lt;br&gt;Turn up your radio
&lt;br&gt;the song we play will blow the speakers
&lt;br&gt;don´t stop whistlin&amp;rsquo;
&lt;br&gt;to let them know what they&amp;rsquo;ve been missing
&lt;br&gt;turn the jukebox on
&lt;br&gt;the song we play will blow the system
&lt;br&gt;
&lt;br&gt;We know the most crunk
&lt;br&gt;Indie city choking chimeny-sweeper,
&lt;br&gt;Turn up your radio
&lt;br&gt;the song we play will blow the speakers
&lt;br&gt;don´t stop whistlin&amp;rsquo;
&lt;br&gt;to let them know what they&amp;rsquo;ve been missing
&lt;br&gt;turn your jukebox up
&lt;br&gt;the song we play will blow the system
&lt;br&gt;
&lt;br&gt;No ones been, no ones been
&lt;br&gt;the cherry in that eye
&lt;br&gt;and it´s burning under my skin
&lt;br&gt;carrying, carrying
&lt;br&gt;the lady back to her kin
&lt;br&gt;but that should be the first thing
&lt;br&gt;no ones been, no ones been
&lt;br&gt;the carpenter I´ve been
&lt;br&gt;building you this cabinet
&lt;br&gt;burying burying
&lt;br&gt;those heroes as they&amp;rsquo;re gasping
&lt;br&gt;but that should be the last thing&lt;/p&gt;
</description>
    </item>
    
  </channel>
</rss>