<?xml version="1.0" encoding="utf-8" standalone="yes" ?>
<rss version="2.0" xmlns:atom="http://www.w3.org/2005/Atom">
  <channel>
      <title>1 800 Zombie on Letraspedia.com thes best lyrics page </title>
    <link>http://letraspedia.com/artist/1-800-zombie/</link>
    <language>en-US</language>
    <author>Enthusiastic Hugo User</author>
    <rights>Copyright (c) 2014, Enthusiastic Hugo User; all rights reserved.</rights>
    <updated>Mon, 01 Sep 2008 00:00:00 UTC</updated>
    
    <item>
      <title> Birthday Party Deluxe</title>
      <link>http://letraspedia.com/lyric/1-800-zombie-birthday-party-deluxe/</link>
      <pubDate>Mon, 01 Sep 2008 00:00:00 UTC</pubDate>
      <author>Enthusiastic Hugo User</author>
      <guid>http://letraspedia.com/lyric/1-800-zombie-birthday-party-deluxe/</guid>
      <description>&lt;p&gt;it&amp;rsquo;s my birthday! (really?)
&lt;br&gt;and i have a bouncehouse! (oh my FUCKING god!)
&lt;br&gt;it&amp;rsquo;s a party! (seriously?)
&lt;br&gt;but i&amp;rsquo;m not gonna cry (good.)
&lt;br&gt;&amp;lsquo;cause i&amp;rsquo;m not emo! (i know you aren&amp;rsquo;t!)
&lt;br&gt;i&amp;rsquo;m going to poke you in the eye (please don&amp;rsquo;t!)
&lt;br&gt;
&lt;br&gt;it&amp;rsquo;s my birthday! (oh my god!)
&lt;br&gt;birthday party! (oh jesus!)
&lt;br&gt;birthday party! (oh my god!)
&lt;br&gt;birthday party. (where&amp;rsquo;s my mom?)
&lt;br&gt;
&lt;br&gt;birthday party!
&lt;br&gt;cake!
&lt;br&gt;bouncehouse!
&lt;br&gt;icecream!
&lt;br&gt;Amy!
&lt;br&gt;presents!
&lt;br&gt;birthday!
&lt;br&gt;you love it!
&lt;br&gt;they love it!
&lt;br&gt;everyone loves it!
&lt;br&gt;
&lt;br&gt;we&amp;rsquo;re six years old
&lt;br&gt;we&amp;rsquo;re.. jewish!
&lt;br&gt;hehe, G- Unit!
&lt;br&gt;we&amp;rsquo;re black!
&lt;br&gt;i&amp;rsquo;m not black!
&lt;br&gt;ohh, oh&amp;hellip;. i thought you were&amp;hellip;
&lt;br&gt;
&lt;br&gt;I&amp;rsquo;m black.&lt;/p&gt;
</description>
    </item>
    
    <item>
      <title> Im A Unicorn</title>
      <link>http://letraspedia.com/lyric/1-800-zombie-im-a-unicorn/</link>
      <pubDate>Mon, 01 Sep 2008 00:00:00 UTC</pubDate>
      <author>Enthusiastic Hugo User</author>
      <guid>http://letraspedia.com/lyric/1-800-zombie-im-a-unicorn/</guid>
      <description>&lt;p&gt;Don&amp;rsquo;t call me a horse&lt;br /&gt;
&lt;br&gt;I&amp;rsquo;m a unicorn
&lt;br&gt;mystical, magical, mysterious
&lt;br&gt;not plain
&lt;br&gt;got wings like Pegasus and a nice white coat
&lt;br&gt;I grant wishes and prance in the rain
&lt;br&gt;U-N-I-C-O-R-N
&lt;br&gt;that&amp;rsquo;s unicorn
&lt;br&gt;U-N-I-C-O-R-N
&lt;br&gt;U-N-I-C-O-R-N
&lt;br&gt;U-N-I-C-O-R-N
&lt;br&gt;U-N-I-C-O-R-N
&lt;br&gt;yeah
&lt;br&gt;U-N-I-C-O-R-N
&lt;br&gt;U-N-I-C-O-R-N
&lt;br&gt;U-N-I-C-O-R-N
&lt;br&gt;I&amp;rsquo;m a unicorn
&lt;br&gt;8000 B.C.
&lt;br&gt;Noah&amp;rsquo;s ark wasn&amp;rsquo;t built before me
&lt;br&gt;I&amp;rsquo;m friends with dragons, Bob Saget
&lt;br&gt;you think I&amp;rsquo;m not real?
&lt;br&gt;Full House! I&amp;rsquo;m in the background, fool!
&lt;br&gt;eatin&amp;rsquo; grass all day, party all night
&lt;br&gt;I&amp;rsquo;ll grant your wish
&lt;br&gt;right before your eyes
&lt;br&gt;I&amp;rsquo;m hiding in your hills
&lt;br&gt;eating all your apples
&lt;br&gt;drinking water
&lt;br&gt;writing facts on your Snapples
&lt;br&gt;U-N-I-C-O-R-N
&lt;br&gt;U-N-I-C-O-R-N
&lt;br&gt;U-N-I-C-O-R-N
&lt;br&gt;U-N-I-C-O-R-N
&lt;br&gt;U-N-I-C-O-R-N
&lt;br&gt;U-N-I-C-O-R-N
&lt;br&gt;U-N-I-C-O-R-N
&lt;br&gt;U-N-I-C-O-R-N&lt;/p&gt;
</description>
    </item>
    
    <item>
      <title> Im A Unicorn (en Español)</title>
      <link>http://letraspedia.com/lyric/1-800-zombie-im-a-unicorn-en-espanol/</link>
      <pubDate>Mon, 01 Sep 2008 00:00:00 UTC</pubDate>
      <author>Enthusiastic Hugo User</author>
      <guid>http://letraspedia.com/lyric/1-800-zombie-im-a-unicorn-en-espanol/</guid>
      <description>&lt;p&gt;No me llames a un caballo
&lt;br&gt;Soy un unicornio
&lt;br&gt;místico, mágico y misterioso
&lt;br&gt;no es evidente
&lt;br&gt;tiene alas como Pegaso y una bata blanca bonita
&lt;br&gt;Yo conceder deseos y cabriolas en la lluvia
&lt;br&gt;U-N-I-C-O-R-N
&lt;br&gt;que del unicornio
&lt;br&gt;U-N-I-C-O-R-N
&lt;br&gt;U-N-I-C-O-R-N
&lt;br&gt;U-N-I-C-O-R-N
&lt;br&gt;U-N-I-C-O-R-N
&lt;br&gt;sí
&lt;br&gt;U-N-I-C-O-R-N
&lt;br&gt;U-N-I-C-O-R-N
&lt;br&gt;U-N-I-C-O-R-N
&lt;br&gt;Soy un unicornio
&lt;br&gt;8000 a. de JC
&lt;br&gt;El arca de Noé no fue construido antes que yo
&lt;br&gt;Soy amiga de dragones, Bob Saget
&lt;br&gt;Crees que no soy real?
&lt;br&gt;Full House! Estoy en el fondo, tonto!
&lt;br&gt;hierba comiendo todo el día, fiesta toda la noche
&lt;br&gt;Voy a conceder su deseo
&lt;br&gt;delante de tus ojos
&lt;br&gt;Me estoy escondiendo en sus colinas
&lt;br&gt;comer todas sus manzanas
&lt;br&gt;agua potable
&lt;br&gt;por escrito los hechos en su Snapples
&lt;br&gt;U-N-I-C-O-R-N
&lt;br&gt;U-N-I-C-O-R-N
&lt;br&gt;U-N-I-C-O-R-N
&lt;br&gt;U-N-I-C-O-R-N
&lt;br&gt;U-N-I-C-O-R-N
&lt;br&gt;U-N-I-C-O-R-N
&lt;br&gt;U-N-I-C-O-R-N
&lt;br&gt;U-N-I-C-O-R-N&lt;/p&gt;
</description>
    </item>
    
  </channel>
</rss>