<?xml version="1.0" encoding="utf-8" standalone="yes" ?>
<rss version="2.0" xmlns:atom="http://www.w3.org/2005/Atom">
  <channel>
      <title>3 Na Massa on Letraspedia.com thes best lyrics page </title>
    <link>http://letraspedia.com/artist/3-na-massa/</link>
    <language>en-US</language>
    <author>Enthusiastic Hugo User</author>
    <rights>Copyright (c) 2014, Enthusiastic Hugo User; all rights reserved.</rights>
    <updated>Mon, 01 Sep 2008 00:00:00 UTC</updated>
    
    <item>
      <title> Certa Noite</title>
      <link>http://letraspedia.com/lyric/3-na-massa-certa-noite/</link>
      <pubDate>Mon, 01 Sep 2008 00:00:00 UTC</pubDate>
      <author>Enthusiastic Hugo User</author>
      <guid>http://letraspedia.com/lyric/3-na-massa-certa-noite/</guid>
      <description>&lt;p&gt;Hoje você me deixou
&lt;br&gt;Quer dizer
&lt;br&gt;Hoje você me deixou de novo
&lt;br&gt;Depois a gente volta
&lt;br&gt;Sempre voltou
&lt;br&gt;Você voltou
&lt;br&gt;Voltou sempre que me deixou
&lt;br&gt;Mas há sempre algo que se lasca
&lt;br&gt;Que se acaba
&lt;br&gt;Uma magia que se estraga
&lt;br&gt;Uma vela que se apaga
&lt;br&gt;Aos poucos
&lt;br&gt;Um abalo que um dia, talvez, não dê mais jeito
&lt;br&gt;Uma ofensa que, talvez, desta vez, não dê conserto
&lt;br&gt;E então chega um dia em que eu não te reconheço
&lt;br&gt;Um dia que não vem depois do outro
&lt;br&gt;Uma certa noite
&lt;br&gt;Fora do tempo
&lt;br&gt;E então um dia eu não me reconheço
&lt;br&gt;E quero o que eu nem sabia
&lt;br&gt;Que era isso que eu queria
&lt;br&gt;
&lt;br&gt;Uma noite tão quente como essa
&lt;br&gt;Pode ser um novo começo
&lt;br&gt;Poder, querer, ser
&lt;br&gt;Sem ter você
&lt;br&gt;
&lt;br&gt;Se você não me quer mais
&lt;br&gt;Eu quero me perder
&lt;br&gt;
&lt;br&gt;Se você não me quer mais
&lt;br&gt;Eu quero te perder
&lt;br&gt;
&lt;br&gt;Se você não me quer mais
&lt;br&gt;Eu quero
&lt;br&gt;
&lt;br&gt;Que o fogo que vem de baixo
&lt;br&gt;Seja fogo negro, intenso
&lt;br&gt;Um fogo sem descaso
&lt;br&gt;Pra me queimar em silêncio
&lt;br&gt;E então finalmente eu me esqueço
&lt;br&gt;E me entrego
&lt;br&gt;Você é quem me dá tudo quente e espesso
&lt;br&gt;Que me dá tudo que eu mereço
&lt;br&gt;E não me nego
&lt;br&gt;Então eu danço
&lt;br&gt;Danço
&lt;br&gt;
&lt;br&gt;Uma noite tão quente como essa
&lt;br&gt;Pode ser um novo começo
&lt;br&gt;Querer, poder, ter
&lt;br&gt;Sem ser você
&lt;br&gt;
&lt;br&gt;Se você não me quer mais
&lt;br&gt;Eu quero me perder
&lt;br&gt;
&lt;br&gt;Se você não me quer mais
&lt;br&gt;Eu quero te perder
&lt;br&gt;
&lt;br&gt;Se você não me quer mais
&lt;br&gt;Eu quero.
&lt;br&gt;
&lt;br&gt;**Estrondo
&lt;br&gt;
&lt;br&gt;Entrei
&lt;br&gt;como estrondo eu entrei
&lt;br&gt;baby estrago eu sei que causei
&lt;br&gt;visível, tocável e irreal
&lt;br&gt;
&lt;br&gt;Brinquei
&lt;br&gt;com tua alma e rasguei
&lt;br&gt;baby teu corpo eu mastiguei
&lt;br&gt;
&lt;br&gt;Lembra de quando eu vim para cá, a primeira vez?
&lt;br&gt;virei tua vida de cabeça para baixo
&lt;br&gt;e você bem mansinho
&lt;br&gt;porque amor quente que nem o meu
&lt;br&gt;você nunca teve nessa vida
&lt;br&gt;desse jeito não
&lt;br&gt;é então vem cá
&lt;br&gt;vem sentir a minha pele em brasa
&lt;br&gt;e o gosto forte da minha boca
&lt;br&gt;faz tudo como se fosse a última vez
&lt;br&gt;faz porque hoje eu vou embora&lt;/p&gt;
</description>
    </item>
    
    <item>
      <title> Doce Guia</title>
      <link>http://letraspedia.com/lyric/3-na-massa-doce-guia/</link>
      <pubDate>Mon, 01 Sep 2008 00:00:00 UTC</pubDate>
      <author>Enthusiastic Hugo User</author>
      <guid>http://letraspedia.com/lyric/3-na-massa-doce-guia/</guid>
      <description>&lt;p&gt;Caso acolha meu achego
&lt;br&gt;Que antes diga derradeiro adeus
&lt;br&gt;Sobre a encosta do meu peito vago
&lt;br&gt;A delicada embriagez do corpo teu
&lt;br&gt;
&lt;br&gt;No meu corpo só
&lt;br&gt;No teu corpo meu
&lt;br&gt;No meu corpo só
&lt;br&gt;No teu
&lt;br&gt;
&lt;br&gt;Arrepiou por toque só
&lt;br&gt;Derramou molhado bom
&lt;br&gt;Do meu olho então afasta e leve fuga doce guia
&lt;br&gt;
&lt;br&gt;Mas vai e antes de ir embora leva
&lt;br&gt;Leva bucado de mim&lt;/p&gt;
</description>
    </item>
    
    <item>
      <title> Enladeirada</title>
      <link>http://letraspedia.com/lyric/3-na-massa-enladeirada/</link>
      <pubDate>Mon, 01 Sep 2008 00:00:00 UTC</pubDate>
      <author>Enthusiastic Hugo User</author>
      <guid>http://letraspedia.com/lyric/3-na-massa-enladeirada/</guid>
      <description>&lt;p&gt;Nas minhas curvas esquinas
&lt;br&gt;Vivem desejos que fogem das mãos
&lt;br&gt;Fazendo o coração
&lt;br&gt;Corar de vez
&lt;br&gt;
&lt;br&gt;O lugar onde você deve chegar
&lt;br&gt;O endereço onde você vai ficar
&lt;br&gt;A minha avenida você vai andar
&lt;br&gt;E agora eu já sou o seu lugar
&lt;br&gt;
&lt;br&gt;Dentro de mim
&lt;br&gt;Você vai morar
&lt;br&gt;
&lt;br&gt;O perfume agora é quem vai mandar
&lt;br&gt;O caminho é certo e não tem como errar
&lt;br&gt;Vou enladeirar as guias desse seu lugar
&lt;br&gt;Você não vai se perder
&lt;br&gt;Eu vou lhe achar&lt;/p&gt;
</description>
    </item>
    
    <item>
      <title> Estrondo</title>
      <link>http://letraspedia.com/lyric/3-na-massa-estrondo/</link>
      <pubDate>Mon, 01 Sep 2008 00:00:00 UTC</pubDate>
      <author>Enthusiastic Hugo User</author>
      <guid>http://letraspedia.com/lyric/3-na-massa-estrondo/</guid>
      <description>&lt;p&gt;Entrei
&lt;br&gt;como estrondo eu entrei
&lt;br&gt;baby estrago eu sei que causei
&lt;br&gt;visível, tocável e irreal
&lt;br&gt;
&lt;br&gt;Brinquei
&lt;br&gt;com tua alma e rasguei
&lt;br&gt;baby teu corpo eu mastiguei
&lt;br&gt;
&lt;br&gt;Lembra de quando eu vim para cá, a primeira vez
&lt;br&gt;virei tua vida de cabeça para baixo
&lt;br&gt;e você bem mansinho
&lt;br&gt;porque amor quente que nem o meu
&lt;br&gt;você nunca teve nessa vida
&lt;br&gt;desse jeito não
&lt;br&gt;é então vem cá
&lt;br&gt;vem sentir a minha pele em brasa
&lt;br&gt;e o gosto forte da minha boca
&lt;br&gt;faz tudo como se fosse a última vez
&lt;br&gt;faz porque hoje eu vou embora&lt;/p&gt;
</description>
    </item>
    
    <item>
      <title> Lágrimas Pretas</title>
      <link>http://letraspedia.com/lyric/3-na-massa-lagrimas-pretas/</link>
      <pubDate>Mon, 01 Sep 2008 00:00:00 UTC</pubDate>
      <author>Enthusiastic Hugo User</author>
      <guid>http://letraspedia.com/lyric/3-na-massa-lagrimas-pretas/</guid>
      <description>&lt;p&gt;Hoje fiz um movimento louco dentro do meu sonho
&lt;br&gt;Hoje fiz um movimento louco dentro do meu sonho
&lt;br&gt;Você já saiu algum dia da casa do pai?
&lt;br&gt;Esse é o som e você é a mulher que eu sou
&lt;br&gt;A minha primeira visão da terra tinha cortina de água
&lt;br&gt;
&lt;br&gt;Essa noite fiz um movimento louco dentro do meu sonho
&lt;br&gt;(a minha primeira visão da terra)
&lt;br&gt;A minha primeira visão da terra tinha cortina de água
&lt;br&gt;
&lt;br&gt;Não me lembro de ter fome
&lt;br&gt;Não me recordo de frio nem calor
&lt;br&gt;Eu não me lembro
&lt;br&gt;
&lt;br&gt;Você já viu alguma mulher derramando lágrimas pretas?
&lt;br&gt;Você sabe quem eu sou?
&lt;br&gt;
&lt;br&gt;Você já viu uma mulher derramando lágrimas pretas na face?
&lt;br&gt;Lágrimas pretas
&lt;br&gt;Lágrimas pretas
&lt;br&gt;Não fique assustado ao ver a mulher
&lt;br&gt;pintada chorando lágrimas pretas
&lt;br&gt;Eu amo tanto
&lt;br&gt;Você já viu uma mulher derramando lágrimas pretas na face?
&lt;br&gt;Lágrimas pretas
&lt;br&gt;Lágrimas pretas
&lt;br&gt;Não fique assustado&lt;/p&gt;
</description>
    </item>
    
    <item>
      <title> O Objeto</title>
      <link>http://letraspedia.com/lyric/3-na-massa-o-objeto/</link>
      <pubDate>Mon, 01 Sep 2008 00:00:00 UTC</pubDate>
      <author>Enthusiastic Hugo User</author>
      <guid>http://letraspedia.com/lyric/3-na-massa-o-objeto/</guid>
      <description>&lt;p&gt;Pude então
&lt;br&gt;Estar aqui
&lt;br&gt;Sem recordações
&lt;br&gt;Do que vivi
&lt;br&gt;Só no pensamento
&lt;br&gt;
&lt;br&gt;Timidamente eu ouvia sua música
&lt;br&gt;E sentia os estalos do seu caminhar
&lt;br&gt;Eu queria ter minha foto estampada em sua blusa
&lt;br&gt;Minha carne em sua unha
&lt;br&gt;Dentro e fora de você
&lt;br&gt;
&lt;br&gt;Molhando a minha língua
&lt;br&gt;Abrindo a cortina
&lt;br&gt;Iniciando a rotina
&lt;br&gt;Ativando os calafrios
&lt;br&gt;Sinto a pele esquentar
&lt;br&gt;
&lt;br&gt;O espelho e as verdades
&lt;br&gt;O objeto das vontades
&lt;br&gt;
&lt;br&gt;O espelho e as vontades
&lt;br&gt;O objeto da verdade
&lt;br&gt;
&lt;br&gt;Deita-te comigo
&lt;br&gt;Sem tu mesmo estar aqui
&lt;br&gt;Dance nos meus sonhos e me implore a pedir
&lt;br&gt;Para que eu abra os olhos.
&lt;br&gt;
&lt;br&gt;Quente como asfalto
&lt;br&gt;
&lt;br&gt;Os lábios se tocam
&lt;br&gt;O vento sussurra
&lt;br&gt;Um murmúrio de arrepiar
&lt;br&gt;
&lt;br&gt;Sufoca-me
&lt;br&gt;O sangue treme
&lt;br&gt;As pernas fervem
&lt;br&gt;Respiro a volúpia dos encontros casuais
&lt;br&gt;
&lt;br&gt;Sufoca-me
&lt;br&gt;Mata-me depressa
&lt;br&gt;
&lt;br&gt;Perco a voz
&lt;br&gt;Quero mais
&lt;br&gt;Meus sentidos estão apurados
&lt;br&gt;
&lt;br&gt;Perco a voz
&lt;br&gt;Quero mais
&lt;br&gt;Ardente e quente como asfalto
&lt;br&gt;
&lt;br&gt;O suor embaça os meus olhos
&lt;br&gt;E o calor me derrete pra você
&lt;br&gt;
&lt;br&gt;O sangue ferve
&lt;br&gt;Silêncio e a vontade de gritar
&lt;br&gt;Respiro, perco a voz
&lt;br&gt;Mormaço
&lt;br&gt;
&lt;br&gt;Mata-me depressa&lt;/p&gt;
</description>
    </item>
    
    <item>
      <title> O Seu Lugar</title>
      <link>http://letraspedia.com/lyric/3-na-massa-o-seu-lugar/</link>
      <pubDate>Mon, 01 Sep 2008 00:00:00 UTC</pubDate>
      <author>Enthusiastic Hugo User</author>
      <guid>http://letraspedia.com/lyric/3-na-massa-o-seu-lugar/</guid>
      <description>&lt;p&gt;Nas minhas ruas e esquinas
&lt;br&gt;Vivem desejos que fogem das mãos
&lt;br&gt;Fazendo o coração curar de vez
&lt;br&gt;De vez
&lt;br&gt;
&lt;br&gt;O lugar onde você deve chegar
&lt;br&gt;O endereço onde você vai ficar
&lt;br&gt;A minha avenida você vai andar
&lt;br&gt;E agora eu já sou o seu lugar
&lt;br&gt;
&lt;br&gt;Dentro de mim
&lt;br&gt;Você vai morar
&lt;br&gt;
&lt;br&gt;O perfume agora é quem vai mandar
&lt;br&gt;O caminho é certo e não tem como errar
&lt;br&gt;Vou enladeirar as vias
&lt;br&gt;Desse seu lugar
&lt;br&gt;
&lt;br&gt;Você não vai se perder
&lt;br&gt;Eu vou lhe achar.&lt;/p&gt;
</description>
    </item>
    
    <item>
      <title> Objeto</title>
      <link>http://letraspedia.com/lyric/3-na-massa-objeto/</link>
      <pubDate>Mon, 01 Sep 2008 00:00:00 UTC</pubDate>
      <author>Enthusiastic Hugo User</author>
      <guid>http://letraspedia.com/lyric/3-na-massa-objeto/</guid>
      <description>&lt;p&gt;Pude então estar aqui
&lt;br&gt;sem recordações do que vivi
&lt;br&gt;só no pensamento, só no pensamento
&lt;br&gt;
&lt;br&gt;Timidamente eu ouvia a sua música
&lt;br&gt;e sentia os estalos do seu caminhar
&lt;br&gt;Eu queria ter minha foto estampada em sua blusa
&lt;br&gt;minha carne em sua unha, dentro e fora de você
&lt;br&gt;
&lt;br&gt;molhando a minha língua
&lt;br&gt;abrindo a cortina, iniciando a rotina
&lt;br&gt;ativando os calafrios
&lt;br&gt;sinto a pele esquentar
&lt;br&gt;
&lt;br&gt;O espelho e as verdades
&lt;br&gt;o objeto das vontades
&lt;br&gt;o espelho e as vontades
&lt;br&gt;o objeto da verdade
&lt;br&gt;
&lt;br&gt;Deita-te comigo sem tu mesmo estar
&lt;br&gt;dance nos meus sonhos e me implore a pedir
&lt;br&gt;para que eu abra os olhos&lt;/p&gt;
</description>
    </item>
    
    <item>
      <title> Pecadora</title>
      <link>http://letraspedia.com/lyric/3-na-massa-pecadora/</link>
      <pubDate>Mon, 01 Sep 2008 00:00:00 UTC</pubDate>
      <author>Enthusiastic Hugo User</author>
      <guid>http://letraspedia.com/lyric/3-na-massa-pecadora/</guid>
      <description>&lt;p&gt;NÃO CONSIGO ME CONTROLAR
&lt;br&gt;TENHO UM DEMÔNIO NA CARNE E NO CORPO
&lt;br&gt;
&lt;br&gt;SONHO ACORDADA NA ESCURIDÃO DA MINHA CELA
&lt;br&gt;UTILIZO OS DEDOS
&lt;br&gt;
&lt;br&gt;PRA PROVOCAR SENSAÇÕES PROIBIDAS
&lt;br&gt;NÃO SEI EXPLICAR COMO ISSO ACONTECE
&lt;br&gt;
&lt;br&gt;EU SINTO UM FORMIGAMENTO PERCORRER O MEU CORPO
&lt;br&gt;E ALGO SE DESPRENDE, E CAMINHA EM DIREÇÃO A VOCÊ&lt;/p&gt;
</description>
    </item>
    
    <item>
      <title> Quente Como Asfalto</title>
      <link>http://letraspedia.com/lyric/3-na-massa-quente-como-asfalto/</link>
      <pubDate>Mon, 01 Sep 2008 00:00:00 UTC</pubDate>
      <author>Enthusiastic Hugo User</author>
      <guid>http://letraspedia.com/lyric/3-na-massa-quente-como-asfalto/</guid>
      <description>&lt;p&gt;Os lábios se tocam
&lt;br&gt;o vento sussurra
&lt;br&gt;um murmúrio de arrepiar
&lt;br&gt;
&lt;br&gt;sufoca-me
&lt;br&gt;o sangue treme
&lt;br&gt;as pernas fervem
&lt;br&gt;respiro a volúpia dos encontros casuais
&lt;br&gt;
&lt;br&gt;sufoca-me
&lt;br&gt;mata-me depressa
&lt;br&gt;
&lt;br&gt;perco a voz
&lt;br&gt;quero mais
&lt;br&gt;meus sentidos estão apurados
&lt;br&gt;
&lt;br&gt;perco a voz
&lt;br&gt;quero mais
&lt;br&gt;ardente e quente como asfalto
&lt;br&gt;
&lt;br&gt;o suor embaça os meus olhos
&lt;br&gt;e o calor me derrete pra você
&lt;br&gt;
&lt;br&gt;o sangue ferve
&lt;br&gt;silêncio e a vontade de gritar
&lt;br&gt;respiro, perco a voz
&lt;br&gt;mormaço&lt;/p&gt;
</description>
    </item>
    
    <item>
      <title> Tarde Demais</title>
      <link>http://letraspedia.com/lyric/3-na-massa-tarde-demais/</link>
      <pubDate>Mon, 01 Sep 2008 00:00:00 UTC</pubDate>
      <author>Enthusiastic Hugo User</author>
      <guid>http://letraspedia.com/lyric/3-na-massa-tarde-demais/</guid>
      <description>&lt;p&gt;E aqui,
&lt;br&gt;
&lt;br&gt;Desfalecidos e circunstancialmente inertes,
&lt;br&gt;Somos a prova viva da expressão,
&lt;br&gt;Tarde demais para nos tornarmos santos -,
&lt;br&gt;Mas,
&lt;br&gt;
&lt;br&gt;Flagrando você me olhar assim,
&lt;br&gt;Começo a crer na ressurreição.
&lt;br&gt;
&lt;br&gt;No teu ressuscitar ereto.
&lt;br&gt;Eu estou quase sempre pronta.
&lt;br&gt;Quase sempre.
&lt;br&gt;
&lt;br&gt;Tenho certeza que vai ser ainda melhor.
&lt;br&gt;Acho que agora eu quero morrer e viver contigo para
&lt;br&gt;sempre.
&lt;br&gt;Vem.&lt;/p&gt;
</description>
    </item>
    
    <item>
      <title> Tatuí</title>
      <link>http://letraspedia.com/lyric/3-na-massa-tatui/</link>
      <pubDate>Mon, 01 Sep 2008 00:00:00 UTC</pubDate>
      <author>Enthusiastic Hugo User</author>
      <guid>http://letraspedia.com/lyric/3-na-massa-tatui/</guid>
      <description>&lt;p&gt;O tempo todo eu vi
&lt;br&gt;você quis olhar pra mim
&lt;br&gt;e mesmo sem saber
&lt;br&gt;pôs no pensamento uma mensagem pra eu te ver
&lt;br&gt;Só porque eu te olhei
&lt;br&gt;você fez que não me viu
&lt;br&gt;que não podia ver
&lt;br&gt;já sabendo o que será se cada um pensar
&lt;br&gt;
&lt;br&gt;Que juntos
&lt;br&gt;num segundo a mais desse olhar se faz
&lt;br&gt;um sonho
&lt;br&gt;que acordado é muito mais do que dormindo
&lt;br&gt;
&lt;br&gt;Foi pra eu acordar
&lt;br&gt;eu vi você se aproximar de mim
&lt;br&gt;fez que vinha,deu a volta
&lt;br&gt;e se abraçou com outro alguém
&lt;br&gt;tudo não passou de ilusão
&lt;br&gt;parecia a vida me dizendo
&lt;br&gt;caia em si,Tatuí&lt;/p&gt;
</description>
    </item>
    
    <item>
      <title> Volúpia</title>
      <link>http://letraspedia.com/lyric/3-na-massa-volupia/</link>
      <pubDate>Mon, 01 Sep 2008 00:00:00 UTC</pubDate>
      <author>Enthusiastic Hugo User</author>
      <guid>http://letraspedia.com/lyric/3-na-massa-volupia/</guid>
      <description>&lt;p&gt;Minhas vértebras pra trás,
&lt;br&gt;suor frio que pinica,
&lt;br&gt;
&lt;br&gt;eu senhora, tu rapaz,
&lt;br&gt;transado em mim estica.
&lt;br&gt;
&lt;br&gt;agradável me indica
&lt;br&gt;pra você, sou eu feroz,
&lt;br&gt;
&lt;br&gt;nas quatro paredes quica
&lt;br&gt;gemidos de minha voz.&lt;/p&gt;
</description>
    </item>
    
  </channel>
</rss>