<?xml version="1.0" encoding="utf-8" standalone="yes" ?>
<rss version="2.0" xmlns:atom="http://www.w3.org/2005/Atom">
  <channel>
      <title>3 Notas on Letraspedia.com thes best lyrics page </title>
    <link>http://letraspedia.com/artist/3-notas/</link>
    <language>en-US</language>
    <author>Enthusiastic Hugo User</author>
    <rights>Copyright (c) 2014, Enthusiastic Hugo User; all rights reserved.</rights>
    <updated>Mon, 01 Sep 2008 00:00:00 UTC</updated>
    
    <item>
      <title> Amor Magico</title>
      <link>http://letraspedia.com/lyric/3-notas-amor-magico/</link>
      <pubDate>Mon, 01 Sep 2008 00:00:00 UTC</pubDate>
      <author>Enthusiastic Hugo User</author>
      <guid>http://letraspedia.com/lyric/3-notas-amor-magico/</guid>
      <description>&lt;p&gt;(eNe-kn)
&lt;br&gt;
&lt;br&gt;como olvidar lo k nos pasooo
&lt;br&gt;a primera vista cupido nos flechoo
&lt;br&gt;
&lt;br&gt;(Kaliel)
&lt;br&gt;
&lt;br&gt;sin presentarnos
&lt;br&gt;tu y yo salimos&amp;hellip;&amp;hellip;
&lt;br&gt;fue una noche especial
&lt;br&gt;te juro mami
&lt;br&gt;k no te podria olvidarr&amp;hellip;..
&lt;br&gt;
&lt;br&gt;amor magicooo
&lt;br&gt;lo que sentimos tu y yo amor
&lt;br&gt;
&lt;br&gt;(eNe-kn)
&lt;br&gt;amor amor magicooo tu y yo tu y yo
&lt;br&gt;amandonos en silencioooo&amp;hellip;. &amp;hellip;&amp;hellip;
&lt;br&gt;
&lt;br&gt;(Kriz)
&lt;br&gt;
&lt;br&gt;amor magicooo
&lt;br&gt;lo que sentimos tu y yo amor
&lt;br&gt;amor amor magicooo tu y yo tu y yo
&lt;br&gt;amandonos en silencioooo&amp;hellip;. &amp;hellip;..
&lt;br&gt;
&lt;br&gt;(Kaliel)
&lt;br&gt;
&lt;br&gt;no ma´
&lt;br&gt;tu no digas na´
&lt;br&gt;que esta noche yo te llevo volar
&lt;br&gt;en mi unicornio magico
&lt;br&gt;solos tu y yo
&lt;br&gt;solos tu y yo
&lt;br&gt;ou nooo
&lt;br&gt;
&lt;br&gt;(eNe-kn)
&lt;br&gt;
&lt;br&gt;regalarte mil flores
&lt;br&gt;pa´ k te enamores
&lt;br&gt;dibujarte un arco iris
&lt;br&gt;de cien mil colores
&lt;br&gt;
&lt;br&gt;I&amp;rsquo;m sure you will fall in love
&lt;br&gt;(estoy seguro que ya te enamore)
&lt;br&gt;but the fact is that you never forget
&lt;br&gt;(pero lo cierto es que nunca te olvidare)
&lt;br&gt;
&lt;br&gt;coro :
&lt;br&gt;
&lt;br&gt;(Kaliel)
&lt;br&gt;amor magicooo
&lt;br&gt;lo que sentimos tu y yo amor
&lt;br&gt;
&lt;br&gt;(eNe-kn)
&lt;br&gt;amor amor magicooo tu y yo tu y yo
&lt;br&gt;amandonos en silencioooo&amp;hellip;. &amp;hellip;&amp;hellip;
&lt;br&gt;
&lt;br&gt;(Kriz)
&lt;br&gt;
&lt;br&gt;amor magicooo
&lt;br&gt;lo que sentimos tu y yo amor
&lt;br&gt;amor amor magicooo tu y yo tu y yo
&lt;br&gt;amandonos en silencioooo&amp;hellip;. &amp;hellip;..
&lt;br&gt;
&lt;br&gt;(Kaliel)
&lt;br&gt;
&lt;br&gt;se que tambien tu
&lt;br&gt;estas pensando lo mismo que yo
&lt;br&gt;que quieres irte lejos de aqui conmigo
&lt;br&gt;
&lt;br&gt;vamono pa ki
&lt;br&gt;vamono pa lla
&lt;br&gt;vamo pa mi castillito magico&amp;hellip;
&lt;br&gt;vamo a subirno pa la luna
&lt;br&gt;olle mami mujer como tu ninguna
&lt;br&gt;
&lt;br&gt;(eNe-kn)
&lt;br&gt;
&lt;br&gt;nu-estro amor
&lt;br&gt;es algo ilogico con logica
&lt;br&gt;chica magica
&lt;br&gt;una diva intergalactica
&lt;br&gt;practica
&lt;br&gt;exotica
&lt;br&gt;se pone estrambotica
&lt;br&gt;chica gotica
&lt;br&gt;o hasta incluso algo robotica
&lt;br&gt;
&lt;br&gt;(Kriz)
&lt;br&gt;
&lt;br&gt;y mi corazon late x ti
&lt;br&gt;bum bum bum
&lt;br&gt;se acelera baby
&lt;br&gt;
&lt;br&gt;no se que hacer con este sentimiento
&lt;br&gt;cada dia va creciendo lento lento
&lt;br&gt;
&lt;br&gt;se mete en mi cuerpo
&lt;br&gt;con un movimiento
&lt;br&gt;hace k lo mio sea mas violento
&lt;br&gt;
&lt;br&gt;Tres Notas trae entretenimento
&lt;br&gt;baby sueltate
&lt;br&gt;k llego el momento
&lt;br&gt;
&lt;br&gt;coro :
&lt;br&gt;
&lt;br&gt;(Kaliel)
&lt;br&gt;amor magicooo
&lt;br&gt;lo que sentimos tu y yo amor
&lt;br&gt;
&lt;br&gt;[tu muy bien sabes que desde aquella vez que nos conocimos
&lt;br&gt;no nos hemos podido olvidar te amo y yo tambien]
&lt;br&gt;
&lt;br&gt;(eNe-kn)
&lt;br&gt;
&lt;br&gt;amor amor magicooo tu y yo tu y yo
&lt;br&gt;amandonos en silencioooo&amp;hellip;. &amp;hellip;&amp;hellip;
&lt;br&gt;
&lt;br&gt;(Kriz)
&lt;br&gt;
&lt;br&gt;amor magicooo
&lt;br&gt;lo que sentimos tu y yo amor
&lt;br&gt;amor amor magicooo tu y yo tu y yo
&lt;br&gt;amandonos en silencioooo&amp;hellip;. &amp;hellip;..
&lt;br&gt;
&lt;br&gt;
&lt;br&gt;eyyy you tres notas&amp;hellip;.
&lt;br&gt;Drilo Records y el bioquimico musical
&lt;br&gt;dj. tebas tu sabes
&lt;br&gt;
&lt;br&gt;se juntaron los del talento flow y sentimiento
&lt;br&gt;
&lt;br&gt;talento flow y sentimiento
&lt;br&gt;talento flow y sentimiento&amp;hellip;.
&lt;br&gt;
&lt;br&gt;oye mi gente del peru
&lt;br&gt;para el mundo entero (como dice)
&lt;br&gt;para el mundo entero
&lt;br&gt;Drilo records 3 notas&lt;/p&gt;
</description>
    </item>
    
    <item>
      <title> Imaginandote</title>
      <link>http://letraspedia.com/lyric/3-notas-imaginandote/</link>
      <pubDate>Mon, 01 Sep 2008 00:00:00 UTC</pubDate>
      <author>Enthusiastic Hugo User</author>
      <guid>http://letraspedia.com/lyric/3-notas-imaginandote/</guid>
      <description>&lt;p&gt;Wau wau wau wau
&lt;br&gt;
&lt;br&gt;El sol vuelve a sonreir
&lt;br&gt;Los días ya no son gris
&lt;br&gt;Cada mañana al despertar
&lt;br&gt;Yo quiero imaginar
&lt;br&gt;Si tus labios voy a besar
&lt;br&gt;
&lt;br&gt;no se si tu
&lt;br&gt;estas pensando en mi
&lt;br&gt;porque yo si me muero por ti
&lt;br&gt;
&lt;br&gt;Coro:
&lt;br&gt;Te voy a decir
&lt;br&gt;Cuanto te quiero
&lt;br&gt;Voy a confesar
&lt;br&gt;Que por ti me muero
&lt;br&gt;
&lt;br&gt;Te voy a decir
&lt;br&gt;Cuanto te quiero
&lt;br&gt;Hoy te quiero confesar
&lt;br&gt;Que no quiero pasar mis días
&lt;br&gt;Imaginándote
&lt;br&gt;Imaginándote oooooooouuuyeeeeee
&lt;br&gt;
&lt;br&gt;
&lt;br&gt;Por ti ando volando &lt;sup&gt;24&lt;/sup&gt;&amp;frasl;&lt;sub&gt;7&lt;/sub&gt;
&lt;br&gt;Por ti compuse esta canción
&lt;br&gt;Pa que te fijes en mi (lalalalala)
&lt;br&gt;
&lt;br&gt;Solo por ti (solo por ti)
&lt;br&gt;
&lt;br&gt;y solo por ti el cielo dejaría sin estrellas por ti
&lt;br&gt;Pintar un arcoíris de amor
&lt;br&gt;por ti ( es raro)
&lt;br&gt;
&lt;br&gt;lo que siento por ti(nou no no no nou no no)
&lt;br&gt;
&lt;br&gt;Quisiera besar tus labios
&lt;br&gt;y regalarte mi corazón ( mi corazón)
&lt;br&gt;para poder por fin (uuoouuooo)
&lt;br&gt;vivir mis sueños contigo
&lt;br&gt;
&lt;br&gt;El sol vuelve a sonreir
&lt;br&gt;Los días ya no son gris
&lt;br&gt;Cada mañana al despertar
&lt;br&gt;Yo quiero imaginar
&lt;br&gt;Si tus labios voy a besar
&lt;br&gt;
&lt;br&gt;Coro:
&lt;br&gt;Te voy a de decir
&lt;br&gt;Cuanto te quiero
&lt;br&gt;Voy a confesar
&lt;br&gt;Que por ti me muero
&lt;br&gt;
&lt;br&gt;Te voy a de decir
&lt;br&gt;Cuanto te quiero
&lt;br&gt;Hoy te quiero confesar
&lt;br&gt;Que no quiero pasar mis días
&lt;br&gt;Imaginándote
&lt;br&gt;Eeeeeee
&lt;br&gt;
&lt;br&gt;Wau wau wau wau
&lt;br&gt;Dibi dibi dov dibi dibi dov
&lt;br&gt;Wau wau wau wau
&lt;br&gt;Dibi dibi dov dibi dibi dov
&lt;br&gt;
&lt;br&gt;Talento flow y sentimiento
&lt;br&gt;Talento flow y sentimiento
&lt;br&gt;Talento flooow y sentimientoooo
&lt;br&gt;
&lt;br&gt;3 notas y el biokímico musical
&lt;br&gt;Drilo records
&lt;br&gt;Talento joven prod.
&lt;br&gt;Dysis love music yeiyeee
&lt;br&gt;
&lt;br&gt;parapamparaparaparampa
&lt;br&gt;parapamparaparaparampa
&lt;br&gt;ouuuuuuuuuuuuuu
&lt;br&gt;
&lt;br&gt;solo para ti
&lt;br&gt;solo parati
&lt;br&gt;
&lt;br&gt;oooooouuuuaaaaaauuuuaaa&lt;/p&gt;
</description>
    </item>
    
    <item>
      <title> Me Hace Falta Tu Amor</title>
      <link>http://letraspedia.com/lyric/3-notas-me-hace-falta-tu-amor/</link>
      <pubDate>Mon, 01 Sep 2008 00:00:00 UTC</pubDate>
      <author>Enthusiastic Hugo User</author>
      <guid>http://letraspedia.com/lyric/3-notas-me-hace-falta-tu-amor/</guid>
      <description>&lt;p&gt;hoy me levante pensando en ti
&lt;br&gt;ya no duermo tranquilo
&lt;br&gt;las noches ya no son igual
&lt;br&gt;porque no estas aqui
&lt;br&gt;
&lt;br&gt;si supieras tan solo como duele estar sin ti
&lt;br&gt;me siento solo estoy que lloro
&lt;br&gt;desde que te fuisteee
&lt;br&gt;
&lt;br&gt;(Coro)
&lt;br&gt;Me hace falta tu amor
&lt;br&gt;y no se si estar sin ti
&lt;br&gt;(estar sin ti)
&lt;br&gt;si no te tengo voy a morir
&lt;br&gt;
&lt;br&gt;Me hace falta tu amor
&lt;br&gt;(me hace falta ah)
&lt;br&gt;y no se si estar sin ti
&lt;br&gt;(yo no se nou nou nou)
&lt;br&gt;si no te tengo voy a morir
&lt;br&gt;
&lt;br&gt;moribundo por el mundo
&lt;br&gt;desorientado sumido
&lt;br&gt;en un dolor profundo
&lt;br&gt;desde que partiste voy contando los segundos
&lt;br&gt;(de que vuelvas)
&lt;br&gt;y que al menos
&lt;br&gt;yo deje de extrañarte y no te heche de menos
&lt;br&gt;
&lt;br&gt;cometi muchos errores
&lt;br&gt;como cualquier ser humano
&lt;br&gt;quiza son esos errores
&lt;br&gt;que final estoy pagando
&lt;br&gt;al no tenerte
&lt;br&gt;es que me muero por verte
&lt;br&gt;vuelve por favor estoy al borde de la muerte
&lt;br&gt;
&lt;br&gt;yo no se si  tu te sientes solo sin mi
&lt;br&gt;mientras yo muero por verte
&lt;br&gt;necesito tu amor dame de tus besos
&lt;br&gt;ou baby
&lt;br&gt;
&lt;br&gt;sin tus besos solo se que morire
&lt;br&gt;tanto dolor que en mi alma guardaree
&lt;br&gt;solo estas cuatro paredes saben tanto de mi dolor ouuou
&lt;br&gt;
&lt;br&gt;(Coro)
&lt;br&gt;Me hace falta tu amor
&lt;br&gt;y no se si estar sin ti
&lt;br&gt;(estar sin ti)
&lt;br&gt;si no te tengo voy a morir
&lt;br&gt;
&lt;br&gt;Me hace falta tu amor
&lt;br&gt;(me hace falta ah)
&lt;br&gt;y no se si estar sin ti
&lt;br&gt;(yo no se nou nou nou)
&lt;br&gt;si no te tengo voy a morir
&lt;br&gt;
&lt;br&gt;hoy me levante pensando en ti
&lt;br&gt;ya no duermo tranquilo
&lt;br&gt;las noches ya no son igual
&lt;br&gt;porque no estas aqui
&lt;br&gt;
&lt;br&gt;si supieras tan solo como duele estar sin ti
&lt;br&gt;me siento solo estoy que lloro
&lt;br&gt;desde que te fuisteee
&lt;br&gt;
&lt;br&gt;no dejo de pensar en ti
&lt;br&gt;ya no duermo tranquilo
&lt;br&gt;las noches ya no son igual
&lt;br&gt;porque no estas aqui ou baby
&lt;br&gt;
&lt;br&gt;(Coro)
&lt;br&gt;Me hace falta tu amor
&lt;br&gt;y no se si estar sin ti
&lt;br&gt;(estar sin ti)
&lt;br&gt;si no te tengo voy a morir
&lt;br&gt;
&lt;br&gt;Me hace falta tu amor
&lt;br&gt;(me hace falta ah)
&lt;br&gt;y no se si estar sin ti
&lt;br&gt;(yo no se nou nou nou)
&lt;br&gt;baby baby
&lt;br&gt;
&lt;br&gt;3 Notas Drilo records
&lt;br&gt;Talento flow y sentimiento
&lt;br&gt;Lez Music ,Dysis love  Music&lt;/p&gt;
</description>
    </item>
    
    <item>
      <title> Secuestro </title>
      <link>http://letraspedia.com/lyric/3-notas-secuestro/</link>
      <pubDate>Mon, 01 Sep 2008 00:00:00 UTC</pubDate>
      <author>Enthusiastic Hugo User</author>
      <guid>http://letraspedia.com/lyric/3-notas-secuestro/</guid>
      <description>&lt;p&gt;objetivo en la mira ene-kn en posicion me copias?
&lt;br&gt;afirmativo kriz en posicion
&lt;br&gt;koky flow en posicion que comience el secuestro
&lt;br&gt;
&lt;br&gt;(Kriz)
&lt;br&gt;
&lt;br&gt;es que ella me encanta
&lt;br&gt;tienta su minifalda aaa
&lt;br&gt;
&lt;br&gt;voltea y no se da cuenta
&lt;br&gt;k tengo en la mira su silueta
&lt;br&gt;
&lt;br&gt;(ene-kn)
&lt;br&gt;
&lt;br&gt;y hoy
&lt;br&gt;la voy a secuestrar
&lt;br&gt;yo me la quiero llevar
&lt;br&gt;
&lt;br&gt;(Kriz)
&lt;br&gt;
&lt;br&gt;por que yo o o o o
&lt;br&gt;la toco la beso y me la voi a comer
&lt;br&gt;
&lt;br&gt;(ene-kn)
&lt;br&gt;
&lt;br&gt;pal suelo suelo dale pal suelo
&lt;br&gt;que la voy a secuestrar
&lt;br&gt;
&lt;br&gt;(Kriz)
&lt;br&gt;y no o o o oh
&lt;br&gt;no que no que no
&lt;br&gt;no que no te voy a soltar
&lt;br&gt;
&lt;br&gt;(ene-kn)
&lt;br&gt;
&lt;br&gt;pal suelo suelo dale pal suelo
&lt;br&gt;no pongas peros
&lt;br&gt;
&lt;br&gt;(Kriz)
&lt;br&gt;
&lt;br&gt;y noooo ooo oo oo oo
&lt;br&gt;no que no
&lt;br&gt;esta noche no te vas a salvar
&lt;br&gt;
&lt;br&gt;(ene-kn)
&lt;br&gt;
&lt;br&gt;ARRIBA LAS MANOS
&lt;br&gt;K ESTA NOCHE NO TE SALVAS
&lt;br&gt;SALVATAJE
&lt;br&gt;AL DIABLO
&lt;br&gt;HAREMOS K TODO VALGA
&lt;br&gt;CALIENTE
&lt;br&gt;K LA NOTA ESTA ARDIENTE
&lt;br&gt;PA K APRENDAS  A SENTIR UN FLOW DIFERENTE
&lt;br&gt;
&lt;br&gt;TU Y YO ESTA NOCHE LOS 2
&lt;br&gt;VAMOS A TENER A SOLAS UN ENCUENTRO FEROZ!!
&lt;br&gt;
&lt;br&gt;TU Y YO ESTA NOCHE SIN COMPASION
&lt;br&gt;GRITA SI KIERES QUE NADIE TE VA SALVAR DE ESTA SITUACION
&lt;br&gt;
&lt;br&gt;(Kriz)
&lt;br&gt;
&lt;br&gt;pero siguelo bailando
&lt;br&gt;bailando
&lt;br&gt;pal suelo pal suelo oh
&lt;br&gt;
&lt;br&gt;por que tu y yo oh oh oh oh
&lt;br&gt;
&lt;br&gt;(ene-kn)
&lt;br&gt;
&lt;br&gt;nos vamos de  aqui no te me resistas
&lt;br&gt;prende cintura
&lt;br&gt;
&lt;br&gt;(Kriz)
&lt;br&gt;
&lt;br&gt;pero siguelo bailando bailando
&lt;br&gt;pal suelo pal suelo oh
&lt;br&gt;
&lt;br&gt;por que tu y yo oh oh oh
&lt;br&gt;
&lt;br&gt;(ene-kn)
&lt;br&gt;
&lt;br&gt;yo se que te encanta no te pongas dura
&lt;br&gt;
&lt;br&gt;dale pal suelo
&lt;br&gt;dale mamita vamo al duelo
&lt;br&gt;se te nota en la mirada
&lt;br&gt;que tu quieres lo que quiero
&lt;br&gt;
&lt;br&gt;esta noche no te salvas
&lt;br&gt;x k hoy yo te secuestro
&lt;br&gt;
&lt;br&gt;x k soy el biokimiko
&lt;br&gt;el mas experto en esto
&lt;br&gt;
&lt;br&gt;pal suelo suelo dale pal suelo
&lt;br&gt;
&lt;br&gt;pa pa  pa pa pa pa pa
&lt;br&gt;
&lt;br&gt;pal suelo
&lt;br&gt;
&lt;br&gt;y noooo ooo oo oo oo
&lt;br&gt;
&lt;br&gt;que la voy a secuestrar
&lt;br&gt;
&lt;br&gt;(Koky Flow)
&lt;br&gt;
&lt;br&gt;esto es un secuestro
&lt;br&gt;te doy duro siente el fuego
&lt;br&gt;quiero tenerte quiero besarte
&lt;br&gt;acariciarte toma lento
&lt;br&gt;
&lt;br&gt;tu cuerpo con el mio
&lt;br&gt;entrando en calor
&lt;br&gt;vamo a darle morena
&lt;br&gt;no me pidas por favor
&lt;br&gt;
&lt;br&gt;lentamente beso toda tu figura mami
&lt;br&gt;estoy aqui pati
&lt;br&gt;no me digas koky
&lt;br&gt;soy el oso que te pone loca de pies a cabeza
&lt;br&gt;nadie te salva de esta x esta
&lt;br&gt;
&lt;br&gt;(Kriz)
&lt;br&gt;
&lt;br&gt;es que ella me encanta tienta su minifalda aaa
&lt;br&gt;voltea y no se da cuenta
&lt;br&gt;k tengo en la mira su silueta
&lt;br&gt;
&lt;br&gt;(ene-kn)
&lt;br&gt;
&lt;br&gt;y hoy
&lt;br&gt;la voy a secuestrar
&lt;br&gt;yo me la quiero llevar
&lt;br&gt;
&lt;br&gt;(Kriz)
&lt;br&gt;
&lt;br&gt;por que yo o o o o
&lt;br&gt;la toco la beso y me la voi a co&amp;hellip;mer
&lt;br&gt;
&lt;br&gt;(ene-kn)
&lt;br&gt;
&lt;br&gt;pal suelo suelo dale pal suelo
&lt;br&gt;uh ah uh ah
&lt;br&gt;
&lt;br&gt;y no o o o oh
&lt;br&gt;
&lt;br&gt;no que no que no
&lt;br&gt;
&lt;br&gt;pal suelo suelo dale pal suelo
&lt;br&gt;uh ah uh ah
&lt;br&gt;
&lt;br&gt;y no o o o oh
&lt;br&gt;
&lt;br&gt;no que no que no
&lt;br&gt;
&lt;br&gt;3 notas con ko ko ko ky flow
&lt;br&gt;talento flow y sentimiento
&lt;br&gt;
&lt;br&gt;dri dri drilo records
&lt;br&gt;
&lt;br&gt;(Koky Flow)
&lt;br&gt;
&lt;br&gt;esto es talento flow sentimiento
&lt;br&gt;1 2 3 empieza el procedimiento
&lt;br&gt;drilo records 3 notas koky flow
&lt;br&gt;sonando al ritmo del dembow
&lt;br&gt;
&lt;br&gt;(Kriz)
&lt;br&gt;
&lt;br&gt;3 notas  y el biokimiko musical
&lt;br&gt;drilo records
&lt;br&gt;
&lt;br&gt;uhhh!!&lt;/p&gt;
</description>
    </item>
    
    <item>
      <title> Siente El Peru</title>
      <link>http://letraspedia.com/lyric/3-notas-siente-el-peru/</link>
      <pubDate>Mon, 01 Sep 2008 00:00:00 UTC</pubDate>
      <author>Enthusiastic Hugo User</author>
      <guid>http://letraspedia.com/lyric/3-notas-siente-el-peru/</guid>
      <description>&lt;p&gt;Hoy es el dia
&lt;br&gt;de la alegria&amp;hellip;
&lt;br&gt;Es el momento
&lt;br&gt;de mostrar tus sentimientos
&lt;br&gt;
&lt;br&gt;por eso ven ven ,ven a bailar ven a gozar
&lt;br&gt;con esta cancion
&lt;br&gt;tusuykusun(Bailemoslo)
&lt;br&gt;kay sumaq llaqtanchiqpi (en nuestra linda tierra)
&lt;br&gt;por eso ven ven ,siente el Perú siente el Perú
&lt;br&gt;en tu corazón
&lt;br&gt;tusuykusun(Bailemoslo)
&lt;br&gt;kay sumaq llaqtanchiqpi (en nuestra linda tierra)
&lt;br&gt;
&lt;br&gt;directamente de Ayacucho con la danza de  tijeras
&lt;br&gt;fusionando esta base con el ritmo de mi tierra
&lt;br&gt;kusikuy takiykuy sumaqmi llaqtanchiq
&lt;br&gt;(alegrate cantalo que nuestra tierra es hermosa)
&lt;br&gt;chayman qina takimuni runa simipi puni
&lt;br&gt;(por eso yo canto en nuestra propia lengua)
&lt;br&gt;
&lt;br&gt;por eso ven ven ,ven a bailar ven a gozar
&lt;br&gt;con esta cancion
&lt;br&gt;tusuykusun(Bailemoslo)
&lt;br&gt;kay sumaq llaqtanchiqpi (en nuestra linda tierra)
&lt;br&gt;por eso ven ven ,siente el Perú siente el Perú
&lt;br&gt;en tu corazón
&lt;br&gt;tusuykusun(Bailemoslo)
&lt;br&gt;kay sumaq llaqtanchiqpi (en nuestra linda tierra)
&lt;br&gt;
&lt;br&gt;tusuykuy takiykuy llaqtaman willaykuy
&lt;br&gt;(bailalo cantalo, dale pasa la voz a nuestra gente)
&lt;br&gt;kay sumaq pachata qanpas kullaykuy
&lt;br&gt;(a esta hermosa tierra kierelo tu tambien)
&lt;br&gt;wauqipaniykuna quñurikuykusun
&lt;br&gt;(hermanos y hermanas todos unidos)
&lt;br&gt;llakiyta saqispa kusirikuykusun
&lt;br&gt;(dejando las penas hay que alegrarnos)
&lt;br&gt;
&lt;br&gt;en Ayacucho se goza con los carnavales
&lt;br&gt;la semana santa con sus procesiones
&lt;br&gt;luego de pasadita me voy hasta el Cuzco
&lt;br&gt;en Machu Picchu me la paso comiendo mote y puspo
&lt;br&gt;
&lt;br&gt;siente siente que en mi Perú
&lt;br&gt;las tradiciones las vives tú
&lt;br&gt;orgullosos de este lugar nadie lo puede negar
&lt;br&gt;que su danza se goza la comida es sabrosa
&lt;br&gt;mujeres que son hermosas
&lt;br&gt;fiestas patronales &amp;ldquo;vivan los carnavales&amp;rdquo;
&lt;br&gt;baila y goza y goza
&lt;br&gt;
&lt;br&gt;por eso ven ven ,siente el Perú siente el Perú
&lt;br&gt;con esta cancion
&lt;br&gt;
&lt;br&gt;por eso ven ven ,siente el Perú siente el Perú
&lt;br&gt;en tu corazón
&lt;br&gt;
&lt;br&gt;tusuykusun(Bailemoslo)
&lt;br&gt;
&lt;br&gt;tusuykusun(Bailemoslo)
&lt;br&gt;
&lt;br&gt;
&lt;br&gt;por eso ven ven ,siente el Perú siente el Perú
&lt;br&gt;
&lt;br&gt;tusuykusun(Bailemoslo)
&lt;br&gt;
&lt;br&gt;por eso ven ven ,siente el Perú siente el Perú
&lt;br&gt;
&lt;br&gt;tusuykusun(Bailemoslo)
&lt;br&gt;
&lt;br&gt;por eso ven ven&amp;hellip;
&lt;br&gt;por eso ven ven&amp;hellip;&lt;/p&gt;
</description>
    </item>
    
    <item>
      <title> Ya Te Olvidare</title>
      <link>http://letraspedia.com/lyric/3-notas-ya-te-olvidare/</link>
      <pubDate>Mon, 01 Sep 2008 00:00:00 UTC</pubDate>
      <author>Enthusiastic Hugo User</author>
      <guid>http://letraspedia.com/lyric/3-notas-ya-te-olvidare/</guid>
      <description>&lt;p&gt;Ya te Olvidare - 3 Notas
&lt;br&gt;
&lt;br&gt;(kriz)
&lt;br&gt;
&lt;br&gt;Me dice que tu
&lt;br&gt;ya no eres para mi
&lt;br&gt;
&lt;br&gt;Me dice el corazon
&lt;br&gt;q no debo seguir
&lt;br&gt;
&lt;br&gt;Perdona si yo
&lt;br&gt;no te hago muy feliz
&lt;br&gt;
&lt;br&gt;talvez te hizo daño
&lt;br&gt;mi forma de amar
&lt;br&gt;
&lt;br&gt;por que tu
&lt;br&gt;no quieres sentir
&lt;br&gt;solo  finjes  quererme
&lt;br&gt;y no eres tan feliz
&lt;br&gt;
&lt;br&gt;si es asi
&lt;br&gt;ya no quiero seguir
&lt;br&gt;solo quiero olvidarte
&lt;br&gt;aunque muera al partir
&lt;br&gt;
&lt;br&gt;coro:
&lt;br&gt;
&lt;br&gt;(kriz)
&lt;br&gt;
&lt;br&gt;yo ya te olvidare
&lt;br&gt;yo ya te olvidare
&lt;br&gt;
&lt;br&gt;(ene-kn)
&lt;br&gt;
&lt;br&gt;aunque tenga que arrancarme
&lt;br&gt;arrancarme  arrancarme el corazon
&lt;br&gt;
&lt;br&gt;(kriz)
&lt;br&gt;
&lt;br&gt;yo ya te olvidare
&lt;br&gt;yo ya te olvidare
&lt;br&gt;
&lt;br&gt;(ene-kn)
&lt;br&gt;
&lt;br&gt;Aunque es dificil para mi
&lt;br&gt;tus recuerdos quemareee
&lt;br&gt;
&lt;br&gt;se te nota en el rostro
&lt;br&gt;que tu ya no quieres nada conmigo
&lt;br&gt;
&lt;br&gt;ando preso de un sentimiento
&lt;br&gt;que al fin  parece perdido
&lt;br&gt;
&lt;br&gt;lo se , no me amas lo se
&lt;br&gt;se que no morire lo se
&lt;br&gt;
&lt;br&gt;(kriz)
&lt;br&gt;
&lt;br&gt;tambien se que el tiempo curara
&lt;br&gt;las heridas que dejaran tu ausencia&amp;hellip;
&lt;br&gt;respeta mi decision
&lt;br&gt;ya no sigas mas
&lt;br&gt;que me haras llorar
&lt;br&gt;seca tus lagrimas basta ya!!
&lt;br&gt;ya no quiero mentiras
&lt;br&gt;nadie manda en el corazon
&lt;br&gt;
&lt;br&gt;(ene-kn)
&lt;br&gt;
&lt;br&gt;ya no quiero oscurecer mi corazon con mas mentiras
&lt;br&gt;quiza demasiado amor ha cegado toda mi vida
&lt;br&gt;
&lt;br&gt;(kriz)
&lt;br&gt;se que no comprendes ahora tu no entiendes
&lt;br&gt;
&lt;br&gt;(ene-kn)
&lt;br&gt;que trataba de creerme de que si tu me querias
&lt;br&gt;al comienzo todo  estaba bien era un cuento de hadas
&lt;br&gt;pero mientras mas pasaba el tiempo mas tu me ignorabas
&lt;br&gt;
&lt;br&gt;(kriz)
&lt;br&gt;hoy se termino todo se acabo
&lt;br&gt;
&lt;br&gt;(ene-kn)
&lt;br&gt;no quiero lastimarte ni quiero que me lastimes
&lt;br&gt;
&lt;br&gt;(kriz)
&lt;br&gt;
&lt;br&gt;pero se que tu viviras en mi corazon
&lt;br&gt;y no sera facil olvidarte mi amor
&lt;br&gt;y se que tambien
&lt;br&gt;siempre te amare
&lt;br&gt;
&lt;br&gt;tres notas
&lt;br&gt;
&lt;br&gt;
&lt;br&gt;coro:
&lt;br&gt;
&lt;br&gt;(kriz)
&lt;br&gt;
&lt;br&gt;yo ya te olvidare
&lt;br&gt;yo ya te olvidare
&lt;br&gt;
&lt;br&gt;(ene-kn)
&lt;br&gt;
&lt;br&gt;aunque tenga que arrancarme
&lt;br&gt;arrancarme arrancarme el corazon
&lt;br&gt;
&lt;br&gt;(kriz)
&lt;br&gt;
&lt;br&gt;yo ya te olvidare
&lt;br&gt;yo ya te olvidare
&lt;br&gt;
&lt;br&gt;(ene-kn)
&lt;br&gt;
&lt;br&gt;aunque es dificil para mi
&lt;br&gt;tus recuerdos quemareee&lt;/p&gt;
</description>
    </item>
    
  </channel>
</rss>