<?xml version="1.0" encoding="utf-8" standalone="yes" ?>
<rss version="2.0" xmlns:atom="http://www.w3.org/2005/Atom">
  <channel>
      <title>3rd Edge on Letraspedia.com thes best lyrics page </title>
    <link>http://letraspedia.com/artist/3rd-edge/</link>
    <language>en-US</language>
    <author>Enthusiastic Hugo User</author>
    <rights>Copyright (c) 2014, Enthusiastic Hugo User; all rights reserved.</rights>
    <updated>Mon, 01 Sep 2008 00:00:00 UTC</updated>
    
    <item>
      <title> A Lil Bit Of This</title>
      <link>http://letraspedia.com/lyric/3rd-edge-a-lil-bit-of-this/</link>
      <pubDate>Mon, 01 Sep 2008 00:00:00 UTC</pubDate>
      <author>Enthusiastic Hugo User</author>
      <guid>http://letraspedia.com/lyric/3rd-edge-a-lil-bit-of-this/</guid>
      <description>&lt;p&gt;I ain&amp;rsquo;t tryin to be funny baby
&lt;br&gt;But don&amp;rsquo;t get too close ya know what I mean
&lt;br&gt;I&amp;rsquo;m nice with it
&lt;br&gt;
&lt;br&gt;[Chorus:]
&lt;br&gt;If you get a lil bit of this
&lt;br&gt;Yeah
&lt;br&gt;Then you just might trip
&lt;br&gt;Yeah
&lt;br&gt;I can see her callin me late at night talking bout boy I need that hit
&lt;br&gt;Yeah, JE y&amp;rsquo;all
&lt;br&gt;Don&amp;rsquo;t make me make you lose your composure
&lt;br&gt;Cause I&amp;rsquo;m good with this
&lt;br&gt;Oh
&lt;br&gt;I can see her callin me late at night talking bout how I need that hit
&lt;br&gt;That&amp;rsquo;s if you get it, get a lil bit of this
&lt;br&gt;
&lt;br&gt;[Verse 1:]
&lt;br&gt;Don&amp;rsquo;t mean to be (?)
&lt;br&gt;But when I sling it down
&lt;br&gt;I can go around for rounds
&lt;br&gt;All the things that I do they might make you crazy
&lt;br&gt;You&amp;rsquo;ll be wondering how
&lt;br&gt;How its early in the day and you wantin me
&lt;br&gt;Straight home from the job still wantin it
&lt;br&gt;Been caught up since she got up, when you got up out my bed
&lt;br&gt;Don&amp;rsquo;t worry you won&amp;rsquo;t lose your spot now
&lt;br&gt;
&lt;br&gt;[Hook:]
&lt;br&gt;The way you drop it down
&lt;br&gt;The way you do
&lt;br&gt;The way you turn around
&lt;br&gt;Baby that&amp;rsquo;s a fool
&lt;br&gt;Body so hot
&lt;br&gt;But shes so cool
&lt;br&gt;She make me forget when I&amp;rsquo;m out with my crew
&lt;br&gt;If you get a lil bit of this
&lt;br&gt;
&lt;br&gt;[Chorus:]
&lt;br&gt;If you get a lil bit of this
&lt;br&gt;Yeah
&lt;br&gt;Then you just might trip
&lt;br&gt;Yeah
&lt;br&gt;I can see her callin me late at night talking bout boy I need that hit
&lt;br&gt;Don&amp;rsquo;t make me make you lose your composure
&lt;br&gt;Cause I&amp;rsquo;m good with this
&lt;br&gt;Oh
&lt;br&gt;I can see her callin me late at night talking bout how I need that hit
&lt;br&gt;That&amp;rsquo;s if you get it, get a lil bit of this
&lt;br&gt;
&lt;br&gt;[Verse 2:]
&lt;br&gt;(?)
&lt;br&gt;As soon as I touch down
&lt;br&gt;You&amp;rsquo;ll be waiting there on me
&lt;br&gt;Things I do to your body
&lt;br&gt;Might be illegal
&lt;br&gt;In like 10 other cities
&lt;br&gt;Way I get you from behind you be lovin it
&lt;br&gt;Outside, in the car straight thuggin it
&lt;br&gt;You can look all over but you&amp;rsquo;ll never find this
&lt;br&gt;You better appreciate now
&lt;br&gt;
&lt;br&gt;[Hook:]
&lt;br&gt;The way you drop it down
&lt;br&gt;The way you do
&lt;br&gt;The way you turn around
&lt;br&gt;Baby that&amp;rsquo;s a fool
&lt;br&gt;Body so hot
&lt;br&gt;But shes so cool
&lt;br&gt;She make me forget when I&amp;rsquo;m out with my crew
&lt;br&gt;If you get a lil bit of this
&lt;br&gt;
&lt;br&gt;[Chorus:]
&lt;br&gt;If you get a lil bit of this
&lt;br&gt;Yeah
&lt;br&gt;Then you just might trip (you just might trip)
&lt;br&gt;Yeah
&lt;br&gt;I can see her callin me late at night talking bout boy I need that hit
&lt;br&gt;Don&amp;rsquo;t make me make you lose your composure (baby)
&lt;br&gt;Cause I&amp;rsquo;m good with this (see I try to tell you)
&lt;br&gt;Oh
&lt;br&gt;I can see her callin me late at night talking bout how I need that hit
&lt;br&gt;That&amp;rsquo;s if you get it, get a lil bit of this
&lt;br&gt;
&lt;br&gt;[Verse 3:]
&lt;br&gt;All the things we do
&lt;br&gt;It should be a law against me and you
&lt;br&gt;&amp;hellip;your good ass, too (?)
&lt;br&gt;Everybody mad they want something this true (true)
&lt;br&gt;Somebody got my heart
&lt;br&gt;Shine better than the 22s on my car
&lt;br&gt;I can see us takin this so far
&lt;br&gt;I can tell you if you get a lil bit&amp;hellip;
&lt;br&gt;
&lt;br&gt;[Chorus:]
&lt;br&gt;If you get a lil bit of this
&lt;br&gt;Yeah
&lt;br&gt;Then you just might trip (you just might trip)
&lt;br&gt;Yeah
&lt;br&gt;I can see her callin me late at night talking bout boy I need that hit
&lt;br&gt;Don&amp;rsquo;t make me make you lose your composure (baby)
&lt;br&gt;Cause I&amp;rsquo;m good with this (baby what it do)
&lt;br&gt;Oh (baby)
&lt;br&gt;I can see her callin me late at night talking bout how I need that hit
&lt;br&gt;That&amp;rsquo;s if you get it, get a lil bit of this
&lt;br&gt;
&lt;br&gt;[Rap:]
&lt;br&gt;Get a lil bit of this
&lt;br&gt;Cause I got a whole lot to give
&lt;br&gt;The same thing black T-let the chain hang
&lt;br&gt;East Side niggas all in the same game
&lt;br&gt;I only &amp;ndash; with real niggas like Sos and Duke (?)
&lt;br&gt;Young Jig, Young Jeezy, knock ball on truth
&lt;br&gt;My nigga L, Lil Wheel, JE baby
&lt;br&gt;Got the club crazy
&lt;br&gt;Can&amp;rsquo;t forget my nigga Larry
&lt;br&gt;(?)
&lt;br&gt;South side family represent on that
&lt;br&gt;Oh, go my brother Wingo
&lt;br&gt;Keely Keel from the Vill
&lt;br&gt;Oozy from Ben Hill
&lt;br&gt;Grand hustle hold it down, bank hand (?)
&lt;br&gt;Known most of these niggas since they was wetting the bed
&lt;br&gt;So that&amp;rsquo;s a lil bit of history you can check me out
&lt;br&gt;But since demo we been makin them hoes hot
&lt;br&gt;I been comin through, I been sweatin that spot
&lt;br&gt;
&lt;br&gt;[Chorus:]
&lt;br&gt;If you get a lil bit of this
&lt;br&gt;Yeah
&lt;br&gt;Then you just might trip (you just might trip)
&lt;br&gt;Yeah
&lt;br&gt;I can see her callin me late at night talking bout boy I need that hit
&lt;br&gt;Don&amp;rsquo;t make me make you lose your composure (baby)
&lt;br&gt;Cause I&amp;rsquo;m good with this (see I try to tell you)
&lt;br&gt;Oh
&lt;br&gt;I can see her callin me late at night talking bout how I need that hit
&lt;br&gt;That&amp;rsquo;s if you get it, get a lil bit of this&lt;/p&gt;
</description>
    </item>
    
    <item>
      <title> Addicted To Your Love</title>
      <link>http://letraspedia.com/lyric/3rd-edge-addicted-to-your-love/</link>
      <pubDate>Mon, 01 Sep 2008 00:00:00 UTC</pubDate>
      <author>Enthusiastic Hugo User</author>
      <guid>http://letraspedia.com/lyric/3rd-edge-addicted-to-your-love/</guid>
      <description>&lt;p&gt;Mic check one to ready
&lt;br&gt;Um I&amp;rsquo;m get you sweaty
&lt;br&gt;And J.E. they gon bring you some
&lt;br&gt;
&lt;br&gt;[Repeat above (3x)]
&lt;br&gt;
&lt;br&gt;I&amp;rsquo;ve tried to let you go so many times (yes I have)
&lt;br&gt;And I never thought that going back would ever cross
&lt;br&gt;my mind
&lt;br&gt;See I find, it&amp;rsquo;s only you, that can give me that
&lt;br&gt;special treatment
&lt;br&gt;I aint never been one to beg, baby I miss you and baby
&lt;br&gt;I need you
&lt;br&gt;
&lt;br&gt;[1]- You know I like the way you make me feel inside
&lt;br&gt;Baby I just can&amp;rsquo;t shake ya
&lt;br&gt;I&amp;rsquo;m addicted to your love baby
&lt;br&gt;All day all night you make me feel so right
&lt;br&gt;Baby I just can&amp;rsquo;t shake ya
&lt;br&gt;I&amp;rsquo;m addicted to your love baby
&lt;br&gt;
&lt;br&gt;The thought of you it makes me go crazy and I know
&lt;br&gt;If you trust me you can be my one and only lady
&lt;br&gt;And you make me feel like I wanna feel
&lt;br&gt;Taking your time, let me know what&amp;rsquo;s real
&lt;br&gt;You know that it feels so right
&lt;br&gt;So give me what you got tonight
&lt;br&gt;
&lt;br&gt;Lady when I close my eyes
&lt;br&gt;All I see is you and all the beautiful things we used to do
&lt;br&gt;Lady when I close my eyes
&lt;br&gt;It&amp;rsquo;s only you I think of, cause I&amp;rsquo;m addicted to your love
&lt;br&gt;
&lt;br&gt;[Repeat 1 (3x)]&lt;/p&gt;
</description>
    </item>
    
    <item>
      <title> Aint It Good</title>
      <link>http://letraspedia.com/lyric/3rd-edge-aint-it-good/</link>
      <pubDate>Mon, 01 Sep 2008 00:00:00 UTC</pubDate>
      <author>Enthusiastic Hugo User</author>
      <guid>http://letraspedia.com/lyric/3rd-edge-aint-it-good/</guid>
      <description>&lt;p&gt;Ain&amp;rsquo;t it funny, time goes by, you forget about your pain,&lt;br /&gt;&lt;br&gt;Find yourself, with someone else, fall in love again.&lt;br /&gt;&lt;br /&gt;Ain&amp;rsquo;t it good, so good, you and me, against the world&lt;br /&gt;Ain&amp;rsquo;t it good, so good, it&amp;rsquo;s plain to see, it&amp;rsquo;s you and me baby.&lt;br /&gt;&lt;br /&gt;Spend your life, wasting time, always chasing something.&lt;br /&gt;I found out what it&amp;rsquo;s all about, I got my love for certain.&lt;br /&gt;&lt;br /&gt;Ain&amp;rsquo;t it good, so good, you and me, against the world&lt;br /&gt;Ain&amp;rsquo;t it good, so good, it&amp;rsquo;s plain to see, its you and me baby.&lt;br /&gt;&lt;br /&gt;I used to be so lonely, I used to be so blue,&lt;br /&gt;I had nothing, till I found you.&lt;br /&gt;&lt;br /&gt;Yeah, yeah, yeah.&lt;br /&gt;&lt;br /&gt;Ain&amp;rsquo;t it good, so good, you and me against the world.&lt;br /&gt;Ain&amp;rsquo;t it good, so good, it&amp;rsquo;s plain to see, it&amp;rsquo;s you and me baby.&lt;br /&gt;&lt;br /&gt;Ain&amp;rsquo;t it good, so good, you and me against the world.&lt;br /&gt;Ain&amp;rsquo;t it good, so good, it&amp;rsquo;s plain to see, it&amp;rsquo;s you and me baby.&lt;br /&gt;&lt;br /&gt;&lt;/p&gt;
</description>
    </item>
    
    <item>
      <title> Aint No Stoppin</title>
      <link>http://letraspedia.com/lyric/3rd-edge-aint-no-stoppin/</link>
      <pubDate>Mon, 01 Sep 2008 00:00:00 UTC</pubDate>
      <author>Enthusiastic Hugo User</author>
      <guid>http://letraspedia.com/lyric/3rd-edge-aint-no-stoppin/</guid>
      <description>&lt;p&gt;[J.D.]
&lt;br&gt;Come on, come on, come on
&lt;br&gt;I wanna hear that shit bump, bump
&lt;br&gt;You know what I&amp;rsquo;m sayin&amp;rsquo;
&lt;br&gt;Who ya know with the big cash flow
&lt;br&gt;Beats hotter than tobasco
&lt;br&gt;And I love to see a honey shake her ass slow
&lt;br&gt;By now you should know this aint a bitch
&lt;br&gt;I won&amp;rsquo;t cut it if I think you can fuck with it
&lt;br&gt;I be the infamous sparking all these hoes
&lt;br&gt;Interest as we enter this
&lt;br&gt;R&amp;amp;B with a twist J.E. is what it is
&lt;br&gt;Now tell me baby can you handle this
&lt;br&gt;Alot of ice on the wrist make a list to match
&lt;br&gt;Here it so so us cats count doe by the stack
&lt;br&gt;Cause it jumps of racks and stores
&lt;br&gt;Which leads to a hallway of plaques and whores
&lt;br&gt;Those signs that read &amp;ldquo;the world is yours&amp;rdquo;
&lt;br&gt;And when they come on in clubs people pack the floors
&lt;br&gt;I make hits, then I dip with a dip to the tropical
&lt;br&gt;Known to the world as J.D. the unstoppable
&lt;br&gt;
&lt;br&gt;Right about now is when I ask you for this dance
&lt;br&gt;Hope you don&amp;rsquo;t turn it down they just put on our jam
&lt;br&gt;And I&amp;rsquo;ve been watchin&amp;rsquo; you til everybody know all night
&lt;br&gt;Don&amp;rsquo;t try to fight this feeling cause all you gotta do is let it go
&lt;br&gt;
&lt;br&gt;[1]- Girl this thang is all so serious babe
&lt;br&gt;Waiting long enough let&amp;rsquo;s hit the floor babe
&lt;br&gt;Aint no stoppin&amp;rsquo;, we got this place on up
&lt;br&gt;Aint no stoppin&amp;rsquo;, we got this place on up
&lt;br&gt;Aint no stoppin&amp;rsquo;, can&amp;rsquo;t stop, won&amp;rsquo;t stop
&lt;br&gt;Aint no stoppin&amp;rsquo;, can&amp;rsquo;t stop, won&amp;rsquo;t stop, no
&lt;br&gt;
&lt;br&gt;Girl you and I know that it&amp;rsquo;s time that we
&lt;br&gt;Put everything aside and dance all night
&lt;br&gt;What you wanna do, I just wanna rock with you
&lt;br&gt;So girl don&amp;rsquo;t shy, put your hand in mine
&lt;br&gt;
&lt;br&gt;[Repeat 1]
&lt;br&gt;
&lt;br&gt;I came to bring the pain hard corp to the brain
&lt;br&gt;(We got this place on up)
&lt;br&gt;I came to bring the pain hard corp to the brain
&lt;br&gt;(Can&amp;rsquo;t stop, won&amp;rsquo;t stop no)
&lt;br&gt;I came to bring the pain hard corp to the brain
&lt;br&gt;(We got this place on up)
&lt;br&gt;I came to bring the pain hard corp to the brain
&lt;br&gt;(Can&amp;rsquo;t stop, won&amp;rsquo;t stop no)&lt;/p&gt;
</description>
    </item>
    
    <item>
      <title> All Out Of Love</title>
      <link>http://letraspedia.com/lyric/3rd-edge-all-out-of-love/</link>
      <pubDate>Mon, 01 Sep 2008 00:00:00 UTC</pubDate>
      <author>Enthusiastic Hugo User</author>
      <guid>http://letraspedia.com/lyric/3rd-edge-all-out-of-love/</guid>
      <description>&lt;p&gt;I&amp;rsquo;m lying alone with my head on the phone
&lt;br&gt;Thinking of you till it hurts
&lt;br&gt;I know you hurt too but what else can we do
&lt;br&gt;Tormented and torn apart
&lt;br&gt;
&lt;br&gt;I wish I could carry your smile in my heart
&lt;br&gt;For times when my life seems so low
&lt;br&gt;It would make me believe what tomorrow can bring
&lt;br&gt;When today doesn&amp;rsquo;t really know, doesn&amp;rsquo;t really know
&lt;br&gt;
&lt;br&gt;I&amp;rsquo;m all out of love, I&amp;rsquo;m so lost without you
&lt;br&gt;I know you were right, believing for so long
&lt;br&gt;I&amp;rsquo;m all out of love, what am I without you
&lt;br&gt;I can&amp;rsquo;t be too late to say that I was so wrong
&lt;br&gt;
&lt;br&gt;I want you to come back and carry me home
&lt;br&gt;Away from these long, lonely nights
&lt;br&gt;I&amp;rsquo;m reaching for you, are you feeling it too?
&lt;br&gt;Does the feeling seem oh, so right?
&lt;br&gt;
&lt;br&gt;And what would you say if I called on you now?
&lt;br&gt;And said that I can&amp;rsquo;t hold on?
&lt;br&gt;There&amp;rsquo;s no easy way, it gets harder each day
&lt;br&gt;Please love me or I&amp;rsquo;ll be gone, I&amp;rsquo;ll be gone
&lt;br&gt;
&lt;br&gt;I&amp;rsquo;m all out of love, I&amp;rsquo;m so lost without you
&lt;br&gt;I know you were right, believing for so long
&lt;br&gt;I&amp;rsquo;m all out of love, what am I without you
&lt;br&gt;I can&amp;rsquo;t be too late to say that I was so wrong
&lt;br&gt;
&lt;br&gt;Ooh, what are you thinking of
&lt;br&gt;What are you thinking of
&lt;br&gt;What are you thinking of
&lt;br&gt;What are you thinking of
&lt;br&gt;
&lt;br&gt;I&amp;rsquo;m all out of love, I&amp;rsquo;m so lost without you
&lt;br&gt;I know you were right, believing for so long
&lt;br&gt;I&amp;rsquo;m all out of love, what am I without you
&lt;br&gt;I can&amp;rsquo;t be too late to say that I was so wrong
&lt;br&gt;
&lt;br&gt;I&amp;rsquo;m all out of love, I&amp;rsquo;m so lost without you
&lt;br&gt;I know you were right, believing for so long
&lt;br&gt;I&amp;rsquo;m all out of love, what am I without you
&lt;br&gt;I can&amp;rsquo;t be too late to say that I was so wrong
&lt;br&gt;
&lt;br&gt;I&amp;rsquo;m all out of love, I&amp;rsquo;m so lost without you
&lt;br&gt;I know you were right, believing for so long
&lt;br&gt;I&amp;rsquo;m all out of love, what am I without you
&lt;br&gt;I can&amp;rsquo;t be too late to say that I was so wrong, so wrong&lt;/p&gt;
</description>
    </item>
    
    <item>
      <title> Amazing</title>
      <link>http://letraspedia.com/lyric/3rd-edge-amazing/</link>
      <pubDate>Mon, 01 Sep 2008 00:00:00 UTC</pubDate>
      <author>Enthusiastic Hugo User</author>
      <guid>http://letraspedia.com/lyric/3rd-edge-amazing/</guid>
      <description>&lt;p&gt;(feat. Voltio)
&lt;br&gt;
&lt;br&gt;Yo, uh huh
&lt;br&gt;This is Voltio,
&lt;br&gt;and Jagged edge, uh huh
&lt;br&gt;Que pajo ma&amp;rsquo;, ya tu sabes
&lt;br&gt;For all the ladies on the world,
&lt;br&gt;they amazing&amp;hellip; ha ha, que pajo ma&amp;rsquo;
&lt;br&gt;Y&amp;rsquo;ll know who dis is
&lt;br&gt;so so so so def
&lt;br&gt;
&lt;br&gt;[1ST VERSE]
&lt;br&gt;
&lt;br&gt;See I Been Around
&lt;br&gt;But I Aint Had Nothin&amp;rsquo; Better than
&lt;br&gt;She leave me sick fore she serve me with the medicine
&lt;br&gt;She From The Bricks Where Them Thugs Be Pedalling
&lt;br&gt;Sumin So Sweet
&lt;br&gt;Really Come From These Streets
&lt;br&gt;The Reason Why I Like Her Coz She Ride My Beat
&lt;br&gt;Not Too Much Conversation Keep It Short And Sweet
&lt;br&gt;She Sumin Like A Model
&lt;br&gt;Shaped Like A Coke Bottle
&lt;br&gt;Gotta Be Full Throttle If She Riding With Me
&lt;br&gt;
&lt;br&gt;[CHORUS]
&lt;br&gt;
&lt;br&gt;In My Cadillac It Don&amp;rsquo;t Matta Where We At
&lt;br&gt;She Don&amp;rsquo;t Give A Damn
&lt;br&gt;She&amp;rsquo;s So Amazing
&lt;br&gt;She Do Me Right And We Keep On Blazin
&lt;br&gt;Sex So Good I feel Like A Patient
&lt;br&gt;Where my apartments at,
&lt;br&gt;On The Deck In The Back..
&lt;br&gt;She Don&amp;rsquo;t Give A Damn
&lt;br&gt;She&amp;rsquo;s So Amazing
&lt;br&gt;She Do Me Right And We Keep On Blazin
&lt;br&gt;And It&amp;rsquo;s So Hard To Believe She&amp;rsquo;s So Amazing
&lt;br&gt;
&lt;br&gt;[2ND VERSE]
&lt;br&gt;
&lt;br&gt;She&amp;rsquo;s Mesmerized And Tantalising Like Rio
&lt;br&gt;Keep Her On the Phone Checking In Like A P.O
&lt;br&gt;Speaking At My Heart Just To Be Muy Frio
&lt;br&gt;She Tryna Warm It Up
&lt;br&gt;Just To Keep Me Out The Cut
&lt;br&gt;She Do Me Everyday But She Just My Freak
&lt;br&gt;You Can Try To Get Her She Won&amp;rsquo;t Even Speak
&lt;br&gt;She Find A Way To Keep My Guard Down Like Eve
&lt;br&gt;She So Amazing
&lt;br&gt;
&lt;br&gt;She Right Off The Page Of A Woman&amp;rsquo;s Book
&lt;br&gt;She So Amazing With Every Look
&lt;br&gt;Keep My Heart Racing Everytime She Come &amp;amp; Open My Passenger Door
&lt;br&gt;
&lt;br&gt;[CHORUS]
&lt;br&gt;
&lt;br&gt;In My Cadillac It Don&amp;rsquo;t Matta Where We At
&lt;br&gt;She Don&amp;rsquo;t Give A Damn
&lt;br&gt;She&amp;rsquo;s So Amazing
&lt;br&gt;She Do Me Right And We Keep On Blazin
&lt;br&gt;Sex So Good I feel Like A Patient
&lt;br&gt;Where my apartments at,
&lt;br&gt;On The Deck In The Back..
&lt;br&gt;She Don&amp;rsquo;t Give A Damn
&lt;br&gt;She&amp;rsquo;s So Amazing
&lt;br&gt;She Do Me Right And We Keep On Blazin
&lt;br&gt;And It&amp;rsquo;s So Hard To Believe She&amp;rsquo;s So Amazing
&lt;br&gt;
&lt;br&gt;[Voltio:]
&lt;br&gt;Cosa crazy
&lt;br&gt;demasiao de muy sexy
&lt;br&gt;When she talk to me, make me crazy
&lt;br&gt;(Esa es mi mami)
&lt;br&gt;(That&amp;rsquo;s my baby)
&lt;br&gt;me tiene loco, me tiene lazy
&lt;br&gt;asombrosa, poderosa, demasiao poluminosa, muy hermosa&amp;hellip;
&lt;br&gt;como rosa&amp;hellip;
&lt;br&gt;pero peligrosa, conmigo es que ella goza,
&lt;br&gt;es la cosa&amp;hellip;, cuando su piel
&lt;br&gt;con mi cuerpo, ella arroza
&lt;br&gt;su flow, su belleza,
&lt;br&gt;me encanta como besa,
&lt;br&gt;mi dama, me encanta cuando ama,
&lt;br&gt;en si lleva mi nombre,
&lt;br&gt;no existe otro hombre,
&lt;br&gt;y te habla vestida de mujer,
&lt;br&gt;medisa la piel,
&lt;br&gt;maliciosa, y dulce como la miel,
&lt;br&gt;si en ella esta el infierno,
&lt;br&gt;voy a quemarme en el,
&lt;br&gt;Asi que rompe,
&lt;br&gt;menea el bumper,
&lt;br&gt;con el permiso caballeros no estorben. (come on&amp;hellip;)
&lt;br&gt;
&lt;br&gt;[CHORUS]
&lt;br&gt;
&lt;br&gt;In My Cadillac It Don&amp;rsquo;t Matta Where We At
&lt;br&gt;She Don&amp;rsquo;t Give A Damn
&lt;br&gt;She&amp;rsquo;s So Amazing
&lt;br&gt;She Do Me Right And We Keep On Blazin
&lt;br&gt;Sex So Good I feel Like A Patient
&lt;br&gt;Where my apartments at,
&lt;br&gt;On The Deck In The Back..
&lt;br&gt;She Don&amp;rsquo;t Give A Damn
&lt;br&gt;She&amp;rsquo;s So Amazing
&lt;br&gt;She Do Me Right And We Keep On Blazin
&lt;br&gt;And It&amp;rsquo;s So Hard To Believe She&amp;rsquo;s So Amazing
&lt;br&gt;
&lt;br&gt;Boricua&amp;hellip;
&lt;br&gt;Morena&amp;hellip;
&lt;br&gt;Boricua&amp;hellip;
&lt;br&gt;Morena&amp;hellip; (let&amp;rsquo;s go)
&lt;br&gt;
&lt;br&gt;Boricua&amp;hellip;
&lt;br&gt;Morena&amp;hellip; (for all the ladies around the world)
&lt;br&gt;Boricua&amp;hellip;
&lt;br&gt;Morena&amp;hellip;
&lt;br&gt;
&lt;br&gt;Boricua&amp;hellip;
&lt;br&gt;Morena&amp;hellip;
&lt;br&gt;Boricua&amp;hellip;
&lt;br&gt;Morena&amp;hellip;
&lt;br&gt;
&lt;br&gt;Boricua&amp;hellip;
&lt;br&gt;Morena&amp;hellip;
&lt;br&gt;Boricua&amp;hellip;(it&amp;rsquo;s going down)
&lt;br&gt;Morena&amp;hellip;(come on..)
&lt;br&gt;
&lt;br&gt;[CHORUS]
&lt;br&gt;
&lt;br&gt;In My Cadillac It Don&amp;rsquo;t Matta Where We At
&lt;br&gt;She Don&amp;rsquo;t Give A Damn
&lt;br&gt;She&amp;rsquo;s So Amazing
&lt;br&gt;She Do Me Right And We Keep On Blazin
&lt;br&gt;Sex So Good I feel Like A Patient
&lt;br&gt;Where my apartments at,
&lt;br&gt;On The Deck In The Back..
&lt;br&gt;She Don&amp;rsquo;t Give A Damn
&lt;br&gt;She&amp;rsquo;s So Amazing
&lt;br&gt;She Do Me Right And We Keep On Blazin
&lt;br&gt;And It&amp;rsquo;s So Hard To Believe She&amp;rsquo;s So Amazing&amp;hellip;&lt;/p&gt;
</description>
    </item>
    
    <item>
      <title> American Girls</title>
      <link>http://letraspedia.com/lyric/3rd-edge-american-girls/</link>
      <pubDate>Mon, 01 Sep 2008 00:00:00 UTC</pubDate>
      <author>Enthusiastic Hugo User</author>
      <guid>http://letraspedia.com/lyric/3rd-edge-american-girls/</guid>
      <description>&lt;p&gt;[Talking:]
&lt;br&gt;This song right here
&lt;br&gt;This ain&amp;rsquo;t no down south, up north, east coast, west coast song
&lt;br&gt;This ain&amp;rsquo;t just for the hood
&lt;br&gt;Well it is for the hood
&lt;br&gt;Come on
&lt;br&gt;JE y&amp;rsquo;all
&lt;br&gt;
&lt;br&gt;[Chorus:]
&lt;br&gt;Sexy American girls
&lt;br&gt;Gotta love it
&lt;br&gt;So many flavors
&lt;br&gt;You can&amp;rsquo;t find one, you buggin
&lt;br&gt;Look around
&lt;br&gt;Pull your game out
&lt;br&gt;Find the right one and set it out
&lt;br&gt;Sexy American girls
&lt;br&gt;Gotta love it
&lt;br&gt;So many flavors
&lt;br&gt;You can&amp;rsquo;t find one, you buggin
&lt;br&gt;Got you now
&lt;br&gt;Tell your boy how
&lt;br&gt;Get you to the room
&lt;br&gt;Show you bout the A-Town
&lt;br&gt;
&lt;br&gt;[Verse 1:]
&lt;br&gt;Like them thick, like them tall
&lt;br&gt;Feelin like I like them all
&lt;br&gt;Like em straight from the A
&lt;br&gt;But any city in the South
&lt;br&gt;They know what I&amp;rsquo;m talking about
&lt;br&gt;Got them girls all day
&lt;br&gt;West coast got them Mamas almost feel like the Bahamas
&lt;br&gt;Got to love it in LA
&lt;br&gt;From New York on to Philly
&lt;br&gt;Mid west got it really
&lt;br&gt;All over the USA
&lt;br&gt;
&lt;br&gt;[Chorus:]
&lt;br&gt;Sexy American girls
&lt;br&gt;Gotta love it
&lt;br&gt;So many flavors
&lt;br&gt;You can&amp;rsquo;t find one, you buggin
&lt;br&gt;Look around (look around, bring it out)
&lt;br&gt;Pull your game out
&lt;br&gt;Find the right one and set it out (oh, oh, oh)
&lt;br&gt;Sexy American girls
&lt;br&gt;Gotta love it
&lt;br&gt;So many flavors
&lt;br&gt;You can&amp;rsquo;t find one, you buggin (if you can&amp;rsquo;t find one you buggin)
&lt;br&gt;Got you now
&lt;br&gt;Tell your boy how
&lt;br&gt;Get you to the room (baby I&amp;rsquo;m gonna turn it out)
&lt;br&gt;Show you bout the A-Town
&lt;br&gt;
&lt;br&gt;[Verse 2:]
&lt;br&gt;Back to the A
&lt;br&gt;C Decaters (?) where I stay
&lt;br&gt;I&amp;rsquo;mma always rep it hard
&lt;br&gt;And of course I like em from all over
&lt;br&gt;But especially the ones that rep the boulevard
&lt;br&gt;And see the things that let her (?)
&lt;br&gt;We got from people from all over
&lt;br&gt;You can really get a taste
&lt;br&gt;Like a big stoove really from the Lou down on to Philly (?)
&lt;br&gt;You just might find your main
&lt;br&gt;Sexy American girls
&lt;br&gt;
&lt;br&gt;[Chorus:]
&lt;br&gt;Sexy American girls
&lt;br&gt;Gotta love it
&lt;br&gt;So many flavors
&lt;br&gt;You can&amp;rsquo;t find one, you buggin
&lt;br&gt;Look around
&lt;br&gt;Pull your game out
&lt;br&gt;Find the right one and set it out (set it out)
&lt;br&gt;Sexy American girls
&lt;br&gt;Gotta love it
&lt;br&gt;So many flavors (you can&amp;rsquo;t find one you buggin)
&lt;br&gt;You can&amp;rsquo;t find one, you buggin
&lt;br&gt;Got you now
&lt;br&gt;Tell your boy how (tell me how)
&lt;br&gt;Get you to the room
&lt;br&gt;Show you bout the A-Town
&lt;br&gt;
&lt;br&gt;[Hook:]
&lt;br&gt;Down South girls keep it sexy (shorty)
&lt;br&gt;Miami, Atlanta, Carolina, Alabama, New Orleans girls keep it sexy
&lt;br&gt;Up top, NY, NJ, MA, Philly girls keep it sexy
&lt;br&gt;Midwest, West Coast, Chi-town, LA, Texas girls keep it sexy
&lt;br&gt;Georgia to Arizona know them girls keep it sexy
&lt;br&gt;Keep it sexy
&lt;br&gt;Sexy, sexy
&lt;br&gt;Ladies just keep it sexy, keep it sexy&amp;hellip;
&lt;br&gt;
&lt;br&gt;[Rap:]
&lt;br&gt;Yo
&lt;br&gt;I dibble and dabble with bras from the A to LA
&lt;br&gt;And regardless where they stay they all respect what I say
&lt;br&gt;I got one in Houston, Texas
&lt;br&gt;Pretty little thing &amp;ndash; (?)
&lt;br&gt;Plus that &amp;ndash; she on parole but hit the road anyway
&lt;br&gt;I got one in Mississippi I just call her - lil gritty
&lt;br&gt;And a black skin to get the cream (?)
&lt;br&gt;Can you believe she wit it
&lt;br&gt;I got one in Memphis, Ten
&lt;br&gt;Like to put me on the through
&lt;br&gt;Take a blank with the Hen and let the freak feast begin
&lt;br&gt;I got a Yankee &amp;ndash;
&lt;br&gt;Fat enough to break Hover
&lt;br&gt;Make J-Lo look like she need a makeover
&lt;br&gt;Plus she got LeBron James on the Range Rover
&lt;br&gt;Black mixed with Puerto Rican so you know the games over
&lt;br&gt;
&lt;br&gt;[Chorus:]
&lt;br&gt;Sexy American girls
&lt;br&gt;Gotta love it
&lt;br&gt;So many flavors
&lt;br&gt;You can&amp;rsquo;t find one, you buggin
&lt;br&gt;Look around
&lt;br&gt;Pull your game out
&lt;br&gt;Find the right one and set it out
&lt;br&gt;Sexy American girls
&lt;br&gt;Gotta love it
&lt;br&gt;So many flavors
&lt;br&gt;You can&amp;rsquo;t find one, you buggin
&lt;br&gt;Got you now
&lt;br&gt;Tell your boy how
&lt;br&gt;Get you to the room
&lt;br&gt;Show you bout the A-Town&lt;/p&gt;
</description>
    </item>
    
    <item>
      <title> Ass Hipnotic</title>
      <link>http://letraspedia.com/lyric/3rd-edge-ass-hipnotic/</link>
      <pubDate>Mon, 01 Sep 2008 00:00:00 UTC</pubDate>
      <author>Enthusiastic Hugo User</author>
      <guid>http://letraspedia.com/lyric/3rd-edge-ass-hipnotic/</guid>
      <description>&lt;p&gt;Yeah
&lt;br&gt;581
&lt;br&gt;JE
&lt;br&gt;A-Town
&lt;br&gt;East Side to be exact
&lt;br&gt;
&lt;br&gt;[Chorus:]
&lt;br&gt;Ass hypnotic
&lt;br&gt;She got it so she flaunt it
&lt;br&gt;Ass hypnotic
&lt;br&gt;She got it so she flaunt it
&lt;br&gt;I love to make her mine but she play these mind games with me
&lt;br&gt;Ass hypnotic
&lt;br&gt;She got it so she flaunt it
&lt;br&gt;Ass hypnotic
&lt;br&gt;She got it so she flaunt it
&lt;br&gt;If I can&amp;rsquo;t make her mine I want someone just like her
&lt;br&gt;
&lt;br&gt;[Verse 1:]
&lt;br&gt;I was mesmorized by her booty
&lt;br&gt;I said right then that I was making her my duty
&lt;br&gt;I, I really, really wish she knew me
&lt;br&gt;Cause if she did she wouldn&amp;rsquo;t think I&amp;rsquo;m just there for the cut
&lt;br&gt;Cuase she always catch my eyes on her butt
&lt;br&gt;She need to go ahead
&lt;br&gt;She flirts with me but she yankin me to go ahead
&lt;br&gt;Thinking that she want me but she always playin scared
&lt;br&gt;
&lt;br&gt;[Hook:]
&lt;br&gt;Sit nigga sit
&lt;br&gt;Trip a bitch go get her
&lt;br&gt;Quick to snatch a bitch up, up the nigga that&amp;rsquo;s with her
&lt;br&gt;If that&amp;rsquo;s really your chick you need to sit with her
&lt;br&gt;Its kinda hard payin attention when that ass
&lt;br&gt;
&lt;br&gt;[Chorus:]
&lt;br&gt;Ass hypnotic
&lt;br&gt;She got it so she flaunt it (she got it so she flaunt it)
&lt;br&gt;Ass hypnotic
&lt;br&gt;She got it so she flaunt it
&lt;br&gt;I love to make her mine but she play these mind games with me
&lt;br&gt;Ass hypnotic
&lt;br&gt;She got it so she flaunt it (yeah, yeah)
&lt;br&gt;Ass hypnotic (oh, oh, oh)
&lt;br&gt;She got it so she flaunt it
&lt;br&gt;If I can&amp;rsquo;t make her mine I want someone just like her
&lt;br&gt;
&lt;br&gt;[Verse 2:]
&lt;br&gt;Now she don&amp;rsquo;t come with nobody
&lt;br&gt;But she gonna leave with somebody
&lt;br&gt;Old school like hottie
&lt;br&gt;Game stuck like Gotti
&lt;br&gt;She ain&amp;rsquo;t groupie out (?)
&lt;br&gt;You ain&amp;rsquo;t gonna catch her in the lobby
&lt;br&gt;A man is like a hobby she just move on to the next
&lt;br&gt;And she gon get with me cause she think I&amp;rsquo;m up for the sex
&lt;br&gt;But her ass is so hypnotic
&lt;br&gt;Make me break into a sweat
&lt;br&gt;For real
&lt;br&gt;Shes beautiful
&lt;br&gt;But I can find one more
&lt;br&gt;Cause theres a lot of fish in the sea
&lt;br&gt;Of that I&amp;rsquo;m sure
&lt;br&gt;
&lt;br&gt;[Hook:]
&lt;br&gt;Sit nigga sit
&lt;br&gt;Trip a bitch go get her
&lt;br&gt;Quick to snatch a bitch up, up the nigga that&amp;rsquo;s with her
&lt;br&gt;If that&amp;rsquo;s really your chick you need to sit with her
&lt;br&gt;Its kinda hard payin attention when that ass
&lt;br&gt;
&lt;br&gt;[Chorus:]
&lt;br&gt;Ass hypnotic
&lt;br&gt;She got it so she flaunt it (girl you know how to move)
&lt;br&gt;Ass hypnotic
&lt;br&gt;She got it so she flaunt it (the only reason I&amp;hellip;)
&lt;br&gt;I love to make her mine but she play these mind games with me
&lt;br&gt;Ass hypnotic
&lt;br&gt;She got it so she flaunt it
&lt;br&gt;Ass hypnotic
&lt;br&gt;She got it so she flaunt it
&lt;br&gt;If I can&amp;rsquo;t make her mine I want someone just like her
&lt;br&gt;
&lt;br&gt;[Verse 3:]
&lt;br&gt;She fine, when she walk she be turning heads
&lt;br&gt;She hang with a crew
&lt;br&gt;They choosin her instead
&lt;br&gt;If you feel something you should turn it up
&lt;br&gt;Shes a hot mama she be burnin up
&lt;br&gt;And I know you see this girl up in the club you are
&lt;br&gt;She steady got these lames tryin to buy the bar
&lt;br&gt;Like the 3-6 she could tear it up
&lt;br&gt;Shes a young hustler she be hustling us
&lt;br&gt;Make me want to scream
&lt;br&gt;Even when she walkin you feel you starin
&lt;br&gt;Make me want to scream
&lt;br&gt;You know that ass hypnotic the way she walk it, the way that she ride
&lt;br&gt;
&lt;br&gt;[Chorus:]
&lt;br&gt;Ass hypnotic
&lt;br&gt;She got it so she flaunt it
&lt;br&gt;Ass hypnotic
&lt;br&gt;She got it so she flaunt it (in love)
&lt;br&gt;I love to make her mine but she play these mind games with me
&lt;br&gt;Ass hypnotic
&lt;br&gt;She got it so she flaunt it (you can tell how she moves)
&lt;br&gt;Ass hypnotic (she know what to do)
&lt;br&gt;She got it so she flaunt it (oh, oh)
&lt;br&gt;If I can&amp;rsquo;t make her mine I want someone just like her
&lt;br&gt;
&lt;br&gt;Oh, oh&amp;hellip;
&lt;br&gt;Mm, mm, mm&lt;/p&gt;
</description>
    </item>
    
    <item>
      <title> Baby Feel Me</title>
      <link>http://letraspedia.com/lyric/3rd-edge-baby-feel-me/</link>
      <pubDate>Mon, 01 Sep 2008 00:00:00 UTC</pubDate>
      <author>Enthusiastic Hugo User</author>
      <guid>http://letraspedia.com/lyric/3rd-edge-baby-feel-me/</guid>
      <description>&lt;p&gt;Je yall, yeah
&lt;br&gt;yeah yeah yeah yeah yeah yeah yeah
&lt;br&gt;feel me shorty
&lt;br&gt;yeah yeah yeah yeah yeah yeah yeah
&lt;br&gt;yeah i know its late
&lt;br&gt;(baby feel, baby feel me) Just feel me though (feeeeeeel, feel me)
&lt;br&gt;all over baby
&lt;br&gt;yeah yeah yeah yeah yeah yeah yeah
&lt;br&gt;WINGO
&lt;br&gt;
&lt;br&gt;It&amp;rsquo;s 3 o&amp;rsquo;clock in the mornin
&lt;br&gt;and I&amp;rsquo;m so so horny
&lt;br&gt;baby I need your lovin
&lt;br&gt;&amp;lsquo;cause I&amp;rsquo;m hotter than an oven
&lt;br&gt;You know how we get down shorty
&lt;br&gt;So come around and break it on down for me
&lt;br&gt;In the bed or on the floor honey
&lt;br&gt;it dont matter you a freak
&lt;br&gt;we can do it outside
&lt;br&gt;we can tumble in the grass
&lt;br&gt;we can do it slow or fast
&lt;br&gt;I just wanna tap that ass ( I just wanna tap that ass)
&lt;br&gt;
&lt;br&gt;Baby feel me
&lt;br&gt;I wanna lay ya down on your back side
&lt;br&gt;you never felt pleasure then you will see
&lt;br&gt;in the game of sex imma all star veteran
&lt;br&gt;no one do it better than me
&lt;br&gt;(repeat 1x)
&lt;br&gt;
&lt;br&gt;Imma make it bounce in the bedroom
&lt;br&gt;like we on the dance floor
&lt;br&gt;breakin all the head boards
&lt;br&gt;what cha think your man for
&lt;br&gt;Haha. Imma say that, Imma say that one more time
&lt;br&gt;Imma make it bounce in the bedroom
&lt;br&gt;like we on the dance floor
&lt;br&gt;breakin all the head boards
&lt;br&gt;what cha think your man for
&lt;br&gt;
&lt;br&gt;When the neighbors ask whats that thumpin
&lt;br&gt;just tell em nothin
&lt;br&gt;nothing wrong with a little bumpin
&lt;br&gt;Guess theres things that we cant do no more
&lt;br&gt;since you live upstairs we gotta stay off the floor yeah
&lt;br&gt;keep it spicy like we down in New Orleans
&lt;br&gt;when we do what we do
&lt;br&gt;girl with you, me and you we could heat up the mountains
&lt;br&gt;yes we can
&lt;br&gt;
&lt;br&gt;chorus (repeat 2x)
&lt;br&gt;
&lt;br&gt;check my temperature
&lt;br&gt;feverish
&lt;br&gt;im your genie girl
&lt;br&gt;whats your wish
&lt;br&gt;mean no disrespect
&lt;br&gt;this is it.
&lt;br&gt;i wanna lay you down
&lt;br&gt;i wanna lay you down
&lt;br&gt;
&lt;br&gt;chorus (repeat 2x)&lt;/p&gt;
</description>
    </item>
    
    <item>
      <title> Can I Get With You?</title>
      <link>http://letraspedia.com/lyric/3rd-edge-can-i-get-with-you/</link>
      <pubDate>Mon, 01 Sep 2008 00:00:00 UTC</pubDate>
      <author>Enthusiastic Hugo User</author>
      <guid>http://letraspedia.com/lyric/3rd-edge-can-i-get-with-you/</guid>
      <description>&lt;p&gt;Ha-ha I don&amp;rsquo;t need no sex
&lt;br&gt;I just wanna get with you
&lt;br&gt;
&lt;br&gt;Oh, all I wanna know is can I get with you?
&lt;br&gt;Don&amp;rsquo;t lead me on
&lt;br&gt;Can I get with you?
&lt;br&gt;Girl it&amp;rsquo;s you, it&amp;rsquo;s you
&lt;br&gt;It&amp;rsquo;s them things that you do
&lt;br&gt;It&amp;rsquo;s all about you, it&amp;rsquo;s you
&lt;br&gt;I just want to get with you
&lt;br&gt;
&lt;br&gt;Girl, I see you shaking your butt, baby what?
&lt;br&gt;What&amp;rsquo;cha trying to do?
&lt;br&gt;I don&amp;rsquo;t need a little time cause tonight you&amp;rsquo;re mine
&lt;br&gt;Have a drink or two yeah
&lt;br&gt;Girl let&amp;rsquo;s have some fun
&lt;br&gt;You said that&amp;rsquo;s what you really want
&lt;br&gt;I got what you need
&lt;br&gt;And I will fulfill all of your dreams
&lt;br&gt;
&lt;br&gt;We can ride all night long
&lt;br&gt;If you want
&lt;br&gt;We can play our favorite movie and stay home
&lt;br&gt;Cause no matter when or what we do
&lt;br&gt;I wanna get with you, oh yeah
&lt;br&gt;
&lt;br&gt;Oh, all I wanna know is can I get with you?
&lt;br&gt;Don&amp;rsquo;t lead me on
&lt;br&gt;Can I get with you?
&lt;br&gt;Girl it&amp;rsquo;s you, it&amp;rsquo;s you
&lt;br&gt;It&amp;rsquo;s them things that you do
&lt;br&gt;It&amp;rsquo;s all about you, it&amp;rsquo;s you
&lt;br&gt;I just want to get with you
&lt;br&gt;
&lt;br&gt;Step in my ride I need company
&lt;br&gt;I&amp;rsquo;m under that portion that you opened up for me
&lt;br&gt;What you wanna do? Yeah
&lt;br&gt;Cause I need to be with you
&lt;br&gt;Anything you&amp;rsquo;re wanting
&lt;br&gt;Whatever you need, whoa, whoa
&lt;br&gt;
&lt;br&gt;We can ride all night long
&lt;br&gt;If you want
&lt;br&gt;We can play our favorite movie and stay home
&lt;br&gt;Cause no matter when or what we do
&lt;br&gt;I wanna get with you, oh yeah
&lt;br&gt;
&lt;br&gt;Oh, all I wanna know is can I get with you?
&lt;br&gt;Don&amp;rsquo;t lead me on
&lt;br&gt;Can I get with you?
&lt;br&gt;Girl it&amp;rsquo;s you, it&amp;rsquo;s you
&lt;br&gt;It&amp;rsquo;s them things that you do
&lt;br&gt;It&amp;rsquo;s all about you, it&amp;rsquo;s you
&lt;br&gt;I just want to get with you
&lt;br&gt;
&lt;br&gt;We can ride all night long
&lt;br&gt;If you want
&lt;br&gt;We can play our favorite movie and stay home
&lt;br&gt;Cause no matter when or what we do
&lt;br&gt;I wanna get with you, oh yeah
&lt;br&gt;
&lt;br&gt;Oh, all I wanna know is can I get with you?
&lt;br&gt;Don&amp;rsquo;t lead me on
&lt;br&gt;Can I get with you?
&lt;br&gt;Girl it&amp;rsquo;s you, it&amp;rsquo;s you
&lt;br&gt;It&amp;rsquo;s them things that you do
&lt;br&gt;It&amp;rsquo;s all about you, it&amp;rsquo;s you
&lt;br&gt;I just want to get with you&lt;/p&gt;
</description>
    </item>
    
    <item>
      <title> Can We Be Tight</title>
      <link>http://letraspedia.com/lyric/3rd-edge-can-we-be-tight/</link>
      <pubDate>Mon, 01 Sep 2008 00:00:00 UTC</pubDate>
      <author>Enthusiastic Hugo User</author>
      <guid>http://letraspedia.com/lyric/3rd-edge-can-we-be-tight/</guid>
      <description>&lt;p&gt;Can we be tight again?
&lt;br&gt;Cause you wanna know something
&lt;br&gt;(Can we? Can we? Can we? ooh)
&lt;br&gt;JE y&amp;rsquo;all
&lt;br&gt;
&lt;br&gt;Can we be tight?
&lt;br&gt;Can we be tight again?
&lt;br&gt;Can we be tight?
&lt;br&gt;
&lt;br&gt;I can&amp;rsquo;t go one more day without your love, I&amp;rsquo;m giving up
&lt;br&gt;Got all my niggas sayin&amp;rsquo; I&amp;rsquo;m a punk, and I don&amp;rsquo;t wanna
&lt;br&gt;Feel like I&amp;rsquo;m chasing, wasting time on you
&lt;br&gt;If you&amp;rsquo;re really through that&amp;rsquo;s cool
&lt;br&gt;Don&amp;rsquo;t hang up the phone as I pour my soul
&lt;br&gt;It&amp;rsquo;s been about two years, had fears
&lt;br&gt;But girl I had to call you
&lt;br&gt;I had to stop my drinking, smoking
&lt;br&gt;Even stopped my balling
&lt;br&gt;I heard that y&amp;rsquo;all broke up
&lt;br&gt;Hope that you ain&amp;rsquo;t too choked up
&lt;br&gt;One day I just woke on up
&lt;br&gt;Baby can we be tight&amp;hellip;
&lt;br&gt;
&lt;br&gt;Can we be tight?
&lt;br&gt;I wanna be there for you all I can
&lt;br&gt;Can we be tight again?
&lt;br&gt;I know you just got over your man
&lt;br&gt;Can we be tight?
&lt;br&gt;I tried to ask you time and time again
&lt;br&gt;Can we be tight again?
&lt;br&gt;Again, again
&lt;br&gt;
&lt;br&gt;Can we be tight?
&lt;br&gt;I wanna be there for you all I can
&lt;br&gt;Can we be tight again?
&lt;br&gt;I know you just got over your man
&lt;br&gt;Can we be tight?
&lt;br&gt;I tried to ask you time and time again
&lt;br&gt;Can we be tight again?
&lt;br&gt;Again, again
&lt;br&gt;
&lt;br&gt;I know that going on without someone you love can be so hard and
&lt;br&gt;I know it&amp;rsquo;s cause of him girl that you just can&amp;rsquo;t let down your guard and
&lt;br&gt;I know your relationship with him ain&amp;rsquo;t work
&lt;br&gt;It ain&amp;rsquo;t like I&amp;rsquo;m the only jerk
&lt;br&gt;Give me one more chance, girl I&amp;rsquo;ll make it work
&lt;br&gt;Cause every day that I live
&lt;br&gt;It seems I learn a lot more about women in general
&lt;br&gt;They just wanna be loved, just wanna be hugged and kiss, be included
&lt;br&gt;Every heart got a glitch
&lt;br&gt;Every dog got it&amp;rsquo;s bitch
&lt;br&gt;Every man got a whip
&lt;br&gt;Mine is you, oh, oh, oh
&lt;br&gt;
&lt;br&gt;Can we be tight?
&lt;br&gt;I wanna be there for you all I can
&lt;br&gt;Can we be tight again?
&lt;br&gt;I know you just got over your man
&lt;br&gt;Can we be tight?
&lt;br&gt;I tried to ask you time and time again
&lt;br&gt;Can we be tight again?
&lt;br&gt;Again, again
&lt;br&gt;
&lt;br&gt;Can we be tight?
&lt;br&gt;I wanna be there for you all I can
&lt;br&gt;Can we be tight again?
&lt;br&gt;I know you just got over your man
&lt;br&gt;Can we be tight?
&lt;br&gt;I tried to ask you time and time again
&lt;br&gt;Can we be tight again?
&lt;br&gt;Again, again
&lt;br&gt;
&lt;br&gt;Can we be, can we be tight
&lt;br&gt;Messed up in the past
&lt;br&gt;And baby now I know better
&lt;br&gt;Can we be, can we be tight
&lt;br&gt;Give me one more chance
&lt;br&gt;Girl I know I&amp;rsquo;ll do it better
&lt;br&gt;
&lt;br&gt;Can we be, can we be tight
&lt;br&gt;Messed up in the past
&lt;br&gt;And baby now I know better
&lt;br&gt;Can we be, can we be tight
&lt;br&gt;Give me one more chance
&lt;br&gt;Girl I know I&amp;rsquo;ll do it better
&lt;br&gt;
&lt;br&gt;Can we be tight?
&lt;br&gt;I wanna be there for you all I can
&lt;br&gt;Can we be tight again?
&lt;br&gt;I know you just got over your man
&lt;br&gt;Can we be tight?
&lt;br&gt;I tried to ask you time and time again
&lt;br&gt;Can we be tight again?
&lt;br&gt;Again, again&lt;/p&gt;
</description>
    </item>
    
    <item>
      <title> Cant Wait</title>
      <link>http://letraspedia.com/lyric/3rd-edge-cant-wait/</link>
      <pubDate>Mon, 01 Sep 2008 00:00:00 UTC</pubDate>
      <author>Enthusiastic Hugo User</author>
      <guid>http://letraspedia.com/lyric/3rd-edge-cant-wait/</guid>
      <description>&lt;p&gt;&amp;hellip;&amp;hellip;&amp;hellip;..ohhhhhhhhh..ohhhhhhhhh &amp;hellip;.
&lt;br&gt;&amp;hellip;&amp;hellip; so good&amp;hellip;.. ohhhhhh
&lt;br&gt;
&lt;br&gt;Not an hour baby..
&lt;br&gt;Sometimes i sit all by myself
&lt;br&gt;I feel like you should be here
&lt;br&gt;And when i come to realize your eyes
&lt;br&gt;Are callin me near
&lt;br&gt;Oh near oh near oh near oh near
&lt;br&gt;(callin me near)
&lt;br&gt;Oh near oh near oh near oh near..
&lt;br&gt;And i can&amp;rsquo;t go more then one nite i jus gotta see u
&lt;br&gt;Gurl my body jus ain&amp;rsquo;t rite
&lt;br&gt;Without u rite here tonite
&lt;br&gt;
&lt;br&gt;I can&amp;rsquo;t wait another day
&lt;br&gt;Not another day
&lt;br&gt;Not an hour
&lt;br&gt;One seconds to long
&lt;br&gt;
&lt;br&gt;Gurl ur luv is so good (ur luv is so good)
&lt;br&gt;I would if i could
&lt;br&gt;(i would wait if i could)
&lt;br&gt;Not an hour one seconds to long
&lt;br&gt;(one seconds to long)
&lt;br&gt;
&lt;br&gt;I hope i make thru the nite without you here
&lt;br&gt;So gurl don&amp;rsquo;t let me down
&lt;br&gt;Jus let me whisper in ur ear&amp;hellip;.
&lt;br&gt;
&lt;br&gt;My dear its clear
&lt;br&gt;I&amp;rsquo;m here have no fear
&lt;br&gt;My dear its clear
&lt;br&gt;I&amp;rsquo;m here have no fear
&lt;br&gt;No fear
&lt;br&gt;
&lt;br&gt;Ur all i think bout can&amp;rsquo;t do nuthin witout
&lt;br&gt;Ur luv in my life so gurl lets get it onnnnnnnn
&lt;br&gt;I can&amp;rsquo;t wati another day
&lt;br&gt;Not another day
&lt;br&gt;Not an hour one seconds to long
&lt;br&gt;(a seconds to long)
&lt;br&gt;Gurl ur luv is so good
&lt;br&gt;(so good)
&lt;br&gt;I would wait if i could
&lt;br&gt;(said i would wait if i could)
&lt;br&gt;Not an hour one seconds to long
&lt;br&gt;(a seconds to long)
&lt;br&gt;
&lt;br&gt;I gotta hold you
&lt;br&gt;I gotta hold tight i hold on u
&lt;br&gt;Gotta hold you
&lt;br&gt;I gotta hold on you
&lt;br&gt;
&lt;br&gt;If have to live on this earth w/o you
&lt;br&gt;I rather die alone
&lt;br&gt;Then to be witout you
&lt;br&gt;
&lt;br&gt;And if have to live on this earth w/o you
&lt;br&gt;I rather die alone
&lt;br&gt;Then to be witout you
&lt;br&gt;(then to be witout u)
&lt;br&gt;
&lt;br&gt;And if have to live on this earth w/o you
&lt;br&gt;I rather die alone
&lt;br&gt;Then to be witout you
&lt;br&gt;
&lt;br&gt;And if have to live on this earth w/o you
&lt;br&gt;I rather die alone
&lt;br&gt;Then to be witout you&lt;/p&gt;
</description>
    </item>
    
    <item>
      <title> Car Show</title>
      <link>http://letraspedia.com/lyric/3rd-edge-car-show/</link>
      <pubDate>Mon, 01 Sep 2008 00:00:00 UTC</pubDate>
      <author>Enthusiastic Hugo User</author>
      <guid>http://letraspedia.com/lyric/3rd-edge-car-show/</guid>
      <description>&lt;p&gt;(feat. Big Boi (OutKast))
&lt;br&gt;
&lt;br&gt;[Intro:]
&lt;br&gt;Uno, get down, dos, get down [x3]
&lt;br&gt;Uno, get down, uno, dos, tres
&lt;br&gt;
&lt;br&gt;College park (stay with us), East Point, Decatur, Downtown Atlanta
&lt;br&gt;
&lt;br&gt;[Jagged Edge: Verse 1]
&lt;br&gt;Rollup at the spot, I seen her had to meet her
&lt;br&gt;I was at the bar, sippin&amp;rsquo; and I&amp;rsquo;m leanin&amp;rsquo;
&lt;br&gt;I just, had to get attention, but didn&amp;rsquo;t wanna mention
&lt;br&gt;How, she just wasn&amp;rsquo;t lookin&amp;rsquo;
&lt;br&gt;And this ain&amp;rsquo;t what I&amp;rsquo;m feelin&amp;rsquo;
&lt;br&gt;Now, movin&amp;rsquo; on, to bout to have you later
&lt;br&gt;And now, she&amp;rsquo;s my girl, I knew that I wasn&amp;rsquo;t playin&amp;rsquo; and its
&lt;br&gt;Better than my friendship, it&amp;rsquo;s kinda like my pension cause I&amp;rsquo;m savin&amp;rsquo; all
&lt;br&gt;my funds up
&lt;br&gt;And I&amp;rsquo;m gonna spend it long long long&amp;hellip;
&lt;br&gt;
&lt;br&gt;[Chorus: repeat 2X]
&lt;br&gt;She keep me spinnin&amp;rsquo; like the blades on my rims and
&lt;br&gt;She keep me with it so I can&amp;rsquo;t trade her in and
&lt;br&gt;She keep me bumpin&amp;rsquo; up and down like a 6 - 4
&lt;br&gt;She keep my engine runnin&amp;rsquo; hot like a car show
&lt;br&gt;
&lt;br&gt;[Verse 2]
&lt;br&gt;She&amp;rsquo;s my movie star and I&amp;rsquo;m her director
&lt;br&gt;Sweat, in the car, driving as fast as we can go
&lt;br&gt;She could be all on me, kissin&amp;rsquo; me touching me
&lt;br&gt;I don&amp;rsquo;t wanna stop right now, she don&amp;rsquo;t wanna stop neither
&lt;br&gt;She&amp;rsquo;s a sexy girl, shaped like a coke bottle
&lt;br&gt;Or a fancy car the prototype model
&lt;br&gt;She got cars in all around spots, keep my engine runnin&amp;rsquo; hot
&lt;br&gt;I don&amp;rsquo;t wanna slow it down, I&amp;rsquo;ma let her go&amp;hellip;
&lt;br&gt;
&lt;br&gt;[Chorus]
&lt;br&gt;
&lt;br&gt;[Big Boi from OutKast]
&lt;br&gt;Now get my damn trophy
&lt;br&gt;The way she movin&amp;rsquo; like chest and checker
&lt;br&gt;Black white any color gotta respect her
&lt;br&gt;Double decker flat yea body gotta protect her
&lt;br&gt;Together weather the storm to things get better, never
&lt;br&gt;Fall to the waist, I grace, I cry
&lt;br&gt;Lifeless, lemme add some color to that shine
&lt;br&gt;I like this, bittin&amp;rsquo;, fuckin&amp;rsquo;, all of this for nothing
&lt;br&gt;Shoulda gotten an old shit or somethin&amp;rsquo;
&lt;br&gt;Some old fools bubblin&amp;rsquo; and that&amp;rsquo;s what we becomin&amp;rsquo;
&lt;br&gt;See, you used to be comin&amp;rsquo;, when the engine was runnin&amp;rsquo;
&lt;br&gt;Now ?? and you ain&amp;rsquo;t that woman
&lt;br&gt;Mmm, damn, I hate that frontin&amp;rsquo;
&lt;br&gt;I hate just bumpin&amp;rsquo; in just case you was wondering
&lt;br&gt;Most wantin&amp;rsquo; a million and how you wantin&amp;rsquo; a hundred
&lt;br&gt;I done done it, I done done it, I done done it, ho, I done done it
&lt;br&gt;
&lt;br&gt;[Jagged Edge: Hook 2X]
&lt;br&gt;Up and down like a 6 - 4, party bumpin&amp;rsquo; hot dro
&lt;br&gt;Droppin&amp;rsquo; tops and way more, hot like car show
&lt;br&gt;Y&amp;rsquo;all know how we do, keep it true no see through
&lt;br&gt;Now I gotta roll it and and we bout to roll (out out out)
&lt;br&gt;
&lt;br&gt;She keep me spinnin&amp;rsquo; like them blades on my rims man
&lt;br&gt;She keep me with it so I can&amp;rsquo;t trade her in man
&lt;br&gt;She keep it bumpin up and down like a 6 - 4
&lt;br&gt;She keep my engine runnin&amp;rsquo; hot like a car show
&lt;br&gt;
&lt;br&gt;[Chorus]
&lt;br&gt;
&lt;br&gt;Ride ride ride&amp;hellip;
&lt;br&gt;Feel so good&amp;hellip;
&lt;br&gt;
&lt;br&gt;[Chorus to fade]&lt;/p&gt;
</description>
    </item>
    
    <item>
      <title> Crying Out</title>
      <link>http://letraspedia.com/lyric/3rd-edge-crying-out/</link>
      <pubDate>Mon, 01 Sep 2008 00:00:00 UTC</pubDate>
      <author>Enthusiastic Hugo User</author>
      <guid>http://letraspedia.com/lyric/3rd-edge-crying-out/</guid>
      <description>&lt;p&gt;Why can&amp;rsquo;t I have a good girl
&lt;br&gt;The kind I wanna give her the Finest things
&lt;br&gt;Not just designer things
&lt;br&gt;LovesÂ.what I&amp;rsquo;m talkin&amp;rsquo; bout
&lt;br&gt;Nothing wrong with that winding down
&lt;br&gt;I&amp;rsquo;m talkin&amp;rsquo; bout some quality time
&lt;br&gt;If you was, if you was
&lt;br&gt;If you was a doctor,
&lt;br&gt;You could pull out you&amp;rsquo;re tool
&lt;br&gt;And listen to my heart
&lt;br&gt;Hear what it saying
&lt;br&gt;No delayin&amp;rsquo; I&amp;rsquo;m prayin&amp;rsquo;
&lt;br&gt;My heart is sayin&amp;rsquo;
&lt;br&gt;Sayin&amp;rsquo; boom boom boom boom boom boom boom
&lt;br&gt;
&lt;br&gt;Everytime that I&amp;rsquo;m with you
&lt;br&gt;Hear my body cryin&amp;rsquo; out
&lt;br&gt;Say you hear me too
&lt;br&gt;Don&amp;rsquo;t judge me I&amp;rsquo;m just cryin&amp;rsquo; out
&lt;br&gt;I&amp;rsquo;m lookin&amp;rsquo; for a good girl
&lt;br&gt;Listen to my heart and hear the way it moans
&lt;br&gt;Oh oh oh oh whoaw whoaw oh whoaw woo
&lt;br&gt;Listen how it moans
&lt;br&gt;Oh oh oh oh whoaw whoaw oh whoaw woo
&lt;br&gt;
&lt;br&gt;Is love in my near future
&lt;br&gt;Ain&amp;rsquo;t talkin&amp;rsquo; bout the kind
&lt;br&gt;That you give all you got
&lt;br&gt;But in the end you still loose her
&lt;br&gt;I&amp;rsquo;m talkin&amp;rsquo; bout the kind who truly understands
&lt;br&gt;And she knows how to treat a man
&lt;br&gt;Yes she do, yes she do yeah
&lt;br&gt;I&amp;rsquo;m talkin&amp;rsquo; bout the kind that stays down with you
&lt;br&gt;To the point her friends thinks she is stupid
&lt;br&gt;That&amp;rsquo;s what my heart needs, that&amp;rsquo;s what my heart need yeah
&lt;br&gt;
&lt;br&gt;Everytime that I&amp;rsquo;m with you
&lt;br&gt;Hear my body cryin&amp;rsquo; out
&lt;br&gt;Say you hear me too
&lt;br&gt;Don&amp;rsquo;t judge me I&amp;rsquo;m just cryin&amp;rsquo; out
&lt;br&gt;I&amp;rsquo;m lookin&amp;rsquo; for a good girl
&lt;br&gt;Listen to my heart and hear the way it moans
&lt;br&gt;Oh oh oh oh whow whow oh whow woo
&lt;br&gt;Listen how it moans
&lt;br&gt;Oh oh oh oh whoaw whoaw oh whoaw woo
&lt;br&gt;
&lt;br&gt;Just hear me cryin&amp;rsquo; ouuuuttttttt
&lt;br&gt;My hearts cryin&amp;rsquo; out
&lt;br&gt;It&amp;rsquo;s cryin&amp;rsquo; ouuuttttttt
&lt;br&gt;My hearts cryin&amp;rsquo; out yeaaahhhh
&lt;br&gt;Uh oh, uh oh whoa
&lt;br&gt;
&lt;br&gt;Everytime that I&amp;rsquo;m with you
&lt;br&gt;Hear my body cryin&amp;rsquo; out
&lt;br&gt;Say you hear me too
&lt;br&gt;Don&amp;rsquo;t judge me I&amp;rsquo;m just cryin&amp;rsquo; out
&lt;br&gt;I&amp;rsquo;m lookin&amp;rsquo; for a good girl
&lt;br&gt;Listen to my heart and hear the way it moans
&lt;br&gt;Oh oh oh oh whoaw whoaw oh whoaw woo
&lt;br&gt;Listen how it moans
&lt;br&gt;Oh oh oh oh whoaw whoaw oh whoaw woo&lt;/p&gt;
</description>
    </item>
    
    <item>
      <title> Cut Something</title>
      <link>http://letraspedia.com/lyric/3rd-edge-cut-something/</link>
      <pubDate>Mon, 01 Sep 2008 00:00:00 UTC</pubDate>
      <author>Enthusiastic Hugo User</author>
      <guid>http://letraspedia.com/lyric/3rd-edge-cut-something/</guid>
      <description>&lt;p&gt;[JE]
&lt;br&gt;JE y&amp;rsquo;all
&lt;br&gt;Y&amp;rsquo;all know, yeah, yeah check this out
&lt;br&gt;(Cut something, cut something)
&lt;br&gt;We gonna let you in on a little Southern lingo
&lt;br&gt;(Cut something, cut something)
&lt;br&gt;Is that what they saying?
&lt;br&gt;(Cut something, cut something)
&lt;br&gt;(Cut something on the low-low)
&lt;br&gt;
&lt;br&gt;[Ludacris]
&lt;br&gt;Check it out
&lt;br&gt;Cut a nigga for the low-low
&lt;br&gt;I&amp;rsquo;m fixin&amp;rsquo; to cut a nigga from the So So
&lt;br&gt;I heard you cut a nigga from the DTP, you got DDT
&lt;br&gt;From College Park to the DEC
&lt;br&gt;See we be sittin&amp;rsquo; on low pros
&lt;br&gt;Shippin&amp;rsquo; *** in by the boatloads
&lt;br&gt;Not many people can see the cheese
&lt;br&gt;Better run they g&amp;rsquo;s
&lt;br&gt;Ludacris and the Pimp MC&amp;rsquo;s, JE
&lt;br&gt;
&lt;br&gt;[JE]
&lt;br&gt;To all of y&amp;rsquo;all who don&amp;rsquo;t know
&lt;br&gt;Let me explain
&lt;br&gt;What cuttin&amp;rsquo; is, and how it go
&lt;br&gt;Gotta know the game
&lt;br&gt;Cause you can say the wrong thing
&lt;br&gt;To the wrong girl, with the wrong man
&lt;br&gt;And, let&amp;rsquo;s just say it might be a long night
&lt;br&gt;
&lt;br&gt;The first thing you should know
&lt;br&gt;Do she get down?
&lt;br&gt;Now if she&amp;rsquo;s even feeling you
&lt;br&gt;Is she worth your while?
&lt;br&gt;Had this girl I met the other day
&lt;br&gt;She was feelin&amp;rsquo; me, I was feelin&amp;rsquo; her
&lt;br&gt;And I couldn&amp;rsquo;t believe what she said
&lt;br&gt;
&lt;br&gt;She said cut something
&lt;br&gt;She looked at me, I looked at her
&lt;br&gt;I said &amp;ldquo;Ain&amp;rsquo;t Nothin&amp;rdquo;
&lt;br&gt;Couldn&amp;rsquo;t believe what I just heard
&lt;br&gt;She was not frontin&amp;rsquo;
&lt;br&gt;I like my woman kind of bold
&lt;br&gt;She was oh, oh, oh - oh, oh, oh, oh
&lt;br&gt;
&lt;br&gt;She said cut something
&lt;br&gt;I&amp;rsquo;m peepin&amp;rsquo; you, you&amp;rsquo;re peepin&amp;rsquo; me
&lt;br&gt;So let&amp;rsquo;s stop playin&amp;rsquo;
&lt;br&gt;She said &amp;ldquo;You ain&amp;rsquo;t never had a girl like me&amp;rdquo;
&lt;br&gt;Who will make you feel like this
&lt;br&gt;So we can go after the show
&lt;br&gt;Baby cut something, we should cut something
&lt;br&gt;Don&amp;rsquo;t be scared
&lt;br&gt;
&lt;br&gt;See usually I never mess with a girl who steps
&lt;br&gt;Up to me before I even get the chance
&lt;br&gt;Let a woman be a woman, let a man be a man see
&lt;br&gt;And that&amp;rsquo;s the way I like it baby
&lt;br&gt;Now I always make exceptions to every rule
&lt;br&gt;This one I had to let on in, she was hella cool
&lt;br&gt;She liked to do things that men would really want and
&lt;br&gt;This is what she said, hey
&lt;br&gt;
&lt;br&gt;She said cut something
&lt;br&gt;I&amp;rsquo;m peepin&amp;rsquo; you, you&amp;rsquo;re peepin&amp;rsquo; me
&lt;br&gt;So let&amp;rsquo;s stop playin&amp;rsquo;
&lt;br&gt;She said &amp;ldquo;You ain&amp;rsquo;t never had a girl like me&amp;rdquo;
&lt;br&gt;Who will make you feel like this
&lt;br&gt;So we can go after the show
&lt;br&gt;Baby cut something, we should cut something
&lt;br&gt;Don&amp;rsquo;t be scared
&lt;br&gt;
&lt;br&gt;A lot of things have changed in life
&lt;br&gt;Cause now women go out on the prowl
&lt;br&gt;Baby harder than men
&lt;br&gt;I know when I figured it out
&lt;br&gt;When this girl walked up
&lt;br&gt;She said cut something, something
&lt;br&gt;Ain&amp;rsquo;t like I&amp;rsquo;m trippin&amp;rsquo; about it
&lt;br&gt;I just remember when a man could be a man baby
&lt;br&gt;And yes, I still can&amp;rsquo;t believe what she said
&lt;br&gt;
&lt;br&gt;[Ludacris]
&lt;br&gt;Yo she said she needed me to beat it
&lt;br&gt;And beat it, beat it, then skeet it
&lt;br&gt;She greeted with an open tongue
&lt;br&gt;With Coke &amp;amp; Rum, got her so excited
&lt;br&gt;She screamin&amp;rsquo; at the top of her lungs
&lt;br&gt;She just can&amp;rsquo;t hide it
&lt;br&gt;I&amp;rsquo;m poppin&amp;rsquo; her gums, cock my popular gun
&lt;br&gt;Shoot, shoot, lick, lick from the head to the toes
&lt;br&gt;Head to the floor, head till their ain&amp;rsquo;t no head no mo&amp;rsquo;
&lt;br&gt;Cut till it ain&amp;rsquo;t no bed no mo&amp;rsquo;
&lt;br&gt;Cut till you ***** don&amp;rsquo;t beg no mo&amp;rsquo;
&lt;br&gt;Jagged Edge grabbin&amp;rsquo; legs
&lt;br&gt;Women in the morning scramblin&amp;rsquo; eggs
&lt;br&gt;Cookin&amp;rsquo; meals, makin&amp;rsquo; deals
&lt;br&gt;And I gotta tell you what she said
&lt;br&gt;
&lt;br&gt;She said cut something
&lt;br&gt;I&amp;rsquo;m peepin&amp;rsquo; you, you&amp;rsquo;re peepin&amp;rsquo; me
&lt;br&gt;So let&amp;rsquo;s stop playin&amp;rsquo;
&lt;br&gt;She said &amp;ldquo;You ain&amp;rsquo;t never had a girl like me&amp;rdquo;
&lt;br&gt;Who will make you feel like this
&lt;br&gt;So we can go after the show
&lt;br&gt;Baby cut something, we should cut something
&lt;br&gt;Don&amp;rsquo;t be scared&lt;/p&gt;
</description>
    </item>
    
  </channel>
</rss>