<?xml version="1.0" encoding="utf-8" standalone="yes" ?>
<rss version="2.0" xmlns:atom="http://www.w3.org/2005/Atom">
  <channel>
      <title>2pac Ft. K Ci Jojo on Letraspedia.com thes best lyrics page </title>
    <link>http://letraspedia.com/artist/2pac-ft/index.-k-ci-jojo/</link>
    <language>en-US</language>
    <author>Enthusiastic Hugo User</author>
    <rights>Copyright (c) 2014, Enthusiastic Hugo User; all rights reserved.</rights>
    <updated>Mon, 01 Sep 2008 00:00:00 UTC</updated>
    
    <item>
      <title> How Do You Want It</title>
      <link>http://letraspedia.com/lyric/2pac-ft-k-ci-jojo-how-do-you-want-it/</link>
      <pubDate>Mon, 01 Sep 2008 00:00:00 UTC</pubDate>
      <author>Enthusiastic Hugo User</author>
      <guid>http://letraspedia.com/lyric/2pac-ft-k-ci-jojo-how-do-you-want-it/</guid>
      <description>&lt;p&gt;[kc and jojo of jodeci] 2x&lt;br /&gt;&lt;br /&gt;How do you want it&lt;br /&gt;How do you feel&lt;br /&gt;Comin&amp;rsquo; up as a nigga in tha cash game&lt;br /&gt;Livin&amp;rsquo; in tha fast lane&lt;br /&gt;I&amp;rsquo;m for real&lt;br /&gt;&lt;br /&gt;(tupac)&lt;br /&gt;&lt;br /&gt;Love tha way you agrivate your hips&lt;br /&gt;And push your ass out&lt;br /&gt;Gotta nigga wantin&amp;rsquo;&lt;br /&gt;It&amp;rsquo;s so bad&lt;br /&gt;I&amp;rsquo;m about to pass out&lt;br /&gt;Wanna dig you&lt;br /&gt;And i can&amp;rsquo;t even lie about it&lt;br /&gt;Baby just eleviate your cloths&lt;br /&gt;Time to fly up out it&lt;br /&gt;Catch you at a club&lt;br /&gt;Oh shit, you got me fiendin&amp;rsquo;&lt;br /&gt;Body talken shit to me&lt;br /&gt;But i can&amp;rsquo;t comprehend the meaning&lt;br /&gt;Now if ya wanna roll with me&lt;br /&gt;Then here&amp;rsquo;s ya chance&lt;br /&gt;Doin 80 on tha freeway&lt;br /&gt;Wait police, catch me if they can&lt;br /&gt;Forgive me i&amp;rsquo;m a ridah&lt;br /&gt;Still i&amp;rsquo;m just a simple man&lt;br /&gt;All i want is money&lt;br /&gt;Fuck tha fame&lt;br /&gt;I&amp;rsquo;m a simple man&lt;br /&gt;Mr. international&lt;br /&gt;Playa with tha passport&lt;br /&gt;Just like a ladder bitch&lt;br /&gt;Get you anything you ask for&lt;br /&gt;It&amp;rsquo;s either him or me&lt;br /&gt;Champagne, hennessy&lt;br /&gt;A favorite of my homies&lt;br /&gt;When we floss on our enemies&lt;br /&gt;Witness as we creep to a low speed&lt;br /&gt;Peep what a ho need&lt;br /&gt;Puff some more weed&lt;br /&gt;Funk, ya don&amp;rsquo;t need&lt;br /&gt;Approachin&amp;rsquo; hochies with a passion&lt;br /&gt;Been a long day&lt;br /&gt;But i&amp;rsquo;ve been drivin&amp;rsquo; by attraction&lt;br /&gt;In a strong way&lt;br /&gt;Your body is bangin&amp;rsquo;&lt;br /&gt;Baby i love it when ya flaunt it&lt;br /&gt;Time to give it to daddy nigga&lt;br /&gt;Now tell me how you want it&amp;hellip;&lt;br /&gt;&lt;br /&gt;[kc and jojo] 2x&lt;br /&gt;&lt;br /&gt;How do you want it&lt;br /&gt;How does it feel&lt;br /&gt;Comin&amp;rsquo; up as a nigga in tha cash game&lt;br /&gt;Livin&amp;rsquo; in tha fast lane&lt;br /&gt;I&amp;rsquo;m for real&lt;br /&gt;&lt;br /&gt;(tupac)&lt;br /&gt;&lt;br /&gt;Tell me is it cool to fuck ?&lt;br /&gt;You think i come to talk&lt;br /&gt;Am i a fool or what ?&lt;br /&gt;Positions on tha floor&lt;br /&gt;It&amp;rsquo;s like erotic&lt;br /&gt;Ironic&lt;br /&gt;Cause i&amp;rsquo;m somewhat psychotic&lt;br /&gt;I&amp;rsquo;m hitten&amp;rsquo; switches on bitches&lt;br /&gt;Like i been fixed with hydraulics&lt;br /&gt;Up and down like a roller coaster&lt;br /&gt;Come up beside ya&lt;br /&gt;I ain&amp;rsquo;t quitin&amp;rsquo; till tha show is over&lt;br /&gt;Cause i&amp;rsquo;m a ridah&lt;br /&gt;In and out just like a robbery&lt;br /&gt;I&amp;rsquo;ll probably be a freak&lt;br /&gt;And let you get ontop of me&lt;br /&gt;Get her rockin&amp;rsquo; these&lt;br /&gt;Nights full of alazhay&lt;br /&gt;A livin&amp;rsquo; legend&lt;br /&gt;You ain&amp;rsquo;t heard about these niggas played in cali days&lt;br /&gt;Deloris tucker&lt;br /&gt;You&amp;rsquo;s a muthafucker&lt;br /&gt;Instead of tryin&amp;rsquo; to help a nigga&lt;br /&gt;You destroy a brotha&lt;br /&gt;Worst than tha others&lt;br /&gt;Bill clinton&lt;br /&gt;Mr. bob dole&lt;br /&gt;You too old to understand tha way tha game is told&lt;br /&gt;Your lame&lt;br /&gt;So i gotta hit you with tha high facts&lt;br /&gt;Won&amp;rsquo;t someone listen ?&lt;br /&gt;Makin&amp;rsquo; millions&lt;br /&gt;Niggas top that&lt;br /&gt;They wanna censor me&lt;br /&gt;They ratha see me in a cell&lt;br /&gt;Livin&amp;rsquo; in hell&lt;br /&gt;With only a few of us to live to tell&lt;br /&gt;Now everybody talken about us&lt;br /&gt;I could give a fuck&lt;br /&gt;I&amp;rsquo;d be tha first one to bomb and cuss&lt;br /&gt;Nigga tell me how you want it&amp;hellip;..&lt;br /&gt;&lt;br /&gt;[kc and jojo] 2x&lt;br /&gt;&lt;br /&gt;How do you want it&lt;br /&gt;How do you feel&lt;br /&gt;Comin&amp;rsquo; up as a nigga in tha cash game&lt;br /&gt;I&amp;rsquo;m livin&amp;rsquo; in tha fast lane&lt;br /&gt;I&amp;rsquo;m for real&lt;br /&gt;&lt;br /&gt;(tupac)&lt;br /&gt;&lt;br /&gt;Raised as a youth&lt;br /&gt;Tell truth&lt;br /&gt;I got tha scoop on how to get a bulletproof&lt;br /&gt;Cause i jump on tha roof&lt;br /&gt;Before i was a teenager&lt;br /&gt;Mobile phone&lt;br /&gt;Skypager&lt;br /&gt;Game rules&lt;br /&gt;I&amp;rsquo;m livin&amp;rsquo; major&lt;br /&gt;My advasaries&lt;br /&gt;Is lookin&amp;rsquo; worried&lt;br /&gt;They paranoid of getten&amp;rsquo; buried&lt;br /&gt;One of us gonna see tha cemetary&lt;br /&gt;My only hope is survive&lt;br /&gt;If i wish to stay alive&lt;br /&gt;Getten&amp;rsquo; high&lt;br /&gt;See tha demons in my eyes&lt;br /&gt;Before i die&lt;br /&gt;I wanna live my life and ball&lt;br /&gt;Make a couple million&lt;br /&gt;And then i&amp;rsquo;m chillin&amp;rsquo;&lt;br /&gt;Fade&amp;rsquo;m all&lt;br /&gt;These taxs for me crossed up&lt;br /&gt;With people tryin&amp;rsquo; ta sue me&lt;br /&gt;Media is in my business&lt;br /&gt;And they actin&amp;rsquo; like they know me&lt;br /&gt;But i&amp;rsquo;ma mash out&lt;br /&gt;Peel out&lt;br /&gt;I&amp;rsquo;m murder quick&lt;br /&gt;That&amp;rsquo;s with the whip&amp;rsquo;n fucken steel out&lt;br /&gt;Yeah nigga, it&amp;rsquo;s some new shit&lt;br /&gt;So better get up on it&lt;br /&gt;When ya see me&lt;br /&gt;Tell a nigga how ya want it&lt;br /&gt;How do you want it ?&lt;br /&gt;&lt;br /&gt;[kc and jojo] 8x&lt;br /&gt;&lt;br /&gt;How do you want it&lt;br /&gt;How does&lt;br /&gt;&lt;br&gt;&lt;/p&gt;
</description>
    </item>
    
  </channel>
</rss>