<?xml version="1.0" encoding="utf-8" standalone="yes" ?>
<rss version="2.0" xmlns:atom="http://www.w3.org/2005/Atom">
  <channel>
      <title>10 Feet on Letraspedia.com thes best lyrics page </title>
    <link>http://letraspedia.com/artist/10-feet/</link>
    <language>en-US</language>
    <author>Enthusiastic Hugo User</author>
    <rights>Copyright (c) 2014, Enthusiastic Hugo User; all rights reserved.</rights>
    <updated>Mon, 01 Sep 2008 00:00:00 UTC</updated>
    
    <item>
      <title> B.d.h.</title>
      <link>http://letraspedia.com/lyric/10-feet-bdh/</link>
      <pubDate>Mon, 01 Sep 2008 00:00:00 UTC</pubDate>
      <author>Enthusiastic Hugo User</author>
      <guid>http://letraspedia.com/lyric/10-feet-bdh/</guid>
      <description>&lt;p&gt;Ego-it all starts to fade away.
&lt;br&gt;Worn out psyche dangles by a thread.
&lt;br&gt;Days I&amp;rsquo;cant show my emotions.
&lt;br&gt;Oh no. Just break down here
&lt;br&gt;
&lt;br&gt;I&amp;rsquo;m wasting my soul myself, destroying what I&amp;rsquo;m now.
&lt;br&gt;I&amp;rsquo;m wasting my soul myself, destroying what I&amp;rsquo;m now.
&lt;br&gt;
&lt;br&gt;This has gonna be some kinda prank.
&lt;br&gt;Do I have mental disorders now?
&lt;br&gt;Have I gone mad, lost my mind?
&lt;br&gt;Has my head gone a bit strange?
&lt;br&gt;
&lt;br&gt;I&amp;rsquo;m wasting my soul myself, destroying what I&amp;rsquo;m now.
&lt;br&gt;I&amp;rsquo;m wasting my soul myself, destroying what I&amp;rsquo;m now.
&lt;br&gt;
&lt;br&gt;Yeah!
&lt;br&gt;
&lt;br&gt;Ego-it all starts to fade away.
&lt;br&gt;Worn out psyche dangles by a thread.
&lt;br&gt;Days I&amp;rsquo;cant show my emotions.
&lt;br&gt;Oh no. Just break down here
&lt;br&gt;
&lt;br&gt;I&amp;rsquo;m wasting my soul myself, destroying what I&amp;rsquo;m now.
&lt;br&gt;I&amp;rsquo;m wasting my soul myself, destroying what I&amp;rsquo;m now.
&lt;br&gt;
&lt;br&gt;Fall!
&lt;br&gt;check around, check around!
&lt;br&gt;
&lt;br&gt;Ego-it all starts to fade away.
&lt;br&gt;Worn out psyche dangles by a thread.
&lt;br&gt;Days I&amp;rsquo;cant show my emotions.
&lt;br&gt;Oh no. Just break down here
&lt;br&gt;
&lt;br&gt;I&amp;rsquo;m wasting my soul myself, destroying what I&amp;rsquo;m now.
&lt;br&gt;I&amp;rsquo;m wasting my soul myself, destroying what I&amp;rsquo;m now.
&lt;br&gt;
&lt;br&gt;This has gonna be some kinda prank.
&lt;br&gt;Do I have mental disorders now?
&lt;br&gt;Have I gone mad, lost my mind?
&lt;br&gt;Has my head gone a bit strange?
&lt;br&gt;
&lt;br&gt;Destroy! Destroy!&amp;lsquo;em all!
&lt;br&gt;Destroy! Destroy!&amp;lsquo;em all!
&lt;br&gt;Destroy! Destroy!&amp;lsquo;em all!
&lt;br&gt;Destroy! Destroy!&amp;lsquo;em all!&lt;/p&gt;
</description>
    </item>
    
    <item>
      <title> Be Nothing</title>
      <link>http://letraspedia.com/lyric/10-feet-be-nothing/</link>
      <pubDate>Mon, 01 Sep 2008 00:00:00 UTC</pubDate>
      <author>Enthusiastic Hugo User</author>
      <guid>http://letraspedia.com/lyric/10-feet-be-nothing/</guid>
      <description>&lt;p&gt;Yo, go!
&lt;br&gt;Grateful, grateful, grateful things are lessening as a
&lt;br&gt; being creature.
&lt;br&gt;That respects every emotion more than others.
&lt;br&gt;
&lt;br&gt;Under control of surface and possessive passion.
&lt;br&gt;In between successors and the predecessors.
&lt;br&gt;
&lt;br&gt;It&amp;rsquo;s going to be nothing! It&amp;rsquo;s going to be nothing!
&lt;br&gt;It&amp;rsquo;s going to be nothing, man!
&lt;br&gt;It&amp;rsquo;s going to be nothing! It&amp;rsquo;s going to be nothing!
&lt;br&gt;It&amp;rsquo;s going to be nothing, man!
&lt;br&gt;
&lt;br&gt;Anger, Envy. Hatred. Sorrow.
&lt;br&gt;All are negative human emotions but out of all, doesn&amp;rsquo;t.
&lt;br&gt;Sorrow have the most power to make a person grow?
&lt;br&gt;&amp;ldquo;Grief is all&amp;rdquo;
&lt;br&gt;
&lt;br&gt;Grateful things are lessening as a being creature.
&lt;br&gt;That respects every emotion more than others.
&lt;br&gt;
&lt;br&gt;Under control of surface and possessive passion.
&lt;br&gt;In between the successors and the predecessors.
&lt;br&gt;
&lt;br&gt;It&amp;rsquo;s going to be nothing! It&amp;rsquo;s going to be nothing!
&lt;br&gt;It&amp;rsquo;s going to be nothing, man!
&lt;br&gt;It&amp;rsquo;s going to be nothing! It&amp;rsquo;s going to be nothing!
&lt;br&gt;It&amp;rsquo;s going to be nothing, man!
&lt;br&gt;
&lt;br&gt;&amp;ldquo;Grief and Sorrow&amp;rdquo;
&lt;br&gt;&amp;ldquo;Grief and Sorrow&amp;rdquo;
&lt;br&gt;&amp;ldquo;Grief and Sorrow&amp;rdquo;
&lt;br&gt;&amp;ldquo;Grief and Sorrow&amp;rdquo;&lt;/p&gt;
</description>
    </item>
    
    <item>
      <title> Freedom</title>
      <link>http://letraspedia.com/lyric/10-feet-freedom/</link>
      <pubDate>Mon, 01 Sep 2008 00:00:00 UTC</pubDate>
      <author>Enthusiastic Hugo User</author>
      <guid>http://letraspedia.com/lyric/10-feet-freedom/</guid>
      <description>&lt;p&gt;Isshun de wasurero nagai me de mirya KASU mitai na
&lt;br&gt;mondai! doodai? mondaigai!
&lt;br&gt;konna toko de tomaru tsumori janai daro?
&lt;br&gt;Isshun de wasurero nagai me de mirya KASU mitai na
&lt;br&gt;mondai! doodai? mondaigai!
&lt;br&gt;furikaereba go kai mo zaisan daroo!
&lt;br&gt;
&lt;br&gt;&amp;ldquo;FIRE&amp;rdquo;,&amp;ldquo;FIRE&amp;rdquo;&amp;#12300;CHECK! YO!&amp;#12301;
&lt;br&gt;Jootai ga choito wakaranu1 shinkyoo LIKE THIS!
&lt;br&gt;rashikaranu jookyoo!
&lt;br&gt;itsudatte nigenaide mainichi mainichi ganbarutte!
&lt;br&gt;Kimete mo sugu mata nagedashi! Korinai tokoro
&lt;br&gt;marudashi! Uh yeah!
&lt;br&gt;
&lt;br&gt;PUT YOUR HANDS UP! HANDS IN THE AIR!
&lt;br&gt;ASSHOLE, ASSHOLE!
&lt;br&gt;
&lt;br&gt;REPEAT! YO! REPEAT! YEAH!
&lt;br&gt;REPEAT! YO! REPEAT! YEAH! YEAH! YEAH!
&lt;br&gt;REPEAT! YO! REPEAT! YEAH!
&lt;br&gt;REPEAT! YO! REPEAT! YEAH! YEAH! YEAH!
&lt;br&gt;
&lt;br&gt;Whole lotta bullshit complications.
&lt;br&gt;Ain&amp;rsquo;t gotta set your mind in motion.
&lt;br&gt;No punkin&amp;rsquo; out and do the doing what&amp;rsquo;s in front
&lt;br&gt;of you. Woo! Yeah, yeah!
&lt;br&gt;
&lt;br&gt;&amp;ldquo;FIRE&amp;rdquo;,&amp;ldquo;FIRE&amp;rdquo;&amp;#12300;CHECK! YO!&amp;#12301;
&lt;br&gt;Irairasuru koto iro-iro iya-iya tamashi tamashi
&lt;br&gt;BUttobashichi mae! Yare yare
&lt;br&gt;Sorosoro omae no sokochikara BUppanashite SPIT FIRE!
&lt;br&gt;Jibun ni yopparatta ibatta aitsuno menguratta
&lt;br&gt; hyoojoo. Uh yeah!
&lt;br&gt;Ugande sukkirishitara tsugi ni ikimashoo ASSHOLE!
&lt;br&gt;
&lt;br&gt;REPEAT! YO! REPEAT! YEAH!
&lt;br&gt;REPEAT! YO! REPEAT! YEAH! YEAH! YEAH!
&lt;br&gt;REPEAT! YO! REPEAT! YEAH!
&lt;br&gt;REPEAT! YO! REPEAT! YEAH! YEAH! YEAH!
&lt;br&gt;
&lt;br&gt;Whole lotta bullshit complications.
&lt;br&gt;Ain&amp;rsquo;t gotta set your mind in motion.
&lt;br&gt;No punkin&amp;rsquo; out and do the doing what&amp;rsquo;s in front of
&lt;br&gt;you. Woo! Yeah, yeah!
&lt;br&gt;
&lt;br&gt;Isshun de wasurero nagai me de mirya KASU mitai na
&lt;br&gt;mondai! doodai? mondaigai!
&lt;br&gt;konna toko de owaru tsumori janai daro?
&lt;br&gt;Isshun de wasurero nagai me de mirya KASU mitai na
&lt;br&gt;mondai! doodai? mondaigai!
&lt;br&gt;Go kai shite mo manabu koto ga aru daro! FIRE
&lt;br&gt;
&lt;br&gt;Are you ready to ride.
&lt;br&gt;Go..!!!
&lt;br&gt;
&lt;br&gt;Isshun de wasurero nagai me de mirya KASU mitai na
&lt;br&gt;mondai! doodai? mondaigai!
&lt;br&gt;konna toko de tomaru tsumori janai daro?
&lt;br&gt;Isshun de wasurero nagai me de mirya KASU mitai na
&lt;br&gt; mondai! doodai? mondaigai!
&lt;br&gt;furikaereba go kai mo zaisan daroo!
&lt;br&gt;
&lt;br&gt;Isshun de wasurero nagai me de mirya KASU mitai na
&lt;br&gt;mondai! doodai? mondaigai!
&lt;br&gt;konna toko de owaru tsumori janai daro?
&lt;br&gt;Isshun de wasurero nagai me de mirya KASU mitai na
&lt;br&gt; mondai! doodai? mondaigai!
&lt;br&gt;Go kai shite mo manabu koto ga aru daro! &amp;ldquo;FIRE&amp;rdquo;
&lt;br&gt;
&lt;br&gt;Heee! Come on!
&lt;br&gt;Freedom, freedom!&lt;/p&gt;
</description>
    </item>
    
    <item>
      <title> Lowa</title>
      <link>http://letraspedia.com/lyric/10-feet-lowa/</link>
      <pubDate>Mon, 01 Sep 2008 00:00:00 UTC</pubDate>
      <author>Enthusiastic Hugo User</author>
      <guid>http://letraspedia.com/lyric/10-feet-lowa/</guid>
      <description>&lt;p&gt;Smile, your smile!
&lt;br&gt;Smile, your smile!
&lt;br&gt;
&lt;br&gt;I have no idea! What&amp;rsquo;s the most important thing?
&lt;br&gt;I don&amp;rsquo;t know, I don&amp;rsquo;t know, I don&amp;rsquo;t find a way!! Tell me
&lt;br&gt;why? Iowa!
&lt;br&gt;I give them all my logics. Those are just my crappy egos.
&lt;br&gt;Tell me how to remember the sense of warmth in life. Iowa!
&lt;br&gt;
&lt;br&gt;The sad happens and no tears. Iowa!
&lt;br&gt;It&amp;rsquo;s not because I&amp;rsquo;m a man. Iowa! Iowa! Iowa! Oh! Iowa!
&lt;br&gt;
&lt;br&gt;Anyway, anyway, anyway! Find a way to make a shiny smile!
&lt;br&gt;Way to go, way to go, way to go! Look at you can make a
&lt;br&gt;shiny smile!
&lt;br&gt;
&lt;br&gt;I have no idea! What&amp;rsquo;s the most important thing?
&lt;br&gt;I don&amp;rsquo;t know, I don&amp;rsquo;t know, I don&amp;rsquo;t find a way!! Tell me
&lt;br&gt;why? Iowa!
&lt;br&gt;I give them all my logics. Those are just my crappy egos.
&lt;br&gt;Tell me how to remember the sense of warmth in life. Iowa!
&lt;br&gt;
&lt;br&gt;The sad happens and no tears. Iowa!
&lt;br&gt;It&amp;rsquo;s not because I&amp;rsquo;m a man. Iowa! Iowa! Iowa! Oh! Iowa!
&lt;br&gt;
&lt;br&gt;Anyway, anyway, anyway! Find a way to make a shiny smile!
&lt;br&gt;Way to go, way to go, way to go! Look at you can make a
&lt;br&gt;shiny smile!
&lt;br&gt;
&lt;br&gt;Go for it&amp;hellip;!
&lt;br&gt;
&lt;br&gt;The sad happens and no tears. Iowa!
&lt;br&gt;It&amp;rsquo;s not because I&amp;rsquo;m a man. Iowa! Iowa! Iowa! Oh! Iowa!
&lt;br&gt;
&lt;br&gt;Anyway, anyway, anyway! Find a way to make a shiny smile!
&lt;br&gt;Way to go, way to go, way to go! Look at you can make a
&lt;br&gt;shiny smile!
&lt;br&gt;
&lt;br&gt;Anyway, anyway, anyway! Find a way to make a shiny smile!
&lt;br&gt;Way to go, way to go, way to go! Look at you can make a
&lt;br&gt;shiny smile!
&lt;br&gt;
&lt;br&gt;Oh &amp;mdash;! Hey! Hey! Stranger, stranger! Hes gone&lt;/p&gt;
</description>
    </item>
    
    <item>
      <title> Swear Like A Trooper 4 Your Destiny</title>
      <link>http://letraspedia.com/lyric/10-feet-swear-like-a-trooper-4-your-destiny/</link>
      <pubDate>Mon, 01 Sep 2008 00:00:00 UTC</pubDate>
      <author>Enthusiastic Hugo User</author>
      <guid>http://letraspedia.com/lyric/10-feet-swear-like-a-trooper-4-your-destiny/</guid>
      <description>&lt;p&gt;Remember those days that you&amp;rsquo;ve been through!
&lt;br&gt;Remember those days that you&amp;rsquo;ve been through!
&lt;br&gt;Remember those days that you&amp;rsquo;ve been through!
&lt;br&gt;Remember those days that you&amp;rsquo;ve been through!
&lt;br&gt;
&lt;br&gt;The child inside myself crying, asked me why with tears
&lt;br&gt; drooping,
&lt;br&gt;&amp;ldquo;Ease it all up. Why are you being so patient for?&amp;rdquo;
&lt;br&gt;The kindness inside myself gently told me to think like
&lt;br&gt; this,
&lt;br&gt;&amp;ldquo;Recognizing your weakness is the real way to showing
&lt;br&gt; your true strength!&amp;rdquo;
&lt;br&gt;
&lt;br&gt;Let&amp;rsquo;s get it! Moving! For your own movement! Oh trust
&lt;br&gt;me, it&amp;rsquo;s OK!
&lt;br&gt;Let&amp;rsquo;s get it! Moving! Turning point&amp;rsquo;s now, you ain&amp;rsquo;t
&lt;br&gt;gonna die if you fail!
&lt;br&gt;
&lt;br&gt;Power to believe, that you had then! Power for a dream
&lt;br&gt;to come true!
&lt;br&gt;Remember when you used to believe, every time you
&lt;br&gt;watched TV,
&lt;br&gt;That one day you would become that hero on the show.
&lt;br&gt;There&amp;rsquo;s many kind of happiness and dreams!
&lt;br&gt;
&lt;br&gt;Remember those days that you&amp;rsquo;ve been through!
&lt;br&gt;Remember those days that you&amp;rsquo;ve been through!
&lt;br&gt;Remember those days that you&amp;rsquo;ve been through!
&lt;br&gt;Remember those days that you&amp;rsquo;ve been through!
&lt;br&gt;
&lt;br&gt;The strong one inside myself came up, patting me on the
&lt;br&gt;back and told me,
&lt;br&gt;There are times when lying to yourself is the crucial
&lt;br&gt;thing to do.
&lt;br&gt;The mature one inside myself told me with a slight smile
&lt;br&gt; on it face,
&lt;br&gt;&amp;ldquo;Every time you think that you are childish, you are
&lt;br&gt; moving on.&amp;rdquo;
&lt;br&gt;
&lt;br&gt;Let&amp;rsquo;s get it! Moving! For your own movement! Oh trust
&lt;br&gt; me, it&amp;rsquo;s OK!
&lt;br&gt;Let&amp;rsquo;s get it! Moving! Turning point&amp;rsquo;s now, you ain&amp;rsquo;t
&lt;br&gt;gonna die if you fail!
&lt;br&gt;
&lt;br&gt;Power to believe, that you had then! Power for a dream
&lt;br&gt;to come true!
&lt;br&gt;Remember when you used to believe, every time you
&lt;br&gt;watched TV,
&lt;br&gt;That one day you would become that heroine on the show.
&lt;br&gt;There&amp;rsquo;s many kind of happiness and dreams!
&lt;br&gt;
&lt;br&gt;Myself from tomorrow came up and said to me these words
&lt;br&gt; sirmly.
&lt;br&gt;&amp;ldquo;The crucial thing to do is to get along well with
&lt;br&gt; destiny and fate.&amp;rdquo;
&lt;br&gt;Getting wounded in place of someone will heal someone&amp;rsquo;s
&lt;br&gt; wound in place.
&lt;br&gt;Kindness that would never stop to an eye, but it&amp;rsquo;s
&lt;br&gt;Right here! All times! Never! Forget! True dat! Always!
&lt;br&gt; Keepin&amp;rsquo;! The style!
&lt;br&gt;
&lt;br&gt;Let&amp;rsquo;s get it! Moving! For your own movement! Oh trust
&lt;br&gt; me, it&amp;rsquo;s OK!
&lt;br&gt;Let&amp;rsquo;s get it! Moving! For your own movement! Oh trust
&lt;br&gt;me, it&amp;rsquo;s OK!
&lt;br&gt;A drizzle that will turn back into the clouds&amp;hellip;
&lt;br&gt;Embracing the&amp;rdquo;Thank you&amp;rsquo;s&amp;rdquo;in his heart&amp;hellip;
&lt;br&gt;A drizzle that will turn back into the clouds&amp;hellip;
&lt;br&gt;Embracing the&amp;rdquo;Thank you&amp;rsquo;s&amp;rdquo;in his heart&amp;hellip;&lt;/p&gt;
</description>
    </item>
    
  </channel>
</rss>