<?xml version="1.0" encoding="utf-8" standalone="yes" ?>
<rss version="2.0" xmlns:atom="http://www.w3.org/2005/Atom">
  <channel>
      <title>100. Debija on Letraspedia.com thes best lyrics page </title>
    <link>http://letraspedia.com/artist/100/index.-debija/</link>
    <language>en-US</language>
    <author>Enthusiastic Hugo User</author>
    <rights>Copyright (c) 2014, Enthusiastic Hugo User; all rights reserved.</rights>
    <updated>Mon, 01 Sep 2008 00:00:00 UTC</updated>
    
    <item>
      <title> 12 P&amp;ccedil;cpusdien&amp;acirc;</title>
      <link>http://letraspedia.com/lyric/100-debija-12-pccedilcpusdienacirc/</link>
      <pubDate>Mon, 01 Sep 2008 00:00:00 UTC</pubDate>
      <author>Enthusiastic Hugo User</author>
      <guid>http://letraspedia.com/lyric/100-debija-12-pccedilcpusdienacirc/</guid>
      <description>&lt;p&gt;Neteikdu tev&lt;br /&gt;Kur mçs ejam&lt;br /&gt;Vçl ceïd mums nav galâ&lt;br /&gt;Pacieties vçl&lt;br /&gt;Nevar sev&lt;br /&gt;Paòemt visu bet gan jau&lt;br /&gt;Varbût tur sâkums dienai&lt;br /&gt;Tu brînîsies&lt;br /&gt;Vai&lt;br /&gt;Varbût tur nonâksim&lt;br /&gt;Kur beidzas laiks&lt;br /&gt;Dauzâs tev sirds&lt;br /&gt;Jûtu troksnî es dajâ&lt;br /&gt;Pagaidi mazliet lai neziòa vajâ&lt;br /&gt;Turi ciet acis&lt;br /&gt;Vçl never tâs vaïâ&lt;br /&gt;Pusnaktî visu tu reszçsi&lt;br /&gt;Nejautâ kur&lt;br /&gt;Un cik tâlu&lt;br /&gt;Jau esam no mâjâm&lt;br /&gt;Ko meklçjam deit&lt;br /&gt;Ielas aizmirstas çnas zem kâjâm&lt;br /&gt;Labâk bûs mums&lt;br /&gt;Tâlâk dodies&lt;br /&gt;Lai&lt;br /&gt;Vakars zûd&lt;br /&gt;Tomçr nakts jau pretîm mâj&lt;br /&gt;&lt;br&gt;&lt;/p&gt;
</description>
    </item>
    
    <item>
      <title> K&amp;acirc; Tev Iet</title>
      <link>http://letraspedia.com/lyric/100-debija-kacirc-tev-iet/</link>
      <pubDate>Mon, 01 Sep 2008 00:00:00 UTC</pubDate>
      <author>Enthusiastic Hugo User</author>
      <guid>http://letraspedia.com/lyric/100-debija-kacirc-tev-iet/</guid>
      <description>&lt;p&gt;Kâ tev iet&lt;br /&gt;Lîdzçs tas vai nelîdzçs&lt;br /&gt;Novçlu tev&lt;br /&gt;Lai veicâs!&lt;br /&gt;Neticami&lt;br /&gt;Tu vçl stâvi&lt;br /&gt;Tagad tava stunda&lt;br /&gt;Ej un runâ&lt;br /&gt;Kâ tev iet&lt;br /&gt;Varbût jautâ tai&lt;br /&gt;Kâ tev iet&lt;br /&gt;Mçli sausums klâj&lt;br /&gt;Kâ tev iet&lt;br /&gt;Citâ laikâ sâkt&lt;br /&gt;Kâ tev iet&lt;br /&gt;Varbût neiznâks&lt;br /&gt;Neticami&lt;br /&gt;Varbût jautâ tai&lt;br /&gt;Tu vel stâvi&lt;br /&gt;Mçli sausums klâj&lt;br /&gt;Tagad tava stunda&lt;br /&gt;Varbût neiznâks&lt;br /&gt;Ej un runâ&lt;br /&gt;Lîdzçs tas vai nelîdzçs&lt;br /&gt;Novçlu tev&lt;br /&gt;Lai veicâs!&lt;br /&gt;&lt;br&gt;&lt;/p&gt;
</description>
    </item>
    
    <item>
      <title> Kas Aizliegt Var To</title>
      <link>http://letraspedia.com/lyric/100-debija-kas-aizliegt-var-to/</link>
      <pubDate>Mon, 01 Sep 2008 00:00:00 UTC</pubDate>
      <author>Enthusiastic Hugo User</author>
      <guid>http://letraspedia.com/lyric/100-debija-kas-aizliegt-var-to/</guid>
      <description>&lt;p&gt;E hee hee hei&lt;br /&gt;Tu smaidi bet garâm man ej&lt;br /&gt;Hee hei&lt;br /&gt;Es jûtu sirds asaras lej&lt;br /&gt;Hee hei&lt;br /&gt;Es ceru kâdreiz mainît kaut ko&lt;br /&gt;Kas var tagad aizliegt to&lt;br /&gt;Es gaidîdu vienmçr&lt;br /&gt;Tavus glâstus nezûdi vçl&lt;br /&gt;Paliec man sî laika nav _çl nemaz&lt;br /&gt;Jûtu tevi&lt;br /&gt;Sajauc prâtu mîlâ tas kvçl&lt;br /&gt;Viss sagriezies gaisâ&lt;br /&gt;Tuvâk ciedi blakus kad nâc&lt;br /&gt;Mîlas jûrâ laiva grimt sâk&lt;br /&gt;Es tikai vçlos&lt;br /&gt;Apskaut tevi&lt;br /&gt;Kas notiks tad&lt;br /&gt;&lt;br&gt;&lt;/p&gt;
</description>
    </item>
    
  </channel>
</rss>