<?xml version="1.0" encoding="utf-8" standalone="yes" ?>
<rss version="2.0" xmlns:atom="http://www.w3.org/2005/Atom">
  <channel>
      <title>3 Vallejo on Letraspedia.com thes best lyrics page </title>
    <link>http://letraspedia.com/artist/3-vallejo/</link>
    <language>en-US</language>
    <author>Enthusiastic Hugo User</author>
    <rights>Copyright (c) 2014, Enthusiastic Hugo User; all rights reserved.</rights>
    <updated>Mon, 01 Sep 2008 00:00:00 UTC</updated>
    
    <item>
      <title> 23 De Noviembre</title>
      <link>http://letraspedia.com/lyric/3-vallejo-23-de-noviembre/</link>
      <pubDate>Mon, 01 Sep 2008 00:00:00 UTC</pubDate>
      <author>Enthusiastic Hugo User</author>
      <guid>http://letraspedia.com/lyric/3-vallejo-23-de-noviembre/</guid>
      <description>&lt;p&gt;No llevaba maletas no llevaba dinero
&lt;br&gt;solo lo acompañaba un triste perro
&lt;br&gt;23 de noviembre caía un aguasero
&lt;br&gt;no pasaba la micro en aquel crucero
&lt;br&gt;
&lt;br&gt;y salio a buscar su libertad
&lt;br&gt;y salio a buscar a otro lugar
&lt;br&gt;
&lt;br&gt;metro estasion barranca del muerto
&lt;br&gt;donde lo fue a dejar aquel pesero
&lt;br&gt;
&lt;br&gt;no quería triunfar no quería luchar
&lt;br&gt;no quería pelear mas por su vida
&lt;br&gt;
&lt;br&gt;no llevaba maletas no llevaba dinero
&lt;br&gt;solo acompañada de un triste perro
&lt;br&gt;23 de noviembre caía un aguasero
&lt;br&gt;no pasaba la micro en aquel crucero
&lt;br&gt;
&lt;br&gt;y salio a buscar su libertad
&lt;br&gt;y salio a buscar a otro lugar
&lt;br&gt;
&lt;br&gt;se avento al vasío sus problemas terminaron para siempre
&lt;br&gt;
&lt;br&gt;no quería triunfar no quería luchar
&lt;br&gt;no quería pelear mas por su vida&lt;/p&gt;
</description>
    </item>
    
    <item>
      <title> A Mi Lado Otra Vez</title>
      <link>http://letraspedia.com/lyric/3-vallejo-a-mi-lado-otra-vez/</link>
      <pubDate>Mon, 01 Sep 2008 00:00:00 UTC</pubDate>
      <author>Enthusiastic Hugo User</author>
      <guid>http://letraspedia.com/lyric/3-vallejo-a-mi-lado-otra-vez/</guid>
      <description>&lt;p&gt;SI PIENSAS VOLVER A MI LADO OTRA VEZ
&lt;br&gt;QUIERES ESCUCHAR PALABRAS DE AMOR SINCERO
&lt;br&gt;CUANDO YO,CUANDO YO,YA NO TE QUIERO.
&lt;br&gt;
&lt;br&gt;YA NO QUIERO VOLVER A MIRARME EN ESA SITUAION
&lt;br&gt;YA NO QUIERO ESCUCHAR PALABRAS DE AMOR
&lt;br&gt;SON MENTIRAS,SON DOLOR;
&lt;br&gt;BESAME SOLO UN MOMENTO MAS
&lt;br&gt;DESAHOGA TU INTERIOR
&lt;br&gt;Y AL AMANECER MARCHATE Y NO VUELVAS MAS
&lt;br&gt;
&lt;br&gt;SI LOS SUEÑOS SE VAN AL AMANECER
&lt;br&gt;QUIERO QUE TU AL DESPERTAR YA NO ESTES
&lt;br&gt;YA DAÑADA MI PIEL QUE ALGUIEN MAS CURARA
&lt;br&gt;CON BESOS ROJOS Y SILUETAS LOCAS PERO TU&amp;hellip;.
&lt;br&gt;YA NO MAS
&lt;br&gt;
&lt;br&gt;SI LOS SUEÑOS SE VAN AL AMANECER
&lt;br&gt;QUIERO QUE TU AL DESPERTAR YA NO ESTES
&lt;br&gt;YA DAÑADA MI PIEL QUE ALGUIEN MAS CURARA
&lt;br&gt;CON BESOS ROJOS Y SILUETAS LOCAS PERO TU&amp;hellip;.
&lt;br&gt;YA NO MAS
&lt;br&gt;
&lt;br&gt;Y ES QUE YO&amp;hellip;. AHORA SOY LIBRE&amp;hellip;&amp;hellip;&lt;/p&gt;
</description>
    </item>
    
    <item>
      <title> Acordandome De Ti</title>
      <link>http://letraspedia.com/lyric/3-vallejo-acordandome-de-ti/</link>
      <pubDate>Mon, 01 Sep 2008 00:00:00 UTC</pubDate>
      <author>Enthusiastic Hugo User</author>
      <guid>http://letraspedia.com/lyric/3-vallejo-acordandome-de-ti/</guid>
      <description>&lt;p&gt;estoy acordandome de ti
&lt;br&gt;tarareando la rola
&lt;br&gt;que te gustaba escuchar
&lt;br&gt;
&lt;br&gt;estoy acordandome de ti
&lt;br&gt;tarareando la rola
&lt;br&gt;que te gustaba escuchar
&lt;br&gt;
&lt;br&gt;hoy que camino con mi dolor
&lt;br&gt;recordando las horas
&lt;br&gt;que pase mi vida junto a ti
&lt;br&gt;
&lt;br&gt;y en el humo
&lt;br&gt;del cigarro que fumo
&lt;br&gt;se dibujan tus ojos
&lt;br&gt;y te comienzo a recordar
&lt;br&gt;
&lt;br&gt;quisiera
&lt;br&gt;que esta noche estuvieras
&lt;br&gt;recargada a mi piel
&lt;br&gt;como la primera vez
&lt;br&gt;
&lt;br&gt;es que aun lloro
&lt;br&gt;que por las noches imploro
&lt;br&gt;que en un momento despierto
&lt;br&gt;acordandome de ti
&lt;br&gt;
&lt;br&gt;acordandome de ti
&lt;br&gt;de mi vida junto a ti
&lt;br&gt;que trizte va mi corazon
&lt;br&gt;recordando tu amor
&lt;br&gt;
&lt;br&gt;recordando tu amor
&lt;br&gt;
&lt;br&gt;pues solo
&lt;br&gt;nos queda decirles que somos
&lt;br&gt;en esta vida seres humanos
&lt;br&gt;me esta traicionando la pasion
&lt;br&gt;
&lt;br&gt;pero por la mañana
&lt;br&gt;voy a levantar el alma
&lt;br&gt;voy a encontrar una salida
&lt;br&gt;para curar mi corazon
&lt;br&gt;
&lt;br&gt;y es que estoy
&lt;br&gt;acordandome de ti
&lt;br&gt;tarareando la rola
&lt;br&gt;que te gustaba escuchar
&lt;br&gt;
&lt;br&gt;y es que estoy
&lt;br&gt;acordandome de ti
&lt;br&gt;tarareando la rola
&lt;br&gt;que te gustaba escuchar
&lt;br&gt;
&lt;br&gt;quisiera
&lt;br&gt;que esta noche estuvieras
&lt;br&gt;recargada a mi piel
&lt;br&gt;como la primera vez
&lt;br&gt;
&lt;br&gt;es que aun lloro
&lt;br&gt;que por las noches imploro
&lt;br&gt;que en un momento despierto
&lt;br&gt;acordandome de ti
&lt;br&gt;
&lt;br&gt;acordandome de ti
&lt;br&gt;de mi vida junto a ti
&lt;br&gt;que trizte va mi corazon
&lt;br&gt;recordando tu amor
&lt;br&gt;
&lt;br&gt;recordando tu amor&lt;/p&gt;
</description>
    </item>
    
    <item>
      <title> Ahora Soy Feliz</title>
      <link>http://letraspedia.com/lyric/3-vallejo-ahora-soy-feliz/</link>
      <pubDate>Mon, 01 Sep 2008 00:00:00 UTC</pubDate>
      <author>Enthusiastic Hugo User</author>
      <guid>http://letraspedia.com/lyric/3-vallejo-ahora-soy-feliz/</guid>
      <description>&lt;p&gt;Tu llegaste a mi
&lt;br&gt;cuando menos lo esperaba
&lt;br&gt;como un hechizo
&lt;br&gt;a mi corazón.
&lt;br&gt;
&lt;br&gt;Tu tragiste la luz
&lt;br&gt;a mi camino
&lt;br&gt;y la amargura a mi
&lt;br&gt;se me borro.
&lt;br&gt;
&lt;br&gt;Y ahora soy feliz
&lt;br&gt;pues me enamore de una linda chiquilla
&lt;br&gt;Y ahora soy feliz
&lt;br&gt;pues a ella le gusta el Rock and roll
&lt;br&gt;Gracias mi Dios
&lt;br&gt;
&lt;br&gt;pense que te habías olvidado de mi
&lt;br&gt;todo era dolor
&lt;br&gt;desperación, pero ahora ya no.
&lt;br&gt;Shara la rara
&lt;br&gt;Uho ho ho ye ye
&lt;br&gt;
&lt;br&gt;Shara la rara
&lt;br&gt;Uho ho ho ye ye
&lt;br&gt;Sentimiento profundo
&lt;br&gt;y verdadero
&lt;br&gt;
&lt;br&gt;que en mi pecho nacio
&lt;br&gt;y crecio
&lt;br&gt;Ahora que esta aquí
&lt;br&gt;en mi camino
&lt;br&gt;
&lt;br&gt;te doy gracias
&lt;br&gt;mi Dios
&lt;br&gt;
&lt;br&gt;::,:: Cool&lt;/p&gt;
</description>
    </item>
    
    <item>
      <title> Amargo Dolor</title>
      <link>http://letraspedia.com/lyric/3-vallejo-amargo-dolor/</link>
      <pubDate>Mon, 01 Sep 2008 00:00:00 UTC</pubDate>
      <author>Enthusiastic Hugo User</author>
      <guid>http://letraspedia.com/lyric/3-vallejo-amargo-dolor/</guid>
      <description>&lt;p&gt;Que es lo que pasa
&lt;br&gt;con tu forma de ser
&lt;br&gt;o a donde te a llevado
&lt;br&gt;donde te encuentras hoy?
&lt;br&gt;
&lt;br&gt;Tras de las rejas
&lt;br&gt;con tu amargo dolor
&lt;br&gt;recuerda las calles
&lt;br&gt;de esta vieja ciudad.
&lt;br&gt;
&lt;br&gt;Que es lo que pasa
&lt;br&gt;con tu forma de ser
&lt;br&gt;o a donde te a llevado
&lt;br&gt;donde te encuentras hoy?
&lt;br&gt;
&lt;br&gt;Tras de las rejas
&lt;br&gt;con tu amargo dolor
&lt;br&gt;recuerda las calles
&lt;br&gt;de esta vieja ciudad.
&lt;br&gt;
&lt;br&gt;Pero tu solito te privaste de tu libertad
&lt;br&gt;oatracando los tres micros para la droga y el alcohol
&lt;br&gt;y ahora te arrepientes del ayer
&lt;br&gt;y ahora te arrepientes del ayer.
&lt;br&gt;
&lt;br&gt;Asi todos pensamos
&lt;br&gt;que no tienen papa
&lt;br&gt;pues su madre dijo
&lt;br&gt;que habia muerto ya.
&lt;br&gt;
&lt;br&gt;Y los pobres niños sufren
&lt;br&gt;por la causa de tu error
&lt;br&gt;pues su madre les habia dicho
&lt;br&gt;que su padre habia muerto ya.
&lt;br&gt;
&lt;br&gt;Y ahora te arrepientes del ayer
&lt;br&gt;y ahora te arrepientes del ayer
&lt;br&gt;pero tu solito te privaste de tu libertad
&lt;br&gt;oatracando los tres micros para la droga y el alcohol.
&lt;br&gt;
&lt;br&gt;y ahora te arrepientes del ayer
&lt;br&gt;y ahora te arrepientes del ayer
&lt;br&gt;y ahora te arrepientes del ayer
&lt;br&gt;y ahora te arrepientes del ayer.&lt;/p&gt;
</description>
    </item>
    
    <item>
      <title> Amiga</title>
      <link>http://letraspedia.com/lyric/3-vallejo-amiga/</link>
      <pubDate>Mon, 01 Sep 2008 00:00:00 UTC</pubDate>
      <author>Enthusiastic Hugo User</author>
      <guid>http://letraspedia.com/lyric/3-vallejo-amiga/</guid>
      <description>&lt;p&gt;Ahora que te buscoy tu no estas recuerdo
&lt;br&gt;que solo la tristeza quiere hablar conmigo
&lt;br&gt;ahora que la lluvia se ha llevado
&lt;br&gt;el ultimo giron de tu vestido ahora
&lt;br&gt;que he olvidado lo que soy
&lt;br&gt;recuerdo en el pasado lo que he sido
&lt;br&gt;si he sido lo que fui fue por tu cuerpo
&lt;br&gt;si he sido noche
&lt;br&gt;fue tu noche quien lo quiso
&lt;br&gt;si he sido beso
&lt;br&gt;es que mis labios aprendieron a ser beso para ti
&lt;br&gt;si he sido lo que soy fue en tu regazo
&lt;br&gt;si he sido vida fue por darte a ti la vida
&lt;br&gt;amiga, amiga que dulce esa palabra suena hoy
&lt;br&gt;el tiempo no fue tiempo entre nosotros
&lt;br&gt;estando juntos nos sentimos infinitos
&lt;br&gt;y el universo era pequeño comparado
&lt;br&gt;con lo que eramos tu y yo
&lt;br&gt;si fuiste lo que fuiste fue en mi casa
&lt;br&gt;que para ti fue tu palacio y tu guarida
&lt;br&gt;amiga amiga
&lt;br&gt;que dulce y que sencilla esa palabra suena hoy
&lt;br&gt;no hay noche mas oscura que esta noche
&lt;br&gt;y el frio
&lt;br&gt;se va depositando en los rincones del alma
&lt;br&gt;y ahora que el silencio va borrando
&lt;br&gt;la suave vibracion de tus palabras
&lt;br&gt;ahora que no soy apenas nada
&lt;br&gt;recuerdo lo que soy cuando no estabas
&lt;br&gt;si he sidio lo que fui fue por tu cuerpo
&lt;br&gt;si he sido noche fue tu noche quien lo quiso
&lt;br&gt;si he sido beso es que mis labios aprendieron
&lt;br&gt;a ser beso para ti
&lt;br&gt;si he sido lo que soy fue en tu regazo
&lt;br&gt;si he sido vida fue por darte a ti la vida
&lt;br&gt;amiga amiga
&lt;br&gt;que dulce esa palabra suena hoy
&lt;br&gt;el tiempo no fue tiempo entre nosotros
&lt;br&gt;estando juntos nos sentimos infinitos
&lt;br&gt;y el universo era pequeño comparado
&lt;br&gt;con lo que eramos tu y yo
&lt;br&gt;si fuiste lo que fuiste fue en mi casa
&lt;br&gt;que para ti fue tu palacio y tu guarida
&lt;br&gt;amiga amiga
&lt;br&gt;que dulce esa palabra y que sencilla
&lt;br&gt;esa palabra suena hoy&lt;/p&gt;
</description>
    </item>
    
    <item>
      <title> Amigo</title>
      <link>http://letraspedia.com/lyric/3-vallejo-amigo/</link>
      <pubDate>Mon, 01 Sep 2008 00:00:00 UTC</pubDate>
      <author>Enthusiastic Hugo User</author>
      <guid>http://letraspedia.com/lyric/3-vallejo-amigo/</guid>
      <description>&lt;p&gt;Amigo ¿a donde iras hoy?.
&lt;br&gt;Si vas con las brisa
&lt;br&gt;o si vas con el sol
&lt;br&gt;amigo,a donde iras hoy.
&lt;br&gt;
&lt;br&gt;Lindas aventuras vivimos los 2 en conciertos de rock and roll
&lt;br&gt;Si en algun tropieso levantate y anda
&lt;br&gt;recuerda que es muy grande tu alma
&lt;br&gt;Recuerda que tambien tienes a un hemrmano
&lt;br&gt;que no te va a dejar morir.
&lt;br&gt;Amigo ¿a donde iras hoy?&amp;hellip;&amp;hellip;&amp;hellip;&amp;hellip;&amp;hellip;.&lt;/p&gt;
</description>
    </item>
    
    <item>
      <title> Amigos De La Soledad</title>
      <link>http://letraspedia.com/lyric/3-vallejo-amigos-de-la-soledad/</link>
      <pubDate>Mon, 01 Sep 2008 00:00:00 UTC</pubDate>
      <author>Enthusiastic Hugo User</author>
      <guid>http://letraspedia.com/lyric/3-vallejo-amigos-de-la-soledad/</guid>
      <description>&lt;p&gt;Hay papel periodico en la banqueta y un sofa recargado
&lt;br&gt;en una accesoria vieja.
&lt;br&gt;En ella habitan tantos niños que se han quedado en la
&lt;br&gt;tristeza&amp;hellip;
&lt;br&gt;
&lt;br&gt;Pues no tienen papas mucho menos un hogar y nadie que
&lt;br&gt;los pueda consolar.
&lt;br&gt;Se sienten ajenos a la sociedad y son tan amigos
&lt;br&gt;de la soledad.
&lt;br&gt;
&lt;br&gt;Pues no tienen papas mucho menos un hogar y nadie que
&lt;br&gt;los pueda consolar.
&lt;br&gt;Se sienten ajenos a la sociedad y son tan amigos
&lt;br&gt;de la soledad.
&lt;br&gt;
&lt;br&gt;En ella encontraron verdaderos hermanos en su
&lt;br&gt;real vil sociedad.
&lt;br&gt;Pues no tienen papas mucho menos un hogar y nadie que
&lt;br&gt;los pueda consolar.
&lt;br&gt;
&lt;br&gt;Se sienten ajenos a la sociedad y son tan amigos
&lt;br&gt;de la soledad.
&lt;br&gt;Y son tan amigos de la soledad (x3)
&lt;br&gt;
&lt;br&gt;mas de 3 vallejo&lt;/p&gt;
</description>
    </item>
    
    <item>
      <title> Amor</title>
      <link>http://letraspedia.com/lyric/3-vallejo-amor/</link>
      <pubDate>Mon, 01 Sep 2008 00:00:00 UTC</pubDate>
      <author>Enthusiastic Hugo User</author>
      <guid>http://letraspedia.com/lyric/3-vallejo-amor/</guid>
      <description>&lt;p&gt;No era mi intencion hablar de amor
&lt;br&gt;pero ya vez me ha traicionado el corazon
&lt;br&gt;yo no se escribir canciones solo se cantar
&lt;br&gt;y a mi me gusta esta cancion de amor, de amor ,de amor.
&lt;br&gt;
&lt;br&gt;No era mi intencion hablar de amor
&lt;br&gt;pero ya vez me ha traicionado el corazon
&lt;br&gt;yo no se escribir poemas solo se cantar
&lt;br&gt;y a mi me gusta esta cancion de amor, de amor ,de amor.
&lt;br&gt;De amor, de amor, de amor.
&lt;br&gt;
&lt;br&gt;No era mi intencion hablar de amor
&lt;br&gt;pero ya vez me ha traicionado el corazon
&lt;br&gt;nunca supe hacer poemas solo se cantar
&lt;br&gt;y a mi me gusta esta cancion de amor, de amor, de amor.
&lt;br&gt;De amor, de amor, de amor.
&lt;br&gt;
&lt;br&gt;Nunca supe hacer poemas solo se cantar
&lt;br&gt;y a mi me gusta esta cancion
&lt;br&gt;es poquita cosa, es ingenua para ti es una simple cancion
&lt;br&gt;de amor, de amor, de amor.
&lt;br&gt;De amor, ,,,de amor&amp;hellip;&lt;/p&gt;
</description>
    </item>
    
    <item>
      <title> Bala Perdida</title>
      <link>http://letraspedia.com/lyric/3-vallejo-bala-perdida/</link>
      <pubDate>Mon, 01 Sep 2008 00:00:00 UTC</pubDate>
      <author>Enthusiastic Hugo User</author>
      <guid>http://letraspedia.com/lyric/3-vallejo-bala-perdida/</guid>
      <description>&lt;p&gt;No , no se donde va a acabar mi vida
&lt;br&gt;tal vez sea de una traicion de amor  o
&lt;br&gt;de una bala perdida.
&lt;br&gt;
&lt;br&gt;no se que pasara esa noche no lose
&lt;br&gt;no lo se que pueda pasar
&lt;br&gt;
&lt;br&gt;no quiero morir como un perro atropellado
&lt;br&gt;o por unos  besos en venenados de tu amor&lt;/p&gt;
</description>
    </item>
    
    <item>
      <title> Boulevard</title>
      <link>http://letraspedia.com/lyric/3-vallejo-boulevard/</link>
      <pubDate>Mon, 01 Sep 2008 00:00:00 UTC</pubDate>
      <author>Enthusiastic Hugo User</author>
      <guid>http://letraspedia.com/lyric/3-vallejo-boulevard/</guid>
      <description>&lt;p&gt;BAJO LA LLUVIA TE PERDI
&lt;br&gt;CORRI CORRI HASTA TI
&lt;br&gt;Y MUY TARDE FUE TU TE PERDISTE
&lt;br&gt;Y TE PERDISTE POR LAS CALLES DEL BOULEVARD
&lt;br&gt;
&lt;br&gt;MUY TARDE FUE PARA ENCONTRARTE
&lt;br&gt;YO NO QUIERO SEPARARME DE TI
&lt;br&gt;TUS PADRES ME DIJERO LO SIENTO MUCHACHO
&lt;br&gt;QUE ELLA SE HA IDO ELLA SE HA IDO PARA NO VOLVER
&lt;br&gt;
&lt;br&gt;Y CORRI CORRI POR EL BOULEVARD
&lt;br&gt;DONDE FUERON MIS DIAS DE FELICIDAD
&lt;br&gt;Y VOLVIO A LLOVER EN EL BOULEVARD
&lt;br&gt;PERO NO GOTAS DE LLUVIA SI NO GOTAS DE SAL
&lt;br&gt;
&lt;br&gt;Y CORRI CORRI POR EL BOULEVARD
&lt;br&gt;DONDE FUERON MIS DIAS DE FELICIDAD
&lt;br&gt;Y VOLVIO A LLOVER EN EL BOULEVARD
&lt;br&gt;PERO NO GOTAS DE LLUVIA SI NO GOTAS DE SAL
&lt;br&gt;
&lt;br&gt;SI NO GOTAS DE SAL
&lt;br&gt;SI NO GOTAS DE SAL.&lt;/p&gt;
</description>
    </item>
    
    <item>
      <title> Brindemos</title>
      <link>http://letraspedia.com/lyric/3-vallejo-brindemos/</link>
      <pubDate>Mon, 01 Sep 2008 00:00:00 UTC</pubDate>
      <author>Enthusiastic Hugo User</author>
      <guid>http://letraspedia.com/lyric/3-vallejo-brindemos/</guid>
      <description>&lt;p&gt;Una tarde decidimos separarnos
&lt;br&gt;y eso fue lo mejor al menos para no lastimarnos
&lt;br&gt;y hoy volvimos a encontrarnos en el mismo camino
&lt;br&gt;y no quiero pensar que es una trampa mas del destino
&lt;br&gt;
&lt;br&gt;Y brindemos los dos por una noche mas
&lt;br&gt;de locura y juremos vivir hasta la eternidad sin cordura
&lt;br&gt;Y brindemos los dos por una noche mas
&lt;br&gt;de locura y juremos vivir hasta la eternidad sin cordura
&lt;br&gt;
&lt;br&gt;Cuantas veces ocultamos sentimientos
&lt;br&gt;y en el minuto final queremos sacar todo de adentro
&lt;br&gt;Casi siempre es tarde cuando me arrepiento
&lt;br&gt;por eso a partir de hoy dejaremos de ser solo un sueño
&lt;br&gt;
&lt;br&gt;Y brindemos los dos por una noche mas
&lt;br&gt;de locura y juremos vivir hasta la eternidad sin cordura
&lt;br&gt;(x4 veces)
&lt;br&gt;
&lt;br&gt; sin cordura&lt;/p&gt;
</description>
    </item>
    
    <item>
      <title> Chao, Chao Amor</title>
      <link>http://letraspedia.com/lyric/3-vallejo-chao-chao-amor/</link>
      <pubDate>Mon, 01 Sep 2008 00:00:00 UTC</pubDate>
      <author>Enthusiastic Hugo User</author>
      <guid>http://letraspedia.com/lyric/3-vallejo-chao-chao-amor/</guid>
      <description>&lt;p&gt;Chao, chao amor ya no hay nada, nada, nada.
&lt;br&gt;Se apago la llama de amor.
&lt;br&gt;Se fue con el invierno y el año nuevo robo algo de ti.
&lt;br&gt;
&lt;br&gt;Y algo de mi se va muriendo
&lt;br&gt;al recordar tus palabras.
&lt;br&gt;Y algo de mí que se ha marchado
&lt;br&gt;al universo lejano.
&lt;br&gt;
&lt;br&gt;Donde no existan las rosas,
&lt;br&gt;donde no encuentres amor,
&lt;br&gt;donde los cielos negros son.
&lt;br&gt;
&lt;br&gt;Y soplare el viento del final
&lt;br&gt;y en el reencuentro  ellos
&lt;br&gt;encontraran a cada quien con su cada cual,
&lt;br&gt;a cada quien con su cada cual.
&lt;br&gt;
&lt;br&gt;Y soplare el viento del final
&lt;br&gt;y en el reencuentro  ellos
&lt;br&gt;encontraran a cada quien con su cada cual,
&lt;br&gt;a cada quien con su cada cual.
&lt;br&gt;
&lt;br&gt;Chao, chao amor ya no hay nada, nada, nada.
&lt;br&gt;Se apago la llama de amor.
&lt;br&gt;se fue con el invierno y el año nuevo robo algo de ti.
&lt;br&gt;
&lt;br&gt;Y algo de mi se va muriendo
&lt;br&gt;al recordar tus palabras.
&lt;br&gt;Y algo de mí que se ha marchado
&lt;br&gt;al universo lejano.
&lt;br&gt;
&lt;br&gt;Donde no existan las rosas,
&lt;br&gt;donde no encuentres amor,
&lt;br&gt;donde los cielos negros son.
&lt;br&gt;Donde los cielos negros son.&lt;/p&gt;
</description>
    </item>
    
    <item>
      <title> Cristo Viejo</title>
      <link>http://letraspedia.com/lyric/3-vallejo-cristo-viejo/</link>
      <pubDate>Mon, 01 Sep 2008 00:00:00 UTC</pubDate>
      <author>Enthusiastic Hugo User</author>
      <guid>http://letraspedia.com/lyric/3-vallejo-cristo-viejo/</guid>
      <description>&lt;p&gt;Aquí estoy
&lt;br&gt;Ante ti mi cristo viejo
&lt;br&gt;Para ver
&lt;br&gt;Si tu me haces el milagro
&lt;br&gt;De borrarla
&lt;br&gt;Para siempre de mi mente
&lt;br&gt;Pues no quiero
&lt;br&gt;Que me siga haciendo daño
&lt;br&gt;
&lt;br&gt;Yo que siempre
&lt;br&gt;Le di un amor sincero
&lt;br&gt;Mas no puedo
&lt;br&gt;Soportar su indiferencia
&lt;br&gt;Y es por eso
&lt;br&gt;Que ante ti mi cristo viejo
&lt;br&gt;He venido ha contarte yo mi pena
&lt;br&gt;
&lt;br&gt;Dime por favor que debo hacer
&lt;br&gt;Por que no la quiero maldecir
&lt;br&gt;Y es que muy herido me quede
&lt;br&gt;Al saber que ella se burlo de mi
&lt;br&gt;
&lt;br&gt;Yo que siempre
&lt;br&gt;Le di un amor sincero
&lt;br&gt;Mas no puedo
&lt;br&gt;Soportar su indiferencia
&lt;br&gt;Y es por eso
&lt;br&gt;Que ante ti mi cristo viejo
&lt;br&gt;He venido ha contarte yo mi pena
&lt;br&gt;
&lt;br&gt;Dime cristo viejo por favor
&lt;br&gt;Como hacer que pague su traición
&lt;br&gt;Y es que no le voy a perdonar
&lt;br&gt;Que tan solo jugara con mi amor&amp;hellip;&lt;/p&gt;
</description>
    </item>
    
    <item>
      <title> Cúpido</title>
      <link>http://letraspedia.com/lyric/3-vallejo-cupido/</link>
      <pubDate>Mon, 01 Sep 2008 00:00:00 UTC</pubDate>
      <author>Enthusiastic Hugo User</author>
      <guid>http://letraspedia.com/lyric/3-vallejo-cupido/</guid>
      <description>&lt;p&gt;COSAS QUE VAN HACIENDOTE PENSAR
&lt;br&gt;TU DICES NO PASA NADA A TU ALREDEDOR
&lt;br&gt;PERO DA LA MALA SUERTE
&lt;br&gt;TE TOCARA EL CORAZON
&lt;br&gt;QUE YA TE TOCO DE MUERTE
&lt;br&gt;Y TE ARRANCARA EL CORAZON
&lt;br&gt;
&lt;br&gt;CORO
&lt;br&gt;POR QUE MAÑARA ABRIRAS LOS OJOS
&lt;br&gt;Y A TU LADO ENCONTRARAS
&lt;br&gt;A LA MUJER MAS LINDA
&lt;br&gt;QUE NUNCA PUDISTE IMAGINAR
&lt;br&gt;ESE FUE EL RESULTADO
&lt;br&gt;DE TU NOCHE DE COPAS
&lt;br&gt;ENCONTRASTE A CUPIDO TOMADO
&lt;br&gt;Y TE FLECHO
&lt;br&gt;OH OH OH
&lt;br&gt;
&lt;br&gt;ES LA VIDA LA POESIA
&lt;br&gt;QUE INSPIRABAS TU
&lt;br&gt;SON LOS SUEÑOS QUE ME ATRAPAN
&lt;br&gt;Y QUIERO SALIR A LA REALIDAD
&lt;br&gt;
&lt;br&gt;CORO&lt;/p&gt;
</description>
    </item>
    
  </channel>
</rss>