<?xml version="1.0" encoding="utf-8" standalone="yes" ?>
<rss version="2.0" xmlns:atom="http://www.w3.org/2005/Atom">
  <channel>
      <title>10cc on Letraspedia.com thes best lyrics page </title>
    <link>http://letraspedia.com/artist/10cc/</link>
    <language>en-US</language>
    <author>Enthusiastic Hugo User</author>
    <rights>Copyright (c) 2014, Enthusiastic Hugo User; all rights reserved.</rights>
    <updated>Mon, 01 Sep 2008 00:00:00 UTC</updated>
    
    <item>
      <title> Action Man In A Motown Suit</title>
      <link>http://letraspedia.com/lyric/10cc-action-man-in-a-motown-suit/</link>
      <pubDate>Mon, 01 Sep 2008 00:00:00 UTC</pubDate>
      <author>Enthusiastic Hugo User</author>
      <guid>http://letraspedia.com/lyric/10cc-action-man-in-a-motown-suit/</guid>
      <description>&lt;p&gt;Let&amp;#39;s stay a while and watch him&lt;br /&gt;he&amp;#39;s moving into action man&lt;br /&gt;he&amp;#39;s looking good but maybe&lt;br /&gt;he&amp;#39;s in the wrong direction man &lt;br /&gt;But he wanna get a little, get a little&lt;br /&gt;every night, get a little, get a little&lt;br /&gt;something for his appetite&lt;br /&gt;everybody needs to have a recreation&lt;br /&gt;everybody needs a little comfort for the soul &lt;br /&gt;You&amp;#39;ll never make it in a motown suit&lt;br /&gt;no way to fake it man they&amp;#39;re not your roots&lt;br /&gt;no, you&amp;#39;ll never make it in a motown suit&lt;br /&gt;You can&amp;#39;t be a drummer without rhythm&lt;br /&gt;can&amp;#39;t blow your horn if you ain&amp;#39;t blue&lt;br /&gt;some folks they just ain&amp;#39;t got it in &amp;#39;em&lt;br /&gt;tell me boy now does that sound like you &lt;br /&gt;He&amp;#39;s cruising with the singles&lt;br /&gt;down the margarita bar&lt;br /&gt;he&amp;#39;s boring to distraction&lt;br /&gt;pushing words and talking stars&lt;br /&gt;(what&amp;#39;s your sign) &lt;br /&gt;He&amp;#39;s gotta take a little, take a little&lt;br /&gt;on the side, make a little, make a little&lt;br /&gt;something for his appetite&lt;br /&gt;everybody needs a little lubrication&lt;br /&gt;someone with imagination got to break the ice &lt;br /&gt;You&amp;#39;ll never make it in a motown suit&lt;br /&gt;no way to fake it man they&amp;#39;re not your roots&lt;br /&gt;no, you&amp;#39;ll never make it in a motown suit &lt;br /&gt;You can&amp;#39;t be a lover without rhythm&lt;br /&gt;don&amp;#39;t blow your horn if you ain&amp;#39;t true&lt;br /&gt;no point in playing valentino&lt;br /&gt;he&amp;#39;s a sham and brother so are you&lt;br /&gt;you can&amp;#39;t be a drummer without rhythm&lt;br /&gt;can&amp;#39;t blow your horn if you ain&amp;#39;t blue&lt;br /&gt;some folks they just ain&amp;#39;t got it in &amp;#39;em&lt;br /&gt;tell me boy now does that sound like you&lt;br /&gt;&lt;br&gt;&lt;/p&gt;
</description>
    </item>
    
    <item>
      <title> Age Of Consent</title>
      <link>http://letraspedia.com/lyric/10cc-age-of-consent/</link>
      <pubDate>Mon, 01 Sep 2008 00:00:00 UTC</pubDate>
      <author>Enthusiastic Hugo User</author>
      <guid>http://letraspedia.com/lyric/10cc-age-of-consent/</guid>
      <description>&lt;p&gt;I want to meet you at that restaurant&lt;br /&gt;the one you love it&amp;#39;s got a pretty front&lt;br /&gt;what a front&lt;br /&gt;the girls are holding hands&lt;br /&gt;it&amp;#39;s a treat to indulge&lt;br /&gt;or we can sit awhile and look around&lt;br /&gt;look around, round round&lt;br /&gt;look around, round round &lt;br /&gt;This is the age of consent&lt;br /&gt;you don&amp;#39;t have to be coy&lt;br /&gt;this is your own pleasure bent&lt;br /&gt;we are here to enjoy everything&lt;br /&gt;everything that the traffic allows &lt;br /&gt;We touch each other then we sip the wine&lt;br /&gt;we smile and nod together, this is fine, it&amp;#39;s so fine&lt;br /&gt;come on in the water&amp;#39;s fine&lt;br /&gt;we can jump right in&lt;br /&gt;or we can look around and bide our time&lt;br /&gt;look around, round round&lt;br /&gt;look around, round round &lt;br /&gt;This is the age of consent&lt;br /&gt;but you don&amp;#39;t need to shout&lt;br /&gt;this is your own pleasure bent&lt;br /&gt;we are here to enjoy everything &lt;br /&gt;I&amp;#39;m not holding you back heaven&amp;#39;s sake&lt;br /&gt;have you got to jump out of the cake&lt;br /&gt;i don&amp;#39;t want your endeavours to fail&lt;br /&gt;but that pouch has got a sting in the tail&lt;br /&gt;sting in the tail &lt;br /&gt;This little place has got me in a trance&lt;br /&gt;we&amp;#39;re getting closer but it&amp;#39;s just a dance, just a dance&lt;br /&gt;the band won&amp;#39;t make a sound&lt;br /&gt;we can warm it up&lt;br /&gt;or we can hold it back and look around&lt;br /&gt;look around, round round&lt;br /&gt;look around, round round &lt;br /&gt;This is the age of consent&lt;br /&gt;but you don&amp;#39;t need to shout&lt;br /&gt;this is your own pleasure bent&lt;br /&gt;we are here to enjoy everything&lt;br /&gt;everything can be yours, but don&amp;#39;t shout&amp;hellip;.&lt;br /&gt;&lt;br&gt;&lt;/p&gt;
</description>
    </item>
    
    <item>
      <title> Americana Panorama</title>
      <link>http://letraspedia.com/lyric/10cc-americana-panorama/</link>
      <pubDate>Mon, 01 Sep 2008 00:00:00 UTC</pubDate>
      <author>Enthusiastic Hugo User</author>
      <guid>http://letraspedia.com/lyric/10cc-americana-panorama/</guid>
      <description>&lt;p&gt;Martin luther b.b. king&lt;br /&gt;you had a dream and you make us swing&lt;br /&gt;doctor winston j.f.k.&lt;br /&gt;you had a dream but they blew you away &lt;br /&gt;Americana panorama&lt;br /&gt;big apple rice banana&lt;br /&gt;bit but keep your backs against the wall &lt;br /&gt;Pretzel logic does apply&lt;br /&gt;oh fast food junk food gets you by&lt;br /&gt;you got delis diners southern fries&lt;br /&gt;and burgen queens with hungry eyes &lt;br /&gt;That&amp;#39;s americana panorama&lt;br /&gt;aerobatic instant karma&lt;br /&gt;run but do your jogging in the car &lt;br /&gt;Tricky didn&amp;#39;t make it&lt;br /&gt;but his part deserves an oscar&lt;br /&gt;when he proved that you can fool the people&lt;br /&gt;all the time&lt;br /&gt;and from the rockies to the hudson&lt;br /&gt;everybody loves a winner&lt;br /&gt;turn a blind eye to corruption&lt;br /&gt;while the nation grows&lt;br /&gt;oh oh i feel the pressure rising&lt;br /&gt;you&amp;#39;re on top of the world but it&amp;#39;s about to blow&lt;br /&gt;do you know what you&amp;#39;re doing?&lt;br /&gt;do you know? &lt;br /&gt;Take a look at what you&amp;#39;ve done&lt;br /&gt;you are the shape of things to come&lt;br /&gt;it&amp;#39;s science fiction coming true&lt;br /&gt;you can shoot the stars it&amp;#39;s up to you &lt;br /&gt;Americana panorama&lt;br /&gt;living in a tv drama&lt;br /&gt;turn it off and make the dream come true&lt;br /&gt;oh oh americana panorama&lt;br /&gt;living in a tv drama&lt;br /&gt;turn it off and make the dream come true&lt;br /&gt;&lt;br&gt;&lt;/p&gt;
</description>
    </item>
    
    <item>
      <title> Art For Arts Sake</title>
      <link>http://letraspedia.com/lyric/10cc-art-for-arts-sake/</link>
      <pubDate>Mon, 01 Sep 2008 00:00:00 UTC</pubDate>
      <author>Enthusiastic Hugo User</author>
      <guid>http://letraspedia.com/lyric/10cc-art-for-arts-sake/</guid>
      <description>&lt;p&gt;Gimme your body&lt;br /&gt;gimme your mind&lt;br /&gt;open your heart&lt;br /&gt;pull down the blind &lt;br /&gt;Gimme your love gimme it all&lt;br /&gt;gimme in the kitchen gimme in the hall &lt;br /&gt;Art for arts sake&lt;br /&gt;money for gods sake&lt;br /&gt;art for arts sake&lt;br /&gt;money for gods sake &lt;br /&gt;Gimme the readys&lt;br /&gt;gimme the cash&lt;br /&gt;gimme a bullet&lt;br /&gt;gimme a smash&lt;br /&gt;gimme a silver gimme a gold&lt;br /&gt;make it a million for when i get old &lt;br /&gt;Art for arts sake&lt;br /&gt;money for gods sake&lt;br /&gt;art for arts sake&lt;br /&gt;money for gods sake &lt;br /&gt;Money talks so listen to it&lt;br /&gt;money talks to me&lt;br /&gt;anyone can understand it&lt;br /&gt;money can&amp;#39;t be beat oh no &lt;br /&gt;When you get down, down to the root&lt;br /&gt;don&amp;#39;t give a damn don&amp;#39;t give a hoot&lt;br /&gt;still gotta keep makin the loot&lt;br /&gt;chauffeur driven &lt;br /&gt;Gotta make her quick as you can&lt;br /&gt;give her lovin&amp;#39; make you a man&lt;br /&gt;get her in the palm of your hand&lt;br /&gt;bread from heaven &lt;br /&gt;&lt;br&gt;Gimme a country&lt;br /&gt;where i can be free&lt;br /&gt;don&amp;#39;t need the unions&lt;br /&gt;strangling me&lt;br /&gt;keep me in exile the rest of my days&lt;br /&gt;burn me in hell but as long as it pays &lt;br /&gt;Art for arts sake&lt;br /&gt;money for gods sake&lt;br /&gt;art for arts sake&lt;br /&gt;money for gods sake &lt;br /&gt;Art for arts sake&lt;br /&gt;money for gods sake&lt;br /&gt;art for arts sake&lt;br /&gt;money for gods sake&lt;br /&gt;&lt;br&gt;&lt;/p&gt;
</description>
    </item>
    
    <item>
      <title> Baron Samedi</title>
      <link>http://letraspedia.com/lyric/10cc-baron-samedi/</link>
      <pubDate>Mon, 01 Sep 2008 00:00:00 UTC</pubDate>
      <author>Enthusiastic Hugo User</author>
      <guid>http://letraspedia.com/lyric/10cc-baron-samedi/</guid>
      <description>&lt;p&gt;I&amp;#39;ll show you man who walk on fire&lt;br /&gt;and don&amp;#39;t get burned&lt;br /&gt;don&amp;#39;t get burned, don&amp;#39;t get burned&lt;br /&gt;he don&amp;#39;t get burned&lt;br /&gt;i&amp;#39;ll show you man who tread on glass&lt;br /&gt;and he don&amp;#39;t get cut&lt;br /&gt;don&amp;#39;t get cut, don&amp;#39;t get cut&lt;br /&gt;he don&amp;#39;t get cut &lt;br /&gt;You can take a knife and slit his throat&lt;br /&gt;and he won&amp;#39;t drop dead&lt;br /&gt;won&amp;#39;t drop dead, won&amp;#39;t drop dead&lt;br /&gt;he won&amp;#39;t drop dead&lt;br /&gt;been a ju-ju boy for a thousand years&lt;br /&gt;and he ain&amp;#39;t cut yet&lt;br /&gt;ain&amp;#39;t cut yet, ain&amp;#39;t cut yet&lt;br /&gt;he ain&amp;#39;t cut yet &lt;br /&gt;Hold &amp;#39;em&lt;br /&gt;you&amp;#39;ve got to crease &amp;#39;em and fold &amp;#39;em&lt;br /&gt;you&amp;#39;ve got to shape &amp;#39;em and mould &amp;#39;em&lt;br /&gt;take a piece of their soul man &lt;br /&gt;Well he can take a little moonlight&lt;br /&gt;suck the poison from a snakebite&lt;br /&gt;movin&amp;#39; round about midnight&lt;br /&gt;he&amp;#39;s got the power of life &lt;br /&gt;See the sacrifice of the virgin women&lt;br /&gt;see the deadly snake and the headless chicken&lt;br /&gt;take a sip from dripping red&lt;br /&gt;make it with the living dead &lt;br /&gt;Take you up when you feeling down&lt;br /&gt;when you&amp;#39;re sick he will come around&lt;br /&gt;takes his cures from out the ground&lt;br /&gt;he&amp;#39;s the one who can hypnotize&lt;br /&gt;and you&amp;#39;ll never believe your eyes&lt;br /&gt;he can cause the dead to rise&lt;br /&gt;&lt;br&gt;&lt;/p&gt;
</description>
    </item>
    
    <item>
      <title> Bee In My Bonnet</title>
      <link>http://letraspedia.com/lyric/10cc-bee-in-my-bonnet/</link>
      <pubDate>Mon, 01 Sep 2008 00:00:00 UTC</pubDate>
      <author>Enthusiastic Hugo User</author>
      <guid>http://letraspedia.com/lyric/10cc-bee-in-my-bonnet/</guid>
      <description>&lt;p&gt;I got a bee in my bonnet&lt;br /&gt;got a chip on my shoulder&lt;br /&gt;i got a hole in my shoe&lt;br /&gt;and my toes are getting colder&lt;br /&gt;i got ants in my pants&lt;br /&gt;i got fries in my thighs&lt;br /&gt;i got a bone in my nose&lt;br /&gt;i got frit in my ass &lt;br /&gt;I got a bee in my bonnet&lt;br /&gt;got a chip on my shoulder &lt;br /&gt;I got a flee in my ear&lt;br /&gt;i wear my heart on my sleeve&lt;br /&gt;i got a ticket for the train&lt;br /&gt;and i&amp;#39;m ready to leave&lt;br /&gt;i got a rockin&amp;#39; pneumonia&lt;br /&gt;and the boogie woogie flu&lt;br /&gt;i got the palpations&lt;br /&gt;all because of you &lt;br /&gt;I got a bee in my bonnet&lt;br /&gt;got a chip on my shoulder &lt;br /&gt;I&amp;#39;m burning, with love &lt;br /&gt;I got my fish on the line&lt;br /&gt;i got my hand in the water&lt;br /&gt;i know right from wrong&lt;br /&gt;so i do what i oughta &lt;br /&gt;I laugh in the day&lt;br /&gt;i cry in the night&lt;br /&gt;woo hoo baby&lt;br /&gt;gonna be alright &lt;br /&gt;I got a bee in my bonnet&lt;br /&gt;got a chip on my shoulder&lt;br /&gt;i got a bee in my bonnet&lt;br /&gt;got a chip on my shoulder&lt;br /&gt;&lt;br&gt;&lt;/p&gt;
</description>
    </item>
    
    <item>
      <title> Blackmail</title>
      <link>http://letraspedia.com/lyric/10cc-blackmail/</link>
      <pubDate>Mon, 01 Sep 2008 00:00:00 UTC</pubDate>
      <author>Enthusiastic Hugo User</author>
      <guid>http://letraspedia.com/lyric/10cc-blackmail/</guid>
      <description>&lt;p&gt;She doesn&amp;#39;t need money&lt;br /&gt;she doesn&amp;#39;t need diamonds&lt;br /&gt;she&amp;#39;s lookin&amp;#39; for pretty things&lt;br /&gt;she doesn&amp;#39;t want romance&lt;br /&gt;she doesn&amp;#39;t need finance&lt;br /&gt;she&amp;#39;s looking for rendezvous&lt;br /&gt;but every time she&amp;#39;s going down&lt;br /&gt;she never looks around&lt;br /&gt;i&amp;#39;ll wait and watch her with my&lt;br /&gt;lens until she brings the curtain down&lt;br /&gt;&amp;#39;there behind the keyhole&amp;#39;&lt;br /&gt;with my fisheye&lt;br /&gt;i&amp;#39;m back in the darkroom&lt;br /&gt;i&amp;#39;m covered in fixer&lt;br /&gt;i&amp;#39;m making a photograph&lt;br /&gt;i&amp;#39;ll send her some postcards&lt;br /&gt;in glorious colour&lt;br /&gt;i&amp;#39;m keeping the negatives&lt;br /&gt;i&amp;#39;ll form a letter from the news&lt;br /&gt;with different type from different lines&lt;br /&gt;i&amp;#39;ll tell the world about her&lt;br /&gt;i&amp;#39;ll mail the people and the times&lt;br /&gt;&amp;#39;oo it&amp;#39;ll be so scandalous&lt;br /&gt;for the both of them&lt;br /&gt;but mainly her&amp;#39;&lt;br /&gt;she showed them her husband&lt;br /&gt;he ordered a dozen&lt;br /&gt;he thought they were fabulous&lt;br /&gt;the one with the &amp;ndash;&lt;br /&gt;the two of the &amp;ndash;&lt;br /&gt;and three of the &amp;ndash;&lt;br /&gt;He sold her to hefner&lt;br /&gt;who put her in playboy&lt;br /&gt;he gave her a centre-fold&lt;br /&gt;i made a real blunder&lt;br /&gt;she made it in movies&lt;br /&gt;i made her a superstar&lt;br /&gt;&lt;br&gt;&lt;/p&gt;
</description>
    </item>
    
    <item>
      <title> Bluebird</title>
      <link>http://letraspedia.com/lyric/10cc-bluebird/</link>
      <pubDate>Mon, 01 Sep 2008 00:00:00 UTC</pubDate>
      <author>Enthusiastic Hugo User</author>
      <guid>http://letraspedia.com/lyric/10cc-bluebird/</guid>
      <description>&lt;p&gt;Bluebird take me on your wing&lt;br /&gt;teach me how to fly&lt;br /&gt;teach me how to sing&lt;br /&gt;bluebird, guardian of my soul&lt;br /&gt;inside everybody&lt;br /&gt;is a story to be told &lt;br /&gt;I came in from the cold&lt;br /&gt;when i found someone&lt;br /&gt;strong enough to bear&lt;br /&gt;the strain of our existence&lt;br /&gt;and troubles everywhere&lt;br /&gt;but time heals&lt;br /&gt;and i know you&amp;#39;ll be there&amp;hellip; ooh &lt;br /&gt;Bluebird symphony in flight&lt;br /&gt;symbol of the dawn&lt;br /&gt;symbol of the night&lt;br /&gt;i&amp;#39;ll try with all my might to be a brother&lt;br /&gt;always there for you&lt;br /&gt;mother (mother, mother) knowing what to do &lt;br /&gt;And farther than anyone has flown&lt;br /&gt;courage to spread your wings alone&lt;br /&gt;and who will help me?&lt;br /&gt;bluebird &lt;br /&gt;Bluebird stranger to these shores&lt;br /&gt;i look into your eyes&lt;br /&gt;have you been here before &lt;br /&gt;Take me through the door to heaven&lt;br /&gt;and show me&lt;br /&gt;the treasures that you keep&lt;br /&gt;the magic of the sky&lt;br /&gt;and the beauty of the deep &lt;br /&gt;And i&amp;#39;ll do what i have to do&lt;br /&gt;to be one of the chosen few&lt;br /&gt;fly anywhere with&amp;hellip;&lt;br /&gt;you, bluebird &lt;br /&gt;Bluebird, bluebird (yeh)&lt;br /&gt;&lt;br&gt;&lt;/p&gt;
</description>
    </item>
    
    <item>
      <title> Brand New Day</title>
      <link>http://letraspedia.com/lyric/10cc-brand-new-day/</link>
      <pubDate>Mon, 01 Sep 2008 00:00:00 UTC</pubDate>
      <author>Enthusiastic Hugo User</author>
      <guid>http://letraspedia.com/lyric/10cc-brand-new-day/</guid>
      <description>&lt;p&gt;When you open your eyes&lt;br /&gt;to a brand new morning&lt;br /&gt;and the sun shines &lt;br /&gt;above you&lt;br /&gt;you pull on your breeches and say&lt;br /&gt;oh well,&lt;br /&gt;it&amp;#39;s the start of a brand new day &lt;br /&gt;For birds of prey&lt;br /&gt;you live and learn your life away&lt;br /&gt;but there below, your body must go&lt;br /&gt;against the grain&lt;br /&gt;like an old mule train&lt;br /&gt;keeps pulling hard against the &lt;br /&gt;here boy, there boy&lt;br /&gt;the boss got you running everywhere boy&lt;br /&gt;&amp;#39;ya got no money and ya got less sense&lt;br /&gt;and you ain&amp;#39;t going nowhere&amp;#39;&lt;br /&gt;but there below your body must go &lt;br /&gt;For birds of prey&lt;br /&gt;you live and learn your life away&lt;br /&gt;but there below your body must go&lt;br /&gt;against the grain&lt;br /&gt;like an old mule train&lt;br /&gt;keeps pulling hard against the &lt;br /&gt;here boy, there boy&lt;br /&gt;the boss got you running everywhere boy,&lt;br /&gt;&amp;#39;ya got no money and ya got less sense&lt;br /&gt;and you ain&amp;#39;t going nowhere&amp;#39;&lt;br /&gt;but there below your body will go &lt;br /&gt;At the end of the day&lt;br /&gt;when you look around you&lt;br /&gt;and the sun sets&lt;br /&gt;deep inside you &lt;br /&gt;dust off your breeches and say&lt;br /&gt;&amp;#39;oh well&amp;#39;&lt;br /&gt;say goodnight to the man in the moon&lt;br /&gt;the sandman&amp;#39;s on his way&lt;br /&gt;&lt;br&gt;&lt;/p&gt;
</description>
    </item>
    
    <item>
      <title> Channel Swimmer</title>
      <link>http://letraspedia.com/lyric/10cc-channel-swimmer/</link>
      <pubDate>Mon, 01 Sep 2008 00:00:00 UTC</pubDate>
      <author>Enthusiastic Hugo User</author>
      <guid>http://letraspedia.com/lyric/10cc-channel-swimmer/</guid>
      <description>&lt;p&gt;Well it&amp;#39;s cold down here in the water&lt;br /&gt;it&amp;#39;s cold down here in the sea&lt;br /&gt;who&amp;#39;d be a channel swimmer?&lt;br /&gt;only a fool like me &lt;br /&gt;I&amp;#39;ve greased my body&lt;br /&gt;and i&amp;#39;m heading over the ocean&lt;br /&gt;these two arms are the only locomotion&lt;br /&gt;i need &lt;br /&gt;See me swim and see me float&lt;br /&gt;i don&amp;#39;t need no motorboat&lt;br /&gt;or a yacht to get me there &lt;br /&gt;I&amp;#39;ll do the breaststroke&lt;br /&gt;and the backstroke&lt;br /&gt;i&amp;#39;ll do anything&lt;br /&gt;i&amp;#39;ll be swimming when you&amp;#39;re all asleep&lt;br /&gt;i&amp;#39;ll be swimming when you&amp;#39;re all awake&lt;br /&gt;i&amp;#39;ll do the sidestroke&lt;br /&gt;the other sidestroke&lt;br /&gt;i&amp;#39;ll do the butterfly&lt;br /&gt;but i ain&amp;#39;t gonna crawl&lt;br /&gt;on back to you, no way &lt;br /&gt;I see your face in every breaker&lt;br /&gt;i see your smile across the reef&lt;br /&gt;i came across the sea to take you&lt;br /&gt;don&amp;#39;t make me out to be a thief &lt;br /&gt;You&amp;#39;ll be dreaming when you&amp;#39;re all asleep&lt;br /&gt;but i&amp;#39;ll be drowning when you&amp;#39;re all awake&lt;br /&gt;i did the breaststroke&lt;br /&gt;i did my best stroke&lt;br /&gt;i did everything&lt;br /&gt;but i ain&amp;#39;t good enough &lt;br /&gt;&amp;#39;cause it&amp;#39;s cold down here in the water&lt;br /&gt;it&amp;#39;s cold down here in the sea&lt;br /&gt;who&amp;#39;d be a channel swimmer?&lt;br /&gt;only a fool like me&lt;br /&gt;who&amp;#39;d be a channel swimmer?&lt;br /&gt;only a fool like me&amp;hellip;&lt;br /&gt;would forget he can&amp;#39;t swim&lt;br /&gt;&lt;br&gt;&lt;/p&gt;
</description>
    </item>
    
    <item>
      <title> Charity Begins At Home</title>
      <link>http://letraspedia.com/lyric/10cc-charity-begins-at-home/</link>
      <pubDate>Mon, 01 Sep 2008 00:00:00 UTC</pubDate>
      <author>Enthusiastic Hugo User</author>
      <guid>http://letraspedia.com/lyric/10cc-charity-begins-at-home/</guid>
      <description>&lt;p&gt;A shake of the tin&lt;br /&gt;the money drops in, but is it a sin&lt;br /&gt;you&amp;#39;re standing in rags&lt;br /&gt;you&amp;#39;re selling your flags&lt;br /&gt;but who gets the dough at the end of the day&lt;br /&gt;we saw your drop-dead fancy wheels&lt;br /&gt;your little house up on the hill&lt;br /&gt;but when your conscience pricks&lt;br /&gt;a little sacrifice sweetens the pill &lt;br /&gt;So keep your hands in your pockets&lt;br /&gt;charity begins at home&lt;br /&gt;keep your hands in your pockets&lt;br /&gt;charity won&amp;#39;t leave you alone &lt;br /&gt;We take to the stage&lt;br /&gt;the audience rave, we&amp;#39;re doing our bit&lt;br /&gt;a heavenly cast, a blast from the past&lt;br /&gt;there&amp;#39;s a song to be sung, will it make number one&lt;br /&gt;we wanna see your money roll&lt;br /&gt;but our eyes are on the hall of fame&lt;br /&gt;&amp;#39;cos business is business&lt;br /&gt;and hits are the name of the game &lt;br /&gt;So keep your hands in your pockets&lt;br /&gt;charity begins at home&lt;br /&gt;keep your hands in your pockets&lt;br /&gt;charity won&amp;#39;t leave you alone &lt;br /&gt;Everywhere that we turn&lt;br /&gt;there are mouths to be fed&lt;br /&gt;how can we sleep&lt;br /&gt;the battle goes on while we&amp;#39;re&lt;br /&gt;safe in our beds&lt;br /&gt;so don&amp;#39;t turn away&lt;br /&gt;no don&amp;#39;t turn away &lt;br /&gt;Your doors are locked&lt;br /&gt;you switch on the box to take in a show&lt;br /&gt;you think that you&amp;#39;re safe&lt;br /&gt;but here comes that face&lt;br /&gt;and wouldn&amp;#39;t you know it&amp;#39;s that message again&lt;br /&gt;they want to take your plastic cash&lt;br /&gt;your hand reaches out to the phone&lt;br /&gt;keep your hands in your pockets&lt;br /&gt;charity begins at home &lt;br /&gt;Keep your hands in your pockets&lt;br /&gt;charity begins at home&lt;br /&gt;keep your hands in your pockets&lt;br /&gt;charity won&amp;#39;t leave you alone &lt;br /&gt;Everywhere that we turn&lt;br /&gt;there are mouths to be fed&lt;br /&gt;how can we sleep&lt;br /&gt;the battle goes on while we&amp;#39;re&lt;br /&gt;safe in our beds&lt;br /&gt;so don&amp;#39;t turn away&lt;br /&gt;no don&amp;#39;t turn away &lt;br /&gt;Keep your hands in your pockets&lt;br /&gt;charity begins at home&lt;br /&gt;keep your hands in your pockets&lt;br /&gt;charity won&amp;#39;t leave you alone&lt;br /&gt;[repeat 5x]&lt;br /&gt;&lt;br&gt;&lt;/p&gt;
</description>
    </item>
    
    <item>
      <title> City Lights</title>
      <link>http://letraspedia.com/lyric/10cc-city-lights/</link>
      <pubDate>Mon, 01 Sep 2008 00:00:00 UTC</pubDate>
      <author>Enthusiastic Hugo User</author>
      <guid>http://letraspedia.com/lyric/10cc-city-lights/</guid>
      <description>&lt;p&gt;Oh oh i feel the city rhythm&lt;br /&gt;oh oh i love those city lights&lt;br /&gt;but when the sun comes up&lt;br /&gt;and the party&amp;#39;s over&lt;br /&gt;i don&amp;#39;t care i&amp;#39;m coming back tonight&lt;br /&gt;to the bright city lights &lt;br /&gt;Home from work got your money in your pocket&lt;br /&gt;pull on your boots brand new suit&lt;br /&gt;if you had the chance you&amp;#39;d hock it&lt;br /&gt;for a night on the tiles&lt;br /&gt;and a shot of midnight fever&lt;br /&gt;get off your back get on the track&lt;br /&gt;tune in your receiver oh oh &lt;br /&gt;Oh oh i feel the city rhythm&lt;br /&gt;oh oh i love those city lights&lt;br /&gt;but when the sun comes up&lt;br /&gt;and the party&amp;#39;s over&lt;br /&gt;i don&amp;#39;t care i&amp;#39;m coming back tonight&lt;br /&gt;to the bright city lights &lt;br /&gt;Truck down the street feeling kinda funky&lt;br /&gt;get on the beat shuffle your feet&lt;br /&gt;never know you might get lucky&lt;br /&gt;you got love on the brain&lt;br /&gt;flashing like a neon&lt;br /&gt;feed &amp;#39;em a line&lt;br /&gt;give &amp;#39;em a sign&lt;br /&gt;they&amp;#39;re looking for a come on oh oh &lt;br /&gt;Oh oh i feel the city rhythm&lt;br /&gt;oh oh i love those city lights&lt;br /&gt;but when the sun comes up&lt;br /&gt;and the party&amp;#39;s over&lt;br /&gt;i don&amp;#39;t care i&amp;#39;m coming back tonight&lt;br /&gt;to the bright city lights &lt;br /&gt;No way to stop when the music&amp;#39;s in your body&lt;br /&gt;into the night feel all right&lt;br /&gt;no time for feeling sorry&lt;br /&gt;you go down to the club&lt;br /&gt;with the old familiar faces&lt;br /&gt;buy &amp;#39;em a drink kick up a stink&lt;br /&gt;everybody&amp;#39;s going crazy oh oh &lt;br /&gt;Oh oh i feel the city rhythm&lt;br /&gt;oh oh i love those city lights&lt;br /&gt;but when the sun comes up&lt;br /&gt;and the party&amp;#39;s over&lt;br /&gt;i don&amp;#39;t care i&amp;#39;m coming back tonight&lt;br /&gt;to the bright city lights &lt;br /&gt;To the bright city lights&lt;br /&gt;to the bright city lights&lt;br /&gt;to the bright city lights&lt;br /&gt;oh i love those city lights&lt;br /&gt;&lt;br&gt;&lt;/p&gt;
</description>
    </item>
    
    <item>
      <title> Clockwork Creep</title>
      <link>http://letraspedia.com/lyric/10cc-clockwork-creep/</link>
      <pubDate>Mon, 01 Sep 2008 00:00:00 UTC</pubDate>
      <author>Enthusiastic Hugo User</author>
      <guid>http://letraspedia.com/lyric/10cc-clockwork-creep/</guid>
      <description>&lt;p&gt;&amp;quot;i&amp;#39;m a clockwork creep&lt;br /&gt;and i can&amp;#39;t get to sleep&lt;br /&gt;they wind me up and let me go&lt;br /&gt;and i can&amp;#39;t unwind&lt;br /&gt;going out of my mind&lt;br /&gt;my time is coming soon you know&amp;quot; &lt;br /&gt;Tick a tick a time bomb&lt;br /&gt;tick a tick a time bomb&lt;br /&gt;tick a tick a time bomb &lt;br /&gt;&amp;quot;i&amp;#39;m a jumbo jet&lt;br /&gt;with a brand new set&lt;br /&gt;of passengers and bags and crew&lt;br /&gt;i&amp;#39;ll spread my wings -&lt;br /&gt;do a thousand things&lt;br /&gt;to prove how good i am to you&amp;quot; &lt;br /&gt;Tick a tick a time bomb&lt;br /&gt;tick a tick a time bomb&lt;br /&gt;tick a tick a time bomb &lt;br /&gt;Tick a tick a time bomb&lt;br /&gt;tick a tick a time bomb&lt;br /&gt;tick a tick a time bomb &lt;br /&gt;Meanwhile in the cargo of escargot&lt;br /&gt;the temperature is rising&lt;br /&gt;advertising that our time is running&lt;br /&gt;down, down, down, down, down&lt;br /&gt;oh with just one minute to live&lt;br /&gt;oh, no you&amp;#39;ll never get me up in one of these again&lt;br /&gt;&amp;#39;cos what goes up must come&lt;br /&gt;down, down, down, down, down&lt;br /&gt;down, down, down, down, down &lt;br /&gt;Oh, the gravity of the situation&lt;br /&gt;it&amp;#39;s only my willpower&lt;br /&gt;that keeps this thing in operation&lt;br /&gt;but we&amp;#39;re gonna crash that&amp;#39;s for certain&lt;br /&gt;the pilot is too busy flirtin&amp;#39;&lt;br /&gt;and he ain&amp;#39;t aware&lt;br /&gt;that there&amp;#39;s a bomb down there&lt;br /&gt;and if he don&amp;#39;t do something it&amp;#39;s curtains &lt;br /&gt;&amp;quot;now just hold on,&amp;quot;&lt;br /&gt;said the little bomb,&lt;br /&gt;&amp;quot;if you were just to hold my hands&lt;br /&gt;then time would stop&lt;br /&gt;the plot would flop&lt;br /&gt;and jumbo would be safe to land&amp;quot; &lt;br /&gt;Tick a tick a time bomb&lt;br /&gt;tick a tick a time bomb&lt;br /&gt;tick a tick a time bomb &lt;br /&gt;My landings are the envy&lt;br /&gt;of sabena and pan am&lt;br /&gt;from chattanooga to japan&lt;br /&gt;i taxi through the airways -&lt;br /&gt;what a swell little plane&lt;br /&gt;what a fine little plane&lt;br /&gt;what a great little plane&lt;br /&gt;i am &lt;br /&gt;&amp;quot;hang on one sec&lt;br /&gt;i&amp;#39;m a clockwork wreck&lt;br /&gt;and though my fuse is burning slow&lt;br /&gt;must keep my date to detonate&lt;br /&gt;goodbye, ta ta, and cheerio &lt;br /&gt;Tick a tick a time bomb&lt;br /&gt;tick a tick a time bomb&lt;br /&gt;tick a tick a time bomb &lt;br /&gt;Tick a tick a time bomb&lt;br /&gt;tick a tick a time bomb&lt;br /&gt;tick a tick a time bomb &lt;br /&gt;Tick a tick a time bomb&lt;br /&gt;tick a tick a time bomb&lt;br /&gt;tick a tick a time bomb &lt;br /&gt;Tick a&amp;hellip;&amp;hellip;&amp;hellip;&amp;quot;&lt;br /&gt;&lt;br&gt;&lt;/p&gt;
</description>
    </item>
    
    <item>
      <title> Code Of Silence</title>
      <link>http://letraspedia.com/lyric/10cc-code-of-silence/</link>
      <pubDate>Mon, 01 Sep 2008 00:00:00 UTC</pubDate>
      <author>Enthusiastic Hugo User</author>
      <guid>http://letraspedia.com/lyric/10cc-code-of-silence/</guid>
      <description>&lt;p&gt;Deep in the night&lt;br /&gt;i can hear you calling my name&lt;br /&gt;how can i try to help you woman&lt;br /&gt;if you go on hiding your pain&lt;br /&gt;baby, baby, the tears on your pillow are real&lt;br /&gt;you can&amp;#39;t go on pretending to me&lt;br /&gt;when i see the pain that you feel &lt;br /&gt;A code of silence, is a dreadful thing&lt;br /&gt;it can make you feel harder&lt;br /&gt;it can keep you hanging on a string&lt;br /&gt;here in the darkness&lt;br /&gt;when i hear you calling my name&lt;br /&gt;a code of silence is a deadly game&lt;br /&gt;it&amp;#39;s a deadly game (what&amp;#39;s that you say)&lt;br /&gt;it&amp;#39;s a deadly game (speak to me now)&lt;br /&gt;it&amp;#39;s a deadly game (deadly game) &lt;br /&gt;Lost in your dreams&lt;br /&gt;trouble on your face in the pale moonlight&lt;br /&gt;nowhere to run you&amp;#39;ve got to let me know&lt;br /&gt;where you are standing tonight&lt;br /&gt;baby baby baby&lt;br /&gt;i know that you&amp;#39;re hurting inside&lt;br /&gt;open your heart&lt;br /&gt;i know that we can make it&lt;br /&gt;if you talk to me now &lt;br /&gt;A code of silence, is a deadly thing&lt;br /&gt;it can make you feel harder&lt;br /&gt;it can keep you hanging on a string&lt;br /&gt;here in the darkness&lt;br /&gt;when i hear you calling my name&lt;br /&gt;a code of silence is a deadly game&lt;br /&gt;it&amp;#39;s a deadly game (what&amp;#39;s that you say)&lt;br /&gt;it&amp;#39;s a deadly game (speak to me now)&lt;br /&gt;it&amp;#39;s a deadly game (deadly game)&amp;hellip;.&lt;br /&gt;&lt;br&gt;&lt;/p&gt;
</description>
    </item>
    
    <item>
      <title> Donna</title>
      <link>http://letraspedia.com/lyric/10cc-donna/</link>
      <pubDate>Mon, 01 Sep 2008 00:00:00 UTC</pubDate>
      <author>Enthusiastic Hugo User</author>
      <guid>http://letraspedia.com/lyric/10cc-donna/</guid>
      <description>&lt;p&gt;Oh donna&lt;br /&gt;you made me stand up&lt;br /&gt;you made me sit down, donna&lt;br /&gt;sit down, donna&lt;br /&gt;sit down&lt;br /&gt;you made stand up &lt;br /&gt;Donna waiting by the telephone&lt;br /&gt;donna waiting for the phone to ring &lt;br /&gt;Oh donna&lt;br /&gt;you make me break up&lt;br /&gt;you make me break down, donna&lt;br /&gt;break down, donna&lt;br /&gt;break down&lt;br /&gt;you make me break up &lt;br /&gt;Meanwhile waiting by the telephone&lt;br /&gt;donna is waiting for the phone to ring &lt;br /&gt;&amp;quot;hello, darling&lt;br /&gt;yes i love you darling&lt;br /&gt;yes i love you&amp;quot; &lt;br /&gt;Oh donna&lt;br /&gt;you made me stand up&lt;br /&gt;you made me sit down, donna&lt;br /&gt;sit down, donna&lt;br /&gt;sit down&lt;br /&gt;you make stand up &lt;br /&gt;Donna i&amp;#39;d stand on my head for you&lt;br /&gt;oh my love, my own one&lt;br /&gt;oh my love, my own one &lt;br /&gt;Donna waiting by the telephone&lt;br /&gt;donna waiting for the phone to ring &lt;br /&gt;Oh donna&lt;br /&gt;oh donna&lt;br /&gt;oh donna&lt;br /&gt;oh donna&lt;br /&gt;donna i love you&lt;br /&gt;&lt;br&gt;&lt;/p&gt;
</description>
    </item>
    
  </channel>
</rss>