<?xml version="1.0" encoding="utf-8" standalone="yes" ?>
<rss version="2.0" xmlns:atom="http://www.w3.org/2005/Atom">
  <channel>
      <title>3 Yardas on Letraspedia.com thes best lyrics page </title>
    <link>http://letraspedia.com/artist/3-yardas/</link>
    <language>en-US</language>
    <author>Enthusiastic Hugo User</author>
    <rights>Copyright (c) 2014, Enthusiastic Hugo User; all rights reserved.</rights>
    <updated>Mon, 01 Sep 2008 00:00:00 UTC</updated>
    
    <item>
      <title> Amanecer</title>
      <link>http://letraspedia.com/lyric/3-yardas-amanecer/</link>
      <pubDate>Mon, 01 Sep 2008 00:00:00 UTC</pubDate>
      <author>Enthusiastic Hugo User</author>
      <guid>http://letraspedia.com/lyric/3-yardas-amanecer/</guid>
      <description>&lt;p&gt;Desperté y no podía pensar
&lt;br&gt;Tantas noches sin dormir
&lt;br&gt;Descubrí en mi soledad
&lt;br&gt;No puedo estar sin ti
&lt;br&gt;
&lt;br&gt;Necesito escuchar
&lt;br&gt;Tus latidos sobre mí
&lt;br&gt;Abrazarte hasta el final
&lt;br&gt;y que entiendas mi existir &amp;hellip;
&lt;br&gt;
&lt;br&gt;Y amanecer buscando algo que nunca encontrare
&lt;br&gt;Tu mirada me desgarra, y ahora entiendo el porqué
&lt;br&gt;
&lt;br&gt;Desperté y encontré
&lt;br&gt;Un vació en mi piel
&lt;br&gt;Te marchaste y sin saber
&lt;br&gt;Me dejaste de entender
&lt;br&gt;
&lt;br&gt;Hoy te digo la verdad
&lt;br&gt;Completaste la mitad
&lt;br&gt;Y aunque todo quedo atrás
&lt;br&gt;Es otra historia sin final &amp;hellip;
&lt;br&gt;
&lt;br&gt;Y amanecer buscando algo que nunca encontrare
&lt;br&gt;Tu mirada me desgarra, y ahora entiendo el porqué&lt;/p&gt;
</description>
    </item>
    
    <item>
      <title> Aquí Conmigo</title>
      <link>http://letraspedia.com/lyric/3-yardas-aqui-conmigo/</link>
      <pubDate>Mon, 01 Sep 2008 00:00:00 UTC</pubDate>
      <author>Enthusiastic Hugo User</author>
      <guid>http://letraspedia.com/lyric/3-yardas-aqui-conmigo/</guid>
      <description>&lt;p&gt;Palabras me hacen falta
&lt;br&gt;miradas no me alcanzan
&lt;br&gt;quisiera decirte que estoy aquí
&lt;br&gt;trato de entender
&lt;br&gt;no puedo seguir así
&lt;br&gt;
&lt;br&gt;Tu siempre tan tranquila
&lt;br&gt;a veces tan distante
&lt;br&gt;trato de descifrar una señal
&lt;br&gt;
&lt;br&gt;ya lo sé
&lt;br&gt;y no me queda mas que decirte
&lt;br&gt;
&lt;br&gt;Ven, ven aquí conmigo
&lt;br&gt;Ven, ven aquí conmigo
&lt;br&gt;
&lt;br&gt;la inmensidad de un sueño
&lt;br&gt;juraste que era sólo para mí
&lt;br&gt;tomaste otros caminos
&lt;br&gt;sin pensar
&lt;br&gt;
&lt;br&gt;ya lo sé
&lt;br&gt;y no me queda mas que decirte
&lt;br&gt;
&lt;br&gt;Ven, ven aquí conmigo
&lt;br&gt;Ven, ven aquí conmigo
&lt;br&gt;
&lt;br&gt;ya no puedo yo pensar
&lt;br&gt;que lo vuelvas a intentar
&lt;br&gt;
&lt;br&gt;Ven, ven aquí conmigo&lt;/p&gt;
</description>
    </item>
    
    <item>
      <title> Eres Tu</title>
      <link>http://letraspedia.com/lyric/3-yardas-eres-tu/</link>
      <pubDate>Mon, 01 Sep 2008 00:00:00 UTC</pubDate>
      <author>Enthusiastic Hugo User</author>
      <guid>http://letraspedia.com/lyric/3-yardas-eres-tu/</guid>
      <description>&lt;p&gt;Escucha corazón
&lt;br&gt;Quiero oír  tu voz
&lt;br&gt;Te canto esta canción
&lt;br&gt;Recuerda mi amor
&lt;br&gt;Hoy trato de pensar
&lt;br&gt;Que algún día volverás
&lt;br&gt;O no Verte jamás&amp;hellip;
&lt;br&gt;
&lt;br&gt;Dicen por ahí que estas tan bien
&lt;br&gt;(Estas tan bien)
&lt;br&gt;No se que decir y pienso que..
&lt;br&gt;
&lt;br&gt;Eres tu ayer
&lt;br&gt;Trato yo de amar
&lt;br&gt;Eres tu ayer
&lt;br&gt;trato de olvidar
&lt;br&gt;Eres tu ayer
&lt;br&gt;la vida yo entregue
&lt;br&gt;Eres tu que fue
&lt;br&gt;Un sueño o realidad
&lt;br&gt;
&lt;br&gt;Tu mirada angelical es difícil de olvidar
&lt;br&gt;Tanto tiempo que te ame, tantas veces soledad
&lt;br&gt;En mi mente ya no estás,
&lt;br&gt;De mi vida tú saldrás
&lt;br&gt;Tus recuerdos morirán..
&lt;br&gt;
&lt;br&gt;Siento ahora que nada es igual
&lt;br&gt;dame una señal y te diré&amp;hellip;
&lt;br&gt;
&lt;br&gt;Eres tu ayer
&lt;br&gt;Trato yo de amar
&lt;br&gt;Eres tu ayer
&lt;br&gt;trato de olvidar
&lt;br&gt;Eres tu ayer
&lt;br&gt;la vida yo entregue
&lt;br&gt;Eres tu que fue
&lt;br&gt;Un sueño o realidad
&lt;br&gt;
&lt;br&gt;Eres tu ayer
&lt;br&gt;Trato yo de amar
&lt;br&gt;Eres túuuu
&lt;br&gt;
&lt;br&gt;Eres tu ayer
&lt;br&gt;Trato yo de amar
&lt;br&gt;Eres tú
&lt;br&gt;trato de olvidar
&lt;br&gt;Eres tu ayer
&lt;br&gt;la vida yo entregue
&lt;br&gt;Eres tú
&lt;br&gt;Un sueño o realidad&lt;/p&gt;
</description>
    </item>
    
    <item>
      <title> Mi Destino</title>
      <link>http://letraspedia.com/lyric/3-yardas-mi-destino/</link>
      <pubDate>Mon, 01 Sep 2008 00:00:00 UTC</pubDate>
      <author>Enthusiastic Hugo User</author>
      <guid>http://letraspedia.com/lyric/3-yardas-mi-destino/</guid>
      <description>&lt;p&gt;Mas allá de esta ciudad
&lt;br&gt;Voy donde me puedan escuchar
&lt;br&gt;Un camino sin final
&lt;br&gt;Es el que hoy prefiero yo tomar
&lt;br&gt;
&lt;br&gt;Y yo tengo el control
&lt;br&gt;De mis pasos hacia el sol
&lt;br&gt;
&lt;br&gt;Y no, no me detendré
&lt;br&gt;De mis sueños no me apartaré
&lt;br&gt;y no me digas que hacer
&lt;br&gt;Mi destino solo yo lo crearé
&lt;br&gt;
&lt;br&gt;Mirame una vez más
&lt;br&gt;No lo estás soñando es real
&lt;br&gt;Quieres volver hacia mí
&lt;br&gt;De mi mundo tu dejaste de existir
&lt;br&gt;
&lt;br&gt;Y yo tengo el control
&lt;br&gt;De mi vida y mi razón
&lt;br&gt;
&lt;br&gt;Y no, no me detendré
&lt;br&gt;De mis sueños no me apartaré
&lt;br&gt;y no me digas que hacer
&lt;br&gt;Mi destino solo yo lo crearé&lt;/p&gt;
</description>
    </item>
    
    <item>
      <title> Un Día Mas</title>
      <link>http://letraspedia.com/lyric/3-yardas-un-dia-mas/</link>
      <pubDate>Mon, 01 Sep 2008 00:00:00 UTC</pubDate>
      <author>Enthusiastic Hugo User</author>
      <guid>http://letraspedia.com/lyric/3-yardas-un-dia-mas/</guid>
      <description>&lt;p&gt;Un día más estoy aqui
&lt;br&gt;las horas pasan todo es gris
&lt;br&gt;siento tus besos y al pensar&amp;hellip; (sin hablar)
&lt;br&gt;siento algún día volverás
&lt;br&gt;
&lt;br&gt;Tantos momentos sin final
&lt;br&gt;Nuevos recuerdos surgirán
&lt;br&gt;
&lt;br&gt;Un día más, se que no estás
&lt;br&gt;
&lt;br&gt;Ahora te espero retornar
&lt;br&gt;Quiero volver a respirar
&lt;br&gt;Desapareces mi triste soledad
&lt;br&gt;Felicidad un día más
&lt;br&gt;
&lt;br&gt;Tantos momentos sin final
&lt;br&gt;Nuevos recuerdos surgirán
&lt;br&gt;
&lt;br&gt;Un día más, se que no estás
&lt;br&gt;Te quiero mas, un día más&lt;/p&gt;
</description>
    </item>
    
    <item>
      <title> Ya No Estas</title>
      <link>http://letraspedia.com/lyric/3-yardas-ya-no-estas/</link>
      <pubDate>Mon, 01 Sep 2008 00:00:00 UTC</pubDate>
      <author>Enthusiastic Hugo User</author>
      <guid>http://letraspedia.com/lyric/3-yardas-ya-no-estas/</guid>
      <description>&lt;p&gt;Es un tormento
&lt;br&gt;ha pasado el tiempo y no estás, aquí
&lt;br&gt;
&lt;br&gt;Todos los recuerdos
&lt;br&gt;a tu lado vienen y se van de aquí
&lt;br&gt;
&lt;br&gt;Sin ti&amp;hellip; a mi&amp;hellip; sin ti
&lt;br&gt;
&lt;br&gt;Y tengo que aceptar que en mi vida ya no estas
&lt;br&gt;tu sabes la verdad que tu siempre me tendrás
&lt;br&gt;y siento que al final todo esto pasará
&lt;br&gt;y jamás volvera
&lt;br&gt;
&lt;br&gt;Espero que encuentres
&lt;br&gt;el camino a la felicidad, quiero que&amp;hellip;
&lt;br&gt;
&lt;br&gt;Solo recuerdes,
&lt;br&gt;lo vivido nadie lo podrá, borrar..
&lt;br&gt;
&lt;br&gt;De ti.. de mi.. de ti
&lt;br&gt;
&lt;br&gt;Y tengo que aceptar que en mi vida ya no estas
&lt;br&gt;tu sabes la verdad que tu siempre me tendrás
&lt;br&gt;y siento que al final todo esto pasará
&lt;br&gt;y jamás volvera&lt;/p&gt;
</description>
    </item>
    
  </channel>
</rss>