<?xml version="1.0" encoding="utf-8" standalone="yes" ?>
<rss version="2.0" xmlns:atom="http://www.w3.org/2005/Atom">
  <channel>
      <title>22 Jacks on Letraspedia.com thes best lyrics page </title>
    <link>http://letraspedia.com/artist/22-jacks/</link>
    <language>en-US</language>
    <author>Enthusiastic Hugo User</author>
    <rights>Copyright (c) 2014, Enthusiastic Hugo User; all rights reserved.</rights>
    <updated>Mon, 01 Sep 2008 00:00:00 UTC</updated>
    
    <item>
      <title> Breakin</title>
      <link>http://letraspedia.com/lyric/22-jacks-breakin/</link>
      <pubDate>Mon, 01 Sep 2008 00:00:00 UTC</pubDate>
      <author>Enthusiastic Hugo User</author>
      <guid>http://letraspedia.com/lyric/22-jacks-breakin/</guid>
      <description>&lt;p&gt;Well i have been here before &lt;br /&gt;so down on it &lt;br /&gt;so lost in it &lt;br /&gt;trying to name my enemies &lt;br /&gt;before they swallow me &lt;br /&gt;Breaking is what i want &lt;br /&gt;breaking &lt;br /&gt;breaking is what i want &lt;br /&gt;breaking something for nothing &lt;br /&gt;I can&amp;#39;t feel this hate &lt;br /&gt;much longer, friendships &lt;br /&gt;dragged and ripped for this &lt;br /&gt;what can i expect &lt;br /&gt;a piece of them &lt;br /&gt;for all of me&lt;br /&gt;&lt;br&gt;&lt;/p&gt;
</description>
    </item>
    
    <item>
      <title> Message In A Bottle</title>
      <link>http://letraspedia.com/lyric/22-jacks-message-in-a-bottle/</link>
      <pubDate>Mon, 01 Sep 2008 00:00:00 UTC</pubDate>
      <author>Enthusiastic Hugo User</author>
      <guid>http://letraspedia.com/lyric/22-jacks-message-in-a-bottle/</guid>
      <description>&lt;p&gt;Just a castaway &lt;br /&gt;an island lost at sea &lt;br /&gt;another lonely day &lt;br /&gt;with no one here but me &lt;br /&gt;more loneliness &lt;br /&gt;than any man could bear &lt;br /&gt;rescue me before i fall into despair &lt;br /&gt;I&amp;#39;ll send an sos to the world &lt;br /&gt;i&amp;#39;ll send an sos to the world &lt;br /&gt;i hope that someone gets my &lt;br /&gt;i hope that someone gets my &lt;br /&gt;i hope that someone gets my &lt;br /&gt;message in a bottle &lt;br /&gt;[message in a bottle] &lt;br /&gt;A year has passed since i wrote my note &lt;br /&gt;but i should have known this right from the start &lt;br /&gt;only hope can keep us together &lt;br /&gt;love can mend your life &lt;br /&gt;but love can break your heart &lt;br /&gt;I&amp;#39;ll send an sos to the world &lt;br /&gt;i&amp;#39;ll send an sos to the world &lt;br /&gt;i hope that someone gets my &lt;br /&gt;i hope that someone gets my &lt;br /&gt;i hope that someone gets my &lt;br /&gt;message in a bottle &lt;br /&gt;[message in a bottle &lt;br /&gt;oh, message in a bottle, message in a bottle] &lt;br /&gt;Walked out this morning &lt;br /&gt;don&amp;#39;t believe what i saw &lt;br /&gt;a hundred billion bottles &lt;br /&gt;washed up on the shore &lt;br /&gt;seems i&amp;#39;m not alone at being alone &lt;br /&gt;a hundred billion casatways &lt;br /&gt;looking for a home &lt;br /&gt;&lt;br&gt;I&amp;#39;ll send an sos to the world &lt;br /&gt;i&amp;#39;ll send an sos to the world &lt;br /&gt;i hope that someone gets my &lt;br /&gt;i hope that someone gets my &lt;br /&gt;i hope that someone gets my &lt;br /&gt;message in a bottle &lt;br /&gt;[message in a bottle, message in a bottle, message in a bottle] &lt;br /&gt;sending out an sos&amp;hellip; &lt;br /&gt;sending out an s so blue&lt;br /&gt;&lt;br&gt;&lt;/p&gt;
</description>
    </item>
    
    <item>
      <title> Newspapers And Cigarettes</title>
      <link>http://letraspedia.com/lyric/22-jacks-newspapers-and-cigarettes/</link>
      <pubDate>Mon, 01 Sep 2008 00:00:00 UTC</pubDate>
      <author>Enthusiastic Hugo User</author>
      <guid>http://letraspedia.com/lyric/22-jacks-newspapers-and-cigarettes/</guid>
      <description>&lt;p&gt;Newspaper, cigarettes &lt;br /&gt;tell the story best &lt;br /&gt;when second hand talk &lt;br /&gt;tries to put you to rest &lt;br /&gt;i think you better move over &lt;br /&gt;find another chair &lt;br /&gt;or they&amp;#39;ll put it together &lt;br /&gt;and be so unfair &lt;br /&gt;It&amp;#39;s not going to happen this way &lt;br /&gt;it&amp;#39;s not going to happen this time &lt;br /&gt;no sad story here &lt;br /&gt;not a single complaint &lt;br /&gt;not one, not two, not even a tear &lt;br /&gt;it&amp;#39;s gonna happen this time &lt;br /&gt;Walking down the same street &lt;br /&gt;way to long&lt;br /&gt;&lt;br&gt;&lt;/p&gt;
</description>
    </item>
    
    <item>
      <title> Only Nobody</title>
      <link>http://letraspedia.com/lyric/22-jacks-only-nobody/</link>
      <pubDate>Mon, 01 Sep 2008 00:00:00 UTC</pubDate>
      <author>Enthusiastic Hugo User</author>
      <guid>http://letraspedia.com/lyric/22-jacks-only-nobody/</guid>
      <description>&lt;p&gt;Waiting so silent &lt;br /&gt;with patience as a friend &lt;br /&gt;bring some sadness &lt;br /&gt;bring on the end &lt;br /&gt;a kind of distance &lt;br /&gt;kept inside of it all &lt;br /&gt;another hour &lt;br /&gt;another chance to fall &lt;br /&gt;Nobody gets hurt &lt;br /&gt;nobody gets hurt &lt;br /&gt;only nobody &lt;br /&gt;A change of direction &lt;br /&gt;so far from the rest &lt;br /&gt;a chance of rejection &lt;br /&gt;or just another test &lt;br /&gt;a kind of difference &lt;br /&gt;from way underneath &lt;br /&gt;another second &lt;br /&gt;just watch them cheat&lt;br /&gt;&lt;br&gt;&lt;/p&gt;
</description>
    </item>
    
    <item>
      <title> Quit</title>
      <link>http://letraspedia.com/lyric/22-jacks-quit/</link>
      <pubDate>Mon, 01 Sep 2008 00:00:00 UTC</pubDate>
      <author>Enthusiastic Hugo User</author>
      <guid>http://letraspedia.com/lyric/22-jacks-quit/</guid>
      <description>&lt;p&gt;Quit crying again &lt;br /&gt;quit sleeping again &lt;br /&gt;quit crying again &lt;br /&gt;it&amp;#39;s only hours in the end &lt;br /&gt;Heard you had a slip up &lt;br /&gt;silver splinters underneath you skin &lt;br /&gt;down deep, down deep to the bone &lt;br /&gt;what&amp;#39;s left to do , when &lt;br /&gt;the truth comes through &lt;br /&gt;so you had a moment &lt;br /&gt;a chance to gain some balance &lt;br /&gt;steering with your eyes takes time &lt;br /&gt;it&amp;#39;s only hours in the end &lt;br /&gt;Heard you had a slip up &lt;br /&gt;ain&amp;#39;t it funny how it starts to end &lt;br /&gt;down deep, down deep, so alone &lt;br /&gt;what&amp;#39;s left to do except go home &lt;br /&gt;so you had a moment &lt;br /&gt;and i doubt that anysaw &lt;br /&gt;the second hand on the clock &lt;br /&gt;wasn&amp;#39;t turning &lt;br /&gt;and all this time was learning&lt;br /&gt;&lt;br&gt;&lt;/p&gt;
</description>
    </item>
    
    <item>
      <title> Sea</title>
      <link>http://letraspedia.com/lyric/22-jacks-sea/</link>
      <pubDate>Mon, 01 Sep 2008 00:00:00 UTC</pubDate>
      <author>Enthusiastic Hugo User</author>
      <guid>http://letraspedia.com/lyric/22-jacks-sea/</guid>
      <description>&lt;p&gt;Think i might go down today &lt;br /&gt;complications way to deep &lt;br /&gt;wanna swim way out to sea &lt;br /&gt;implications on my skin &lt;br /&gt;feel the situation rise &lt;br /&gt;told myself to many lies &lt;br /&gt;working for the good of all &lt;br /&gt;and now i&amp;#39;m gonna take their fall &lt;br /&gt;If i go under &lt;br /&gt;why even come back &lt;br /&gt;Think i might sleep today &lt;br /&gt;things are moving way too fast &lt;br /&gt;pull me up before i pass &lt;br /&gt;got anchors on my ankles &lt;br /&gt;then again i better go &lt;br /&gt;cause everybody here will know &lt;br /&gt;think i might drown today &lt;br /&gt;think i might drown today &lt;br /&gt;Just motionless and stuck in it &lt;br /&gt;just motionless and heartless &lt;br /&gt;somebody give me a push &lt;br /&gt;before i drown &lt;br /&gt;don&amp;#39;t wanna go down&lt;br /&gt;&lt;br&gt;&lt;/p&gt;
</description>
    </item>
    
    <item>
      <title> So Now You Know</title>
      <link>http://letraspedia.com/lyric/22-jacks-so-now-you-know/</link>
      <pubDate>Mon, 01 Sep 2008 00:00:00 UTC</pubDate>
      <author>Enthusiastic Hugo User</author>
      <guid>http://letraspedia.com/lyric/22-jacks-so-now-you-know/</guid>
      <description>&lt;p&gt;Found a piece of hope today &lt;br /&gt;way down between the cracks &lt;br /&gt;starting to clear the way &lt;br /&gt;a copper wish across the tracks &lt;br /&gt;Found a piece of me today &lt;br /&gt;sometimes it just goes that way &lt;br /&gt;spent a single second waiting &lt;br /&gt;what&amp;#39;s the use to even stay &lt;br /&gt;Try the best to understand &lt;br /&gt;i try the best to even stand &lt;br /&gt;so know you know &lt;br /&gt;I&amp;#39;m not looking for somebody to fake &lt;br /&gt;take a look from the inside &lt;br /&gt;don&amp;#39;t want it to break &lt;br /&gt;over and over &lt;br /&gt;again and again &lt;br /&gt;sometimes things i&amp;#39;ve just gotta take&lt;br /&gt;&lt;br&gt;&lt;/p&gt;
</description>
    </item>
    
    <item>
      <title> So Sorry</title>
      <link>http://letraspedia.com/lyric/22-jacks-so-sorry/</link>
      <pubDate>Mon, 01 Sep 2008 00:00:00 UTC</pubDate>
      <author>Enthusiastic Hugo User</author>
      <guid>http://letraspedia.com/lyric/22-jacks-so-sorry/</guid>
      <description>&lt;p&gt;Another crack &lt;br /&gt;another smack &lt;br /&gt;can&amp;#39;t stand to see you down &lt;br /&gt;put in a call &lt;br /&gt;saw through the walls &lt;br /&gt;can&amp;#39;t see to see you down &lt;br /&gt;Categorize the ptoblem size &lt;br /&gt;the difference bleeds &lt;br /&gt;turn in and try &lt;br /&gt;another crack &lt;br /&gt;another smack &lt;br /&gt;can&amp;#39;t stand to see you &lt;br /&gt;So sorry, why worry &lt;br /&gt;anything can happen now &lt;br /&gt;stars crossed out and i know how&lt;br /&gt;&lt;br&gt;&lt;/p&gt;
</description>
    </item>
    
    <item>
      <title> Swallow</title>
      <link>http://letraspedia.com/lyric/22-jacks-swallow/</link>
      <pubDate>Mon, 01 Sep 2008 00:00:00 UTC</pubDate>
      <author>Enthusiastic Hugo User</author>
      <guid>http://letraspedia.com/lyric/22-jacks-swallow/</guid>
      <description>&lt;p&gt;The pavement under my feet &lt;br /&gt;is going soft &lt;br /&gt;the sun is melting souls &lt;br /&gt;and nobody&amp;#39;s got any spirit &lt;br /&gt;i guess that&amp;#39;s the trick of today &lt;br /&gt;read it in the paper &lt;br /&gt;ink stains your hands &lt;br /&gt;messes with your intentions &lt;br /&gt;no point, no point standing &lt;br /&gt;Swallow &lt;br /&gt;Railroad through my head is fast &lt;br /&gt;and i don&amp;#39;t know if i got a ticket &lt;br /&gt;to ride this train &lt;br /&gt;and it might not be stopping here &lt;br /&gt;here, there and anywhere &lt;br /&gt;can i get of &lt;br /&gt;i don&amp;#39;t think i can stand another stop&lt;br /&gt;&lt;br&gt;&lt;/p&gt;
</description>
    </item>
    
    <item>
      <title> Things To Come</title>
      <link>http://letraspedia.com/lyric/22-jacks-things-to-come/</link>
      <pubDate>Mon, 01 Sep 2008 00:00:00 UTC</pubDate>
      <author>Enthusiastic Hugo User</author>
      <guid>http://letraspedia.com/lyric/22-jacks-things-to-come/</guid>
      <description>&lt;p&gt;Street underneath my feet &lt;br /&gt;keeps on giving me a path &lt;br /&gt;to somewhere i don&amp;#39;t know &lt;br /&gt;i&amp;#39;ve got things on my head &lt;br /&gt;things on my mind before &lt;br /&gt;before they catch me if i can &lt;br /&gt;my ideas of things yet to come &lt;br /&gt;Over there - like a face in the path &lt;br /&gt;no way of trying to get me going &lt;br /&gt;here, there, or anywhere, &lt;br /&gt;so i sit and think of things &lt;br /&gt;yet to come&lt;br /&gt;&lt;br&gt;&lt;/p&gt;
</description>
    </item>
    
    <item>
      <title> Tracks Of My Tears</title>
      <link>http://letraspedia.com/lyric/22-jacks-tracks-of-my-tears/</link>
      <pubDate>Mon, 01 Sep 2008 00:00:00 UTC</pubDate>
      <author>Enthusiastic Hugo User</author>
      <guid>http://letraspedia.com/lyric/22-jacks-tracks-of-my-tears/</guid>
      <description>&lt;p&gt;People say i&amp;#39;m the life of the party &lt;br /&gt;&amp;#39;cause i tell a joke or two &lt;br /&gt;although they might be laughing loud and hearty &lt;br /&gt;deep inside i&amp;#39;m blue &lt;br /&gt;so take a good look at my face &lt;br /&gt;you&amp;#39;ll see my smile looks out of place &lt;br /&gt;if you look closer, it&amp;#39;s easy to trace &lt;br /&gt;the tracks of my tears&amp;hellip; &lt;br /&gt;i need you, need you &lt;br /&gt;if you see me with another girl &lt;br /&gt;seeming like i&amp;#39;m having fun &lt;br /&gt;although she may be cute &lt;br /&gt;she&amp;#39;s just a substitute &lt;br /&gt;because you&amp;#39;re the permanent one&amp;hellip; &lt;br /&gt;so take a good look at my face &lt;br /&gt;you&amp;#39;ll see my smile looks out of place &lt;br /&gt;if you look closer, it&amp;#39;s easy to trace &lt;br /&gt;the tracks of my tears&amp;hellip; &lt;br /&gt;i need you, need you &lt;br /&gt;outside i&amp;#39;m masquerading &lt;br /&gt;inside my hope is fading &lt;br /&gt;just a clown oh yeah &lt;br /&gt;since you put me down &lt;br /&gt;my smile is my make up &lt;br /&gt;i wear since my break up with you&amp;hellip; &lt;br /&gt;baby, baby, baby take a good look at my face &lt;br /&gt;you&amp;#39;ll see my smile looks out of place &lt;br /&gt;if you look closer, it&amp;#39;s easy to trace &lt;br /&gt;the tracks of my tears&lt;br /&gt;&lt;br&gt;&lt;/p&gt;
</description>
    </item>
    
    <item>
      <title> Walking Home</title>
      <link>http://letraspedia.com/lyric/22-jacks-walking-home/</link>
      <pubDate>Mon, 01 Sep 2008 00:00:00 UTC</pubDate>
      <author>Enthusiastic Hugo User</author>
      <guid>http://letraspedia.com/lyric/22-jacks-walking-home/</guid>
      <description>&lt;p&gt;A gift of serenity &lt;br /&gt;a change of identity &lt;br /&gt;hit so hard hit so fast &lt;br /&gt;came from somewhere above me &lt;br /&gt;an existence stuck behind &lt;br /&gt;over and over and over again &lt;br /&gt;different stories &lt;br /&gt;but the same old lines &lt;br /&gt;The streets are empty &lt;br /&gt;and i&amp;#39;m walking home &lt;br /&gt;the city sleeps lost &lt;br /&gt;souls moves alone &lt;br /&gt;and i need some words &lt;br /&gt;to fill up the end &lt;br /&gt;over and over and over again &lt;br /&gt;My fingertips are bleeding &lt;br /&gt;scratching through these walls &lt;br /&gt;some kind of dark feeling &lt;br /&gt;still stopping from the fall &lt;br /&gt;an existence to some &lt;br /&gt;from 4 to 3 to only one &lt;br /&gt;my finger tips are bleeding&lt;br /&gt;&lt;br&gt;&lt;/p&gt;
</description>
    </item>
    
    <item>
      <title> Will They Forget You</title>
      <link>http://letraspedia.com/lyric/22-jacks-will-they-forget-you/</link>
      <pubDate>Mon, 01 Sep 2008 00:00:00 UTC</pubDate>
      <author>Enthusiastic Hugo User</author>
      <guid>http://letraspedia.com/lyric/22-jacks-will-they-forget-you/</guid>
      <description>&lt;p&gt;Was it enough to take control &lt;br /&gt;was it enough to sell your soul &lt;br /&gt;it was enough to tear us apart &lt;br /&gt;is it enough to take you down &lt;br /&gt;tear it up push it into the ground &lt;br /&gt;igave it up before you took it away &lt;br /&gt;Will they forget you &lt;br /&gt;i think so &lt;br /&gt;could they let you &lt;br /&gt;i hope so &lt;br /&gt;sometimes it&amp;#39;s harder than you know &lt;br /&gt;Is it tough to be alone &lt;br /&gt;trip on yourself you&amp;#39;re on your own &lt;br /&gt;it&amp;#39;s too late to say you&amp;#39;re wrong &lt;br /&gt;hiding down, down between the cracks &lt;br /&gt;gliding off the other people&amp;#39;s backs &lt;br /&gt;it doesn&amp;#39;t matter now &lt;br /&gt;i&amp;#39;m out i&amp;#39;m gone&lt;br /&gt;&lt;br&gt;&lt;/p&gt;
</description>
    </item>
    
  </channel>
</rss>