<?xml version="1.0" encoding="utf-8" standalone="yes" ?>
<rss version="2.0" xmlns:atom="http://www.w3.org/2005/Atom">
  <channel>
      <title>2 Black on Letraspedia.com thes best lyrics page </title>
    <link>http://letraspedia.com/artist/2-black/</link>
    <language>en-US</language>
    <author>Enthusiastic Hugo User</author>
    <rights>Copyright (c) 2014, Enthusiastic Hugo User; all rights reserved.</rights>
    <updated>Mon, 01 Sep 2008 00:00:00 UTC</updated>
    
    <item>
      <title> Paradise</title>
      <link>http://letraspedia.com/lyric/2-black-paradise/</link>
      <pubDate>Mon, 01 Sep 2008 00:00:00 UTC</pubDate>
      <author>Enthusiastic Hugo User</author>
      <guid>http://letraspedia.com/lyric/2-black-paradise/</guid>
      <description>&lt;p&gt;When you give your love it&amp;rsquo;s paradise
&lt;br&gt;I want in all my life, I realize
&lt;br&gt;and all I need I find in your eyes
&lt;br&gt;open up your, open up your
&lt;br&gt;
&lt;br&gt;When I&amp;rsquo;m alone and I can&amp;rsquo;t sleep I fantasize
&lt;br&gt;about what your lovin&amp;rsquo; means to me, it signifies
&lt;br&gt;and everything that&amp;rsquo;s good in you I find
&lt;br&gt;Paradise I&amp;rsquo;m in paradise
&lt;br&gt;
&lt;br&gt;Aria, ti respiro ancora sai
&lt;br&gt;nell&amp;rsquo;aria ti scaccio ma ci sei
&lt;br&gt;Voglia, tanta voglia dentro me
&lt;br&gt;Una febbre che mi assale, io mi sento cosi male
&lt;br&gt;
&lt;br&gt;You&amp;rsquo;re what I&amp;rsquo;m dreaming of, it&amp;rsquo;s paradise
&lt;br&gt;I just can&amp;rsquo;t get enough I realize
&lt;br&gt;of all this happiness and joy in your eyes
&lt;br&gt;Give it to me, Give it to me
&lt;br&gt;
&lt;br&gt;Finally that I have found it&amp;rsquo;s paradise
&lt;br&gt;and just so many tears, many fights, many
&lt;br&gt;founds, I realize
&lt;br&gt;it could be simply wonderful and proud
&lt;br&gt;Paradise I&amp;rsquo;m in paradise
&lt;br&gt;
&lt;br&gt;Aria, ti respiro ancora sai
&lt;br&gt;nell&amp;rsquo;aria ti scaccio ma ci sei
&lt;br&gt;Voglia, tanta voglia dentro me
&lt;br&gt;Una febbre che mi assale, io mi sento cosi male
&lt;br&gt;
&lt;br&gt;Aria, quasi manca l&amp;rsquo;aria
&lt;br&gt;nell&amp;rsquo;aria ci siamo ancora noi
&lt;br&gt;Voglia , maledetta voglia che
&lt;br&gt;a intervalli mi riassale, io mi sento cosi male
&lt;br&gt;
&lt;br&gt;Looking in your eyes I see paradise
&lt;br&gt;I want in all my life and now I realize
&lt;br&gt;and all I need I find but only use
&lt;br&gt;to open up your heart, open up your heart
&lt;br&gt;when I&amp;rsquo;m alone and I can&amp;rsquo;t sleep I fantasise but
&lt;br&gt;how you make me feel, how&amp;rsquo;d you signify
&lt;br&gt;I, I fly in the sky
&lt;br&gt;in paradise in paradise in paradise&amp;hellip;&amp;hellip;..
&lt;br&gt;
&lt;br&gt;Aria, ti respiro ancora sai
&lt;br&gt;nell&amp;rsquo;aria ti scaccio ma ci sei
&lt;br&gt;Voglia, tanta voglia dentro me
&lt;br&gt;Una febbre che mi assale, io mi sento cosi male
&lt;br&gt;
&lt;br&gt;Aria, quasi manca l&amp;rsquo;aria
&lt;br&gt;nell&amp;rsquo;aria ci siamo ancora noi
&lt;br&gt;Voglia , maledetta voglia che
&lt;br&gt;a intervalli mi riassale, io mi sento cosi male
&lt;br&gt;
&lt;br&gt;Aria&amp;hellip; (my lover my lover)
&lt;br&gt;Nell&amp;rsquo;aria&amp;hellip; (my lover I need)
&lt;br&gt;Voglia.. (and over, and over)
&lt;br&gt;Una febbre che mi assale, io mi sento cosi male&lt;/p&gt;
</description>
    </item>
    
    <item>
      <title> Waves Of Luv (in Alto Mare)</title>
      <link>http://letraspedia.com/lyric/2-black-waves-of-luv-in-alto-mare/</link>
      <pubDate>Mon, 01 Sep 2008 00:00:00 UTC</pubDate>
      <author>Enthusiastic Hugo User</author>
      <guid>http://letraspedia.com/lyric/2-black-waves-of-luv-in-alto-mare/</guid>
      <description>&lt;p&gt;Comin on me , comin on you, comin on me &lt;br /&gt;this heartime ,whales of love, set us free &lt;br /&gt;never can tell, just as well, what will be &lt;br /&gt;lovin on you, lovin on me, lovin on me&amp;hellip; ( repeat x 2) &lt;br /&gt;Since youve come into my life &lt;br /&gt;i dont have no stress no strive &lt;br /&gt;im addicted &lt;br /&gt;i dont know what is in store &lt;br /&gt;all i know is i want more &lt;br /&gt;im addicted, uhm.. &lt;br /&gt;Everytime i feel your touch now babe &lt;br /&gt;more indicated before &lt;br /&gt;im addicted &lt;br /&gt;Try to wait for the motion save me &lt;br /&gt;im going on there &lt;br /&gt;im addicted &lt;br /&gt;E ci ritroviamo in alto mare &lt;br /&gt;in alto mare &lt;br /&gt;per poi lasciarsi andare &lt;br /&gt;sull&amp;#39;onda che ti butta giù &lt;br /&gt;e poi ti scaglia verso il blu &lt;br /&gt;e respirare &lt;br /&gt;in alto mare &lt;br /&gt;come due uccelli da ammazzare &lt;br /&gt;piuttosto che tornare giù &lt;br /&gt;per dirsi non si vola più, uh! &lt;br /&gt;Comin on me , comin on you, comin on me &lt;br /&gt;this heartime ,whales of love, set us free &lt;br /&gt;never can tell, just as well, what will be &lt;br /&gt;lovin on you, lovin on me, lovin on me &lt;br /&gt;Since the sum of me and you &lt;br /&gt;is a happiness so true &lt;br /&gt;and im addicted &lt;br /&gt;now i feel my soul renewed &lt;br /&gt;and you please my body too &lt;br /&gt;and im addicted, ah ah &lt;br /&gt;Everytime i feel your touch now babe &lt;br /&gt;more indicated before &lt;br /&gt;im addicted &lt;br /&gt;Try to wait for the motion save me &lt;br /&gt;im going on there &lt;br /&gt;so addicted &lt;br /&gt;E ci ritroviamo in alto mare &lt;br /&gt;in alto mare &lt;br /&gt;per poi lasciarsi andare &lt;br /&gt;sull&amp;#39;onda che ti butta giuù &lt;br /&gt;e poi ti scaglia verso il blu &lt;br /&gt;e respirare &lt;br /&gt;in alto mare &lt;br /&gt;come due uccelli da ammazzare &lt;br /&gt;piuttosto che tornare giù &lt;br /&gt;per dirsi non si vola più, uh! &lt;br /&gt;E ci ritroviamo in alto mare (repeat) &lt;br /&gt;Comin on me , comin on you, comin on me &lt;br /&gt;this heartime ,whales of love, set us free &lt;br /&gt;never can tell, just as well, what will be &lt;br /&gt;lovin on you, lovin on me, lovin on me&amp;hellip; ( repeat x 2)&lt;br /&gt;&lt;br&gt;&lt;/p&gt;
</description>
    </item>
    
  </channel>
</rss>