<?xml version="1.0" encoding="utf-8" standalone="yes" ?>
<rss version="2.0" xmlns:atom="http://www.w3.org/2005/Atom">
  <channel>
      <title>2 Guys From Petra on Letraspedia.com thes best lyrics page </title>
    <link>http://letraspedia.com/artist/2-guys-from-petra/</link>
    <language>en-US</language>
    <author>Enthusiastic Hugo User</author>
    <rights>Copyright (c) 2014, Enthusiastic Hugo User; all rights reserved.</rights>
    <updated>Mon, 01 Sep 2008 00:00:00 UTC</updated>
    
    <item>
      <title> Blessed Be Your Name</title>
      <link>http://letraspedia.com/lyric/2-guys-from-petra-blessed-be-your-name/</link>
      <pubDate>Mon, 01 Sep 2008 00:00:00 UTC</pubDate>
      <author>Enthusiastic Hugo User</author>
      <guid>http://letraspedia.com/lyric/2-guys-from-petra-blessed-be-your-name/</guid>
      <description>&lt;p&gt;Blessed be Your name in the land that is plentiful,
&lt;br&gt;Where Your streams of abundance flow,
&lt;br&gt;Blessed Be Your Name.
&lt;br&gt;And blessed be Your name when I&amp;rsquo;m found in the desert place,
&lt;br&gt;Though I walk through the wilderness,
&lt;br&gt;Blessed be Your name.
&lt;br&gt;
&lt;br&gt;Every blessing You pour out I&amp;rsquo;ll turn back to praise,
&lt;br&gt;And when the darkness closes in, Lord, still I will say:
&lt;br&gt;
&lt;br&gt;Blessed be the name of the Lord,
&lt;br&gt;Blessed be Your name.
&lt;br&gt;Blessed be the name of the Lord,
&lt;br&gt;Blessed be Your glorious name.
&lt;br&gt;
&lt;br&gt;Blessed be Your name when the sun&amp;rsquo;s shining down on me,
&lt;br&gt;When the world&amp;rsquo;s &amp;ldquo;all as it should be&amp;rdquo;,
&lt;br&gt;Blessed be Your name.
&lt;br&gt;And blessed be Your name on the road marked with suffering,
&lt;br&gt;Though there&amp;rsquo;s pain in the offering,
&lt;br&gt;Blessed be Your name.
&lt;br&gt;
&lt;br&gt;You give and take away,
&lt;br&gt;You give and take away,
&lt;br&gt;My heart will choose to say,
&lt;br&gt;Lord, blessed be Your name.&lt;/p&gt;
</description>
    </item>
    
    <item>
      <title> Here I Am To Worship</title>
      <link>http://letraspedia.com/lyric/2-guys-from-petra-here-i-am-to-worship/</link>
      <pubDate>Mon, 01 Sep 2008 00:00:00 UTC</pubDate>
      <author>Enthusiastic Hugo User</author>
      <guid>http://letraspedia.com/lyric/2-guys-from-petra-here-i-am-to-worship/</guid>
      <description>&lt;p&gt;Light of the World, You stepped down into darkness
&lt;br&gt;Opened my eyes, let me see
&lt;br&gt;Beauty that made this heart adore You
&lt;br&gt;Hope of a life spent with You
&lt;br&gt;
&lt;br&gt;(So) Here I am to worship
&lt;br&gt;Here I Am To bow down
&lt;br&gt;Here I am to say that You&amp;rsquo;re my God
&lt;br&gt;You&amp;rsquo;re altogether lovely, altogether worthy,
&lt;br&gt;altogether wonderful to me
&lt;br&gt;
&lt;br&gt;King of all days, oh so highly exalted
&lt;br&gt;Glorious in heaven above,
&lt;br&gt;Humbly You came to the earth You created
&lt;br&gt;All for love&amp;rsquo;s sake became poor
&lt;br&gt;
&lt;br&gt;I&amp;rsquo;ll never know how much it cost
&lt;br&gt;to see my sin upon that cross&lt;/p&gt;
</description>
    </item>
    
    <item>
      <title> Trading My Sorrows</title>
      <link>http://letraspedia.com/lyric/2-guys-from-petra-trading-my-sorrows/</link>
      <pubDate>Mon, 01 Sep 2008 00:00:00 UTC</pubDate>
      <author>Enthusiastic Hugo User</author>
      <guid>http://letraspedia.com/lyric/2-guys-from-petra-trading-my-sorrows/</guid>
      <description>&lt;p&gt;I&amp;rsquo;m Trading My Sorrows
&lt;br&gt;I&amp;rsquo;m trading my shame
&lt;br&gt;I&amp;rsquo;m laying them down for the joy of the Lord
&lt;br&gt;I&amp;rsquo;m trading my sickness
&lt;br&gt;I&amp;rsquo;m trading my pain
&lt;br&gt;I&amp;rsquo;m laying them down for the joy of the Lord
&lt;br&gt;
&lt;br&gt;We say yes Lord yes Lord yes yes Lord
&lt;br&gt;Yes Lord yes Lord yes yes Lord
&lt;br&gt;Yes Lord yes Lord yes yes Lord Amen
&lt;br&gt;
&lt;br&gt;I&amp;rsquo;m pressed, but not crushed, persecuted, not abandoned
&lt;br&gt;Struck down but not destroyed
&lt;br&gt;I am blessed beyond the curse for his promise will endure
&lt;br&gt;That his joy&amp;rsquo;s gonna be my strength
&lt;br&gt;Though the sorrow may last for the night
&lt;br&gt;His joy comes with the morning&lt;/p&gt;
</description>
    </item>
    
    <item>
      <title> We Fall Down</title>
      <link>http://letraspedia.com/lyric/2-guys-from-petra-we-fall-down/</link>
      <pubDate>Mon, 01 Sep 2008 00:00:00 UTC</pubDate>
      <author>Enthusiastic Hugo User</author>
      <guid>http://letraspedia.com/lyric/2-guys-from-petra-we-fall-down/</guid>
      <description>&lt;p&gt;We Fall Down, we lay our crowns at the feet of Jesus
&lt;br&gt;The greatness of mercy and love, at the feet of Jesus
&lt;br&gt;
&lt;br&gt;And we cry holy, holy, holy,
&lt;br&gt;And we cry holy, holy, holy,
&lt;br&gt;And we cry holy, holy, holy is the Lamb.&lt;/p&gt;
</description>
    </item>
    
  </channel>
</rss>