<?xml version="1.0" encoding="utf-8" standalone="yes" ?>
<rss version="2.0" xmlns:atom="http://www.w3.org/2005/Atom">
  <channel>
      <title>24 Grana on Letraspedia.com thes best lyrics page </title>
    <link>http://letraspedia.com/artist/24-grana/</link>
    <language>en-US</language>
    <author>Enthusiastic Hugo User</author>
    <rights>Copyright (c) 2014, Enthusiastic Hugo User; all rights reserved.</rights>
    <updated>Mon, 01 Sep 2008 00:00:00 UTC</updated>
    
    <item>
      <title> 1799</title>
      <link>http://letraspedia.com/lyric/24-grana-1799/</link>
      <pubDate>Mon, 01 Sep 2008 00:00:00 UTC</pubDate>
      <author>Enthusiastic Hugo User</author>
      <guid>http://letraspedia.com/lyric/24-grana-1799/</guid>
      <description>&lt;p&gt;Passante riesteme a guardà
&lt;br&gt;Si chagne e nun lavesse a fa
&lt;br&gt;Astrigneme cchiù fforte:
&lt;br&gt;do viento aggia parlà
&lt;br&gt;
&lt;br&gt;Stavota nun te lja scurdà
&lt;br&gt;Ddoje vote cento mja vasà
&lt;br&gt;Lionora senza ciorta
&lt;br&gt;Ca capa nun ce sta
&lt;br&gt;
&lt;br&gt;Né mo nè maje
&lt;br&gt;Né mo né maje
&lt;br&gt;Né maje
&lt;br&gt;
&lt;br&gt;Passante fermate a penzà
&lt;br&gt;Si rido e nun lavesse a fa
&lt;br&gt;Astrigneme cchiù fforte:
&lt;br&gt;ellacqua aggia cantà
&lt;br&gt;
&lt;br&gt;Luntan sona a libbertà
&lt;br&gt;Stu sciuscio daria amma piglià
&lt;br&gt;Gennaro senza ciorta, cu a capa nun ce sta
&lt;br&gt;
&lt;br&gt;Né mo nè maje
&lt;br&gt;Né mo né maje
&lt;br&gt;Né maje
&lt;br&gt;
&lt;br&gt;Chi ta ritto inta stu munno
&lt;br&gt;Nun ce pozzo restà
&lt;br&gt;Tanta strille e tantallucche
&lt;br&gt;Sul pe te sfugà
&lt;br&gt;Si è rimasto o rieste niente
&lt;br&gt;Po sa piglia cu mme
&lt;br&gt;Chesta vota nun maffoga no
&lt;br&gt;Nceo dico commè
&lt;br&gt;
&lt;br&gt;Passante siente a verità
&lt;br&gt;Sta areto o core a se scarfà
&lt;br&gt;E nun sasciutta o sanghe:
&lt;br&gt;è viento dacqua ccà&lt;/p&gt;
</description>
    </item>
    
    <item>
      <title> A Cascia</title>
      <link>http://letraspedia.com/lyric/24-grana-a-cascia/</link>
      <pubDate>Mon, 01 Sep 2008 00:00:00 UTC</pubDate>
      <author>Enthusiastic Hugo User</author>
      <guid>http://letraspedia.com/lyric/24-grana-a-cascia/</guid>
      <description>&lt;p&gt;Tengo na cascia
&lt;br&gt;e robba doce
&lt;br&gt;cavero e angoscia
&lt;br&gt;ind&amp;rsquo;a nu vascio
&lt;br&gt;ballo co e cosce
&lt;br&gt;e nun mammoscio
&lt;br&gt;o Capo paascie
&lt;br&gt;co na paposcia
&lt;br&gt;che quanno piscia
&lt;br&gt;nun ce riesce
&lt;br&gt;
&lt;br&gt;Tengo na cascia
&lt;br&gt;na gatta rossa
&lt;br&gt;na sora moscia
&lt;br&gt;nu pate fascie
&lt;br&gt;nu zio ca Porsche
&lt;br&gt;namico trash
&lt;br&gt;co a sora flash
&lt;br&gt;e piglia e Rosche
&lt;br&gt;ma poi mammoscia
&lt;br&gt;e si ne jesce
&lt;br&gt;
&lt;br&gt;Ho perso tempo a cacciare
&lt;br&gt;dalla cassa il male
&lt;br&gt;che mi rode e mi logora
&lt;br&gt;ho bisogno di stare attento
&lt;br&gt;a questa cassa
&lt;br&gt;che la prendo e mi scivola
&lt;br&gt;in maniera comica
&lt;br&gt;
&lt;br&gt;A cascia scioscia
&lt;br&gt;o sci ca jesce
&lt;br&gt;o sciù ca coce
&lt;br&gt;o Scià che piscia
&lt;br&gt;Mijsha bagascia
&lt;br&gt;
&lt;br&gt;Tengo &amp;lsquo;na cascia
&lt;br&gt;Tengo &amp;lsquo;na cascia
&lt;br&gt;Tengo &amp;lsquo;na cascia
&lt;br&gt;
&lt;br&gt;Ho perso tempo a cacciare
&lt;br&gt;dalla cassa il male
&lt;br&gt;che mi rode e mi logora
&lt;br&gt;ho bisogno di stare attento
&lt;br&gt;a questa cassa
&lt;br&gt;che la prendo e mi scivola
&lt;br&gt;in maniera comica
&lt;br&gt;
&lt;br&gt;Berlusca Cosca
&lt;br&gt;vasco int a vasca
&lt;br&gt;bush e&amp;rsquo; nu pusher&lt;/p&gt;
</description>
    </item>
    
    <item>
      <title> Canto Pe Nun Suffri</title>
      <link>http://letraspedia.com/lyric/24-grana-canto-pe-nun-suffri/</link>
      <pubDate>Mon, 01 Sep 2008 00:00:00 UTC</pubDate>
      <author>Enthusiastic Hugo User</author>
      <guid>http://letraspedia.com/lyric/24-grana-canto-pe-nun-suffri/</guid>
      <description>&lt;p&gt;Vedo la scrittura come un volo stellare
&lt;br&gt;Volo tra la giogia e la serieta&amp;rsquo;
&lt;br&gt;L&amp;rsquo;altra Notte un incubo m&amp;rsquo;ha fatto svegliare
&lt;br&gt;Sono le risposte della verita&amp;rsquo;
&lt;br&gt;
&lt;br&gt;Ah&amp;hellip;Canto pe nun suffri&amp;rsquo;
&lt;br&gt;
&lt;br&gt;Resto a immaginare quando e&amp;rsquo; chiara la vita
&lt;br&gt;Li&amp;rsquo; tra le abitudini e la fantasia
&lt;br&gt;Parlo con l&amp;rsquo;orsetto che vuol farla finita
&lt;br&gt;Dico di sfidare la propria pazzia
&lt;br&gt;
&lt;br&gt;Ah&amp;hellip;Canto pe nun suffri&amp;rsquo;
&lt;br&gt;
&lt;br&gt;Trovi i soprammobili, ma cerchi la stanza
&lt;br&gt;Qual e&amp;rsquo; la domanda. l&amp;rsquo;escatologia
&lt;br&gt;L&amp;rsquo;unica risposta e&amp;rsquo; si ha chiuvuto abbastanza
&lt;br&gt;L&amp;rsquo;acqua sopra l&amp;rsquo;acqua e la malinconia
&lt;br&gt;
&lt;br&gt;Ah&amp;hellip;Canto pe nun suffri&amp;rsquo;
&lt;br&gt;
&lt;br&gt;Non vedo la paura vedo solo l&amp;rsquo;attesa
&lt;br&gt;Espressa in un eccesso di fragilita&amp;rsquo;
&lt;br&gt;
&lt;br&gt;E&amp;rsquo; comme se fossi &amp;lsquo;na guagliona
&lt;br&gt;Canto pe nun suffri&amp;rsquo;
&lt;br&gt;E nun me vesto eguale&lt;/p&gt;
</description>
    </item>
    
    <item>
      <title> Ciato Pe Allucca</title>
      <link>http://letraspedia.com/lyric/24-grana-ciato-pe-allucca/</link>
      <pubDate>Mon, 01 Sep 2008 00:00:00 UTC</pubDate>
      <author>Enthusiastic Hugo User</author>
      <guid>http://letraspedia.com/lyric/24-grana-ciato-pe-allucca/</guid>
      <description>&lt;p&gt;Ehi dico si, dico si, dico si
&lt;br&gt;&amp;lsquo;o ciato comm a rifola &amp;lsquo;o cuorpo fa&amp;rsquo; senti&amp;rsquo;
&lt;br&gt;Allora ehi dico si dico si dico si
&lt;br&gt;&amp;lsquo;o friddo rint&amp;rsquo;a&amp;rsquo; ll&amp;rsquo;ossa
&lt;br&gt;&amp;lsquo;o scippo e o fa allucca&amp;rsquo;
&lt;br&gt;Allora ehi dico si dico si dico si
&lt;br&gt;o&amp;rsquo; ciato e&amp;rsquo; a forza e chi sulo &amp;lsquo;o cuorpo po&amp;rsquo; sfrutta&amp;rsquo;
&lt;br&gt;ehi dico si dico si dico si
&lt;br&gt;e chi nun tene niente&amp;hellip;e&amp;rsquo; a forza e a dignita&amp;rsquo;
&lt;br&gt;
&lt;br&gt;A luce se ne va
&lt;br&gt;&amp;lsquo;o sole s&amp;rsquo;e&amp;rsquo; fatt fesso
&lt;br&gt;A bestia n&amp;rsquo;faccia a te
&lt;br&gt;Pripara n&amp;rsquo;ata mossa
&lt;br&gt;
&lt;br&gt;Ciato pe me scarfa&amp;rsquo;
&lt;br&gt;Ciato a me cunsula&amp;rsquo;
&lt;br&gt;Ciato p&amp;rsquo;arricurda&amp;rsquo;
&lt;br&gt;Ciato pe nun ciata&amp;rsquo;
&lt;br&gt;Songo e voglio essere
&lt;br&gt;Nato pe crescere
&lt;br&gt;Vivo(??) quanto aggia fa&amp;rsquo;
&lt;br&gt;Ciato pe suspira&amp;rsquo;
&lt;br&gt;
&lt;br&gt;Mai m&amp;rsquo;agg visto e pria&amp;rsquo;
&lt;br&gt;Dio che m&amp;rsquo;a&amp;rsquo; dato stu cielo
&lt;br&gt;si nun vuo&amp;rsquo; vennere
&lt;br&gt;si nun vuo&amp;rsquo; scennere
&lt;br&gt;dillo che puo&amp;rsquo; capi&amp;rsquo;
&lt;br&gt;ciato a dicere si
&lt;br&gt;ciato a dicere si
&lt;br&gt;
&lt;br&gt;Ehi dico si, dico si, dico si
&lt;br&gt;&amp;lsquo;o ciato comm &amp;lsquo;a rifola &amp;lsquo;o cuorpo fa&amp;rsquo; senti&amp;rsquo;
&lt;br&gt;Allora ehi dico si dico si dico si
&lt;br&gt;&amp;lsquo;o friddo rint&amp;rsquo;a&amp;rsquo; ll&amp;rsquo;ossa
&lt;br&gt;&amp;lsquo;o scippo e o fa allucca&amp;rsquo;
&lt;br&gt;Allora ehi dico si dico si dico si
&lt;br&gt;
&lt;br&gt;o&amp;rsquo; ciato e&amp;rsquo; a forza e chi sulo &amp;lsquo;o cuorpo po&amp;rsquo; sfrutta&amp;rsquo;
&lt;br&gt;ehi dico si dico si dico si
&lt;br&gt;e chi nun tene niente&amp;hellip;e&amp;rsquo; a forza e a dignita&amp;rsquo;
&lt;br&gt;
&lt;br&gt;Tu nunn &amp;lsquo;o puo&amp;rsquo; vere&amp;rsquo;
&lt;br&gt;Ma &amp;lsquo;o friddo rint&amp;rsquo;a&amp;rsquo; ll&amp;rsquo;ossa
&lt;br&gt;t&amp;rsquo;o&amp;rsquo; fa&amp;rsquo; sape, t&amp;rsquo;o&amp;rsquo; dice
&lt;br&gt;sta sempe lla&amp;rsquo;&amp;hellip;nun te lassa
&lt;br&gt;
&lt;br&gt;ciato pe me guarda&amp;rsquo;
&lt;br&gt;ciato a m&amp;rsquo;arrepusa&amp;rsquo;
&lt;br&gt;ciato se dico si
&lt;br&gt;ciato pe nun muri&amp;rsquo;
&lt;br&gt;nun tengo niente
&lt;br&gt;sulo o cuorpo ca sente
&lt;br&gt;ma sacc comm aggia fa&amp;rsquo;
&lt;br&gt;forte e sta liberta&amp;rsquo;
&lt;br&gt;
&lt;br&gt;mai aggia avuto pria&amp;rsquo;
&lt;br&gt;mare(??) dincello se e&amp;rsquo; overo
&lt;br&gt;si nun vuo&amp;rsquo; vennere
&lt;br&gt;si nun vuo&amp;rsquo; scennere
&lt;br&gt;dillo che puo&amp;rsquo; capi&amp;rsquo;
&lt;br&gt;ciato a dicere si
&lt;br&gt;
&lt;br&gt;Ciato pe me scarfa&amp;rsquo;
&lt;br&gt;Ciato a me cunsula&amp;rsquo;
&lt;br&gt;Ciato p&amp;rsquo;arricurda&amp;rsquo;
&lt;br&gt;Ciato pe nun ciata&amp;rsquo;
&lt;br&gt;Songo e voglio essere
&lt;br&gt;Nato pe crescere
&lt;br&gt;Vivo(??) quanto aggia fa&amp;rsquo;
&lt;br&gt;Ciato pe suspira&amp;rsquo;
&lt;br&gt;
&lt;br&gt;Mai m&amp;rsquo;aggio visto e pria&amp;rsquo;
&lt;br&gt;Dio che m&amp;rsquo;a&amp;rsquo; dato stu cielo
&lt;br&gt;Songo e voglio essere
&lt;br&gt;Nato pe crescere
&lt;br&gt;nun tengo niente
&lt;br&gt;sulo cuorpo che sente
&lt;br&gt;nun tengo niente
&lt;br&gt;sulo cuorpo che sente
&lt;br&gt;
&lt;br&gt;ciato pe allucca&amp;rsquo;
&lt;br&gt;ciato pe allucca&amp;rsquo;
&lt;br&gt;ciato pe allucca&amp;rsquo;
&lt;br&gt;ciato pe allucca&amp;rsquo;
&lt;br&gt;ciato pe allucca&amp;rsquo;
&lt;br&gt;ciato&amp;hellip;
&lt;br&gt;&amp;hellip;Mai m&amp;rsquo;aggio visto e pria&amp;rsquo;&amp;hellip;
&lt;br&gt;
&lt;br&gt;ciato pe allucca&amp;rsquo;&lt;/p&gt;
</description>
    </item>
    
    <item>
      <title> E Kose Ka Spakkano</title>
      <link>http://letraspedia.com/lyric/24-grana-e-kose-ka-spakkano/</link>
      <pubDate>Mon, 01 Sep 2008 00:00:00 UTC</pubDate>
      <author>Enthusiastic Hugo User</author>
      <guid>http://letraspedia.com/lyric/24-grana-e-kose-ka-spakkano/</guid>
      <description>&lt;p&gt;Vurria addiventà ricco e cchino e sorde
&lt;br&gt;pe chello ca me credo ca è a rikkezza
&lt;br&gt;&amp;lsquo;o sanghe e ll&amp;rsquo;ate, nu braccio ca se spezza
&lt;br&gt;
&lt;br&gt;vurria pensà a sta buono ogni matina,
&lt;br&gt;pensanno che sò stato fortunato..
&lt;br&gt;e se guadagno è n&amp;rsquo;copp &amp;lsquo;o sanghe &amp;lsquo;e ll&amp;rsquo;ate
&lt;br&gt;
&lt;br&gt;keste so &amp;lsquo;e kose ke spakkano
&lt;br&gt;keste so &amp;lsquo;e kose ke spakkano
&lt;br&gt;
&lt;br&gt;vurria pensà ca tanto nun se cagna
&lt;br&gt;a stà pe sem,pe ricco &amp;lsquo;e bellestorie,
&lt;br&gt;&amp;lsquo;e na vucchella n&amp;rsquo;ommo s&amp;rsquo;innamora..
&lt;br&gt;
&lt;br&gt;vurria pensà pe sepe a chistu vico
&lt;br&gt;e m&amp;rsquo;arraggià pe cose chiù veniali..
&lt;br&gt;e restà buono cu gente sempe uguale
&lt;br&gt;
&lt;br&gt;keste so &amp;lsquo;e kose ke spakkano
&lt;br&gt;keste so &amp;lsquo;e kose ke spakkano
&lt;br&gt;
&lt;br&gt;vurria avè sempe na parola sola
&lt;br&gt;pe gghì gradasso astuto e buffonciello
&lt;br&gt;fosse &amp;lsquo;o lione areto a na cancella..
&lt;br&gt;
&lt;br&gt;vurria pensà ca e vote nun è overo
&lt;br&gt;ka se non crisce non si nato buono..
&lt;br&gt;e pe gghi annanzo &amp;lsquo;o munno, &amp;lsquo;o munno sona&lt;/p&gt;
</description>
    </item>
    
    <item>
      <title> Frate E Sore</title>
      <link>http://letraspedia.com/lyric/24-grana-frate-e-sore/</link>
      <pubDate>Mon, 01 Sep 2008 00:00:00 UTC</pubDate>
      <author>Enthusiastic Hugo User</author>
      <guid>http://letraspedia.com/lyric/24-grana-frate-e-sore/</guid>
      <description>&lt;p&gt;Aspetta che abbruciano luocchie
&lt;br&gt;non luceno je stanco te resto a guardà
&lt;br&gt;nun tieni pensiero po suonno dajere
&lt;br&gt;dimane o putisse ncuntrà
&lt;br&gt;tornano nata vota, e muorti a me cunsulà
&lt;br&gt;je sto tranquillo si chiove, chiove tanto me passarrà
&lt;br&gt;
&lt;br&gt;Nu vaso e na spina na bella cerasa
&lt;br&gt;je a tocca e me sente cagnà
&lt;br&gt;o stuommaco tremma e a cerasa nun scenne
&lt;br&gt;nun scenne e putesse affugà
&lt;br&gt;me cocco n miezze spine
&lt;br&gt;laria me truvarrà
&lt;br&gt;stiso indo stu ciardin
&lt;br&gt;sudato a me vasà
&lt;br&gt;
&lt;br&gt;nun veco niente attuorn a mme
&lt;br&gt;chiammo nu mostro e o faccio ascì
&lt;br&gt;bella sì bella e mo daje
&lt;br&gt;nun tengo niente attuorno a me
&lt;br&gt;chiammo nu mostro e o faccio ascì
&lt;br&gt;bella sì bella e mo daje
&lt;br&gt;
&lt;br&gt;Fronna e ciardino nasconne a calura
&lt;br&gt;ma o stesso me sento e sudà
&lt;br&gt;a panza fa male e o stuommaco uguale
&lt;br&gt;ridendo te sento cantà
&lt;br&gt;posale sti cerase prova a nun ce pensà
&lt;br&gt;chiudile into a nu vaso
&lt;br&gt;nun te le ffa arrubbà
&lt;br&gt;
&lt;br&gt;Chiusa a fenesta me sento cecato
&lt;br&gt;Affondo e rimango accussì
&lt;br&gt;o scuro menghiotte na voce che sfotte
&lt;br&gt;nun chiango e vulesse durmì
&lt;br&gt;me cocco nmiezze spine
&lt;br&gt;o sole me truvarrà
&lt;br&gt;stuorto indu a nu ciardin
&lt;br&gt;sul pe me curcà
&lt;br&gt;
&lt;br&gt;nun veco niente attuorn a mme&lt;/p&gt;
</description>
    </item>
    
    <item>
      <title> Il Gattone</title>
      <link>http://letraspedia.com/lyric/24-grana-il-gattone/</link>
      <pubDate>Mon, 01 Sep 2008 00:00:00 UTC</pubDate>
      <author>Enthusiastic Hugo User</author>
      <guid>http://letraspedia.com/lyric/24-grana-il-gattone/</guid>
      <description>&lt;p&gt;Non c&amp;rsquo;e&amp;rsquo; niente di strano se immagino la mia utopia
&lt;br&gt;la natura mi porta a vivere dentro
&lt;br&gt;ho creduto la chimica un possibile scavalcavia
&lt;br&gt;la paura che ho dentro a volte e&amp;rsquo; a limite
&lt;br&gt;
&lt;br&gt;E vedo un gatto enorme che si sdraia su di me
&lt;br&gt;Dico caccialo col braccio libero e se ne andra&amp;rsquo;
&lt;br&gt;
&lt;br&gt;Un giocattolo, e&amp;rsquo; chiaro che lo merito
&lt;br&gt;ma ho paura di esserlo giocandoci
&lt;br&gt;ho paura che amare sia impossibile
&lt;br&gt;la paura che ho dentro, a volte, e&amp;rsquo; simile
&lt;br&gt;
&lt;br&gt;E vedo un gatto enorme che si sdraia su di me
&lt;br&gt;Dico caccialo col braccio piccolo e se ne andra&amp;rsquo;
&lt;br&gt;
&lt;br&gt;Se vedi un gatto enorme che si sdraia su di te
&lt;br&gt;caccialo col braccio libero e se ne andra&amp;rsquo;&lt;/p&gt;
</description>
    </item>
    
    <item>
      <title> Introdub</title>
      <link>http://letraspedia.com/lyric/24-grana-introdub/</link>
      <pubDate>Mon, 01 Sep 2008 00:00:00 UTC</pubDate>
      <author>Enthusiastic Hugo User</author>
      <guid>http://letraspedia.com/lyric/24-grana-introdub/</guid>
      <description>&lt;p&gt;Chiudo lluocchie e minvento sta pace
&lt;br&gt;resta o scuro cchiù forte e na luce
&lt;br&gt;dinto o cuollo me sento nu fuoco
&lt;br&gt;ca nun po sfugà
&lt;br&gt;mesco sudore a cavero e suonno
&lt;br&gt;croste tremmore e appena maddormo
&lt;br&gt;
&lt;br&gt;Patemò cammina chiano chiano
&lt;br&gt;je cu e mmane innanze alluocchie
&lt;br&gt;pe paura e guardà
&lt;br&gt;chi nun tene vizi more sano
&lt;br&gt;mette a capa indo a caiola pe paura e sbaglià
&lt;br&gt;
&lt;br&gt;ncoppo allasteco songo sulje
&lt;br&gt;dimme addò vaje
&lt;br&gt;
&lt;br&gt;Chiudo lluocchie pensanno a chi trase
&lt;br&gt;addorando addò sento cchiù cose
&lt;br&gt;dico sempre a chi cerca na scusa
&lt;br&gt;ca nun basta maje
&lt;br&gt;ancora friddo sudore po cavero a bomba
&lt;br&gt;luce cchiù lluce se nchiommano nfronte
&lt;br&gt;
&lt;br&gt;aggio vummecato annanzo allate
&lt;br&gt;peste curaggio e paurae guardà
&lt;br&gt;mo songo crisciuto senza ciato
&lt;br&gt;stongo chino e rrobba e nunn a saccio smercià
&lt;br&gt;
&lt;br&gt;ncoppo allasteco songo sulje
&lt;br&gt;dimme addò vaje
&lt;br&gt;
&lt;br&gt;lasso tutto e addivento na pace
&lt;br&gt;resta o scuro che è mmeglio e na luce
&lt;br&gt;stanno dinto nun tremmo
&lt;br&gt;e chistocchie nun tremmano maje
&lt;br&gt;perdo colore e perdo e cuntuorne
&lt;br&gt;lasso a sustanza pe ddiventà nombra
&lt;br&gt;
&lt;br&gt;stongo cammenando senza e mmane
&lt;br&gt;stongo cammenando e nun me voglio truvà
&lt;br&gt;chi nun tene vizi more sano
&lt;br&gt;se nesce inda caiola cu o ggenio e vulà
&lt;br&gt;
&lt;br&gt;ncoppo allasteco songo sulje
&lt;br&gt;dimme addò vaje&lt;/p&gt;
</description>
    </item>
    
    <item>
      <title> Kanzone Anarkika</title>
      <link>http://letraspedia.com/lyric/24-grana-kanzone-anarkika/</link>
      <pubDate>Mon, 01 Sep 2008 00:00:00 UTC</pubDate>
      <author>Enthusiastic Hugo User</author>
      <guid>http://letraspedia.com/lyric/24-grana-kanzone-anarkika/</guid>
      <description>&lt;p&gt;Si avessa sta accussi&amp;rsquo; pe tutta &amp;lsquo;a vita
&lt;br&gt;putesse sulo ridere murenno
&lt;br&gt;chiagnesse sulo chi non m&amp;rsquo;a&amp;rsquo; capito
&lt;br&gt;chi me vo&amp;rsquo; bene nun dicesse niente
&lt;br&gt;
&lt;br&gt;sfruttato dinto all&amp;rsquo;anema da ll&amp;rsquo;ate
&lt;br&gt;trattato comme na pezza &amp;lsquo;e resina
&lt;br&gt;jettato &amp;lsquo;nterra &amp;lsquo;a strada &amp;lsquo;ncatenato
&lt;br&gt;stu core mio nunn ha parlato cchiu&amp;rsquo;
&lt;br&gt;
&lt;br&gt;non serve a niente dicere coccosa
&lt;br&gt;canta&amp;rsquo; pe me e&amp;rsquo; pensa&amp;rsquo; a che voglio overo
&lt;br&gt;e se chello ca me trovo e&amp;rsquo; sulo fantasia
&lt;br&gt;non ce credo non ce credo
&lt;br&gt;
&lt;br&gt;Si avessa sta accussi&amp;rsquo; pe tutta &amp;lsquo;a vita
&lt;br&gt;putesse sulo ridere murenno
&lt;br&gt;chiagnesse sulo chi non m&amp;rsquo;a&amp;rsquo; capito
&lt;br&gt;chi me vo&amp;rsquo; bene nun dicesse niente
&lt;br&gt;
&lt;br&gt;Sai, chello ca me fa cchiu&amp;rsquo; male
&lt;br&gt;e&amp;rsquo; &amp;lsquo;o fattto ca pensanno
&lt;br&gt;&amp;ldquo;ajere nun ce stevo&amp;rdquo;
&lt;br&gt;forse e&amp;rsquo; meglio ridere ca muri&amp;rsquo;
&lt;br&gt;
&lt;br&gt;Rire! Ca ll&amp;rsquo;onna &amp;lsquo;nfonne ancora
&lt;br&gt;&amp;lsquo;a rena d&amp;rsquo; &amp;lsquo;a bellezza
&lt;br&gt;e se nun chiagne (tu) ridi a tomita&amp;rsquo;
&lt;br&gt;che&amp;rsquo; se si bella, ..&amp;lsquo;o core nun t&amp;rsquo; &amp;lsquo;o dice&lt;/p&gt;
</description>
    </item>
    
    <item>
      <title> Kanzone Del Pisello</title>
      <link>http://letraspedia.com/lyric/24-grana-kanzone-del-pisello/</link>
      <pubDate>Mon, 01 Sep 2008 00:00:00 UTC</pubDate>
      <author>Enthusiastic Hugo User</author>
      <guid>http://letraspedia.com/lyric/24-grana-kanzone-del-pisello/</guid>
      <description>&lt;p&gt;Chello che penso e nun dico
&lt;br&gt;Comme &amp;lsquo;o vulesse allucca&amp;rsquo;
&lt;br&gt;&amp;lsquo;e cose gia&amp;rsquo; l&amp;rsquo;amma sentute
&lt;br&gt;Chisto e&amp;rsquo; o mumento d&amp;rsquo;e&amp;rsquo; ffa&amp;rsquo;
&lt;br&gt;Forse passsato nu juorno po&amp;rsquo; sempe turna&amp;rsquo;
&lt;br&gt;Si e&amp;rsquo; chello ke vuo&amp;rsquo; nun fernesce mai
&lt;br&gt;
&lt;br&gt;Quanto so overe &amp;lsquo;e parole
&lt;br&gt;e quanto so amare &amp;lsquo;e bucie
&lt;br&gt;Sona chi sente &amp;lsquo;o dulore
&lt;br&gt;&amp;lsquo;e nascere &amp;lsquo;nterra &amp;lsquo;a na via
&lt;br&gt;Forse, criscenno, nu juorno puo&amp;rsquo; sempre spakka&amp;rsquo;
&lt;br&gt;Si e&amp;rsquo; chello ke vuo&amp;rsquo; nun fernesce mai
&lt;br&gt;
&lt;br&gt;Chello ke veco sta fore
&lt;br&gt;Fore e luntano addo me
&lt;br&gt;Si veco &amp;lsquo;o sole o si chiove
&lt;br&gt;E&amp;rsquo; chello che ke voglio vere&amp;rsquo;
&lt;br&gt;Forse nu suonno annasconne &amp;lsquo;a speranza ke da
&lt;br&gt;Ma si e&amp;rsquo; chello ke vuo&amp;rsquo; nun fernesce mai
&lt;br&gt;
&lt;br&gt;..quello che sento e non dico
&lt;br&gt;e&amp;rsquo; limpido come l&amp;rsquo;acqua
&lt;br&gt;lascia il rimorso ferito
&lt;br&gt;bruciandone la bocca
&lt;br&gt;forse cercando quel senso perduto, sciacqua..
&lt;br&gt;E quello che vuoi non finisce&amp;hellip;mai&amp;hellip;
&lt;br&gt;E quello che vuoi non finisce&amp;hellip;mai&amp;hellip;&lt;/p&gt;
</description>
    </item>
    
    <item>
      <title> Kanzone Doce</title>
      <link>http://letraspedia.com/lyric/24-grana-kanzone-doce/</link>
      <pubDate>Mon, 01 Sep 2008 00:00:00 UTC</pubDate>
      <author>Enthusiastic Hugo User</author>
      <guid>http://letraspedia.com/lyric/24-grana-kanzone-doce/</guid>
      <description>&lt;p&gt;Core nun tengo e si vaco a pensà
&lt;br&gt;Comme s&amp;rsquo;avessa sentì
&lt;br&gt;Fore che ciel ca terra a tuccà
&lt;br&gt;E o grano è a chi arriva primme
&lt;br&gt;Je stò currenno pe te
&lt;br&gt;Ma tengo o ciel a guarda
&lt;br&gt;Guardo int&amp;rsquo;all&amp;rsquo;uocchie
&lt;br&gt;Ca guarda e p&amp;rsquo;ascì
&lt;br&gt;Fore te vengo a piglià
&lt;br&gt;
&lt;br&gt;Si passe niente me posso purtà
&lt;br&gt;Pe niente te veco a suffri
&lt;br&gt;Fore a stu carcere o sole ce stà
&lt;br&gt;Quanno me sento arinto
&lt;br&gt;Si sto parlanno accussì
&lt;br&gt;E pecche vogli&amp;rsquo;alluccà
&lt;br&gt;Tengo da dicere a gente pè me
&lt;br&gt;Fore sta buon addo sta
&lt;br&gt;
&lt;br&gt;je nun songo accussì doce (2)
&lt;br&gt;
&lt;br&gt;Si je sto cantanno accussì
&lt;br&gt;E pecchè voglio purtà
&lt;br&gt;Kanzona doce d&amp;rsquo;ammore pe me
&lt;br&gt;sò parole amare a cagna
&lt;br&gt;
&lt;br&gt;Je nun songo accussì doce (4)&lt;/p&gt;
</description>
    </item>
    
    <item>
      <title> Kanzone Su Londra</title>
      <link>http://letraspedia.com/lyric/24-grana-kanzone-su-londra/</link>
      <pubDate>Mon, 01 Sep 2008 00:00:00 UTC</pubDate>
      <author>Enthusiastic Hugo User</author>
      <guid>http://letraspedia.com/lyric/24-grana-kanzone-su-londra/</guid>
      <description>&lt;p&gt;Fore &amp;lsquo;o cielo e&amp;rsquo; skooro
&lt;br&gt;e saglie ll&amp;rsquo;onna d&amp;rsquo;a&amp;rsquo; malinkoonia
&lt;br&gt;sto crescenno ma non voglio,
&lt;br&gt;resta chesta &amp;lsquo;a casa mia
&lt;br&gt;
&lt;br&gt;..&amp;lsquo;o skooro e&amp;rsquo; dinto a me
&lt;br&gt;e dinto &amp;lsquo;a casa mia chiove sempre e assai..
&lt;br&gt;cadono &amp;lsquo;e fantasie e vivo..campanno freestyle
&lt;br&gt;
&lt;br&gt;capenno &amp;lsquo;o munno ca truvai nun criscette mai..
&lt;br&gt;apposta e pekke&amp;rsquo;, sapenno &amp;lsquo;e cagna&amp;rsquo;&amp;hellip;
&lt;br&gt;capenno &amp;lsquo;o munno ca truvai nun criscette mai..
&lt;br&gt;apposta e pekke&amp;rsquo;, sapenno &amp;lsquo;e cagna&amp;rsquo;&amp;hellip;
&lt;br&gt;
&lt;br&gt;fore &amp;lsquo;o cielo skooro cagna..
&lt;br&gt;e votta na malinkoonia,
&lt;br&gt;sto partendo ma nun voglio
&lt;br&gt;..sento chesta &amp;lsquo;a casa mia..
&lt;br&gt;
&lt;br&gt;vaco overo, sissignore!
&lt;br&gt;vaco overo addo&amp;rsquo; gia&amp;rsquo; so..
&lt;br&gt;tanto &amp;lsquo;o munno e&amp;rsquo; traditore
&lt;br&gt;..chiudo a casa o moro mo&amp;rsquo;.
&lt;br&gt;
&lt;br&gt;capenno &amp;lsquo;o munno ca truvai nun criscette mai..
&lt;br&gt;apposta e pekke&amp;rsquo;, sapenno &amp;lsquo;e cagna&amp;rsquo;&amp;hellip;
&lt;br&gt;capenno &amp;lsquo;o munno ca truvai nun criscette mai..&lt;/p&gt;
</description>
    </item>
    
    <item>
      <title> Kevlar</title>
      <link>http://letraspedia.com/lyric/24-grana-kevlar/</link>
      <pubDate>Mon, 01 Sep 2008 00:00:00 UTC</pubDate>
      <author>Enthusiastic Hugo User</author>
      <guid>http://letraspedia.com/lyric/24-grana-kevlar/</guid>
      <description>&lt;p&gt;Cura &amp;lsquo;e paure cu mille culure
&lt;br&gt;poco te resta se niente sai fà
&lt;br&gt;se &amp;lsquo;o ffuoco abbrucia fa tutto cchiù scuro
&lt;br&gt;chell che sient è &amp;lsquo;a paura e passà
&lt;br&gt;
&lt;br&gt;Quanta speranz s&amp;rsquo;arape &amp;lsquo;a matina
&lt;br&gt;quanno &amp;lsquo;a matina s&amp;rsquo;arapre cu te
&lt;br&gt;quanno nu juorn &amp;lsquo;e culure n&amp;rsquo;è chino
&lt;br&gt;tanta è &amp;lsquo;a speranza ca porto cu me
&lt;br&gt;
&lt;br&gt;Se overo nun me vuò lassà
&lt;br&gt;passanno vienem &amp;lsquo;a piglià
&lt;br&gt;Se è &amp;lsquo;o vero nun me vuò lassà
&lt;br&gt;passanno vienem &amp;lsquo;a piglià
&lt;br&gt;
&lt;br&gt;Comme si bella cu ll&amp;rsquo;uocchie r&amp;rdquo;o mare
&lt;br&gt;ll&amp;rsquo;uocchie s&amp;rsquo;affonnano a vote into &amp;lsquo;e mie
&lt;br&gt;cchiù passa &amp;lsquo;o tiemp e cchiù veco luntano
&lt;br&gt;saccio ca è &amp;lsquo;o vero e nun dico bucie
&lt;br&gt;
&lt;br&gt;Chell che sente nun tene cchiù nomme
&lt;br&gt;chell che cerco e che trovo cu te
&lt;br&gt;non va fujenno cò mare cò l&amp;rsquo;onne
&lt;br&gt;vene s&amp;rsquo;appiccia e se ferma cu mme
&lt;br&gt;
&lt;br&gt;&amp;lsquo;O scuro nun me fido &amp;lsquo;e sta
&lt;br&gt;passanno vienem &amp;lsquo;a piglià
&lt;br&gt;&amp;lsquo;O scuro nun me firo &amp;lsquo;e sta
&lt;br&gt;passanno vienem &amp;lsquo;a piglià
&lt;br&gt;
&lt;br&gt;Se è &amp;lsquo;o vero nun me vuò lassà
&lt;br&gt;passanno vienem &amp;lsquo;a piglià
&lt;br&gt;Se è &amp;lsquo;o vero nun me vuò lassà
&lt;br&gt;passanno vienem &amp;lsquo;a piglià
&lt;br&gt;passanno vienem &amp;lsquo;a piglià
&lt;br&gt;passanno vienem &amp;lsquo;a piglià
&lt;br&gt;passanno vienem &amp;lsquo;a piglià&lt;/p&gt;
</description>
    </item>
    
    <item>
      <title> La Costanza</title>
      <link>http://letraspedia.com/lyric/24-grana-la-costanza/</link>
      <pubDate>Mon, 01 Sep 2008 00:00:00 UTC</pubDate>
      <author>Enthusiastic Hugo User</author>
      <guid>http://letraspedia.com/lyric/24-grana-la-costanza/</guid>
      <description>&lt;p&gt;Mo meva ascì sta forza ?
&lt;br&gt;mo meva ascì ca nun sto allero?
&lt;br&gt;me movo indo a nu cuorpo
&lt;br&gt;me movo e nun me pare overo e fà
&lt;br&gt;
&lt;br&gt;turnannno a cchiu presenza
&lt;br&gt;risico e bbotte a restà sulo
&lt;br&gt;cusut c&amp;rsquo;a cuscienza
&lt;br&gt;sai che me vene&amp;rsquo;o ggenio e lamenà?
&lt;br&gt;
&lt;br&gt;nun saccio maje si aggio avuto custanza
&lt;br&gt;nun saccio maje
&lt;br&gt;nun saccio maje
&lt;br&gt;
&lt;br&gt;posso maje ascì?e me &amp;lsquo;nchiommo
&lt;br&gt;posso ascì mai!ma nun va o&amp;rsquo;pere
&lt;br&gt;si care piglio scuorno
&lt;br&gt;&amp;lsquo;ati mumenti nun saccio passà
&lt;br&gt;
&lt;br&gt;mo meva ascì sta forza ?
&lt;br&gt;mo meva ascì ca nun sto allero?
&lt;br&gt;&amp;lsquo;e vvote gira stuorto
&lt;br&gt;me so fermato senza &amp;lsquo;e ce pensa
&lt;br&gt;
&lt;br&gt;nun saccio maje si aggio avuto custanza
&lt;br&gt;nun saccio maje
&lt;br&gt;nun saccio maje&lt;/p&gt;
</description>
    </item>
    
    <item>
      <title> La Pena</title>
      <link>http://letraspedia.com/lyric/24-grana-la-pena/</link>
      <pubDate>Mon, 01 Sep 2008 00:00:00 UTC</pubDate>
      <author>Enthusiastic Hugo User</author>
      <guid>http://letraspedia.com/lyric/24-grana-la-pena/</guid>
      <description>&lt;p&gt;Mah!?pena nun sento cchiù
&lt;br&gt;chesto é pé dì
&lt;br&gt;ca &amp;lsquo;na vota l&amp;rsquo;avesse sentuta
&lt;br&gt;
&lt;br&gt;mai!penso all&amp;rsquo;ammore ca avessa dà
&lt;br&gt;riesco a pensà ca si &amp;lsquo;o ddevo
&lt;br&gt;mò l&amp;rsquo;aggio perduto
&lt;br&gt;
&lt;br&gt;je stongo sempre ccà
&lt;br&gt;je nun volo maje
&lt;br&gt;
&lt;br&gt;pena nun sento cchiù
&lt;br&gt;scuorno nun me ne dà
&lt;br&gt;ll&amp;rsquo;uocchie mie,ll&amp;rsquo;uocchie mie,ll&amp;rsquo;uocchie mie
&lt;br&gt;sanno guardà
&lt;br&gt;ll&amp;rsquo;uocchie mie,ll&amp;rsquo;uocchie mie,ll&amp;rsquo;uocchie mie
&lt;br&gt;sanno guardà
&lt;br&gt;
&lt;br&gt;chesto é pecché
&lt;br&gt;&amp;lsquo;nzisto pe te scurdà
&lt;br&gt;&amp;lsquo;o infame songo je ca nun veco e zompà
&lt;br&gt;quanno l&amp;rsquo;anema &amp;lsquo;o dice d&amp;rsquo;o ffà
&lt;br&gt;
&lt;br&gt;ma nun tengo &amp;lsquo;a stregnere
&lt;br&gt;fosse pé dì ca &amp;lsquo;na vota l&amp;rsquo;avesse voluto
&lt;br&gt;chi zompa pé zumpà
&lt;br&gt;nun vola maje
&lt;br&gt;
&lt;br&gt;l&amp;rsquo;ommo nun crere cchiù
&lt;br&gt;l&amp;rsquo;ommo se sape fà
&lt;br&gt;ll&amp;rsquo;uocchie mie,ll&amp;rsquo;uocchie mie,ll&amp;rsquo;uocchie mie
&lt;br&gt;sanno guardà
&lt;br&gt;ll&amp;rsquo;uocchie mie,ll&amp;rsquo;uocchie mie,ll&amp;rsquo;uocchie mie
&lt;br&gt;sanno guardà&lt;/p&gt;
</description>
    </item>
    
  </channel>
</rss>