<?xml version="1.0" encoding="utf-8" standalone="yes" ?>
<rss version="2.0" xmlns:atom="http://www.w3.org/2005/Atom">
  <channel>
      <title>3mc Boom on Letraspedia.com thes best lyrics page </title>
    <link>http://letraspedia.com/artist/3mc-boom/</link>
    <language>en-US</language>
    <author>Enthusiastic Hugo User</author>
    <rights>Copyright (c) 2014, Enthusiastic Hugo User; all rights reserved.</rights>
    <updated>Mon, 01 Sep 2008 00:00:00 UTC</updated>
    
    <item>
      <title> El Animal</title>
      <link>http://letraspedia.com/lyric/3mc-boom-el-animal/</link>
      <pubDate>Mon, 01 Sep 2008 00:00:00 UTC</pubDate>
      <author>Enthusiastic Hugo User</author>
      <guid>http://letraspedia.com/lyric/3mc-boom-el-animal/</guid>
      <description>&lt;p&gt;Yo soy el animal
&lt;br&gt;voy de caceria
&lt;br&gt;te voy a encontrar
&lt;br&gt;y seras mi presa para devorar
&lt;br&gt;ohhh, te voy a cazar (x2)
&lt;br&gt;
&lt;br&gt;Yo soy el animal que te va a cazar
&lt;br&gt;it&amp;rsquo;s my flow que te va a hipnotizar
&lt;br&gt;yo se lo que te va a pasar
&lt;br&gt;tengo la melaza que te va a gustar
&lt;br&gt;salvaje llego el animal
&lt;br&gt;sea donde estes te voy a capturar
&lt;br&gt;asechandote voy a estar
&lt;br&gt;dia y noche hasta que tengas que llegar
&lt;br&gt;
&lt;br&gt;Te voy a provocar, te voy a incitar
&lt;br&gt;para que te cace y a otra parte te pueda llevar
&lt;br&gt;a mi guarida y a escondidas
&lt;br&gt;hagamos travesuras de noche y de dia
&lt;br&gt;
&lt;br&gt;Animality, animality
&lt;br&gt;brutality, brutality
&lt;br&gt;fatality, fatality
&lt;br&gt;me pones mal a mi (x2)
&lt;br&gt;
&lt;br&gt;Yo soy el animal
&lt;br&gt;voy de caceria
&lt;br&gt;te voy a encontrar
&lt;br&gt;y seras mi presa para devorar
&lt;br&gt;ohhh, te voy a cazar (x2)
&lt;br&gt;
&lt;br&gt;Empezo la caceria y voy rabioso &amp;lsquo;tras de ti, &amp;lsquo;tras de ti
&lt;br&gt;______________ checkea mi flow te destraba
&lt;br&gt;ya ven pa&amp;rsquo;ca y no te suelte ma su lirica brava
&lt;br&gt;se que te gusta y no te asusta
&lt;br&gt;que yo te busque no te disgusta
&lt;br&gt;no te disgusta mai&amp;rsquo; y por eso
&lt;br&gt;yo acechandote voy a estar
&lt;br&gt;dia y noche hasta que tengas que llegar
&lt;br&gt;
&lt;br&gt;Te voy a provocar, te voy a incitar
&lt;br&gt;para que te cace y a otra parte te pueda llevar
&lt;br&gt;a mi guarida y a escondidas
&lt;br&gt;hagamos travesuras de noche y de dia
&lt;br&gt;
&lt;br&gt;Animality, animality
&lt;br&gt;brutality, brutality
&lt;br&gt;fatality, fatality
&lt;br&gt;me pones mal a mi (x2)
&lt;br&gt;
&lt;br&gt;Kale&amp;hellip;
&lt;br&gt;3 MC Boom&amp;hellip;
&lt;br&gt;Bateria pesada&amp;hellip;
&lt;br&gt;Animality
&lt;br&gt;Mucho mas que reggaeton&amp;hellip;
&lt;br&gt;Llego el animal
&lt;br&gt;Kale&amp;hellip;
&lt;br&gt;Es mas flow&amp;hellip;
&lt;br&gt;Se armo el rompecabeza&amp;hellip;
&lt;br&gt;
&lt;br&gt;Yo soy el animal
&lt;br&gt;voy de caceria
&lt;br&gt;te voy a encontrar
&lt;br&gt;y seras mi presa para devorar
&lt;br&gt;ohhh, te voy a cazar (x2)&lt;/p&gt;
</description>
    </item>
    
    <item>
      <title> Ella Es (remix)</title>
      <link>http://letraspedia.com/lyric/3mc-boom-ella-es-remix/</link>
      <pubDate>Mon, 01 Sep 2008 00:00:00 UTC</pubDate>
      <author>Enthusiastic Hugo User</author>
      <guid>http://letraspedia.com/lyric/3mc-boom-ella-es-remix/</guid>
      <description>&lt;p&gt;Bella bella bella
&lt;br&gt;
&lt;br&gt;KALE¡¡
&lt;br&gt;
&lt;br&gt;Miralaaaa como se meneaaa
&lt;br&gt;se suelta toa
&lt;br&gt;ella es.. bella bella(x2)
&lt;br&gt;
&lt;br&gt;bella bella bella
&lt;br&gt;ella es bella bella(x2)
&lt;br&gt;
&lt;br&gt;ella es mi prinscesa
&lt;br&gt;es mi muñequita bandida
&lt;br&gt;mi novia
&lt;br&gt;mi amiga
&lt;br&gt;doncella bella bella
&lt;br&gt;toda la vida quiero al lado de ella
&lt;br&gt;me gusta su forma de caminar
&lt;br&gt;me aloca su manera de bailar(x2)
&lt;br&gt;tu eres la joya mas preciada que tengo
&lt;br&gt;tu eres mi alimento
&lt;br&gt;_______________
&lt;br&gt;quiero comerte completa
&lt;br&gt;darte una mordisqueta
&lt;br&gt;o besuquearte el cuello (contenta)
&lt;br&gt;ella es
&lt;br&gt;
&lt;br&gt;bella bella bella
&lt;br&gt;ella es bella bella(x2)
&lt;br&gt;
&lt;br&gt;quieres de a poco te toque tu cuerpo fenomenal
&lt;br&gt;cuando bailamos el tra
&lt;br&gt;eres tan bella
&lt;br&gt;eres tan bella (x2)
&lt;br&gt;
&lt;br&gt;tu eres mi fantacia
&lt;br&gt;la bebita
&lt;br&gt;la shorty
&lt;br&gt;la mami que queria
&lt;br&gt;vida mia
&lt;br&gt;pero mirala mirala
&lt;br&gt;como se contornea
&lt;br&gt;se suelta bonita la nena
&lt;br&gt;y la rompe cuando se menea
&lt;br&gt;
&lt;br&gt;ella es una chica que le gusta coquetear
&lt;br&gt;moverse y que la toquen por detras
&lt;br&gt;su perreo su sandungueo
&lt;br&gt;todo ello te lo doy
&lt;br&gt;sin sensura
&lt;br&gt;yo te cojo (su culo)
&lt;br&gt;no te entiendo
&lt;br&gt;no te jodo
&lt;br&gt;todo lo ago por a amor
&lt;br&gt;tu rechazo me tontea
&lt;br&gt;me hace perder el control
&lt;br&gt;no me importa lo que digan
&lt;br&gt;siempre sere tu cabron
&lt;br&gt;oye nena
&lt;br&gt;dame tu corazon
&lt;br&gt;
&lt;br&gt;miralaaaa como se meneaaa
&lt;br&gt;se suelta toa
&lt;br&gt;ella es.. bella bella(x2)
&lt;br&gt;¡KALE¡
&lt;br&gt;diem studios
&lt;br&gt;un poco de romantiqueo para las ladys
&lt;br&gt;para las gatas
&lt;br&gt;vamos a enseñarles diem
&lt;br&gt;como es que se hace esto
&lt;br&gt;ok
&lt;br&gt;ya tu sabes
&lt;br&gt;porque no saben
&lt;br&gt;KALE
&lt;br&gt;3 MC BOOM
&lt;br&gt;(bella bella bella)
&lt;br&gt;KALE, DIEM, TRIKOOL
&lt;br&gt;jajjajaa&lt;/p&gt;
</description>
    </item>
    
    <item>
      <title> Punza</title>
      <link>http://letraspedia.com/lyric/3mc-boom-punza/</link>
      <pubDate>Mon, 01 Sep 2008 00:00:00 UTC</pubDate>
      <author>Enthusiastic Hugo User</author>
      <guid>http://letraspedia.com/lyric/3mc-boom-punza/</guid>
      <description>&lt;p&gt;3 mc boooooom(oye)
&lt;br&gt;toda la mujere que se preparen
&lt;br&gt;vi a tu hombre en el party
&lt;br&gt;sueltate pa&amp;rsquo; bailar reggaeton
&lt;br&gt;que yo se que a ti te encanta
&lt;br&gt;zumbalo mami que te va a punzar
&lt;br&gt;va punzar, va punzar
&lt;br&gt;slow mami chula que te va a punzar
&lt;br&gt;va a punzar, va punzar(X2)
&lt;br&gt;
&lt;br&gt;si tu sientes que la sangre se te calienta ma&amp;rsquo;
&lt;br&gt;no te preocupes por na&amp;rsquo;
&lt;br&gt;este es la nota que pone a exitar you now shorty
&lt;br&gt;la que te hace sudar
&lt;br&gt;mucho dembow
&lt;br&gt;mucho paleteo
&lt;br&gt;mucho bellaqueo
&lt;br&gt;¡¡ahhh¡¡
&lt;br&gt;eso es lo que tu quieres que ponga
&lt;br&gt;pa&amp;rsquo; la felina algo solido, bellacoso, mailisioso, pegagoso
&lt;br&gt;mira ma&amp;rsquo; te va punzar(x3)
&lt;br&gt;punza que punza que punza
&lt;br&gt;mira ma&amp;rsquo; te va punzar(x3)
&lt;br&gt;punza que punza que punza
&lt;br&gt;washh¡¡¡¡¡¡
&lt;br&gt;caramelote pide la gata para la raza ¡¡¡ahhh¡¡¡
&lt;br&gt;una memlaza ¡¡ahh¡¡ una melaza(x2)
&lt;br&gt;todas la mujeres que sigan bailando
&lt;br&gt;el reggaeton ta&amp;rsquo; sonado
&lt;br&gt;dale mami rompe sintura
&lt;br&gt;dale vamos aya
&lt;br&gt;zumbalo mami que te va a punzar
&lt;br&gt;va punzar, va punzar
&lt;br&gt;slow mami chula que te va a punzar
&lt;br&gt;va a punzar, va punzar(X2)
&lt;br&gt;ve (pasoula) llego el que (cantrofoula)
&lt;br&gt;el (youmeroula)
&lt;br&gt;el que tiene a los mc mamandole en la trola
&lt;br&gt;que tu sabes de esto oye vete
&lt;br&gt;yo estoy en el negocio desde el tiempo de pantolete
&lt;br&gt;y a mi no me vengas a refutarme na&amp;rsquo;
&lt;br&gt;que yo soy el mete party y tu lo saves pa&amp;rsquo;
&lt;br&gt;soy el que pone a las gatas exita&amp;rsquo;s
&lt;br&gt;y a los paraos me los suspiro mas que la marihuana
&lt;br&gt;punza punza punza(x4)
&lt;br&gt;washh¡¡¡¡¡¡
&lt;br&gt;caramelote pide la gata para la raza ¡¡¡ahhh¡¡¡
&lt;br&gt;una memlaza ¡¡ahh¡¡ una melaza(x2)
&lt;br&gt;
&lt;br&gt;¡¡KALE¡¡
&lt;br&gt;le gusta el party ok?
&lt;br&gt;conquistando el mundo entero con mi reggaeton
&lt;br&gt;quemando calsicos
&lt;br&gt;oye yo no hago goles de media cancha
&lt;br&gt;yo las hago fuera del estadio
&lt;br&gt;¡¡ah¡¡ ¡¡ah¡¡¡ ¡¡ah¡¡
&lt;br&gt;
&lt;br&gt;zumbalo mami que te va a punzar
&lt;br&gt;va punzar, va punzar
&lt;br&gt;slow mami chula que te va a punzar
&lt;br&gt;va a punzar, va punzar(X2)
&lt;br&gt;los enterradores comming soon
&lt;br&gt;tama records
&lt;br&gt;family productions
&lt;br&gt;3 mc boom
&lt;br&gt;no me llore que es pa&amp;rsquo; perrear nada mas&lt;/p&gt;
</description>
    </item>
    
    <item>
      <title> Reggaetoneando</title>
      <link>http://letraspedia.com/lyric/3mc-boom-reggaetoneando/</link>
      <pubDate>Mon, 01 Sep 2008 00:00:00 UTC</pubDate>
      <author>Enthusiastic Hugo User</author>
      <guid>http://letraspedia.com/lyric/3mc-boom-reggaetoneando/</guid>
      <description>&lt;p&gt;3 mc boom ¡¡eh¡¡  ¡¡eh¡¡
&lt;br&gt;master records
&lt;br&gt;
&lt;br&gt;reggaetoneandoooo
&lt;br&gt;coreandooo(x2)
&lt;br&gt;
&lt;br&gt;meroula como le mete
&lt;br&gt;para mi chica bien al garete you
&lt;br&gt;tu quiere menear
&lt;br&gt;tu quiere gozar
&lt;br&gt;tu quieres tener mi sexy you
&lt;br&gt;________ con perreo sandungueo soo
&lt;br&gt;tu quiere menear
&lt;br&gt;tu quiere gozar
&lt;br&gt;tu quiere tener mi sexy you(x2)
&lt;br&gt;
&lt;br&gt;sandungue ¡¡ee¡¡ ¡¡oo¡¡(x6)
&lt;br&gt;
&lt;br&gt;chaca chaca chaca chaca cha
&lt;br&gt;chaca chaca chaca chaca cha
&lt;br&gt;chaca chaca chaca chaca cha
&lt;br&gt;chaca ¡¡chaca¡¡ ¡¡chaca¡¡(x2)
&lt;br&gt;
&lt;br&gt;reggaetoneandoooo
&lt;br&gt;coreandooo(x2)
&lt;br&gt;
&lt;br&gt;meroula como le mete
&lt;br&gt;para mi chica bien al garete you
&lt;br&gt;tu quiere menear
&lt;br&gt;tu quiere gozar
&lt;br&gt;tu quieres tener mi sexy you
&lt;br&gt;________ con perreo sandungueo soo
&lt;br&gt;tu quiere menear
&lt;br&gt;tu quiere gozar
&lt;br&gt;tu quiere tener mi sexy you(x2)
&lt;br&gt;
&lt;br&gt;tu quiere mi san.. tu quiere mi san..
&lt;br&gt;tu quiere mi sandungueo gueo
&lt;br&gt;tu quiere mi re.. tu quiere mi re..
&lt;br&gt;tu quiere mi reggaetoneo you(x2)
&lt;br&gt;
&lt;br&gt;sandungue ¡¡ee¡¡ ¡¡oo¡¡(x6)
&lt;br&gt;
&lt;br&gt;chaca chaca chaca chaca cha
&lt;br&gt;chaca chaca chaca chaca cha
&lt;br&gt;chaca chaca chaca chaca cha
&lt;br&gt;chaca ¡¡chaca¡¡ ¡¡chaca¡¡(x2)
&lt;br&gt;
&lt;br&gt;reggaetoneandoooo
&lt;br&gt;coreandooo(x2)
&lt;br&gt;
&lt;br&gt;tambumbo, Ishtar Jans, Klae
&lt;br&gt;3 Mc boom
&lt;br&gt;bye&amp;hellip;..&lt;/p&gt;
</description>
    </item>
    
    <item>
      <title> Se Marihuanea</title>
      <link>http://letraspedia.com/lyric/3mc-boom-se-marihuanea/</link>
      <pubDate>Mon, 01 Sep 2008 00:00:00 UTC</pubDate>
      <author>Enthusiastic Hugo User</author>
      <guid>http://letraspedia.com/lyric/3mc-boom-se-marihuanea/</guid>
      <description>&lt;p&gt;&lt;em&gt;CORO&lt;/em&gt;
&lt;br&gt;perrealaaaa ..chocalala chocala chocala (bis2)
&lt;br&gt;perrealaaaa(bis4)
&lt;br&gt;chocalala chocala chocala chocho (bis8)
&lt;br&gt;
&lt;br&gt;y se me pega la loca bellaca
&lt;br&gt;ella si me calienta
&lt;br&gt;para irme con ella
&lt;br&gt;me pega,me azota
&lt;br&gt;bum azota azota
&lt;br&gt;y todo su cuerpo
&lt;br&gt;lo choca conmigo
&lt;br&gt;porque me lanzea
&lt;br&gt;como me loquea,como me perrea
&lt;br&gt;uhh..perrea perrea
&lt;br&gt;chocala a bailar provocala
&lt;br&gt;si quieres marrocala
&lt;br&gt;tocala y alocala
&lt;br&gt;chocala y volteala
&lt;br&gt;que baile y perreala
&lt;br&gt;dejala como se pone se y menejala
&lt;br&gt;
&lt;br&gt;&lt;em&gt;CORO&lt;/em&gt;
&lt;br&gt;se marihuanea(bis16)
&lt;br&gt;perrealaaaa ..chocalala chocala chocala
&lt;br&gt;perrealaaaachocalala
&lt;br&gt;chocala chocala chocho (bis8)
&lt;br&gt;_____________dejalo noqueao
&lt;br&gt;estoy aqui porque tiene la chica bailando reggeton
&lt;br&gt;yo sandungue no fuimos hasta abajo
&lt;br&gt;mamita pero despacito tan lenta cade
&lt;br&gt;chantala agarrala y levantala
&lt;br&gt;que baile con reggetun
&lt;br&gt;perreala y encantala
&lt;br&gt;pontela a moverla a tu girla
&lt;br&gt;que ista te sandunguea
&lt;br&gt;
&lt;br&gt;&lt;em&gt;CORO&lt;/em&gt;
&lt;br&gt;se marihuanea(bis16)
&lt;br&gt;perrealaaaa ..chocalala chocala chocala
&lt;br&gt;perrealaaaa
&lt;br&gt;chocalala chocala chocala chocho (bis8)&lt;/p&gt;
</description>
    </item>
    
    <item>
      <title> Un Dia Mas</title>
      <link>http://letraspedia.com/lyric/3mc-boom-un-dia-mas/</link>
      <pubDate>Mon, 01 Sep 2008 00:00:00 UTC</pubDate>
      <author>Enthusiastic Hugo User</author>
      <guid>http://letraspedia.com/lyric/3mc-boom-un-dia-mas/</guid>
      <description>&lt;p&gt;Un dia mas dificil por seguir
&lt;br&gt;un dia mas para tratar de sobresalir
&lt;br&gt;un dia mas que no se que va a pasar
&lt;br&gt;dios mio ayudame para progresar
&lt;br&gt;
&lt;br&gt;quiero salir del oyo en el que me encuentro
&lt;br&gt;retar al destino por un momento
&lt;br&gt;saludar a la vida sin resentimiento
&lt;br&gt;voy a luchar y sobresalir
&lt;br&gt;!PERO NO!
&lt;br&gt;
&lt;br&gt;me dejare caer por la situacion !NO!
&lt;br&gt;me dejare aplastar por la presion !NO!
&lt;br&gt;no dejare que acabes con mi sueño
&lt;br&gt;que de mi historia yo soy el unico dueño
&lt;br&gt;tantas veces tuve que tragarme el orgullo
&lt;br&gt;y meterme en el bolsillo la verguenza
&lt;br&gt;pero tenia que aprender a soportar
&lt;br&gt;asi fueran mas fuertes mis ganas de llorar
&lt;br&gt;tenia claro que mi vida estaria
&lt;br&gt;llenas te tristezas y viles hipocresias
&lt;br&gt;pero esas heridas no me matarian solo me doleria
&lt;br&gt;pero conmigo no acabaria
&lt;br&gt;
&lt;br&gt;es dificil luchar contra la corriente
&lt;br&gt;!NO TE CAIGAS MIERDA SE VALIENTE!
&lt;br&gt;
&lt;br&gt;una voz me gritaba
&lt;br&gt;una voz me alentaba
&lt;br&gt;mientras que el mundo solamente me aplastaba
&lt;br&gt;!PERO NO!
&lt;br&gt;me dejare caer por la situacion !NO!
&lt;br&gt;me dejare aplastar por la presion !NO!
&lt;br&gt;no dejare que acabes con mi sueño
&lt;br&gt;que de mi historia yo soy el unico deuño
&lt;br&gt;
&lt;br&gt;todo eso ya tu sabe yo me e consagrao
&lt;br&gt;y en las ligas majores e demostrao
&lt;br&gt;que mi talento nunca fue pacao
&lt;br&gt;esto va pa&amp;rsquo; los HIJOS DE PUTA que nunca me han apoyao
&lt;br&gt;ahora que te quedastes con la boca abierta
&lt;br&gt;te voy a decir unas cosas que son siertas
&lt;br&gt;solo que siempre me serrastes tus puertas
&lt;br&gt;hay jesucristo si que el mundo da vueltas
&lt;br&gt;
&lt;br&gt;llamame sin miedo se valiente
&lt;br&gt;yo te voy ha demostrar que si soy gente
&lt;br&gt;siempre fui humilde
&lt;br&gt;siempre fui sencillo
&lt;br&gt;siempre fui un chiquillo
&lt;br&gt;un chiquillo sencillo
&lt;br&gt;
&lt;br&gt;esta cancion esta dedicada
&lt;br&gt;para todos los que tratan de sobresalir dia a dia
&lt;br&gt;KALEEE
&lt;br&gt;tu sabes que es pa ti
&lt;br&gt;hipocresia
&lt;br&gt;tu sabes que es pa ti hipocritas
&lt;br&gt;t&lt;/p&gt;
</description>
    </item>
    
  </channel>
</rss>