<?xml version="1.0" encoding="utf-8" standalone="yes" ?>
<rss version="2.0" xmlns:atom="http://www.w3.org/2005/Atom">
  <channel>
      <title>112 Featuring Ludacris  P.Diddy on Letraspedia.com thes best lyrics page </title>
    <link>http://letraspedia.com/artist/112-featuring-ludacris--p/index.diddy/</link>
    <language>en-US</language>
    <author>Enthusiastic Hugo User</author>
    <rights>Copyright (c) 2014, Enthusiastic Hugo User; all rights reserved.</rights>
    <updated>Mon, 01 Sep 2008 00:00:00 UTC</updated>
    
    <item>
      <title> Hot And Wet</title>
      <link>http://letraspedia.com/lyric/112-featuring-ludacris-pdiddy-hot-and-wet/</link>
      <pubDate>Mon, 01 Sep 2008 00:00:00 UTC</pubDate>
      <author>Enthusiastic Hugo User</author>
      <guid>http://letraspedia.com/lyric/112-featuring-ludacris-pdiddy-hot-and-wet/</guid>
      <description>&lt;p&gt;&lt;a href=&#34;slim&#34;&gt;p diddy - talking&lt;/a&gt;&lt;br /&gt;let&amp;#39;s go (112, 112 ..)&lt;br /&gt;bad boy baby&lt;br /&gt;def jam..&lt;br /&gt;collaboration&lt;br /&gt;(guess who&amp;#39;s back)&lt;br /&gt;hey yo slim, you ready?&lt;br /&gt;talk to &amp;#39;em&lt;br /&gt;[verse 1 - slim]&lt;br /&gt;i wanna show you how i feel (yeah)&lt;br /&gt;don&amp;#39;t hold back, here&amp;#39;s my love&lt;br /&gt;baby you&amp;#39;re the one for me (i wanna know)&lt;br /&gt;how can we get down tonight&lt;br /&gt;no more game lets spend some time&lt;br /&gt;baby won&amp;#39;t you give it to me&lt;br /&gt;just give it to me baby&lt;br /&gt;[break - 112]&lt;br /&gt;you don&amp;#39;t know what you do to me&lt;br /&gt;the way you touch baby&lt;br /&gt;(girl i&amp;#39;m tired of playing games are you ready)&lt;br /&gt;i love it when you&amp;#39;re on top of it, so spread it&lt;br /&gt;(won&amp;#39;t you just give it to me, girl we can do this)&lt;br /&gt;[chorus - 112] - 2x - w/ ad libs&lt;br /&gt;hot and wet&lt;br /&gt;girl you make me wanna sweat&lt;br /&gt;when you touch me like that&lt;br /&gt;girl you know i wanna give it to you&lt;br /&gt;[p. diddy]&lt;br /&gt;second verse, come on&lt;br /&gt;[verse 2 - 112]&lt;br /&gt;baby now it&amp;#39;s getting late&lt;br /&gt;don&amp;#39;t start now, i can wait&lt;br /&gt;to show you belong to me (show her, c&amp;#39;mon, let&amp;#39;s go)&lt;br /&gt;know how i like it, take your time, close your eyes&lt;br /&gt;let me show you what real love should be&lt;br /&gt;girl you don&amp;#39;t know, (come on) baby&lt;br /&gt;[break]&lt;br /&gt;[chorus] - w/ ad libs&lt;br /&gt;[p. diddy - talking behind chorus]&lt;br /&gt;you ready?&lt;br /&gt;yeah, hey ya&amp;#39;ll i don&amp;#39;t think their ready&lt;br /&gt;tell &amp;#39;em what time it is&lt;br /&gt;&lt;a href=&#34;p. diddy&#34;&gt;verse 3 - ludacris&lt;/a&gt;&lt;br /&gt;now baby you done work, if you work it&lt;br /&gt;tweak it, twerk it (yeah)&lt;br /&gt;i feel like your every imperfection is perfect (woo)&lt;br /&gt;luda, yeah what you heard is true&lt;br /&gt;&lt;br /&gt; &lt;br /&gt;&lt;br /&gt;I make you do things, you ain&amp;#39;t even know you can do (don&amp;#39;t hurt &amp;#39;em now)&lt;br /&gt;got &amp;#39;em weak in the knees cause my back is strong&lt;br /&gt;and you wonder why your girls wanna tag along (uh huh)&lt;br /&gt;cause them birds is jealous, my words embellished&lt;br /&gt;plus they heard that i kiss every curve and crevice (yeah, let&amp;#39;s go)&lt;br /&gt;i&amp;#39;m too hot to handle, i rock your mantle&lt;br /&gt;when i play 112 and light 16 candles (come on)&lt;br /&gt;deep sea fishin in your favorite position (can you handle that, yeah)&lt;br /&gt;everytime you moan i pay close attention (uh huh)&lt;br /&gt;flip em like a pancake (uh), show me somethin (that&amp;#39;s right)&lt;br /&gt;or we can break in your vibratin tongue ring (come on)&lt;br /&gt;let&amp;#39;s mountain climb til we reach the peak (touch, yeah)&lt;br /&gt;the technique will make you sweat, but don&amp;#39;t sweat the technique (that&amp;#39;s right)&lt;br /&gt;[chorus] - w/ ad libs&lt;br /&gt;[p. diddy - talking behind chorus]&lt;br /&gt;let&amp;#39;s go, c&amp;#39;mon&lt;br /&gt;yeah, c&amp;#39;mon&lt;br /&gt;[verse 4 - 112] - w/ variations&lt;br /&gt;girl just keep it hot and wet (are you ready)&lt;br /&gt;girl i&amp;#39;m gonna make a sweat&lt;br /&gt;keep it real close to me&lt;br /&gt;let it drip all over me (i love the way you give it to me, baby)&lt;br /&gt;you know just what i like (ohh)&lt;br /&gt;touch it, love it, freak it all night&lt;br /&gt;i&amp;#39;m gettin it off me (you touch me like)&lt;br /&gt;but baby you gotta keep it&lt;br /&gt;(you know i wanna give it to you)&lt;br /&gt;[p. diddy - talking behind verse 4]&lt;br /&gt;you ready? let&amp;#39;s go&lt;br /&gt;c&amp;#39;mon, yeah&lt;br /&gt;let&amp;#39;s go, yeah&lt;br /&gt;c&amp;#39;mon&lt;br /&gt;[chorus] - repeated until fade&lt;br /&gt;[p. diddy - talking until fade]&lt;br /&gt;bad boy, 112&lt;br /&gt;back together again, yeah&lt;br /&gt;&lt;br&gt;&lt;/p&gt;
</description>
    </item>
    
    <item>
      <title> Peaches And Cream (remix)</title>
      <link>http://letraspedia.com/lyric/112-featuring-ludacris-pdiddy-peaches-and-cream-remix/</link>
      <pubDate>Mon, 01 Sep 2008 00:00:00 UTC</pubDate>
      <author>Enthusiastic Hugo User</author>
      <guid>http://letraspedia.com/lyric/112-featuring-ludacris-pdiddy-peaches-and-cream-remix/</guid>
      <description>&lt;p&gt;Yea yea yea yo 2001 ( we still hea)&lt;br /&gt;Yea uh&lt;br /&gt;This is the remix&lt;br /&gt;Dont stop&lt;br /&gt;112 dont stop&lt;br /&gt;Bad boy&lt;br /&gt;Yea this is the remix&lt;br /&gt;&lt;br /&gt;Ludacris like em shaken not sturred&lt;br /&gt;Wakin up blured&lt;br /&gt;Walk but naked&lt;br /&gt;Talk be slurred&lt;br /&gt;Next get squeezed&lt;br /&gt;And i cant breathe&lt;br /&gt;Stop then switch&lt;br /&gt;Next get kneed&lt;br /&gt;Kinda taste like lemon marang&lt;br /&gt;So nice i add spice wid the cinnamion thang&lt;br /&gt;Make ya pull yer own hair out&lt;br /&gt;Make yer body go flat&lt;br /&gt;Get the spairs out&lt;br /&gt;Smack lips&lt;br /&gt;Smack hips&lt;br /&gt;Make em backflip&lt;br /&gt;Cake mix&lt;br /&gt;Finger lickin tactickz&lt;br /&gt;Tounge gymnastics&lt;br /&gt;Goog head make the eyes&lt;br /&gt;Rool back&lt;br /&gt;112 on the track so you can&amp;rsquo;t&lt;br /&gt;Hold back&lt;br /&gt;Hot bread and butter&lt;br /&gt;Peache and cream&lt;br /&gt;Only reach for the peach&lt;br /&gt;If its peachy clean&lt;br /&gt;Only reach for yer spot&lt;br /&gt;Then release the steam&lt;br /&gt;A town we release the kings&lt;br /&gt;&lt;br /&gt;Let me tell you what i wanna do&lt;br /&gt;Let me show you that i&amp;rsquo;m feelin&amp;rsquo; you&lt;br /&gt;Wanna sex, wanna ride with you&lt;br /&gt;Wanna taste, wanna put my lips all over you&lt;br /&gt;Can&amp;rsquo;t get enough of you&lt;br /&gt;Always thinkin of you&lt;br /&gt;So sweet, i cant forget&lt;br /&gt;So good, girl you make me sweat&lt;br /&gt;Girl know what i&amp;rsquo;m talkin&amp;rsquo; &amp;lsquo;bout&lt;br /&gt;&lt;br /&gt;Peaches and cream&lt;br /&gt;I need it cause you know that i&amp;rsquo;m a fiend(thats right)&lt;br /&gt;Gettin&amp;rsquo; freaky in my bentley limousine&lt;br /&gt;It&amp;rsquo;s even better when it&amp;rsquo;s with ice cream&lt;br /&gt;Know what i mean&lt;br /&gt;&lt;br /&gt;Peaches and cream&lt;br /&gt;I need it cause you know that i&amp;rsquo;m a fiend&lt;br /&gt;Gettin&amp;rsquo; freaky in my bentley limousine&lt;br /&gt;It&amp;rsquo;s even better when it&amp;rsquo;s with ice cream&lt;br /&gt;Know what i mean, peaches and cream&lt;br /&gt;&lt;br /&gt;I never thought that i would be&lt;br /&gt;So addicted to you&lt;br /&gt;On top, underneath, on the side of you&lt;br /&gt;Better yet baby right next to you&lt;br /&gt;Love the way you&amp;rsquo;re just flowin down&lt;br /&gt;And i can feel it all around&lt;br /&gt;In the front, in the back of you&lt;br /&gt;Ooh i love the smell of you&lt;br /&gt;Girl you know what i&amp;rsquo;m talking about&lt;br /&gt;&lt;br /&gt;Peaches and cream&lt;br /&gt;I need it cause you know that i&amp;rsquo;m a fiend&lt;br /&gt;Gettin&amp;rsquo; freaky in my bentley limousine&lt;br /&gt;It&amp;rsquo;s even better when it&amp;rsquo;s with ice cream&lt;br /&gt;Know what i mean&lt;br /&gt;&lt;br /&gt;Peaches and cream&lt;br /&gt;I need it cause you know that i&amp;rsquo;m a fiend&lt;br /&gt;Gettin&amp;rsquo; freaky in my bentley limousine&lt;br /&gt;It&amp;rsquo;s even better when it&amp;rsquo;s with ice cream&lt;br /&gt;Know what i mean, peaches and cream&lt;br /&gt;&lt;br /&gt;Won&amp;rsquo;t stop girl you know i can&amp;rsquo;t get enough&lt;br /&gt;Wanna taste it in the morning when i&amp;rsquo;m waking up&lt;br /&gt;Like peach cobbler in my stomach when i eat it up&lt;br /&gt;Got your arms around my neck and i can&amp;rsquo;t get up&lt;br /&gt;See the boys 112 we from the a&amp;rsquo;&lt;br /&gt;(a&amp;rsquo;&lt;br /&gt;And when it comes to eating peaches,&lt;br /&gt;Shorty we don&amp;rsquo;t play&lt;br /&gt;So all the ladies in the house if your peach is it&lt;br /&gt;Put your hands in the air represent your clique&lt;br /&gt;&lt;br /&gt;This is the dance break&lt;br /&gt;This is the remix&lt;br /&gt;Bounce to this (yea com&amp;rsquo;on)&lt;br /&gt;Can i getta lick&lt;br /&gt;Can i get a lick&lt;br /&gt;&lt;br /&gt;Peaches and cream&lt;br /&gt;I need it cause you know that i&amp;rsquo;m a fiend(thats right)&lt;br /&gt;Gettin&amp;rsquo; freaky in my bentley limousine&lt;br /&gt;(girl, you are so tasty)&lt;br /&gt;It&amp;rsquo;s even better when it&amp;rsquo;s with ice cream&lt;br /&gt;Know what i mean&lt;br /&gt;&lt;br /&gt;(oh girl i need it)&lt;br /&gt;I need it cuz you know that i&amp;rsquo;m a fiend (bad boy baby p diddy 112 ludicris this is the bad boy remix)&lt;br /&gt;(i gotta have it)&lt;br /&gt;Getting freaky in my bently limosine&lt;br /&gt;(it&amp;rsquo;s always on my mind)&lt;br /&gt;It&amp;rsquo;s even better when it&amp;rsquo;s with ice cream&lt;br /&gt;Know what i mean&lt;br /&gt;Peaches and cream&lt;br /&gt;(i like it in my car)&lt;br /&gt;I need it cuz you know that im a fiend&lt;br /&gt;(or even in my bed)&lt;br /&gt;Getting freaky in my bently limosine&lt;br /&gt;(or baby on the stairs)&lt;br /&gt;It&amp;rsquo;s even better when it&amp;rsquo;s with ice cream&lt;br /&gt;Know what i mean&lt;br /&gt;Peaches and cream&lt;br /&gt;&lt;br /&gt;(oh girl i need it)&lt;br /&gt;I need it cuz you know that im a fiend&lt;br /&gt;(i gotta have it)&lt;br /&gt;Getting freaky in my bently limosine&lt;br /&gt;(it&amp;rsquo;s always on my mind)&lt;br /&gt;Its even better when its with ice cream&lt;br /&gt;Know what i mean&lt;br /&gt;Peaches and cream&lt;br /&gt;&lt;br /&gt;(i like it in my car)&lt;br /&gt;I need it cu&lt;br /&gt;&lt;br&gt;&lt;/p&gt;
</description>
    </item>
    
  </channel>
</rss>