<?xml version="1.0" encoding="utf-8" standalone="yes" ?>
<rss version="2.0" xmlns:atom="http://www.w3.org/2005/Atom">
  <channel>
      <title>213 on Letraspedia.com thes best lyrics page </title>
    <link>http://letraspedia.com/artist/213/</link>
    <language>en-US</language>
    <author>Enthusiastic Hugo User</author>
    <rights>Copyright (c) 2014, Enthusiastic Hugo User; all rights reserved.</rights>
    <updated>Mon, 01 Sep 2008 00:00:00 UTC</updated>
    
    <item>
      <title> Another Summer</title>
      <link>http://letraspedia.com/lyric/213-another-summer/</link>
      <pubDate>Mon, 01 Sep 2008 00:00:00 UTC</pubDate>
      <author>Enthusiastic Hugo User</author>
      <guid>http://letraspedia.com/lyric/213-another-summer/</guid>
      <description>&lt;p&gt;[snoop dogg]&lt;br /&gt;a pool party at the church&lt;br /&gt;g&amp;#39;d up and others barbequeing&lt;br /&gt;ain&amp;#39;t no telling what your daddy and your momma doing&lt;br /&gt;chewing on these baby-backs popping bottles with these macks&lt;br /&gt;everybody swimming, backyard full of women&lt;br /&gt;i&amp;#39;m entertaining folks&lt;br /&gt;gave the lil&amp;#39; homie twenty dollars just to shine my hundred spokes&lt;br /&gt;coke with the hennesey tends to be the remedy&lt;br /&gt;family and friends to me&lt;br /&gt;everyone pretends to be kin to me&lt;br /&gt;i can&amp;#39;t wait until the fourth of july&lt;br /&gt;to pop some fireworks with my kids&lt;br /&gt;and fly some kites high in the sky&lt;br /&gt;see, it&amp;#39;s the family reunion&lt;br /&gt;and down at the church house, they giving up the annual communion&lt;br /&gt;It seems we made it to another summer&lt;br /&gt;yeah we came and come up&lt;br /&gt;213 is more than friends&lt;br /&gt;yeah, we like blood brothers&lt;br /&gt;riding this &amp;#39;til the wheels fall off&lt;br /&gt;can you dig that?&lt;br /&gt;we got this summertime anthem for y&amp;#39;all&lt;br /&gt;we did that&lt;br /&gt;[chorus - latoiya williams]&lt;br /&gt;we made it through winter&lt;br /&gt;we made it through fall&lt;br /&gt;we made it through the spring time&lt;br /&gt;tough times and all&lt;br /&gt;it&amp;#39;s good to see&lt;br /&gt;i love the summer&lt;br /&gt;i&amp;#39;m riding with the top down&lt;br /&gt;let the wind blow&lt;br /&gt;chillin&amp;#39; with my love&lt;br /&gt;partying fo&amp;#39; sho&amp;#39;&lt;br /&gt;it feels good to see&lt;br /&gt;i love the summer&lt;br /&gt;everybody if you with me sing&lt;br /&gt;[nate dogg]&lt;br /&gt;we got the game on lock&lt;br /&gt;on the paper chase, can&amp;#39;t stop&lt;br /&gt;on a roll, still hot&lt;br /&gt;gotta be top notch&lt;br /&gt;i like the girls &amp;#39;cuz they hot&lt;br /&gt;plus i know what they want&lt;br /&gt;they want the game that we got&lt;br /&gt;hold up baby girl i think not&lt;br /&gt;i like the nasty girls from around the way&lt;br /&gt;hoppin&amp;#39; in my gray drop-top mercedes&lt;br /&gt;shouts go out to my sexy ladies&lt;br /&gt;just in case your man is hating&lt;br /&gt;tell your boy he better chill (summertime)&lt;br /&gt;tell your boy he better chill (summertime)&lt;br /&gt;[chorus]&lt;br /&gt;[warren g]&lt;br /&gt;i&amp;#39;m addicted to the sunshine the way it make these women dress&lt;br /&gt;tank tops, flip flops, make this nigga love the west&lt;br /&gt;different spots, even though different, it&amp;#39;s still crackin&amp;#39;&lt;br /&gt;in jamaica, queens i sit back, live and collect the cabbage&lt;br /&gt;it&amp;#39;s an affair that every state can relate to&lt;br /&gt;and if you do what i do, then go on and follow suit&lt;br /&gt;from chi-town to diego, all the way back to ny&lt;br /&gt;stay fly, and never miss a piece of sunshine&lt;br /&gt;when i&amp;#39;m at the church i barbeque for my kinfolk&lt;br /&gt;watch lil&amp;#39; elijah and lil&amp;#39; warren run the football&lt;br /&gt;got weed, got drink, but most of all the spirit&lt;br /&gt;and it&amp;#39;s a blessin&amp;#39; that the world wanna hear our music&lt;br /&gt;the summer is an inspiration as much as the fast&lt;br /&gt;and to my my nigga snoopdewoop, i love you fam&amp;#39;&lt;br /&gt;[snoop dogg]&lt;br /&gt;riding this &amp;#39;til the wheels fall off&lt;br /&gt;can you dig that?&lt;br /&gt;we got this summertime anthem for y&amp;#39;all&lt;br /&gt;we did that&lt;br /&gt;[chorus]&lt;br /&gt;[snoop dogg]&lt;br /&gt;yeah, another summer&lt;br /&gt;kanye west good looking on the beat, nephew&lt;br /&gt;213 reminding y&amp;#39;all put your guns down&lt;br /&gt;well spent summertime, let&amp;#39;s enjoy ourselves&lt;br /&gt;we just wanna celebrate&lt;br /&gt;you know what i&amp;#39;m talking about?&lt;br /&gt;it&amp;#39;s too hot for all that&lt;br /&gt;yeah 213&lt;br /&gt;moving mountains y&amp;#39;all haha&lt;br /&gt;all the time, yeah&lt;br /&gt;&lt;br&gt;&lt;/p&gt;
</description>
    </item>
    
    <item>
      <title> Groupie Luv</title>
      <link>http://letraspedia.com/lyric/213-groupie-luv/</link>
      <pubDate>Mon, 01 Sep 2008 00:00:00 UTC</pubDate>
      <author>Enthusiastic Hugo User</author>
      <guid>http://letraspedia.com/lyric/213-groupie-luv/</guid>
      <description>&lt;p&gt;[intro: snoop dogg]&lt;br /&gt;this is a dj whoo production&lt;br /&gt;in conjunction with doggystyle records and 213&lt;br /&gt;[verse 1: warren g]&lt;br /&gt;i need a ride or die groupie that can get dirty in gucci&lt;br /&gt;on the floor or the floor or the hoopty while she loving me up&lt;br /&gt;i&amp;#39;m usually the instigator&lt;br /&gt;but ain&amp;#39;t nothing greater&lt;br /&gt;than a x-rater with a nickname like vibrator&lt;br /&gt;i need to do a remix to &amp;quot;area codes&amp;quot;&lt;br /&gt;i..got..hoes and plenty more&lt;br /&gt;the way it kicks on time is out of control&lt;br /&gt;so when my nigga snoop dogg comes and kicks the door&lt;br /&gt;[snoop dogg]&lt;br /&gt;when i walk up in the door&lt;br /&gt;you best to know it&amp;#39;s pimping on the whole&lt;br /&gt;213 gets the crunk for sure&lt;br /&gt;and they know about us everywhere we go&lt;br /&gt;&lt;br&gt;[warren g]&lt;br /&gt;and where the groupies at&lt;br /&gt;[chorus: nate dogg &amp;amp; (snoop dogg)]&lt;br /&gt;i was just about to call&lt;br /&gt;&amp;#39;till snoop dogg told me that he boned&lt;br /&gt;&amp;#39;till warren g told me he rolled&lt;br /&gt;(i told you she&amp;#39;s a grooouuuppp)&lt;br /&gt;hoooooeeeee!!!&lt;br /&gt;Nate dogg in the house tonight looking for some groupie love&lt;br /&gt;snoop dogg in the house tonight looking for some groupie love&lt;br /&gt;warren g in the house tonight looking for some groupie love&lt;br /&gt;(213 all in your face and we trying to find)&lt;br /&gt;groupie love&lt;br /&gt;[verse 2: snoop dogg]&lt;br /&gt;looking for a chick&lt;br /&gt;that love that west coast gangster shit&lt;br /&gt;yeah girl if you think that you&amp;#39;re the one&lt;br /&gt;let&amp;#39;s go and have ourselves some fun&lt;br /&gt;you ain&amp;#39;t got a bring nothing at all&lt;br /&gt;just enjoy the adventures of the dogg&lt;br /&gt;i heard you like my smile&lt;br /&gt;my rap, my pimp, my style&lt;br /&gt;well it&amp;#39;s on you what it do&lt;br /&gt;you got to let nate hit it too&lt;br /&gt;&amp;#39;cus when we come to your town&lt;br /&gt;rule is pimps up, draws down&lt;br /&gt;[warren g]&lt;br /&gt;and where the groupies at&lt;br /&gt;[chorus]&lt;br /&gt;[verse 3: snoop dogg]&lt;br /&gt;my fast scheme on them&lt;br /&gt;we can tag team on them&lt;br /&gt;that&amp;#39;s what we need to do&lt;br /&gt;just me, g and you&lt;br /&gt;it&amp;#39;s cool when i&amp;#39;m seeing you&lt;br /&gt;get ready for a nine inch dick, me and the d in you&lt;br /&gt;i know you don&amp;#39;t want to miss this&lt;br /&gt;some classic lbc, 213 shit&lt;br /&gt;we in your city get busy &amp;#39;till you get dizzy&lt;br /&gt;trying to find all our fans&lt;br /&gt;to load them up in our vans&lt;br /&gt;[warren g]&lt;br /&gt;we hate to end the show&lt;br /&gt;but there&amp;#39;s a lot of groupies at the door&lt;br /&gt;another everyone to take a see&lt;br /&gt;all aboard and launch 213&lt;br /&gt;and where the groupies at&lt;br /&gt;[chorus]&lt;br /&gt;&lt;/p&gt;
</description>
    </item>
    
    <item>
      <title> Im Fly</title>
      <link>http://letraspedia.com/lyric/213-im-fly/</link>
      <pubDate>Mon, 01 Sep 2008 00:00:00 UTC</pubDate>
      <author>Enthusiastic Hugo User</author>
      <guid>http://letraspedia.com/lyric/213-im-fly/</guid>
      <description>&lt;p&gt;[Snoop Dogg]
&lt;br&gt;Wooooh
&lt;br&gt;Ya!welcome to da church volume II exclusive 213
&lt;br&gt;(hah hah) my nephew Nate Dogg in da house
&lt;br&gt;Nate Dogg holla at &amp;lsquo;em where u at
&lt;br&gt;
&lt;br&gt;[Chorus:]
&lt;br&gt;[Nate Dogg]
&lt;br&gt;Ridin&amp;rsquo; in my car
&lt;br&gt;And im listening to the radio
&lt;br&gt;Im listening to a sad girl sang
&lt;br&gt;Sangin about how she got her heart broke
&lt;br&gt;She was reaching for stars
&lt;br&gt;I just want me somethin natural
&lt;br&gt;When you&amp;rsquo;re alone it gets mighty cold
&lt;br&gt;Don&amp;rsquo;t act as if you did not know
&lt;br&gt;She let me play wit her heart
&lt;br&gt;I&amp;rsquo;m working late I said I&amp;rsquo;ll soon be home
&lt;br&gt;All the while the girl was home alone
&lt;br&gt;Let me tell you what she crying fo&amp;rsquo;
&lt;br&gt;(Why?)
&lt;br&gt;Cuz I&amp;rsquo;m fly
&lt;br&gt;(Snoop Dogg)
&lt;br&gt;Ya he supa fly
&lt;br&gt;(Nate Dogg)
&lt;br&gt;Oooo I&amp;rsquo;m fly
&lt;br&gt;Yaaaa
&lt;br&gt;
&lt;br&gt;[Snoop Dogg]
&lt;br&gt;You know he supa fly
&lt;br&gt;But me im supa dupa and im supa dupa fly
&lt;br&gt;I&amp;rsquo;d be da great-estes I know your waited list
&lt;br&gt;And i wanted this to be elaborate
&lt;br&gt;And so stratuous
&lt;br&gt;And u just slide by and wise-ey
&lt;br&gt;U want another piss-ey
&lt;br&gt;Is that the way you goin for his-ey
&lt;br&gt;I know you&amp;rsquo;re feeling all hurt inside
&lt;br&gt;But won&amp;rsquo;t you talk to a playa
&lt;br&gt;Let me help out your ride
&lt;br&gt;Im like a counselor a pastor a priest
&lt;br&gt;Or a physchologist
&lt;br&gt;A shriek or a freak
&lt;br&gt;Peace my technique
&lt;br&gt;I wear minx gator boots
&lt;br&gt;Im da one dat gets da loot
&lt;br&gt;And I aint afraid to shoot
&lt;br&gt;And i love to toot toot
&lt;br&gt;Beep beep as i slide up the street
&lt;br&gt;Im from the lbc and i dont noe wut yall done heard about me
&lt;br&gt;But im a C-R-I-P wit some P-I-M-P too
&lt;br&gt;I&amp;rsquo;m a real pimp playa from da 213 crew
&lt;br&gt;Now look here boo
&lt;br&gt;If you gonna bang or hang wit da dogg
&lt;br&gt;You besta get in
&lt;br&gt;Holla at her Nate Dogg
&lt;br&gt;
&lt;br&gt;[Chorus:]
&lt;br&gt;[Nate Dogg]
&lt;br&gt;Ridin&amp;rsquo; in my car
&lt;br&gt;And im listening to the radio
&lt;br&gt;Im listening to a sad girl sang
&lt;br&gt;Sangin about how she got her heart broke
&lt;br&gt;She was reaching for stars
&lt;br&gt;I just want me somethin natural
&lt;br&gt;When you&amp;rsquo;re alone it gets mighty cold
&lt;br&gt;Don&amp;rsquo;t act as if you did not know
&lt;br&gt;She let me play wit her heart
&lt;br&gt;I&amp;rsquo;m working late I said I&amp;rsquo;ll soon be home
&lt;br&gt;All the while the girl was home alone
&lt;br&gt;Let me tell you what she crying fo&amp;rsquo;
&lt;br&gt;(Why?)
&lt;br&gt;Cuz I&amp;rsquo;m fly
&lt;br&gt;(Snoop Dogg)
&lt;br&gt;Ya he supa fly
&lt;br&gt;(Nate Dogg)
&lt;br&gt;Oooo I&amp;rsquo;m fly
&lt;br&gt;Yaaaa
&lt;br&gt;
&lt;br&gt;[Warren G]
&lt;br&gt;3 piece wit a mink
&lt;br&gt;Gotta think my shit&amp;rsquo;s staying stacy Adams
&lt;br&gt;Wit a Jay Crockett pad on dey cuff
&lt;br&gt;On brinks
&lt;br&gt;So wut da ladies wink&amp;rsquo;in
&lt;br&gt;You da one in the mercedes
&lt;br&gt;Shotgun wit dem things
&lt;br&gt;Couch chillin watchin da lion king
&lt;br&gt;Crying and thangs
&lt;br&gt;Cuz im wit snoop and nate
&lt;br&gt;Singing rhyming and things
&lt;br&gt;I&amp;rsquo;m out late cuz im rhyming for change
&lt;br&gt;I aint wit dimes for thangs
&lt;br&gt;Hop back and im trying ta aim
&lt;br&gt;At everythang, dat be hating my fame
&lt;br&gt;Just regulatin been lacing da game
&lt;br&gt;Aint no mistake in da game
&lt;br&gt;2 one mother f&amp;rsquo;er dwizzle sippin on da sizzle
&lt;br&gt;And dat&amp;rsquo;s fo&amp;rsquo; sizzle
&lt;br&gt;Fo times for da riddles
&lt;br&gt;You we is bar
&lt;br&gt;Everywhere we go u noe who us are
&lt;br&gt;You could tell by da car
&lt;br&gt;Champagne cavior
&lt;br&gt;I say i love you
&lt;br&gt;And i laugh
&lt;br&gt;
&lt;br&gt;[Chorus:]
&lt;br&gt;[Nate Dogg]
&lt;br&gt;Ridin&amp;rsquo; in my car
&lt;br&gt;And im listening to the radio
&lt;br&gt;Im listening to a sad girl sang
&lt;br&gt;Sangin about how she got her heart broke
&lt;br&gt;She was reaching for stars
&lt;br&gt;I just want me somethin natural
&lt;br&gt;When you&amp;rsquo;re alone it gets mighty cold
&lt;br&gt;Don&amp;rsquo;t act as if you did not know
&lt;br&gt;She let me play wit her heart
&lt;br&gt;I&amp;rsquo;m working late I said I&amp;rsquo;ll soon be home
&lt;br&gt;All the while the girl was home alone
&lt;br&gt;Let me tell you what she crying fo&amp;rsquo;
&lt;br&gt;(Why?)
&lt;br&gt;Cuz I&amp;rsquo;m fly
&lt;br&gt;(Snoop Dogg)
&lt;br&gt;Ya he supa fly
&lt;br&gt;(Nate Dogg)
&lt;br&gt;Oooo I&amp;rsquo;m fly
&lt;br&gt;Yaaaa&lt;/p&gt;
</description>
    </item>
    
    <item>
      <title> Joystick</title>
      <link>http://letraspedia.com/lyric/213-joystick/</link>
      <pubDate>Mon, 01 Sep 2008 00:00:00 UTC</pubDate>
      <author>Enthusiastic Hugo User</author>
      <guid>http://letraspedia.com/lyric/213-joystick/</guid>
      <description>&lt;p&gt;[nate dogg]&lt;br /&gt;she said she wants to ride my joystick&lt;br /&gt;she act like she wanna ride my joystick&lt;br /&gt;[warren g]&lt;br /&gt;i got it lock when it comes to females&lt;br /&gt;y&amp;#39;all niggaz still buyin&amp;#39; cock at retail&lt;br /&gt;it&amp;#39;s a gift that keeps giving to all hos&lt;br /&gt;like that lil country whore i fucked a day ago&lt;br /&gt;we were in spokane but made it to diego&lt;br /&gt;droppin&amp;#39; shit purposely lettin&amp;#39; her thong show&lt;br /&gt;she didn&amp;#39;t even know about a nigga mandingo&lt;br /&gt;when she saw the joystick and wouldn&amp;#39;t let go&lt;br /&gt;she ain&amp;#39;t playin&amp;#39; games, she want it right now&lt;br /&gt;from the living room floor to the ouside patio&lt;br /&gt;bent over gently, i was proud to embrace it&lt;br /&gt;firmly grab it, rapidly get it crackin&amp;#39;&lt;br /&gt;most women i know, love the joystick&lt;br /&gt;and love playing with it when it goes the extra inch&lt;br /&gt;i&amp;#39;m a pro, anything goes at the spot&lt;br /&gt;if you know about it, then be about it&lt;br /&gt;if not..&lt;br /&gt;[chorus - nate dogg]&lt;br /&gt;she said she wants to ride my joystick&lt;br /&gt;she wants to ride, she wants to ride&lt;br /&gt;she act like she wanna ride my joystick&lt;br /&gt;she wants to ride, she wants to ride&lt;br /&gt;[nate dogg]&lt;br /&gt;she wanted me, every part&lt;br /&gt;but all i really want is dinner&lt;br /&gt;her company, at least at first&lt;br /&gt;but now i wanna go up in her&lt;br /&gt;while i&amp;#39;m hittin corners in my chevrolet&lt;br /&gt;i ran into a honey from around the way&lt;br /&gt;big nate dogg what can i say?&lt;br /&gt;she asked for my number and some alize&lt;br /&gt;i got game, so i spit some game&lt;br /&gt;she lookin&amp;#39; at me all in my face&lt;br /&gt;she must recognize mister gangsta nate&lt;br /&gt;baby wants to give it to me&lt;br /&gt;[chorus]&lt;br /&gt;[warren g]&lt;br /&gt;when mom&amp;#39;s on rock i stay on top&lt;br /&gt;lock up like pits in a box i can&amp;#39;t stop&lt;br /&gt;not cuz your beauty it&amp;#39;s your booty that i&amp;#39;m attracted&lt;br /&gt;want to get acquainted, most acquainted with your assets&lt;br /&gt;roll with the best, yes my joystick&lt;br /&gt;tasty in all kinds of ways, you&amp;#39;ll see&lt;br /&gt;i&amp;#39;m a pro, anything goes at the spot&lt;br /&gt;if know about it, then be about it&lt;br /&gt;cuz if not..&lt;br /&gt;[nate dogg]&lt;br /&gt;i bet she comin&amp;#39; home with me&lt;br /&gt;she wants to come home and play with me&lt;br /&gt;no fallin&amp;#39; in love with me&lt;br /&gt;can&amp;#39;t spend the whole week with me&lt;br /&gt;no sittin&amp;#39; up front with me&lt;br /&gt;for the whole damn world to see&lt;br /&gt;she wants to show me she&amp;#39;s a freak&lt;br /&gt;she only wants to sleep with me&lt;br /&gt;[chorus 2x]&lt;br /&gt;[snoop dogg]&lt;br /&gt;yeah baby you said you don&amp;#39;t know nothing about video games&lt;br /&gt;but you know a whole lotta about joysticks, huh?&lt;br /&gt;it&amp;#39;s like xbox and ea sports&lt;br /&gt;it&amp;#39;s in the game, you dig?&lt;br /&gt;so if you shift it from first gear to third gear&lt;br /&gt;just make sure you grab a hold of those two things up under&lt;br /&gt;you know what i&amp;#39;m talking about?&lt;br /&gt;yeah, bizzalls, real talk&lt;br /&gt;it&amp;#39;s one of them joysticks that you could just&lt;br /&gt;you know, slip n&amp;#39; slide to&lt;br /&gt;yeah you could ride to this&lt;br /&gt;real talk&lt;br /&gt;213 comin&amp;#39; at you once again&lt;br /&gt;for the 2000 plus 4&lt;br /&gt;[beep]&lt;br /&gt;you what up, this is big snoop dogg&lt;br /&gt;if this call is about bullshit, borrowing money from me&lt;br /&gt;or negativity, hang up right now and call 9-1-1&lt;br /&gt;cuz i can&amp;#39;t do nothing for you right now&lt;br /&gt;but if it&amp;#39;s a real call and a real conversation&lt;br /&gt;leave your name and number at the bizeep&lt;br /&gt;and i&amp;#39;ll get back like that&lt;br /&gt;&lt;br&gt;&lt;/p&gt;
</description>
    </item>
    
    <item>
      <title> Keep It Gangsta</title>
      <link>http://letraspedia.com/lyric/213-keep-it-gangsta/</link>
      <pubDate>Mon, 01 Sep 2008 00:00:00 UTC</pubDate>
      <author>Enthusiastic Hugo User</author>
      <guid>http://letraspedia.com/lyric/213-keep-it-gangsta/</guid>
      <description>&lt;p&gt;Letra no disponible&lt;/p&gt;
</description>
    </item>
    
    <item>
      <title> Lonely Girl</title>
      <link>http://letraspedia.com/lyric/213-lonely-girl/</link>
      <pubDate>Mon, 01 Sep 2008 00:00:00 UTC</pubDate>
      <author>Enthusiastic Hugo User</author>
      <guid>http://letraspedia.com/lyric/213-lonely-girl/</guid>
      <description>&lt;p&gt;[Chorus - Nate Dogg]
&lt;br&gt;Wait a minute, lonely girl
&lt;br&gt;They try to warn me
&lt;br&gt;They say you&amp;rsquo;re horny
&lt;br&gt;Eager to give it up
&lt;br&gt;
&lt;br&gt;Take a minute, lonely girl
&lt;br&gt;I&amp;rsquo;ll be your daddy
&lt;br&gt;Be what you wanna be
&lt;br&gt;Be sure and give the cheddar to me
&lt;br&gt;
&lt;br&gt;[Warren G]
&lt;br&gt;She so sweet, so young
&lt;br&gt;But she so sprung on the fast life
&lt;br&gt;Whilin&amp;rsquo; out in public, subject thump about the past life
&lt;br&gt;Maybe that&amp;rsquo;s why she don&amp;rsquo;t act right
&lt;br&gt;So quick, so fast to fight
&lt;br&gt;over dick that her mother probably did last night
&lt;br&gt;Despite the dead beat daddy
&lt;br&gt;And daughter don&amp;rsquo;t listen, get her ass beat badly
&lt;br&gt;It&amp;rsquo;s so sad when my sisters get turned out
&lt;br&gt;And we get mad when they ass get burned out
&lt;br&gt;They ain&amp;rsquo;t learned about an asswhoopin&amp;rsquo; down south
&lt;br&gt;That we used to get over Grandmama&amp;rsquo;s house
&lt;br&gt;Open your mouth get popped right in it
&lt;br&gt;And this without a doubt, it don&amp;rsquo;t stop, she ain&amp;rsquo;t finished
&lt;br&gt;You know the business
&lt;br&gt;Switches don&amp;rsquo;t raise too many fast bitches
&lt;br&gt;Now I&amp;rsquo;m all up in that ass bitches
&lt;br&gt;
&lt;br&gt;[Chorus]
&lt;br&gt;
&lt;br&gt;[Snoop Dogg]
&lt;br&gt;It&amp;rsquo;s chilly outside I had to grab my meat
&lt;br&gt;Stop and think, lil&amp;rsquo; mama get your daddy a drink
&lt;br&gt;I know you can&amp;rsquo;t wait to shake and hit the gate on the dank
&lt;br&gt;To hit the roll with these real ones and play or skate
&lt;br&gt;Nate, told you the &amp;ldquo;Game Don&amp;rsquo;t Wait&amp;rdquo;
&lt;br&gt;I can&amp;rsquo;t believe you sit at home with the frown on your face
&lt;br&gt;It&amp;rsquo;s so young, it&amp;rsquo;s so cute
&lt;br&gt;It&amp;rsquo;s so us, it&amp;rsquo;s so me, it&amp;rsquo;s so you
&lt;br&gt;It&amp;rsquo;s so we, it&amp;rsquo;s on me, it&amp;rsquo;s on you
&lt;br&gt;It&amp;rsquo;s like the 1 and the 3 with no 2
&lt;br&gt;It just don&amp;rsquo;t sound like it just don&amp;rsquo;t feel good
&lt;br&gt;It just don&amp;rsquo;t sound right, you hardly ever understood
&lt;br&gt;It&amp;rsquo;s the big homie, yep the one and only
&lt;br&gt;No need to be sad and lonely
&lt;br&gt;Just phone me whenever you need a lil&amp;rsquo; company
&lt;br&gt;You so company especially when you humpin&amp;rsquo; me
&lt;br&gt;Wait a minute, take a minute, think about it
&lt;br&gt;
&lt;br&gt;[Chorus]
&lt;br&gt;
&lt;br&gt;[Nate Dogg]
&lt;br&gt;I thought I was through with you
&lt;br&gt;Thought that you&amp;rsquo;d be long gone
&lt;br&gt;I should have knew that you wouldn&amp;rsquo;t be lonely long
&lt;br&gt;From day one my paper grew with you
&lt;br&gt;How can I get through to you?
&lt;br&gt;I&amp;rsquo;m a hustla and I want it all
&lt;br&gt;
&lt;br&gt;I thought I was through with you
&lt;br&gt;Thought that you&amp;rsquo;d be long gone
&lt;br&gt;I should have knew that you wouldn&amp;rsquo;t be lonely long
&lt;br&gt;From day one my paper grew with you
&lt;br&gt;How can I get through to you?
&lt;br&gt;I&amp;rsquo;m a hustla and I want it all
&lt;br&gt;
&lt;br&gt;[Chorus]
&lt;br&gt;
&lt;br&gt;Wait a minute, lonely girl
&lt;br&gt;They try to warn me
&lt;br&gt;They say you&amp;rsquo;re horny
&lt;br&gt;Eager to give it up
&lt;br&gt;
&lt;br&gt;Take a minute, lonely girl
&lt;br&gt;I&amp;rsquo;ll be your daddy
&lt;br&gt;Be what you wanna be
&lt;br&gt;Be sure and give the cheddar to me&lt;/p&gt;
</description>
    </item>
    
    <item>
      <title> Mary Jane</title>
      <link>http://letraspedia.com/lyric/213-mary-jane/</link>
      <pubDate>Mon, 01 Sep 2008 00:00:00 UTC</pubDate>
      <author>Enthusiastic Hugo User</author>
      <guid>http://letraspedia.com/lyric/213-mary-jane/</guid>
      <description>&lt;p&gt;[chorus - nate dogg]&lt;br /&gt;one for the treble, two for the bass&lt;br /&gt;she&amp;#39;s my beauty queen, she&amp;#39;s my everything&lt;br /&gt;when i wake up in the morning gotta get that thing&lt;br /&gt;this is where i wanna be with mary jane (sweet mary jane)&lt;br /&gt;ooooooo mary jane&lt;br /&gt;ooooooo mary jane&lt;br /&gt;[warren g]&lt;br /&gt;mary jane, you are my everything&lt;br /&gt;i&amp;#39;m in love with you&lt;br /&gt;now i realized why rick james fucked with you&lt;br /&gt;since i said &amp;quot;i do&amp;quot; i never cheated on you&lt;br /&gt;even when your sister-sis came through&lt;br /&gt;i ain&amp;#39;t trying to stress you&lt;br /&gt;cuz everytime i call, baby doll you be at my rescue&lt;br /&gt;i can&amp;#39;t sweat you&lt;br /&gt;we just homie loving friends&lt;br /&gt;besides, i heard you fucking snoop dogg again&lt;br /&gt;[snoop dogg]&lt;br /&gt;g-dub, that&amp;#39;s my bitch, how the fuck she gon&amp;#39; love me?&lt;br /&gt;i love that bitch, why the fuck you gon&amp;#39; leave me?&lt;br /&gt;i&amp;#39;m in the green room and i&amp;#39;m fucking up the scenery&lt;br /&gt;with my nigga buddy love blazing up some sticky burns&lt;br /&gt;yeah we go hit it &amp;#39;cuz, have a seat and drink with us&lt;br /&gt;puff, puff, pass that shit&lt;br /&gt;smoke it all down to the ashes bitch&lt;br /&gt;213 with another classic hit&lt;br /&gt;[nate dogg]&lt;br /&gt;i&amp;#39;m in love with mary jane&lt;br /&gt;she is my main thang&lt;br /&gt;stay away from hooka smokes&lt;br /&gt;she gives me headdaches man&lt;br /&gt;and when my sack gets low&lt;br /&gt;sweet mary swings on by&lt;br /&gt;breaks me off something proper&lt;br /&gt;?that bowl king sized swagger?&lt;br /&gt;That&amp;#39;s why i&amp;#39;m lying&lt;br /&gt;i ain&amp;#39;t fucking with nothing but the lime green&lt;br /&gt;if you smoking &amp;#39;cess then dont invite me&lt;br /&gt;however i rip this chronic do the right thing&lt;br /&gt;i&amp;#39;m all she cuz ain&amp;#39;t no maybe&lt;br /&gt;we met on 21st and fucking lime street&lt;br /&gt;take ya fucking homey, where my girl be?&lt;br /&gt;the only fucking way you can excite me&lt;br /&gt;is mary jane&lt;br /&gt;[chorus]&lt;br /&gt;[warren g]&lt;br /&gt;i done sinned, sipped on gin with other women&lt;br /&gt;but kept it respectful like a gentlemen&lt;br /&gt;i spend to hit that ass or go and get the cab&lt;br /&gt;so i can hit the last laugh&lt;br /&gt;tonight if it&amp;#39;s not the bomb, then i&amp;#39;ma be mad&lt;br /&gt;but i&amp;#39;m sure it won&amp;#39;t last for long, i got a stash at home&lt;br /&gt;make love &amp;#39;tween my swisher with my half a zone&lt;br /&gt;i can&amp;#39;t leave you alone&lt;br /&gt;[snoop dogg]&lt;br /&gt;and i know that you know that i be smoking and you about to ooee&lt;br /&gt;so fire it up and get high with me&lt;br /&gt;and let me see if you get as high as me&lt;br /&gt;now that&amp;#39;s what&amp;#39;s happening&lt;br /&gt;cuz i know that you probably don&amp;#39;t believe what you hear and you see&lt;br /&gt;a nigga like the d-o-double-g-z&lt;br /&gt;so put your hands up in the air and repeat after me&lt;br /&gt;213&lt;br /&gt;&lt;a href=&#34;snoop dogg&#34;&gt;nate dogg&lt;/a&gt;&lt;br /&gt;mary mary mary mary mary mary mary (213)&lt;br /&gt;mary mary mary mary mary mary jane&lt;br /&gt;mary jane&lt;br /&gt;mary mary mary mary mary mary mary&lt;br /&gt;mary mary mary mary mary mary jane&lt;br /&gt;&lt;br&gt;&lt;/p&gt;
</description>
    </item>
    
    <item>
      <title> My Dirty Ho</title>
      <link>http://letraspedia.com/lyric/213-my-dirty-ho/</link>
      <pubDate>Mon, 01 Sep 2008 00:00:00 UTC</pubDate>
      <author>Enthusiastic Hugo User</author>
      <guid>http://letraspedia.com/lyric/213-my-dirty-ho/</guid>
      <description>&lt;p&gt;[Chorus - Nate Dogg]
&lt;br&gt;My dirty ho
&lt;br&gt;Scandalous ho
&lt;br&gt;My dirty ho
&lt;br&gt;Scandalous ho
&lt;br&gt;
&lt;br&gt;[Snoop Dogg]
&lt;br&gt;My homie baby mama trying to fuck me
&lt;br&gt;Would I be wrong if I let her suck me?
&lt;br&gt;It ain&amp;rsquo;t me, it&amp;rsquo;s her, dogg, she&amp;rsquo;ll tell you the same
&lt;br&gt;She don&amp;rsquo;t belong to you man, she belong to the game
&lt;br&gt;A lil&amp;rsquo; nasty scandalous individual
&lt;br&gt;Hittin&amp;rsquo; you for you chips and all your residuals
&lt;br&gt;See, bitches do the same thing
&lt;br&gt;to athelets and entertainers and hood niggaz
&lt;br&gt;Cuz, we in the same game
&lt;br&gt;I don&amp;rsquo;t know why it&amp;rsquo;s like that
&lt;br&gt;When I was growing up I remember bitches wouldn&amp;rsquo;t fight back
&lt;br&gt;Now these hos push the game and they wanna strike back
&lt;br&gt;I treat a bitch like Tina, that mean I&amp;rsquo;m like Ike, I guess
&lt;br&gt;Back-back-back to reality you funky hood rat
&lt;br&gt;You good for nothing shit talking bucked mouth
&lt;br&gt;Want some real shit I give a fuck about
&lt;br&gt;How the bitch feel if she get killed?
&lt;br&gt;I don&amp;rsquo;t give a fuck and I don&amp;rsquo;t think I ever will
&lt;br&gt;
&lt;br&gt;[Chorus]
&lt;br&gt;
&lt;br&gt;[Warren G]
&lt;br&gt;We started off friendly fucking
&lt;br&gt;I thought it wasn&amp;rsquo;t nothing but nothing
&lt;br&gt;Then all of a sudden her nigga started loving the muffin
&lt;br&gt;She got a husband, he be gone a lot
&lt;br&gt;So we be fucking in they home a lot
&lt;br&gt;Shopping his expenses while he on tour
&lt;br&gt;I pedal to the floor on one of his Benz&amp;rsquo;s
&lt;br&gt;Flossing for my friends and shit, spending his Benjamins
&lt;br&gt;Then all of a sudden it came to an end and shit
&lt;br&gt;Once he saw me and his dame pass
&lt;br&gt;Walking in the rain holding hands talking about his lame ass
&lt;br&gt;And how we entertained for my gangbang ass
&lt;br&gt;A man jumped out with his thang ready to blast
&lt;br&gt;Ski mask over his face, I reached to grab a 38
&lt;br&gt;that I grabbed from her husband safe
&lt;br&gt;I blast a couple to his face and made it to her tilt
&lt;br&gt;and she checked her answering machine, her husband got killed damn
&lt;br&gt;
&lt;br&gt;[Chorus]
&lt;br&gt;
&lt;br&gt;[Nate Dogg]
&lt;br&gt;She thought I was gone
&lt;br&gt;Thought I left on tour today
&lt;br&gt;Far away
&lt;br&gt;Thought I was in another place
&lt;br&gt;When the dog&amp;rsquo;s away
&lt;br&gt;Funny how the cats will play
&lt;br&gt;But-but baby girl
&lt;br&gt;I saw you and him walking in the rain
&lt;br&gt;
&lt;br&gt;She thought I was gone
&lt;br&gt;Thought I left on tour today
&lt;br&gt;Far away
&lt;br&gt;Thought I was in another place
&lt;br&gt;When the dog&amp;rsquo;s away
&lt;br&gt;Funny how the cats will play
&lt;br&gt;But-but baby girl
&lt;br&gt;I saw you and him walking in the rain
&lt;br&gt;
&lt;br&gt;[Chorus]
&lt;br&gt;
&lt;br&gt;Hoooooooooo&lt;/p&gt;
</description>
    </item>
    
    <item>
      <title> Run On Up</title>
      <link>http://letraspedia.com/lyric/213-run-on-up/</link>
      <pubDate>Mon, 01 Sep 2008 00:00:00 UTC</pubDate>
      <author>Enthusiastic Hugo User</author>
      <guid>http://letraspedia.com/lyric/213-run-on-up/</guid>
      <description>&lt;p&gt;Chorus - nate dogg]&lt;br /&gt;you got beef then go and run on up&lt;br /&gt;we ain&amp;#39;t worried about nothing&lt;br /&gt;half of y&amp;#39;all doing nothing but bluffin&lt;br /&gt;you got beef then go and run on up&lt;br /&gt;we ain&amp;#39;t worried about nothing&lt;br /&gt;half of y&amp;#39;all doing nothing but talking&lt;br /&gt;ain&amp;#39;t it man?&lt;br /&gt;[warren g]&lt;br /&gt;i&amp;#39;m strictly to street with it, listen to me&lt;br /&gt;they speak it but we did it, they hated on my &amp;quot;ghetto village&amp;quot;&lt;br /&gt;but if stevie can see it, it must mean that i&amp;#39;m real with it&lt;br /&gt;corporate america gotta deal with it&lt;br /&gt;i&amp;#39;m riding this &amp;#39;til the finish line&lt;br /&gt;213 still in this &amp;#39;til they give me mine&lt;br /&gt;rewind the show and watch the movie&lt;br /&gt;i&amp;#39;m mad as fuck i let this industry use me&lt;br /&gt;[snoop dogg]&lt;br /&gt;i&amp;#39;m a low-key og which is well known&lt;br /&gt;snoop alfons capone corleone&lt;br /&gt;in the streets with the elite my rap sheet is hella long&lt;br /&gt;let it go, naw let it &amp;#39;lone&lt;br /&gt;you wanna battle when the shadows are creapin&amp;#39;&lt;br /&gt;and if you talking about beef then nigga ain&amp;#39;t no sleepin&amp;#39;&lt;br /&gt;the hood ain&amp;#39;t got no geneva either&lt;br /&gt;if you run off at the mouth then i&amp;#39;m gonna leave you breathe-less&lt;br /&gt;breathless, chestless, best list&amp;#39; ya bastard&lt;br /&gt;looking at my homies like you wanna slide past them and get with me&lt;br /&gt;need i warn you i&amp;#39;m from dogg house motherfucking california&lt;br /&gt;now if you want it like you think you do&lt;br /&gt;we can set up a head up and i bank ya boo&lt;br /&gt;don&amp;#39;t underestimate, a lot of suckers player-hate&lt;br /&gt;they know about the big d-o-double, warren g and nate&lt;br /&gt;[nate dogg]&lt;br /&gt;too much talking shit&lt;br /&gt;let&amp;#39;s get down to this list&lt;br /&gt;if you got beef go and run up&lt;br /&gt;i&amp;#39;ma bust him in his lip&lt;br /&gt;i&amp;#39;m gonna shoot through that dude vest&lt;br /&gt;shut the fuck up and run run up&lt;br /&gt;[chorus]&lt;br /&gt;&lt;br&gt;&lt;/p&gt;
</description>
    </item>
    
    <item>
      <title> Twist Yo Body</title>
      <link>http://letraspedia.com/lyric/213-twist-yo-body/</link>
      <pubDate>Mon, 01 Sep 2008 00:00:00 UTC</pubDate>
      <author>Enthusiastic Hugo User</author>
      <guid>http://letraspedia.com/lyric/213-twist-yo-body/</guid>
      <description>&lt;p&gt;[snoop dogg]&lt;br /&gt;yeah! it&amp;#39;s the motherfucking 213&lt;br /&gt;blasting off on your ass&lt;br /&gt;something funky funtabolous&lt;br /&gt;can you dig it my bobble?&lt;br /&gt;check this out one time, woo!&lt;br /&gt;[chorus - nate dogg (snoop dogg)]&lt;br /&gt;since we&amp;#39;re talking about it baby&lt;br /&gt;let me twist ya body like it&amp;#39;s supposed to&lt;br /&gt;(twist something, twist something, twist something)&lt;br /&gt;stretch ya out and lay you sideways&lt;br /&gt;pull ya hair and twist ya body ike i&amp;#39;m supposed to&lt;br /&gt;(twist something, twist something, twist something)&lt;br /&gt;[snoop dogg]&lt;br /&gt;we hit the club like whatever&amp;#39;s clever&lt;br /&gt;snoop dogg without a dime piece? never ever&lt;br /&gt;gators for the haters step to being devil real big&lt;br /&gt;like the vip session shut down&lt;br /&gt;then i spin on &amp;#39;em, watch me twist ya bitch&lt;br /&gt;slugs twist a bitch, nigga watch you sleep in a ditch&lt;br /&gt;pow-pow boogie to the big bang-bang&lt;br /&gt;lil&amp;#39; mama wanna swang with the 213 gang (number one boss playa)&lt;br /&gt;hefner like hugh, now she&amp;#39;s evidence&lt;br /&gt;splash the heffer with goo; got to do it&lt;br /&gt;i break a bitch, make a bitch get something&lt;br /&gt;go out and twist something, come on&lt;br /&gt;[chorus]&lt;br /&gt;[warren g]&lt;br /&gt;twist ya body, baby, kiss me, by the way, you drive me crazy&lt;br /&gt;ain&amp;#39;t nothing else that i can say&lt;br /&gt;drunk as fuck, smoking a blunt&lt;br /&gt;trying to focus on what you working with in the front&lt;br /&gt;certain to set it off, she twurking it for the boss&lt;br /&gt;so positive i can hit, my niggaz is in the house&lt;br /&gt;can&amp;#39;t stop &amp;#39;til i&amp;#39;m paid bitch, i just can&amp;#39;t quit&lt;br /&gt;but look at this, i&amp;#39;m on the same shit, ain&amp;#39;t it bitch?&lt;br /&gt;you niggaz talk a lot of shit&lt;br /&gt;but walk a straight line and don&amp;#39;t fuck with the clique&lt;br /&gt;bitch get out my bidness&lt;br /&gt;you won&amp;#39;t witness ass niggaz get it twisted&lt;br /&gt;this the wrong shit to get hit with&lt;br /&gt;[chorus]&lt;br /&gt;[nate dogg (snoop dogg)]&lt;br /&gt;say hey lil&amp;#39; lady from around the way&lt;br /&gt;no bullshit, there&amp;#39;s a party today&lt;br /&gt;we came, it&amp;#39;s motherfucking 213&lt;br /&gt;the lights might come on, but we don&amp;#39;t leave&lt;br /&gt;say hey lil&amp;#39; lady why you doing your thang?&lt;br /&gt;slide over here, let me shoot you some game&lt;br /&gt;go insane, when hear some music that bangs&lt;br /&gt;we&amp;#39;ll get the party started while you&amp;#39;re shaking that thang&lt;br /&gt;Nobody&amp;hellip;. (nobody, nobody)&lt;br /&gt;does it better&amp;hellip; (213, 213)&lt;br /&gt;[chorus]&lt;br /&gt;[snoop dogg]&lt;br /&gt;213&lt;br /&gt;another classic hit&lt;br /&gt;yeah woo&lt;br /&gt;hi-tek did that&lt;br /&gt;goodnighty&lt;br /&gt;hahax&lt;br /&gt;get at &amp;#39;em, peace!&lt;br /&gt;&lt;br&gt;&lt;/p&gt;
</description>
    </item>
    
  </channel>
</rss>