<?xml version="1.0" encoding="utf-8" standalone="yes" ?>
<rss version="2.0" xmlns:atom="http://www.w3.org/2005/Atom">
  <channel>
      <title>1 Man Riot on Letraspedia.com thes best lyrics page </title>
    <link>http://letraspedia.com/artist/1-man-riot/</link>
    <language>en-US</language>
    <author>Enthusiastic Hugo User</author>
    <rights>Copyright (c) 2014, Enthusiastic Hugo User; all rights reserved.</rights>
    <updated>Mon, 01 Sep 2008 00:00:00 UTC</updated>
    
    <item>
      <title> Grace</title>
      <link>http://letraspedia.com/lyric/1-man-riot-grace/</link>
      <pubDate>Mon, 01 Sep 2008 00:00:00 UTC</pubDate>
      <author>Enthusiastic Hugo User</author>
      <guid>http://letraspedia.com/lyric/1-man-riot-grace/</guid>
      <description>&lt;p&gt;Sometimes I feel like I am
&lt;br&gt;Sailing on a sunken dream
&lt;br&gt;I try to read the signs
&lt;br&gt;But I don&amp;rsquo;t know what they mean
&lt;br&gt;I know when I&amp;rsquo;m with you
&lt;br&gt;I&amp;rsquo;m a rich man baby
&lt;br&gt;
&lt;br&gt;Grace, I&amp;rsquo;m not yet born
&lt;br&gt;Come embrace
&lt;br&gt;A soul that&amp;rsquo;s torn
&lt;br&gt;I have got so much to give you
&lt;br&gt;
&lt;br&gt;My heart is starved of love
&lt;br&gt;In these radio days
&lt;br&gt;I try to listen hard
&lt;br&gt;To what my conscience says
&lt;br&gt;I know I&amp;rsquo;ve sold my soul
&lt;br&gt;I&amp;rsquo;m going to earn it back now
&lt;br&gt;
&lt;br&gt;Grace, I&amp;rsquo;m not yet born
&lt;br&gt;Come embrace
&lt;br&gt;A soul that&amp;rsquo;s torn
&lt;br&gt;I have got so much to give you
&lt;br&gt;
&lt;br&gt;Now that you believe in me
&lt;br&gt;We can fly away
&lt;br&gt;Somewhere safe
&lt;br&gt;I know that you will always be
&lt;br&gt;Giving more than you take
&lt;br&gt;
&lt;br&gt;I know when I&amp;rsquo;m with you
&lt;br&gt;I&amp;rsquo;m a rich man baby
&lt;br&gt;Grace, I&amp;rsquo;m not yet born
&lt;br&gt;Come embrace
&lt;br&gt;A soul that&amp;rsquo;s torn
&lt;br&gt;Grace, it can mend if you make my heart your friend
&lt;br&gt;
&lt;br&gt;Grace
&lt;br&gt;Grace
&lt;br&gt;Grace
&lt;br&gt;Grace&lt;/p&gt;
</description>
    </item>
    
    <item>
      <title> Most Girls</title>
      <link>http://letraspedia.com/lyric/1-man-riot-most-girls/</link>
      <pubDate>Mon, 01 Sep 2008 00:00:00 UTC</pubDate>
      <author>Enthusiastic Hugo User</author>
      <guid>http://letraspedia.com/lyric/1-man-riot-most-girls/</guid>
      <description>&lt;p&gt;Eu nunca liguei muito para o amor
&lt;br&gt;Achava tudo bobagem
&lt;br&gt;Era tudo o que eu não queria para mim
&lt;br&gt;Grana era a questão do momento
&lt;br&gt;Se minhas amigas se arranjavam
&lt;br&gt;Eu não estava nem aí
&lt;br&gt;O lance era arrumar grana
&lt;br&gt;Mas não sou como as outras garotas
&lt;br&gt;Não preciso que esse mundo dê valor ao que eu sou
&lt;br&gt;Porque qualquer um tem emprego
&lt;br&gt;Tem carro
&lt;br&gt;E pode pagar seu aluguel
&lt;br&gt;Mas quando eu danço, baby, não é isso que eu penso
&lt;br&gt;
&lt;br&gt;Toda garota quer um cara com grana
&lt;br&gt;Mas eu me viro sozinha
&lt;br&gt;Eu só quero o amor verdadeiro
&lt;br&gt;Toda garota quer caras cheios da nota
&lt;br&gt;Mas eu não quero nada com quem não pode ser
&lt;br&gt;Tudo o que eu sonhei
&lt;br&gt;Um cara que entenda o amor verdadeiro
&lt;br&gt;
&lt;br&gt;Oh, oh, oh, oh
&lt;br&gt;Oh, oh, oh, oh
&lt;br&gt;Oh, oh, o-o-h
&lt;br&gt;
&lt;br&gt;Eu era como essas garotas
&lt;br&gt;Tudo o que importava era o preço
&lt;br&gt;O quanto ele gastou comigo
&lt;br&gt;Eu estava atrás de alguém numa boa
&lt;br&gt;Para me comprar anéis de diamantes
&lt;br&gt;É o que toda garota
&lt;br&gt;Pode querer ou sonhar
&lt;br&gt;
&lt;br&gt;Mas não sou como as outras
&lt;br&gt;Não preciso de quem me sustente, eu sei me cuidar
&lt;br&gt;Porque qualquer um tem emprego
&lt;br&gt;Tem um bom carro
&lt;br&gt;E pode pagar seu aluguel
&lt;br&gt;Mas quando eu danço não é nisso que eu penso
&lt;br&gt;
&lt;br&gt;Toda garota quer um cara com grana
&lt;br&gt;Mas eu me viro sozinha
&lt;br&gt;Eu só quero o amor verdadeiro
&lt;br&gt;Toda garota quer caras cheios da nota
&lt;br&gt;Mas eu não quero nada com quem não pode ser
&lt;br&gt;Tudo o que eu sonhei
&lt;br&gt;Um cara que entenda o amor verdadeiro
&lt;br&gt;
&lt;br&gt;Toda garota quer um cara com grana
&lt;br&gt;Mas eu me viro sozinha
&lt;br&gt;Eu só quero o amor verdadeiro
&lt;br&gt;Toda garota quer caras cheios da nota
&lt;br&gt;Mas eu não quero nada com quem não pode ser
&lt;br&gt;Tudo o que eu sonhei
&lt;br&gt;Um cara que entenda o amor verdadeiro
&lt;br&gt;
&lt;br&gt;Oh, oh, oh, oh
&lt;br&gt;Oh, oh, oh, oh
&lt;br&gt;Oh, oh, o-o-h
&lt;br&gt;
&lt;br&gt;Oh, oh, oh, oh
&lt;br&gt;Oh, oh, oh, oh
&lt;br&gt;Oh, oh, o-o-h
&lt;br&gt;
&lt;br&gt;Eu não sou como as outras
&lt;br&gt;Não quero saber de ninguém para cuidar de mim
&lt;br&gt;Qualquer um tem emprego
&lt;br&gt;Qualquer um tem carro
&lt;br&gt;Qualquer um pode pagar aluguel
&lt;br&gt;Mas quando eu danço, não é nisso que eu penso
&lt;br&gt;
&lt;br&gt;Toda garota quer um cara com grana
&lt;br&gt;Mas eu me viro sozinha
&lt;br&gt;Eu só quero o amor verdadeiro
&lt;br&gt;Toda garota quer caras cheios da nota
&lt;br&gt;Mas eu não quero nada com quem não pode ser
&lt;br&gt;Tudo o que eu sonhei
&lt;br&gt;Um cara que entenda o amor verdadeiro
&lt;br&gt;
&lt;br&gt;Toda garota quer um cara com grana
&lt;br&gt;Mas eu me viro sozinha
&lt;br&gt;Eu só quero o amor verdadeiro
&lt;br&gt;Toda garota quer caras cheios da nota
&lt;br&gt;Mas eu não quero nada com quem não pode ser
&lt;br&gt;Tudo o que eu sonhei
&lt;br&gt;Um cara que entenda o amor verdadeiro
&lt;br&gt;
&lt;br&gt;Oh, oh, oh, oh
&lt;br&gt;Oh, oh, oh, oh
&lt;br&gt;Oh, oh, o-o-h
&lt;br&gt;
&lt;br&gt;Oh, oh, oh, oh
&lt;br&gt;Oh, oh, oh, oh
&lt;br&gt;Oh, oh, o-o-h
&lt;br&gt;
&lt;br&gt;Só quero amor verdadeiro
&lt;br&gt;Só quero amor verdadeiro
&lt;br&gt;Eu só sonho com alguém que me entenda&lt;/p&gt;
</description>
    </item>
    
    <item>
      <title> Most Girls (portugues)</title>
      <link>http://letraspedia.com/lyric/1-man-riot-most-girls-portugues/</link>
      <pubDate>Mon, 01 Sep 2008 00:00:00 UTC</pubDate>
      <author>Enthusiastic Hugo User</author>
      <guid>http://letraspedia.com/lyric/1-man-riot-most-girls-portugues/</guid>
      <description>&lt;p&gt;Eu nunca liguei muito para o amor
&lt;br&gt;Achava tudo bobagem
&lt;br&gt;Era tudo o que eu não queria para mim
&lt;br&gt;Grana era a questão do momento
&lt;br&gt;Se minhas amigas se arranjavam
&lt;br&gt;Eu não estava nem aí
&lt;br&gt;O lance era arrumar grana
&lt;br&gt;Mas não sou como as outras garotas
&lt;br&gt;Não preciso que esse mundo dê valor ao que eu sou
&lt;br&gt;Porque qualquer um tem emprego
&lt;br&gt;Tem carro
&lt;br&gt;E pode pagar seu aluguel
&lt;br&gt;Mas quando eu danço, baby, não é isso que eu penso
&lt;br&gt;
&lt;br&gt;Toda garota quer um cara com grana
&lt;br&gt;Mas eu me viro sozinha
&lt;br&gt;Eu só quero o amor verdadeiro
&lt;br&gt;Toda garota quer caras cheios da nota
&lt;br&gt;Mas eu não quero nada com quem não pode ser
&lt;br&gt;Tudo o que eu sonhei
&lt;br&gt;Um cara que entenda o amor verdadeiro
&lt;br&gt;
&lt;br&gt;Oh, oh, oh, oh
&lt;br&gt;Oh, oh, oh, oh
&lt;br&gt;Oh, oh, o-o-h
&lt;br&gt;
&lt;br&gt;Eu era como essas garotas
&lt;br&gt;Tudo o que importava era o preço
&lt;br&gt;O quanto ele gastou comigo
&lt;br&gt;Eu estava atrás de alguém numa boa
&lt;br&gt;Para me comprar anéis de diamantes
&lt;br&gt;É o que toda garota
&lt;br&gt;Pode querer ou sonhar
&lt;br&gt;
&lt;br&gt;Mas não sou como as outras
&lt;br&gt;Não preciso de quem me sustente, eu sei me cuidar
&lt;br&gt;Porque qualquer um tem emprego
&lt;br&gt;Tem um bom carro
&lt;br&gt;E pode pagar seu aluguel
&lt;br&gt;Mas quando eu danço não é nisso que eu penso
&lt;br&gt;
&lt;br&gt;Toda garota quer um cara com grana
&lt;br&gt;Mas eu me viro sozinha
&lt;br&gt;Eu só quero o amor verdadeiro
&lt;br&gt;Toda garota quer caras cheios da nota
&lt;br&gt;Mas eu não quero nada com quem não pode ser
&lt;br&gt;Tudo o que eu sonhei
&lt;br&gt;Um cara que entenda o amor verdadeiro
&lt;br&gt;
&lt;br&gt;Toda garota quer um cara com grana
&lt;br&gt;Mas eu me viro sozinha
&lt;br&gt;Eu só quero o amor verdadeiro
&lt;br&gt;Toda garota quer caras cheios da nota
&lt;br&gt;Mas eu não quero nada com quem não pode ser
&lt;br&gt;Tudo o que eu sonhei
&lt;br&gt;Um cara que entenda o amor verdadeiro
&lt;br&gt;
&lt;br&gt;Oh, oh, oh, oh
&lt;br&gt;Oh, oh, oh, oh
&lt;br&gt;Oh, oh, o-o-h
&lt;br&gt;
&lt;br&gt;Oh, oh, oh, oh
&lt;br&gt;Oh, oh, oh, oh
&lt;br&gt;Oh, oh, o-o-h
&lt;br&gt;
&lt;br&gt;Eu não sou como as outras
&lt;br&gt;Não quero saber de ninguém para cuidar de mim
&lt;br&gt;Qualquer um tem emprego
&lt;br&gt;Qualquer um tem carro
&lt;br&gt;Qualquer um pode pagar aluguel
&lt;br&gt;Mas quando eu danço, não é nisso que eu penso
&lt;br&gt;
&lt;br&gt;Toda garota quer um cara com grana
&lt;br&gt;Mas eu me viro sozinha
&lt;br&gt;Eu só quero o amor verdadeiro
&lt;br&gt;Toda garota quer caras cheios da nota
&lt;br&gt;Mas eu não quero nada com quem não pode ser
&lt;br&gt;Tudo o que eu sonhei
&lt;br&gt;Um cara que entenda o amor verdadeiro
&lt;br&gt;
&lt;br&gt;Toda garota quer um cara com grana
&lt;br&gt;Mas eu me viro sozinha
&lt;br&gt;Eu só quero o amor verdadeiro
&lt;br&gt;Toda garota quer caras cheios da nota
&lt;br&gt;Mas eu não quero nada com quem não pode ser
&lt;br&gt;Tudo o que eu sonhei
&lt;br&gt;Um cara que entenda o amor verdadeiro
&lt;br&gt;
&lt;br&gt;Oh, oh, oh, oh
&lt;br&gt;Oh, oh, oh, oh
&lt;br&gt;Oh, oh, o-o-h
&lt;br&gt;
&lt;br&gt;Oh, oh, oh, oh
&lt;br&gt;Oh, oh, oh, oh
&lt;br&gt;Oh, oh, o-o-h
&lt;br&gt;
&lt;br&gt;Só quero amor verdadeiro
&lt;br&gt;Só quero amor verdadeiro
&lt;br&gt;Eu só sonho com alguém que me entenda&lt;/p&gt;
</description>
    </item>
    
    <item>
      <title> So Wrong So Long</title>
      <link>http://letraspedia.com/lyric/1-man-riot-so-wrong-so-long/</link>
      <pubDate>Mon, 01 Sep 2008 00:00:00 UTC</pubDate>
      <author>Enthusiastic Hugo User</author>
      <guid>http://letraspedia.com/lyric/1-man-riot-so-wrong-so-long/</guid>
      <description>&lt;p&gt;So tell me why you&amp;rsquo;re here,
&lt;br&gt;Do you still hold me dear?
&lt;br&gt;When you&amp;rsquo;re the one that walked away from me but that&amp;rsquo;s okay,
&lt;br&gt;Did you think all this through?
&lt;br&gt;I thought about it too,
&lt;br&gt;But I can&amp;rsquo;t waste my life away on love that isn&amp;rsquo;t true.
&lt;br&gt;
&lt;br&gt;Are you still holding on?
&lt;br&gt;When I did I was wrong,
&lt;br&gt;To think you&amp;rsquo;d ever take another chance of losing me.
&lt;br&gt;So now where do we stand?
&lt;br&gt;You say that I&amp;rsquo;m your man,
&lt;br&gt;But you won&amp;rsquo;t tell me everything,
&lt;br&gt;And I don&amp;rsquo;t think you can.
&lt;br&gt;
&lt;br&gt;I never thought I was anything,
&lt;br&gt;But you showed me I&amp;rsquo;m wrong,
&lt;br&gt;For that I&amp;rsquo;ll thank you always and always.
&lt;br&gt;
&lt;br&gt;Memories of yesterday,
&lt;br&gt;All the things I couldn&amp;rsquo;t say,
&lt;br&gt;To make you understand how I feel now,
&lt;br&gt;And time is moving way too fast to sit and contemplate
&lt;br&gt;the past again,
&lt;br&gt;But I&amp;rsquo;ll thank you always!
&lt;br&gt;GO
&lt;br&gt;
&lt;br&gt;I never thought I was anything,
&lt;br&gt;But you showed me I&amp;rsquo;m wrong,
&lt;br&gt;For that I&amp;rsquo;ll thank you always and always.
&lt;br&gt;Always, and I&amp;rsquo;ll thank you always.
&lt;br&gt;Always, and I&amp;rsquo;ll thank you always&lt;/p&gt;
</description>
    </item>
    
    <item>
      <title> Sugar Sugar</title>
      <link>http://letraspedia.com/lyric/1-man-riot-sugar-sugar/</link>
      <pubDate>Mon, 01 Sep 2008 00:00:00 UTC</pubDate>
      <author>Enthusiastic Hugo User</author>
      <guid>http://letraspedia.com/lyric/1-man-riot-sugar-sugar/</guid>
      <description>&lt;p&gt;Chorus 1:
&lt;br&gt;Sugar
&lt;br&gt;Oh, honey honey
&lt;br&gt;You are my candy girl
&lt;br&gt;And you got me wanting you
&lt;br&gt;
&lt;br&gt;Chorus 2:
&lt;br&gt;Honey
&lt;br&gt;Oh, sugar sugar
&lt;br&gt;You are my candy girl
&lt;br&gt;And you got me wanting you
&lt;br&gt;
&lt;br&gt;I just can&amp;rsquo;t believe the loveliness of loving you
&lt;br&gt;(i just can&amp;rsquo;t believe it&amp;rsquo;s true)
&lt;br&gt;I just can&amp;rsquo;t believe the wonder
&lt;br&gt;Of this feeling too
&lt;br&gt;(i just can&amp;rsquo;t believe it&amp;rsquo;s true)
&lt;br&gt;
&lt;br&gt;Repeat chorus 1, 2
&lt;br&gt;
&lt;br&gt;When i kissed you girl
&lt;br&gt;I knew how sweet a kiss could be
&lt;br&gt;(knew how sweet a kiss could be)
&lt;br&gt;Like the summer sunshine
&lt;br&gt;Pour your sweetness over me
&lt;br&gt;(pour your sweetness over me)
&lt;br&gt;
&lt;br&gt;Oh, pour a little sugar on me honey
&lt;br&gt;(sugar)
&lt;br&gt;Pour a little sugar on me baby
&lt;br&gt;(honey honey)
&lt;br&gt;
&lt;br&gt;I&amp;rsquo;m gonna make your life so sweet
&lt;br&gt;Yeah yeah yeah
&lt;br&gt;Pour a little sugar on me
&lt;br&gt;Oh yeah
&lt;br&gt;Pour a little sugar on me honey
&lt;br&gt;Pour a little sugar on me baby
&lt;br&gt;
&lt;br&gt;I&amp;rsquo;m gonna make your life so sweet
&lt;br&gt;Hey hey hey
&lt;br&gt;Pour a little sugar on me honey
&lt;br&gt;
&lt;br&gt;Repeat chorus 1, 2&lt;/p&gt;
</description>
    </item>
    
    <item>
      <title> Sugar Sugar (portugues)</title>
      <link>http://letraspedia.com/lyric/1-man-riot-sugar-sugar-portugues/</link>
      <pubDate>Mon, 01 Sep 2008 00:00:00 UTC</pubDate>
      <author>Enthusiastic Hugo User</author>
      <guid>http://letraspedia.com/lyric/1-man-riot-sugar-sugar-portugues/</guid>
      <description>&lt;p&gt;Refrão 1:
&lt;br&gt;Docinho,
&lt;br&gt;Oh doçura, doçura.
&lt;br&gt;Você é o meu bombom, garota,
&lt;br&gt;E me deixa te desejando.
&lt;br&gt;
&lt;br&gt;Refrão 2:
&lt;br&gt;Doçura,
&lt;br&gt;Oh docinho, docinho.
&lt;br&gt;Você é o meu bombom, garota,
&lt;br&gt;E me deixa te desejando.
&lt;br&gt;
&lt;br&gt;Eu simplesmente não consigo acreditar no encanto de amar você.
&lt;br&gt;(simplesmente não consigo acreditar que é verdade)
&lt;br&gt;Eu simplesmente não consigo acreditar no milagre
&lt;br&gt;Deste sentimento também.
&lt;br&gt;(simplesmente não consigo acreditar que é verdade)
&lt;br&gt;
&lt;br&gt;Repete refrão 1 e 2
&lt;br&gt;
&lt;br&gt;Quando beijei você, garota,
&lt;br&gt;Eu soube o quanto um beijo poderia ser doce,
&lt;br&gt;(soube o quanto um beijo poderia ser doce)
&lt;br&gt;Como a luz do sol de verão,
&lt;br&gt;Derrame sua doçura sobre mim.
&lt;br&gt;(derrame sua doçura sobre mim)
&lt;br&gt;
&lt;br&gt;Derrame um pouco de açúcar sobre mim, doçura,
&lt;br&gt;(docinho)
&lt;br&gt;Derrame um pouco de açúcar sobre mim, querida,
&lt;br&gt;(doçura, doçura)
&lt;br&gt;
&lt;br&gt;Eu vou fazer sua vida tão doce,
&lt;br&gt;Sim, sim, sim.
&lt;br&gt;Derrame um pouco de açúcar sobre mim,
&lt;br&gt;Oh sim,
&lt;br&gt;Derrame um pouco de açúcar sobre mim, doçura,
&lt;br&gt;Derrame um pouco de açúcar sobre mim, querida.
&lt;br&gt;
&lt;br&gt;Eu vou fazer sua vida tão doce,
&lt;br&gt;Ei, ei, ei.
&lt;br&gt;Derrame um pouco de açúcar sobre mim, doçura.
&lt;br&gt;
&lt;br&gt;Repete refrão 1 e 2&lt;/p&gt;
</description>
    </item>
    
    <item>
      <title> Under The Blue Sky</title>
      <link>http://letraspedia.com/lyric/1-man-riot-under-the-blue-sky/</link>
      <pubDate>Mon, 01 Sep 2008 00:00:00 UTC</pubDate>
      <author>Enthusiastic Hugo User</author>
      <guid>http://letraspedia.com/lyric/1-man-riot-under-the-blue-sky/</guid>
      <description>&lt;p&gt;So lovely the blue sky looks and so lovely the things around.
&lt;br&gt;See love glittered my eyes and happiness surrounds.
&lt;br&gt;It seems in a moment everything has changed like a lovely
&lt;br&gt;world I found.
&lt;br&gt;Whispering in my ears when you say all lovely things
&lt;br&gt;You know baby how lovely your words sound
&lt;br&gt;In a moment my world has turned around
&lt;br&gt;I got a lovely world, yeah a lovely world that I found.
&lt;br&gt;
&lt;br&gt;Sometimes life seems so new
&lt;br&gt;Sometimes I dont live in a world that I knew
&lt;br&gt;Sometimes even living in plenty, i see only a few
&lt;br&gt;Baby my life is changed by you
&lt;br&gt;So life seems so new, yeah its true
&lt;br&gt;You changed my life baby, its only you
&lt;br&gt;
&lt;br&gt;Baby you sat by my side
&lt;br&gt;See there is no feeling left in my heart to hide
&lt;br&gt;Baby you shined my life and now you r my meaning of life.
&lt;br&gt;When you were not in my life, life was so dry
&lt;br&gt;You came like an angel to give a new meaning to my life.
&lt;br&gt;
&lt;br&gt;Now every dream that I dreamt turned true
&lt;br&gt;The girl of my dream is only you
&lt;br&gt;Hey now my world is our world and so it looks so new
&lt;br&gt;Baby take my everything, take all my love
&lt;br&gt;Its for you, baby my love is for you.&lt;/p&gt;
</description>
    </item>
    
    <item>
      <title>Al With It</title>
      <link>http://letraspedia.com/lyric/1-man-riot-deal-with-it/</link>
      <pubDate>Mon, 01 Sep 2008 00:00:00 UTC</pubDate>
      <author>Enthusiastic Hugo User</author>
      <guid>http://letraspedia.com/lyric/1-man-riot-deal-with-it/</guid>
      <description>&lt;p&gt;&amp;hellip;and we go!&lt;br /&gt;&lt;br /&gt;When i woke up on the sunset when it really should be dawn,&lt;br /&gt;&lt;br&gt;I thought i had no brains&amp;hellip;when i really had no brawn.&lt;br /&gt;Took it from the bottom, i should take it from the top,&lt;br /&gt;I had another thrill, had another thrill when i thought i had my lot&lt;br /&gt;&lt;br /&gt;Well i don&amp;rsquo;t know what i do because i do as i know,&lt;br /&gt;I gotta show for what i&amp;rsquo;ve got or i cannot find home. whhhoooooaaaaoooohhh&lt;br /&gt;&lt;br /&gt;(ya gotta) deal with it, deal with it.&lt;br /&gt;(ya) deal with it, deal with it.&lt;br /&gt;(ya) deal with it, deal with it.&lt;br /&gt;(ya) deal with it, deeeeeeeeeeeeal&amp;hellip;&lt;br /&gt;&lt;br /&gt;I rolled a thought around my eyes, it should be in my head,&lt;br /&gt;Got buried in nevada&amp;hellip;when i wasnt even dead.&lt;br /&gt;All around me were the adults asking kids for cash,&lt;br /&gt;When i saw a green police car, i thought i&amp;rsquo;d make a dash.&lt;br /&gt;&lt;br /&gt;Well i don&amp;rsquo;t know what i do because i do as i know,&lt;br /&gt;I gotta show for what i&amp;rsquo;ve got or i cannot find home. whhhoooooaaaaoooohhh&lt;br /&gt;&lt;br /&gt;(ya gotta) deal with it, deal with it.&lt;br /&gt;(ya) deal with it, deal with it.&lt;br /&gt;(ya) deal with it, deal with it.&lt;br /&gt;(ya) deal with it, deeeeeeeeeeeeal&amp;hellip;with it.&lt;br /&gt;&lt;br /&gt;Ya deal with it, woahoohhoohh,&lt;br /&gt;Ya deal with it, woahoohhoohh,&lt;br /&gt;Ya deal with it, woahooaooaooohooooh,&lt;br /&gt;Ya gotta deal with it, deal, with it.&lt;br /&gt;&lt;br /&gt;(musical interlude)&lt;br /&gt;&lt;br /&gt;Take it to the bridge&amp;hellip;&amp;hellip;&amp;hellip;let de&amp;rsquo;ladies rock!&lt;br /&gt;&lt;br /&gt;(musical interlude)&lt;br /&gt;&lt;br /&gt;When i woke up on the sunset when it really should be dawn,&lt;br /&gt;I thought i had no brains&amp;hellip;when i really had no brawn.&lt;br /&gt;Took it from the bottom, i should take it from the top,&lt;br /&gt;And i had another thrill, had another thrill, had another thrrrrriiiiiilllll!&lt;br /&gt;&lt;br /&gt;Well i don&amp;rsquo;t know what i do because i do as i know,&lt;br /&gt;I gotta show for what i&amp;rsquo;ve got or i cannot find home. whhhoooooaaaaoooohhh&lt;br /&gt;&lt;br /&gt;(ya gotta) deal with it, deal with it.&lt;br /&gt;(ya) deal with it, deal with it.&lt;br /&gt;(ya) deal with it, deal with it.&lt;br /&gt;(ya) deal with it.&lt;br /&gt;(oh won&amp;rsquo;t ya) deal with it, deal with it.&lt;br /&gt;(ya) deal with it, deal with it.&lt;br /&gt;Deal with it, deal with it.&lt;br /&gt;(ya) deal with it, deeeeeeeeeal with it.&lt;br /&gt;&lt;br&gt;&lt;/p&gt;
</description>
    </item>
    
  </channel>
</rss>