<?xml version="1.0" encoding="utf-8" standalone="yes" ?>
<rss version="2.0" xmlns:atom="http://www.w3.org/2005/Atom">
  <channel>
      <title>3 Reyes on Letraspedia.com thes best lyrics page </title>
    <link>http://letraspedia.com/artist/3-reyes/</link>
    <language>en-US</language>
    <author>Enthusiastic Hugo User</author>
    <rights>Copyright (c) 2014, Enthusiastic Hugo User; all rights reserved.</rights>
    <updated>Mon, 01 Sep 2008 00:00:00 UTC</updated>
    
    <item>
      <title> Al Final De La Calle</title>
      <link>http://letraspedia.com/lyric/3-reyes-al-final-de-la-calle/</link>
      <pubDate>Mon, 01 Sep 2008 00:00:00 UTC</pubDate>
      <author>Enthusiastic Hugo User</author>
      <guid>http://letraspedia.com/lyric/3-reyes-al-final-de-la-calle/</guid>
      <description>&lt;p&gt;Al final de la calle, donde te conocí,
&lt;br&gt;en silencio me muero, esperando por ti
&lt;br&gt;Una noche estrellada, me dijiste que si,
&lt;br&gt;Una tarde enlutada sin hacerte nada, te fuiste de mí
&lt;br&gt;Estoy solo tan triste, desde que te perdí,
&lt;br&gt;Porque cuando te fuiste, en la nada me hundiste,
&lt;br&gt;entre sombras me ví
&lt;br&gt;Al final de la calle, donde te conocí,
&lt;br&gt;Aunque ya no he de verte, estaré hasta la muerte, esperando por ti,
&lt;br&gt;
&lt;br&gt;Estoy solo tan triste, desde que te perdí,
&lt;br&gt;Porque cuando te fuiste, en la nada me hundiste,
&lt;br&gt;entre sombras me ví
&lt;br&gt;Al final de la calle, donde te conocí,
&lt;br&gt;Aunque ya no he de verte, estaré hasta la muerte, esperando por ti,&lt;/p&gt;
</description>
    </item>
    
    <item>
      <title> Alas Quebradas</title>
      <link>http://letraspedia.com/lyric/3-reyes-alas-quebradas/</link>
      <pubDate>Mon, 01 Sep 2008 00:00:00 UTC</pubDate>
      <author>Enthusiastic Hugo User</author>
      <guid>http://letraspedia.com/lyric/3-reyes-alas-quebradas/</guid>
      <description>&lt;p&gt;No volveras a mi, yo lo preciento
&lt;br&gt;Todo tiene su fin pasando el tiempo
&lt;br&gt;Tu podras ser de mi tormento
&lt;br&gt;     Y no seras feliz aunque te encuentres otro amor
&lt;br&gt;
&lt;br&gt;Yo seguire luchando con mi pena
&lt;br&gt;Hasta arrancar de mi alma esta cadena
&lt;br&gt;Esa pasión que arrastra y me condena
&lt;br&gt;       A mi prisión oscura de mis noches de dolor
&lt;br&gt;
&lt;br&gt;Tu puedes ir sin mi a todas partes
&lt;br&gt;Gaviota de aristocrático plumaje
&lt;br&gt;Yo podré mirar en la distancia azul
&lt;br&gt;Tus alas ya quebradas sobre el mar
&lt;br&gt;Yo podré mirar en la distancia azul
&lt;br&gt;Tus alas ya quebradas sobre el mar
&lt;br&gt;
&lt;br&gt;No volveras a mi con la mentira
&lt;br&gt;Por la que yo senti perder la vida
&lt;br&gt;Hay tormentas negras en el alma
&lt;br&gt;            Donde muere el amor cuando le falta la verdad
&lt;br&gt;
&lt;br&gt;Tu puedes ir sin mi a todas partes
&lt;br&gt;Gaviota de aristocrático plumaje
&lt;br&gt;Yo podré mirar en la distancia azul
&lt;br&gt;Tus alas ya quebradas sobre el mar
&lt;br&gt;Yo podré mirar en la distancia azul
&lt;br&gt; Tus alas ya quebradas sobre el mar&lt;/p&gt;
</description>
    </item>
    
    <item>
      <title> Alma Mía</title>
      <link>http://letraspedia.com/lyric/3-reyes-alma-mia/</link>
      <pubDate>Mon, 01 Sep 2008 00:00:00 UTC</pubDate>
      <author>Enthusiastic Hugo User</author>
      <guid>http://letraspedia.com/lyric/3-reyes-alma-mia/</guid>
      <description>&lt;p&gt;El día que me olvides, alma mía, yo se que existirás en mi penar,
&lt;br&gt;Al verme solo triste, olvidado, mi vida haría arrancar,
&lt;br&gt;mi vida, haría arrancar
&lt;br&gt;Hay cosas que se reciben, con resignación,
&lt;br&gt;Hay golpes que el destino da, sin compasión
&lt;br&gt;Pero cuando se pierde un cariño,
&lt;br&gt;No hay nadie que calme, ese dolor, no hay nadie que calme,
&lt;br&gt;ese dolor
&lt;br&gt;Fuiste todo mí ser, mi amor todo te entregue
&lt;br&gt;El amor que te profeso, es el más puro mujer
&lt;br&gt;Si los lazos que nos unen, se llegaran a romper
&lt;br&gt;Que se acabe ahorita mismo, la existencia de mi ser
&lt;br&gt;
&lt;br&gt;El día que me olvides, alma mía, yo se que existirás en mi penar
&lt;br&gt;Al verme solo triste, olvidado, mi vida haría arrancar,
&lt;br&gt;mi vida, haría arrancar
&lt;br&gt;Hay cosas que se reciben, con resignación
&lt;br&gt;Hay golpes que el destino da, sin compasión
&lt;br&gt;Pero cuando se pierde un cariño,
&lt;br&gt;No hay nadie que calme ese dolor,
&lt;br&gt;no hay nadie que calme ese dolor
&lt;br&gt;Fuiste todo mí ser, mi amor todo te entregue
&lt;br&gt;El amor que te profeso, es el más puro mujer
&lt;br&gt;Si los lazos que nos unen, se llegaran a romper
&lt;br&gt;Que se acabe ahora mismo, la existencia de mi ser
&lt;br&gt;Si los lazos que nos unen, se llegaran a romper
&lt;br&gt;Que se acabe ahora mismo, la existencia de mi ser&lt;/p&gt;
</description>
    </item>
    
    <item>
      <title> Amor Perfecto</title>
      <link>http://letraspedia.com/lyric/3-reyes-amor-perfecto/</link>
      <pubDate>Mon, 01 Sep 2008 00:00:00 UTC</pubDate>
      <author>Enthusiastic Hugo User</author>
      <guid>http://letraspedia.com/lyric/3-reyes-amor-perfecto/</guid>
      <description>&lt;p&gt;a veces pienso k no puede ser verdad
&lt;br&gt;a nuestro amor se le eskapo la realidad
&lt;br&gt;es tan hermoso y tan perfekto
&lt;br&gt;k muchas veces me imajino k no es cierto
&lt;br&gt;a veces pienso es un sueño nada mas
&lt;br&gt;pues la mañana nos tendra k despertar
&lt;br&gt;y cada dia k nos amamos
&lt;br&gt;lo k vivimos es fantasia
&lt;br&gt;nuestro amor, lo llevamos impregnados entre los dos
&lt;br&gt;lo sentimos palpitar en nuestro ser
&lt;br&gt;lo vivimos en las manos y en la piel
&lt;br&gt;es extraña la manera de kerernos hay momentos k parecen enlokcernos
&lt;br&gt;como es muy grande nuestro amor
&lt;br&gt;y tan ardiente es su ansiedad
&lt;br&gt;a veces pienso k no puede ser verdad
&lt;br&gt;nuestro amor, lo llevamos impregnado entre los dos
&lt;br&gt;lo sentimos palpitar en nuestro ser
&lt;br&gt;lo vivimos en las manos y en la piel
&lt;br&gt;es extraña la manera de kerernos hay momentos k parecen enlokcernos
&lt;br&gt;como es muy grande nuestro amor
&lt;br&gt;y tan ardiente es su ansiedad
&lt;br&gt;a veces pienso k no puede ser verdad
&lt;br&gt;k no puede ser verdad&lt;/p&gt;
</description>
    </item>
    
    <item>
      <title> Ansiedad</title>
      <link>http://letraspedia.com/lyric/3-reyes-ansiedad/</link>
      <pubDate>Mon, 01 Sep 2008 00:00:00 UTC</pubDate>
      <author>Enthusiastic Hugo User</author>
      <guid>http://letraspedia.com/lyric/3-reyes-ansiedad/</guid>
      <description>&lt;p&gt;Ansiedad de, tenerte en mis brazos, musitando, palabras de amor
&lt;br&gt;Ansiedad de, tener tus encantos, en la boca volverte a besar
&lt;br&gt;Tal vez este llorando mi pensamiento,
&lt;br&gt;mis lágrimas son perlas, que caen al mar
&lt;br&gt;El eco adormecido, de este lamento,
&lt;br&gt;hace que estés presente, en mí soñar
&lt;br&gt;Quizás este llorando al recordarme,
&lt;br&gt;y estreches mi retrato con frenesí
&lt;br&gt;Hasta tú oído llegue, la melodía salvaje,
&lt;br&gt;del eco de la pena, de estar sin ti.
&lt;br&gt;
&lt;br&gt;Ansiedad de tenerte en mis brazos, musitando palabras de amor
&lt;br&gt;Ansiedad de tener tus encantos, y en la boca volverte a besar
&lt;br&gt;Tal vez este llorando mi pensamiento,
&lt;br&gt;mis lágrimas son perlas que caen al mar
&lt;br&gt;El eco adormecido, de este lamento,
&lt;br&gt;hace que estés presente, en mí soñar
&lt;br&gt;Quizás esté llorando al recordarme y estreche mi retrato con frenesí
&lt;br&gt;Hasta tú oído llegue, la melodía salvaje,
&lt;br&gt;del eco de la pena, pena de estar sin ti.&lt;/p&gt;
</description>
    </item>
    
    <item>
      <title> Asómate A Mi Alma</title>
      <link>http://letraspedia.com/lyric/3-reyes-asomate-a-mi-alma/</link>
      <pubDate>Mon, 01 Sep 2008 00:00:00 UTC</pubDate>
      <author>Enthusiastic Hugo User</author>
      <guid>http://letraspedia.com/lyric/3-reyes-asomate-a-mi-alma/</guid>
      <description>&lt;p&gt;Si acaso, piensas tú, que no te quiero,
&lt;br&gt;Procura entrar, al fondo, de mi alma
&lt;br&gt;Ahí, esta esperando un corazón, sincero,
&lt;br&gt;Que vive para ti, que vive para ti, con la esperanza
&lt;br&gt;
&lt;br&gt;No creas mi vida, que la mentira, es lo que ofrezco,
&lt;br&gt;No crea tampoco, que mi, cariño, pasa
&lt;br&gt;Lo que te ofrezco, sale de mi alma, ella no miente
&lt;br&gt;Hazme dichoso ten fe en mí ser, yo te lo pido
&lt;br&gt;La vida pasa, y lo que viene solo Dios sabe,
&lt;br&gt;Que más, has de pedir, que no te ofrezca yo, compréndeme
&lt;br&gt;Eso no es lo que vale, eso no es lo que cuenta, aliéntame
&lt;br&gt;Tomare otro camino, eso quiere el destino, perdóname&lt;/p&gt;
</description>
    </item>
    
    <item>
      <title> Ay Mi Vida</title>
      <link>http://letraspedia.com/lyric/3-reyes-ay-mi-vida/</link>
      <pubDate>Mon, 01 Sep 2008 00:00:00 UTC</pubDate>
      <author>Enthusiastic Hugo User</author>
      <guid>http://letraspedia.com/lyric/3-reyes-ay-mi-vida/</guid>
      <description>&lt;p&gt;Ay mi  vida,
&lt;br&gt;
&lt;br&gt;Ay mi vida, estoy convencido de que ya no hay remedio
&lt;br&gt;Tú siempre lo mismo, no puedes cambiar
&lt;br&gt;Con tus cosas, fuiste poco a poco, matando el cariño
&lt;br&gt;Por eso en nosotros, ya no hay voluntad
&lt;br&gt;Hoy te debes sentir encantada, lo querías y así sucedió
&lt;br&gt;Ya no pienses en mi para nada,
&lt;br&gt;pues lo nuestro hasta aquí se acabo
&lt;br&gt;Ay mi vida, quien me lo dijera, que así moriría
&lt;br&gt;Aquel cariñito, que fue de los dos
&lt;br&gt;
&lt;br&gt;Hoy te debes sentir encantada, lo querías y así sucedió
&lt;br&gt;Ya no pienses en mi para nada,
&lt;br&gt;pues lo nuestro hasta aquí se acabo
&lt;br&gt;Ay mi vida, quien me lo dijera, que así moriría
&lt;br&gt;Aquel cariñito, que fue de los dos&lt;/p&gt;
</description>
    </item>
    
    <item>
      <title> Buscando Una Estrella</title>
      <link>http://letraspedia.com/lyric/3-reyes-buscando-una-estrella/</link>
      <pubDate>Mon, 01 Sep 2008 00:00:00 UTC</pubDate>
      <author>Enthusiastic Hugo User</author>
      <guid>http://letraspedia.com/lyric/3-reyes-buscando-una-estrella/</guid>
      <description>&lt;p&gt;Una noche tibia y hermosa, me dijiste con gran pasión,
&lt;br&gt;Esa estrella que brilla en el cielo, es nuestro amor
&lt;br&gt;Otra noche buscando en el cielo, una nube muy negra oculto
&lt;br&gt;A esa estrella que un día me dijiste, es nuestro amor
&lt;br&gt;Tristemente yo te mire, con dudas y con temor
&lt;br&gt;Pero al mirarme en tus ojos ví, que era mió tú querer
&lt;br&gt;Cada estrella que brilla en el cielo, pertenece a un gran amor
&lt;br&gt;Esa estrella la guardo en mi vida, para los dos
&lt;br&gt;
&lt;br&gt;Cada estrella que brilla en el cielo, pertenece a un gran amor
&lt;br&gt;Esa estrella la guardo en mi vida, para los dos
&lt;br&gt;Para los dos, para los dos&lt;/p&gt;
</description>
    </item>
    
    <item>
      <title> Camino De La Vida</title>
      <link>http://letraspedia.com/lyric/3-reyes-camino-de-la-vida/</link>
      <pubDate>Mon, 01 Sep 2008 00:00:00 UTC</pubDate>
      <author>Enthusiastic Hugo User</author>
      <guid>http://letraspedia.com/lyric/3-reyes-camino-de-la-vida/</guid>
      <description>&lt;p&gt;Deprisa como el viento van pasando
&lt;br&gt;los dias y las noches de la infancia
&lt;br&gt;un angel nos protege con cuidados
&lt;br&gt;mientras sus manos tejen las distancias
&lt;br&gt;despues llegan los años juveniles
&lt;br&gt;los juegos, los amigos, el colegio
&lt;br&gt;el alma ya define sus perfiles y empieza el corazon de pronto a cultivar un sueño
&lt;br&gt;
&lt;br&gt;Y brotan como un manantial las mieles del primer amor
&lt;br&gt;el alma ya quiere volar y vuela tras una ilusion
&lt;br&gt;aprendemos que el dolor y la alegria
&lt;br&gt;son la esencia permanente de la vida
&lt;br&gt;
&lt;br&gt;Y luego cuando somos dos
&lt;br&gt;en busca de un mismo ideal
&lt;br&gt;formamos un nido de amor
&lt;br&gt;refugio que se llama hogar
&lt;br&gt;empezamos otra etapa del camino
&lt;br&gt;un hombre, una mujer unidos en la fe por el destino
&lt;br&gt;
&lt;br&gt;Los frutos de la union que Dios bendijo
&lt;br&gt;alegran el hogar con su presencia
&lt;br&gt;aquien se quiere mas sino a los hijos
&lt;br&gt;son la prolongacion de la existencia
&lt;br&gt;despues de tantas penas y desvelos
&lt;br&gt;para que no les falte nunca, nunca nada
&lt;br&gt;para que cuando crescan lleguen lejos y puedan alcanzar
&lt;br&gt;esa felicidad tan anhelada
&lt;br&gt;
&lt;br&gt;Y luego cuando ellos se van
&lt;br&gt;algunos sin decir adios
&lt;br&gt;el frio de la soledad
&lt;br&gt;golpea nuestro corazon
&lt;br&gt;es por eso amor mio que te pido
&lt;br&gt;por una y otra ves si llego a la vejez
&lt;br&gt;
&lt;br&gt;Que estes conmigo&amp;hellip;&lt;/p&gt;
</description>
    </item>
    
    <item>
      <title> Celosa</title>
      <link>http://letraspedia.com/lyric/3-reyes-celosa/</link>
      <pubDate>Mon, 01 Sep 2008 00:00:00 UTC</pubDate>
      <author>Enthusiastic Hugo User</author>
      <guid>http://letraspedia.com/lyric/3-reyes-celosa/</guid>
      <description>&lt;p&gt;Celos, siempre con tus celos, me tienes cansado, no se que hacer
&lt;br&gt;Si me celas por cariño, no me quieras tanto, déjame vivir
&lt;br&gt;Ahorita te voy a decir, que cansado me siento de ti,
&lt;br&gt;Te pones celosa de mi, no se puede, vivir así
&lt;br&gt;Ahorita te voy a decir, que te vayas, no vuelvas más
&lt;br&gt;Para no verte, para no hablarte, para no saber, de ti
&lt;br&gt;Celosa, como me celas, no puedes verme feliz,
&lt;br&gt;Por eso te voy a decir, que te vayas, no vuelvas más
&lt;br&gt;Para no verte, para no hablarte, para no saber de ti
&lt;br&gt;
&lt;br&gt;Celosa, como me celas, no puedes verme feliz,
&lt;br&gt;Por eso te voy a decir, que te vayas, no vuelvas más
&lt;br&gt;Para no verte, para no hablarte, para no saber de celos, celos&lt;/p&gt;
</description>
    </item>
    
    <item>
      <title> Como Un Bolero</title>
      <link>http://letraspedia.com/lyric/3-reyes-como-un-bolero/</link>
      <pubDate>Mon, 01 Sep 2008 00:00:00 UTC</pubDate>
      <author>Enthusiastic Hugo User</author>
      <guid>http://letraspedia.com/lyric/3-reyes-como-un-bolero/</guid>
      <description>&lt;p&gt;Con caricias en dos tonos,
&lt;br&gt;Voy recorriendo tu cuerpo,
&lt;br&gt;Es mi boca melodía que da música al silencio
&lt;br&gt;Cuando baila por tu cuello,
&lt;br&gt;Con un ritmo de bolero.
&lt;br&gt;
&lt;br&gt;Y mis dedos son parejas,
&lt;br&gt;Que me invitan a la fiesta,
&lt;br&gt;Que amenizan tu cintura
&lt;br&gt;Si un te quiero largo y hondo
&lt;br&gt;Se desgarra entre los besos,
&lt;br&gt;Con un ritmo de bolero.
&lt;br&gt;
&lt;br&gt;Como un bolero
&lt;br&gt;La cadencia de dos cuerpos al bailar,
&lt;br&gt;Como un  bolero
&lt;br&gt;Un dueto de suspiro horizontal,
&lt;br&gt;Como un bolero
&lt;br&gt;No quisiera que ese trío entre tus labios
&lt;br&gt;Se cansara de cantar.
&lt;br&gt;
&lt;br&gt;Como un bolero
&lt;br&gt;Despacito voy dejándome llevar,
&lt;br&gt;Como un bolero
&lt;br&gt;En tus ojos  me he quedado a naufragar,
&lt;br&gt;Como un bolero
&lt;br&gt;Improviso movimientos de ternura,
&lt;br&gt;Mis latidos se confunden con tambores,
&lt;br&gt;Y de pronto de mi alma
&lt;br&gt;Mil requintos se derraman en tu alma
&lt;br&gt;Como un bolero.
&lt;br&gt;
&lt;br&gt;Un cigarro compartimos,
&lt;br&gt;Y los dos mirando al techo,
&lt;br&gt;Un olor que nos embriaga
&lt;br&gt;Que avergüenza de momento,
&lt;br&gt;Y mi vos en tus oídos te murmura que te quiero.&lt;/p&gt;
</description>
    </item>
    
    <item>
      <title> Como Una Visión</title>
      <link>http://letraspedia.com/lyric/3-reyes-como-una-vision/</link>
      <pubDate>Mon, 01 Sep 2008 00:00:00 UTC</pubDate>
      <author>Enthusiastic Hugo User</author>
      <guid>http://letraspedia.com/lyric/3-reyes-como-una-vision/</guid>
      <description>&lt;p&gt;La única sensación de mi vida, la única emoción de mi alma
&lt;br&gt;Ha sido cuando en la playa tendida, dejaste a mi corazón sin calma
&lt;br&gt;Tu cuerpo quedo estampado en la arena,
&lt;br&gt;en mi alma quedo grabada una pena
&lt;br&gt;No, no vuelves a ir, pero yo si vuelvo, a contemplarte así
&lt;br&gt;No, no vuelves a ir, pero yo si vuelvo, a contemplarte así
&lt;br&gt;En mi memoria quedaste grabada eternamente,
&lt;br&gt;Por eso te sueño, te nombro amorosamente,
&lt;br&gt;Es imposible dejar de quererte, alma de mi alma,
&lt;br&gt;Me perteneces, me robaste todita la calma
&lt;br&gt;No, no vuelves a ir, pero yo si vuelvo, a contemplarte así
&lt;br&gt;
&lt;br&gt;En mi memoria quedaste grabada eternamente,
&lt;br&gt;Por eso te sueño, te nombro amorosamente,
&lt;br&gt;Es imposible dejar de quererte, alma de mi alma,
&lt;br&gt;Me perteneces, me robaste todita la calma
&lt;br&gt;No, no vuelves a ir, pero yo si vuelvo, a contemplarte así
&lt;br&gt;No, no vuelves a ir, pero yo si vuelvo, a contemplarte así&lt;/p&gt;
</description>
    </item>
    
    <item>
      <title> Contigo</title>
      <link>http://letraspedia.com/lyric/3-reyes-contigo/</link>
      <pubDate>Mon, 01 Sep 2008 00:00:00 UTC</pubDate>
      <author>Enthusiastic Hugo User</author>
      <guid>http://letraspedia.com/lyric/3-reyes-contigo/</guid>
      <description>&lt;p&gt;Tus besos se llegaron a recrear aquí, en mi boca
&lt;br&gt;Llenando de ilusión y de pasión, mi vida loca
&lt;br&gt;Las horas más felices de mi amor, fueron contigo
&lt;br&gt;Por eso es que mi alma siempre extraña, el dulce alivio
&lt;br&gt;Te puedo yo jurar ante un altar mi amor, sincero
&lt;br&gt;A todo, el mundo puedes contar, que si, te quiero
&lt;br&gt;Tus labios me enseñaron a sentir lo que es, ternura
&lt;br&gt;Y no me cansare de bendecir, tanta dulzura
&lt;br&gt;
&lt;br&gt;Te puedo yo jurar ante un altar mi amor, sincero
&lt;br&gt;A todo, el mundo puedes contar, que si, que si te quiero
&lt;br&gt;Tus labios me enseñaron a sentir lo que es, ternura
&lt;br&gt;Y no me cansare de bendecir, tanta dulzura&lt;/p&gt;
</description>
    </item>
    
    <item>
      <title> Cuando Ya No Me Quieras</title>
      <link>http://letraspedia.com/lyric/3-reyes-cuando-ya-no-me-quieras/</link>
      <pubDate>Mon, 01 Sep 2008 00:00:00 UTC</pubDate>
      <author>Enthusiastic Hugo User</author>
      <guid>http://letraspedia.com/lyric/3-reyes-cuando-ya-no-me-quieras/</guid>
      <description>&lt;p&gt;Cuando ya no me quieras, no me finjas cariño,
&lt;br&gt;No me tengas piedad, compasión, ni temor
&lt;br&gt;Si me dices te olvido, no te culpo ni riño,
&lt;br&gt;Ni te doy el disgusto, de mirar mi dolor
&lt;br&gt;Partiré canturreando, mi poema, mas triste
&lt;br&gt;Contare a todo el mundo, que tú, me quisiste
&lt;br&gt;Cuando nadie escuche, mis canciones viejas
&lt;br&gt;Detendré mi camino, en un pueblo lejano, ahí moriré
&lt;br&gt;
&lt;br&gt;Se que no me quieres, me lo dicen tus ojos
&lt;br&gt;Partiré por las rutas, que no tienen final
&lt;br&gt;Vagare siempre, siempre, partiré sin enojo
&lt;br&gt;Mis labios sin besos, cantaran un madrigal
&lt;br&gt;Partiré canturreando, mi poema, mas triste
&lt;br&gt;Contare a todo el mundo, que tú me quisiste
&lt;br&gt;Cuando nadie escuche, mis canciones viejas
&lt;br&gt;Detendré mi camino, en un pueblo lejano, ahí moriré, ahí moriré&lt;/p&gt;
</description>
    </item>
    
    <item>
      <title> El Almanaque</title>
      <link>http://letraspedia.com/lyric/3-reyes-el-almanaque/</link>
      <pubDate>Mon, 01 Sep 2008 00:00:00 UTC</pubDate>
      <author>Enthusiastic Hugo User</author>
      <guid>http://letraspedia.com/lyric/3-reyes-el-almanaque/</guid>
      <description>&lt;p&gt;Contemplando el almanaque, me consumo de tristeza
&lt;br&gt;Van pasando en caravana, los días de la semana,
&lt;br&gt;y tú de mi, no te acuerdas
&lt;br&gt;Se marchita lentamente el corazón,
&lt;br&gt;mientras pienso que en tu vida nada soy
&lt;br&gt;El almanaque contemplo con tristeza, sabiendo que hoy empieza
&lt;br&gt;Un nuevo día sin tu amor
&lt;br&gt;El almanaque, contemplo con tristeza,
&lt;br&gt;en cada fecha nació una decepción
&lt;br&gt;La voz de mi alma, grita que te espera,
&lt;br&gt;Que nunca es tarde, mientras arda mi pasión
&lt;br&gt;El almanaque contemplo con tristeza, sabiendo que hoy empieza
&lt;br&gt;Un nuevo día sin tu amor
&lt;br&gt;
&lt;br&gt;Enero, Febrero, Marzo,
&lt;br&gt;
&lt;br&gt;&amp;#61664;Abril, Mayo, Junio, Julio, Agosto, Septiembre, Octubre,
&lt;br&gt; Noviembre, Diciembre, Lunes, martes, miércoles, jueves, viernes,
&lt;br&gt; sábado, domingo
&lt;br&gt;
&lt;br&gt;&amp;#61664;Contemplo con tristeza, en cada fecha nació una decepción,
&lt;br&gt;La voz de mi alma, grita que te espera,
&lt;br&gt;
&lt;br&gt;Que nunca es tarde, mientras arda mi pasión
&lt;br&gt;
&lt;br&gt;El almanaque contemplo con tristeza,
&lt;br&gt;sabiendo que hoy empieza
&lt;br&gt;Un nuevo día sin tu amor&lt;/p&gt;
</description>
    </item>
    
  </channel>
</rss>