<?xml version="1.0" encoding="utf-8" standalone="yes" ?>
<rss version="2.0" xmlns:atom="http://www.w3.org/2005/Atom">
  <channel>
      <title>14 Palabras on Letraspedia.com thes best lyrics page </title>
    <link>http://letraspedia.com/artist/14-palabras/</link>
    <language>en-US</language>
    <author>Enthusiastic Hugo User</author>
    <rights>Copyright (c) 2014, Enthusiastic Hugo User; all rights reserved.</rights>
    <updated>Mon, 01 Sep 2008 00:00:00 UTC</updated>
    
    <item>
      <title> 14 Palabras</title>
      <link>http://letraspedia.com/lyric/14-palabras-14-palabras/</link>
      <pubDate>Mon, 01 Sep 2008 00:00:00 UTC</pubDate>
      <author>Enthusiastic Hugo User</author>
      <guid>http://letraspedia.com/lyric/14-palabras-14-palabras/</guid>
      <description>&lt;p&gt;Cuanto tiempo hemos perdido
&lt;br&gt;tiempo que nos dará la razón
&lt;br&gt;cuando te veo seguir adelante
&lt;br&gt;me llenas de orgullo y razón
&lt;br&gt;la llama siempre arde en tu corazón
&lt;br&gt;
&lt;br&gt;14 Palabras que nos marcaron el destino
&lt;br&gt;14 Palabras Sangre y Tierra tu camino
&lt;br&gt;14 Palabras que nos han hecho reflexionar
&lt;br&gt;14 Palabras por las que siempre hay que luchar
&lt;br&gt;
&lt;br&gt;Demuestra ser hijo de España
&lt;br&gt;
&lt;br&gt;y no cambies tu camino
&lt;br&gt;si no luchas por tu pueblo
&lt;br&gt;eres polvo en el camino
&lt;br&gt;demuestra ser hijo de Europa
&lt;br&gt;
&lt;br&gt;y no cambies tu camino
&lt;br&gt;si no luchas por tu tierra
&lt;br&gt;eres un traidor en el camino&lt;/p&gt;
</description>
    </item>
    
    <item>
      <title> Armada Europea Skinhead</title>
      <link>http://letraspedia.com/lyric/14-palabras-armada-europea-skinhead/</link>
      <pubDate>Mon, 01 Sep 2008 00:00:00 UTC</pubDate>
      <author>Enthusiastic Hugo User</author>
      <guid>http://letraspedia.com/lyric/14-palabras-armada-europea-skinhead/</guid>
      <description>&lt;p&gt;En estos tiempos no muy buenos
&lt;br&gt;nosotros somos la única esperanza
&lt;br&gt;con nuestra música y nuestras bandas
&lt;br&gt;tenemos la carta ganadora
&lt;br&gt;
&lt;br&gt;Armada Europea Skinhead
&lt;br&gt;luchando por la causa de nuestra nación
&lt;br&gt;Armada Europea Skinhead
&lt;br&gt;tenemos el poder y en las calles somos la ley
&lt;br&gt;
&lt;br&gt;En las calles por la noches
&lt;br&gt;
&lt;br&gt;luchando por salvar nuestra Patria
&lt;br&gt;
&lt;br&gt;contra los rojos ¡Poder Blanco!
&lt;br&gt;
&lt;br&gt;por Europa nosotros luchamos
&lt;br&gt;
&lt;br&gt;
&lt;br&gt;Estribillo
&lt;br&gt;Heil Odín! Heil Führer!
&lt;br&gt;y con la fuerza del martillo de Thor
&lt;br&gt;en las calles o en el valhalla
&lt;br&gt;nos veremos al luchar por la raza
&lt;br&gt;
&lt;br&gt;Estribillo x 2
&lt;br&gt;
&lt;br&gt;
&lt;br&gt;En las calles por la noches
&lt;br&gt;
&lt;br&gt;luchando por salvar nuestra Patria
&lt;br&gt;
&lt;br&gt;contra los rojos ¡Poder Blanco!
&lt;br&gt;
&lt;br&gt;por Europa nosotros luchamos&lt;/p&gt;
</description>
    </item>
    
    <item>
      <title> Hijo De Odin</title>
      <link>http://letraspedia.com/lyric/14-palabras-hijo-de-odin/</link>
      <pubDate>Mon, 01 Sep 2008 00:00:00 UTC</pubDate>
      <author>Enthusiastic Hugo User</author>
      <guid>http://letraspedia.com/lyric/14-palabras-hijo-de-odin/</guid>
      <description>&lt;p&gt;He tenido que nacer
&lt;br&gt;
&lt;br&gt;con el corazón duro como el acero
&lt;br&gt;para no decaer al ver morir todo lo que quiero
&lt;br&gt;invocando a nuestros Dioses
&lt;br&gt;
&lt;br&gt;fuerza en la lucha yo les pido
&lt;br&gt;
&lt;br&gt;nuestra Sangre será eterna
&lt;br&gt;
&lt;br&gt;para defenderla he nacido
&lt;br&gt;
&lt;br&gt;Hijo de Odín reclamando nuestra tierra
&lt;br&gt;Hijo de Odín manteniendo nuestra fé
&lt;br&gt;Hijo de Odín defendiendo nuestra raza
&lt;br&gt;Hijo de Odín por nuestra sangre lucharé
&lt;br&gt;
&lt;br&gt;Siento en mi corazón la fuerza
&lt;br&gt;
&lt;br&gt;de nuestra sangre
&lt;br&gt;que refleja nuestra historia
&lt;br&gt;
&lt;br&gt;con su pasado de gloria
&lt;br&gt;se esconden en nuestro pasado
&lt;br&gt;
&lt;br&gt;muchos mitos y leyendas
&lt;br&gt;
&lt;br&gt;
&lt;br&gt;Estribillo
&lt;br&gt;
&lt;br&gt;Batallas y tradiciones que recordamos
&lt;br&gt;
&lt;br&gt;en nuestras canciones
&lt;br&gt;Sangre y Muerte nos esperan
&lt;br&gt;
&lt;br&gt;ya veo los cuervos volar
&lt;br&gt;oigo los truenos del cielo los
&lt;br&gt;
&lt;br&gt;Dioses nos dan la señal
&lt;br&gt;si las valkiriras me observan
&lt;br&gt;
&lt;br&gt;no las voy a defraudar
&lt;br&gt;por mi Sangre y mi Tierra mi vida
&lt;br&gt;
&lt;br&gt;y mi alma voy a dar
&lt;br&gt;
&lt;br&gt;
&lt;br&gt;Estribillo&lt;/p&gt;
</description>
    </item>
    
    <item>
      <title> Ian Stuart R.i.p.</title>
      <link>http://letraspedia.com/lyric/14-palabras-ian-stuart-rip/</link>
      <pubDate>Mon, 01 Sep 2008 00:00:00 UTC</pubDate>
      <author>Enthusiastic Hugo User</author>
      <guid>http://letraspedia.com/lyric/14-palabras-ian-stuart-rip/</guid>
      <description>&lt;p&gt;Ellos fueron los que te escogieron
&lt;br&gt;para sacarnos de la oscuridad
&lt;br&gt;tu creaste el movimiento
&lt;br&gt;
&lt;br&gt;para alumbrarnos la verdad
&lt;br&gt;Ian Stuart eres uno de ellos
&lt;br&gt;
&lt;br&gt;tu ya estas entre los dioses blancos
&lt;br&gt;tu nos has marcado un camino que no podemos abandonar
&lt;br&gt;
&lt;br&gt;Hasta pronto Ian Stuart
&lt;br&gt;sigues estando entre nosotros
&lt;br&gt;descansa en paz
&lt;br&gt;sigue velando por nosotros
&lt;br&gt;
&lt;br&gt;Himnos de lucha los que creaste
&lt;br&gt;canciones, conciertos,  inolvidables
&lt;br&gt;seguiremos en la lucha
&lt;br&gt;
&lt;br&gt;con la esperanza de tus canciones
&lt;br&gt;cuanto hemos aprendido
&lt;br&gt;
&lt;br&gt;con tus mensajes en  Skrewdriver
&lt;br&gt;la mejor banda que hemos visto
&lt;br&gt;
&lt;br&gt;tu recuerdo es inolvidable
&lt;br&gt;
&lt;br&gt;Tu fuiste un destello en la noche
&lt;br&gt;
&lt;br&gt;tu eres el lider del Blood &amp;amp; Honour
&lt;br&gt;tu creaste el ejército que
&lt;br&gt;
&lt;br&gt;luchará en las tinieblas
&lt;br&gt;tu eres la voz de la libertad
&lt;br&gt;
&lt;br&gt;tu eres la luz de la verdad
&lt;br&gt;un diamante en las cenizas
&lt;br&gt;
&lt;br&gt;la llama que nunca morirá&lt;/p&gt;
</description>
    </item>
    
    <item>
      <title> La Mirada De La Vida</title>
      <link>http://letraspedia.com/lyric/14-palabras-la-mirada-de-la-vida/</link>
      <pubDate>Mon, 01 Sep 2008 00:00:00 UTC</pubDate>
      <author>Enthusiastic Hugo User</author>
      <guid>http://letraspedia.com/lyric/14-palabras-la-mirada-de-la-vida/</guid>
      <description>&lt;p&gt;21 de Noviembre inolvidable alegría.
&lt;br&gt;Mi regalo de cumpleaños, ver tu mirada el primer día.
&lt;br&gt;Tu mirada es la vida, es mi nuevo amanecer.
&lt;br&gt;La recompensa que llena mi vida, poder verte crecer.
&lt;br&gt;
&lt;br&gt;La mirada de la vida me da fuerzas, mi pasión,
&lt;br&gt;me motiva en mi camino, llena el vacio de mi corazón.
&lt;br&gt;
&lt;br&gt;La grandeza del mar reflejada en tu mirada.
&lt;br&gt;El amor y la bondad en lo profundo de tu alma.
&lt;br&gt;La fuerza de la honestidad, los latidos de tu corazón,
&lt;br&gt;que late rapidamente y refleja mi pasión.
&lt;br&gt;
&lt;br&gt;La mirada de la vida me da fuerzas, mi pasión,
&lt;br&gt;me motiva en mi camino, llena el vacio de mi corazón.
&lt;br&gt;
&lt;br&gt;Has marcado la nueva ruta que debo seguir.
&lt;br&gt;Me has devuelto la ilusión y las ganas de vivir.
&lt;br&gt;Me has enseñado el cariño es el que tengo por tí
&lt;br&gt;y me siento orgulloso en el día en el que vaya a morir.
&lt;br&gt;
&lt;br&gt;La mirada de la vida me da fuerzas, mi pasión,
&lt;br&gt;me motiva en mi camino, llena el vacio de mi corazón.&lt;/p&gt;
</description>
    </item>
    
    <item>
      <title> La Voz De España</title>
      <link>http://letraspedia.com/lyric/14-palabras-la-voz-de-espana/</link>
      <pubDate>Mon, 01 Sep 2008 00:00:00 UTC</pubDate>
      <author>Enthusiastic Hugo User</author>
      <guid>http://letraspedia.com/lyric/14-palabras-la-voz-de-espana/</guid>
      <description>&lt;p&gt;Andando por las calles mano a mano con el miedo
&lt;br&gt;sin saber lo que te espera, lo que te vas ha encontrar
&lt;br&gt;
&lt;br&gt;Queremos saber si tú sabes escoger
&lt;br&gt;a tu propia gente a la que has de defender
&lt;br&gt;
&lt;br&gt;Esta es la voz de España, confiar en ella
&lt;br&gt;La voz de España, nuestra bandera ondea
&lt;br&gt;
&lt;br&gt;A llegado el momento de darles una lección
&lt;br&gt;a su farsa prensa y a su televisión
&lt;br&gt;
&lt;br&gt;Con sus leyes y sus medios nos quieren hacer callar
&lt;br&gt;nuestro gran país lo quieren desangrar
&lt;br&gt;
&lt;br&gt;Esta es la voz de España, confiar en ella
&lt;br&gt;La voz de España, nuestra bandera ondea
&lt;br&gt;
&lt;br&gt;La gente mayor que luchó por esta patria
&lt;br&gt;no pueden ir por la calle por la inseguridad
&lt;br&gt;se han arrebatado su tierra y su tradición
&lt;br&gt;llega el momento de pasar a la acción
&lt;br&gt;
&lt;br&gt;Esta es la voz de España, confiar en ella
&lt;br&gt;La voz de España, nuestra bandera ondea
&lt;br&gt;España, ¡despierta!&lt;/p&gt;
</description>
    </item>
    
    <item>
      <title> Muerte Al Zog</title>
      <link>http://letraspedia.com/lyric/14-palabras-muerte-al-zog/</link>
      <pubDate>Mon, 01 Sep 2008 00:00:00 UTC</pubDate>
      <author>Enthusiastic Hugo User</author>
      <guid>http://letraspedia.com/lyric/14-palabras-muerte-al-zog/</guid>
      <description>&lt;p&gt;Queréis tener sometido a todo pueblo y nación
&lt;br&gt;destruir cualquier cultura pueblo o tradición
&lt;br&gt;utilizando cualquier
&lt;br&gt;
&lt;br&gt;medio pagaréis vuestra traición
&lt;br&gt;maldito gobierno sionista de ocupación
&lt;br&gt;
&lt;br&gt;El poder mundial vuestra única meta
&lt;br&gt;en el capitalismo radica vuestra fuerza
&lt;br&gt;nuestra cultura y nuestra raza queréis eliminar
&lt;br&gt;y que seamos siervos del nuevo orden mundial
&lt;br&gt;
&lt;br&gt;Destruir vuestro sistema es nuestra salvación
&lt;br&gt;revolución del Pueblo Ario
&lt;br&gt;
&lt;br&gt;nuestra única solución
&lt;br&gt;destruir el capitalismo
&lt;br&gt;
&lt;br&gt;que impera en toda nación
&lt;br&gt;revolución del Pueblo Ario
&lt;br&gt;
&lt;br&gt;nuestra única solución&lt;/p&gt;
</description>
    </item>
    
    <item>
      <title> Nuevo Amanecer</title>
      <link>http://letraspedia.com/lyric/14-palabras-nuevo-amanecer/</link>
      <pubDate>Mon, 01 Sep 2008 00:00:00 UTC</pubDate>
      <author>Enthusiastic Hugo User</author>
      <guid>http://letraspedia.com/lyric/14-palabras-nuevo-amanecer/</guid>
      <description>&lt;p&gt;Ya amanece el día del ataque final
&lt;br&gt;batallones que ya marchan
&lt;br&gt;
&lt;br&gt;ya no habrá ni un paso atrás
&lt;br&gt;bajo el cielo rojo, ensangrentado
&lt;br&gt;lucharemos pos Odín estamos, preparados
&lt;br&gt;
&lt;br&gt;Marcharemos hacia adelante
&lt;br&gt;nuestra lucha es constante
&lt;br&gt;se acercan tiempos de guerra
&lt;br&gt;Victoria o Valhalla nos esperan
&lt;br&gt;
&lt;br&gt;Tyr y Odín guian nuestras espadas
&lt;br&gt;la lealtad será recompensada
&lt;br&gt;en el horizonte vemos la salvación
&lt;br&gt;Sangre eterna si mi vida doy, por mi nación
&lt;br&gt;
&lt;br&gt;Está al llegar la eterna victoria
&lt;br&gt;nuestra Sangre alcanzará la gloria
&lt;br&gt;cerveza ya en cuernos
&lt;br&gt;
&lt;br&gt;victorias celebramos
&lt;br&gt;por el pueblo de midgard
&lt;br&gt;
&lt;br&gt;nosotros ya brindamos&lt;/p&gt;
</description>
    </item>
    
    <item>
      <title> Orgullo Nacional</title>
      <link>http://letraspedia.com/lyric/14-palabras-orgullo-nacional/</link>
      <pubDate>Mon, 01 Sep 2008 00:00:00 UTC</pubDate>
      <author>Enthusiastic Hugo User</author>
      <guid>http://letraspedia.com/lyric/14-palabras-orgullo-nacional/</guid>
      <description>&lt;p&gt;Podemos ver nuestra nación
&lt;br&gt;
&lt;br&gt;perdiéndose en la oscuridad
&lt;br&gt;nuestro pueblo engañado
&lt;br&gt;
&lt;br&gt;por esta falsa sociedad
&lt;br&gt;¿Donde está vuestro orgullo?
&lt;br&gt;
&lt;br&gt;¿Vuestro sentimiento nacional?
&lt;br&gt;¿Dónde está vuestra lucha
&lt;br&gt;
&lt;br&gt;contra esta sociedad?
&lt;br&gt;
&lt;br&gt;¡Orgullo Nacional! x 2
&lt;br&gt;
&lt;br&gt;Comenzemos a construir una
&lt;br&gt;
&lt;br&gt;grande y fuerte nación
&lt;br&gt;con una ética correcta con firmeza y convicción
&lt;br&gt;comenzemos a construir una
&lt;br&gt;
&lt;br&gt;grande y nueva nación
&lt;br&gt;y no estará sometida a los hijos de Sión
&lt;br&gt;
&lt;br&gt;
&lt;br&gt;¡Orgullo Nacional! x 2
&lt;br&gt;
&lt;br&gt;No más paro ni más drogas
&lt;br&gt;
&lt;br&gt;ni sociedad multiracial
&lt;br&gt;no más prensa terrorista
&lt;br&gt;
&lt;br&gt;manipulada por el capital
&lt;br&gt;
&lt;br&gt;¡Orgullo Nacional! x&lt;/p&gt;
</description>
    </item>
    
    <item>
      <title> Siglos De Historia</title>
      <link>http://letraspedia.com/lyric/14-palabras-siglos-de-historia/</link>
      <pubDate>Mon, 01 Sep 2008 00:00:00 UTC</pubDate>
      <author>Enthusiastic Hugo User</author>
      <guid>http://letraspedia.com/lyric/14-palabras-siglos-de-historia/</guid>
      <description>&lt;p&gt;En la cima de la montaña
&lt;br&gt;
&lt;br&gt;observando el horizonte
&lt;br&gt;bosques verdes grandes lagos
&lt;br&gt;bajo el cielo estrellado
&lt;br&gt;esta es mi madre tierra
&lt;br&gt;donde yo he nacido
&lt;br&gt;por amarte y defenderte
&lt;br&gt;muchos son los que han caído
&lt;br&gt;
&lt;br&gt;Mi querida Europa
&lt;br&gt;cuantos años de gloria
&lt;br&gt;no se pueden olvidar
&lt;br&gt;tantos siglos de historia
&lt;br&gt;
&lt;br&gt;El lamento de la madre tierra
&lt;br&gt;grita y grita sin parar
&lt;br&gt;y sus hijos orgullosos
&lt;br&gt;la vida por ella van a dar
&lt;br&gt;escuchando nuestros corazones
&lt;br&gt;y con la fuerza de los Dioses
&lt;br&gt;lucharemos por mantener
&lt;br&gt;tu cultura y tradiciones&lt;/p&gt;
</description>
    </item>
    
    <item>
      <title> Un Nacionalista Muerto</title>
      <link>http://letraspedia.com/lyric/14-palabras-un-nacionalista-muerto/</link>
      <pubDate>Mon, 01 Sep 2008 00:00:00 UTC</pubDate>
      <author>Enthusiastic Hugo User</author>
      <guid>http://letraspedia.com/lyric/14-palabras-un-nacionalista-muerto/</guid>
      <description>&lt;p&gt;Por ser una persona honesta
&lt;br&gt;y por defender su pueblo
&lt;br&gt;¡cosas de esta democracia!
&lt;br&gt;un nacionalista muerto
&lt;br&gt;con la cabeza bien alta
&lt;br&gt;y un gran amor a su pueblo
&lt;br&gt;pero era nacionalista
&lt;br&gt;y le mataron por eso
&lt;br&gt;
&lt;br&gt;Un nacionalista muerto
&lt;br&gt;pagaréis vuestro atrevimiento
&lt;br&gt;
&lt;br&gt;Por luchar contra la tiranía
&lt;br&gt;por ser bueno y honesto
&lt;br&gt;y habrá otra madre llorando
&lt;br&gt;y otra familia destrozada
&lt;br&gt;y habrá otra deuda en la cuenta
&lt;br&gt;que por ti nos cobraremos
&lt;br&gt;diste tu vida por tu tierra
&lt;br&gt;y nosotros te vengaremos
&lt;br&gt;
&lt;br&gt;En una ciudad cualquiera
&lt;br&gt;de nuestro sagrado suelo
&lt;br&gt;¡cosas de esta democracia!
&lt;br&gt;España se está muriendo&lt;/p&gt;
</description>
    </item>
    
    <item>
      <title> Vieja Europa</title>
      <link>http://letraspedia.com/lyric/14-palabras-vieja-europa/</link>
      <pubDate>Mon, 01 Sep 2008 00:00:00 UTC</pubDate>
      <author>Enthusiastic Hugo User</author>
      <guid>http://letraspedia.com/lyric/14-palabras-vieja-europa/</guid>
      <description>&lt;p&gt;Nuestra Europa sufre una gran represión
&lt;br&gt;paro delincuencia miseria y corrupción
&lt;br&gt;joven nacionalista esta es la rebelión
&lt;br&gt;no te rindas jamas lucha por tu nación
&lt;br&gt;
&lt;br&gt;¡No te dejes humillar!
&lt;br&gt;¡Vieja Europa despierta ya!
&lt;br&gt;
&lt;br&gt;Nuestros antepasados trabajaron estas tierras
&lt;br&gt;su herencia nos dejaron
&lt;br&gt;
&lt;br&gt;Trabajo, Sangre y Tierra
&lt;br&gt;orgullosos de nuestra historia
&lt;br&gt;
&lt;br&gt;tenemos que luchar
&lt;br&gt;nuestra arma es la verdad,
&lt;br&gt;
&lt;br&gt;nuestro lema la lealtad
&lt;br&gt;
&lt;br&gt;Unamos nuestras brazos hermanos Europeos
&lt;br&gt;Con sudor y sacrificio
&lt;br&gt;
&lt;br&gt;todos juntos venceremos&lt;/p&gt;
</description>
    </item>
    
  </channel>
</rss>