<?xml version="1.0" encoding="utf-8" standalone="yes" ?>
<rss version="2.0" xmlns:atom="http://www.w3.org/2005/Atom">
  <channel>
      <title>3 Feet Smaller on Letraspedia.com thes best lyrics page </title>
    <link>http://letraspedia.com/artist/3-feet-smaller/</link>
    <language>en-US</language>
    <author>Enthusiastic Hugo User</author>
    <rights>Copyright (c) 2014, Enthusiastic Hugo User; all rights reserved.</rights>
    <updated>Mon, 01 Sep 2008 00:00:00 UTC</updated>
    
    <item>
      <title> 3rd Strike</title>
      <link>http://letraspedia.com/lyric/3-feet-smaller-3rd-strike/</link>
      <pubDate>Mon, 01 Sep 2008 00:00:00 UTC</pubDate>
      <author>Enthusiastic Hugo User</author>
      <guid>http://letraspedia.com/lyric/3-feet-smaller-3rd-strike/</guid>
      <description>&lt;p&gt;As long as a band plays in front of 10 people
&lt;br&gt;They&amp;rsquo;re cool and you&amp;rsquo;re their biggest fan
&lt;br&gt;But if this scene is all about being underground
&lt;br&gt;Leave us out or we&amp;rsquo;ll voluntarily back out
&lt;br&gt;
&lt;br&gt;This is my life, This is my way
&lt;br&gt;Everyday&amp;rsquo;s my day, the allmighty
&lt;br&gt;
&lt;br&gt;We have no credibility, that&amp;rsquo;s what you say
&lt;br&gt;But what&amp;rsquo;s more credible than doing what we want?
&lt;br&gt;Pain / Fame / Punk / No / Musician / Yo
&lt;br&gt;You can&amp;rsquo;t stop my potty mouth
&lt;br&gt;
&lt;br&gt;This is my life, This is my way
&lt;br&gt;Everyday&amp;rsquo;s my day, I&amp;rsquo;m the allmighty
&lt;br&gt;
&lt;br&gt;Tell me what i should do and be sure i do the opposite
&lt;br&gt;A reorganisation&amp;rsquo;s what we need, shut up go suck a dick
&lt;br&gt;I don&amp;rsquo;t need political messages to play a damn good show
&lt;br&gt;The way I feel, think, love and hate is something you&amp;rsquo;ll never know
&lt;br&gt;
&lt;br&gt;This is my life, This is my way
&lt;br&gt;Everyday&amp;rsquo;s my day, I&amp;rsquo;m the allmighty&lt;/p&gt;
</description>
    </item>
    
    <item>
      <title> All The Time</title>
      <link>http://letraspedia.com/lyric/3-feet-smaller-all-the-time/</link>
      <pubDate>Mon, 01 Sep 2008 00:00:00 UTC</pubDate>
      <author>Enthusiastic Hugo User</author>
      <guid>http://letraspedia.com/lyric/3-feet-smaller-all-the-time/</guid>
      <description>&lt;p&gt;When everything was sad and done
&lt;br&gt;when you hear songs
&lt;br&gt;they reminde you of a time to shant with them
&lt;br&gt;and then think you losen eyeryone
&lt;br&gt;then Ill be there for you
&lt;br&gt;
&lt;br&gt;Chours:
&lt;br&gt;Everyting when all so wrong
&lt;br&gt;in all the time
&lt;br&gt;I dont think that you carry on
&lt;br&gt;what he just say
&lt;br&gt;for another day
&lt;br&gt;
&lt;br&gt;You think your love was no sence anymore
&lt;br&gt;cause she is far
&lt;br&gt;gone and I dont think youll come back
&lt;br&gt;and I will always be there to up you
&lt;br&gt;cause thats were friends are for
&lt;br&gt;
&lt;br&gt;Chours 2x&lt;/p&gt;
</description>
    </item>
    
    <item>
      <title> Let It Out</title>
      <link>http://letraspedia.com/lyric/3-feet-smaller-let-it-out/</link>
      <pubDate>Mon, 01 Sep 2008 00:00:00 UTC</pubDate>
      <author>Enthusiastic Hugo User</author>
      <guid>http://letraspedia.com/lyric/3-feet-smaller-let-it-out/</guid>
      <description>&lt;p&gt;This is my third breakdown this week
&lt;br&gt;Want to tell you why, but I can&amp;rsquo;t speak
&lt;br&gt;Wanna stand up, but I&amp;rsquo;m too weak
&lt;br&gt;Wanna run, can&amp;rsquo;t move my feet
&lt;br&gt;Not able to say what I please
&lt;br&gt;Stopped my emotional release
&lt;br&gt;Locked everything inside myself
&lt;br&gt;But not saying a word won&amp;rsquo;t solve my case
&lt;br&gt;Don&amp;rsquo;t act just like me
&lt;br&gt;
&lt;br&gt;Sing, if you feel like singing
&lt;br&gt;Scream, if you feel like screaming
&lt;br&gt;Wail, if you feel like wailing
&lt;br&gt;Just let it all out
&lt;br&gt;Laugh, if you feel like laughing
&lt;br&gt;Cry, if you feel like crying
&lt;br&gt;Yell, if you feel like yelling
&lt;br&gt;Just let it all out
&lt;br&gt;
&lt;br&gt;I swallow all my problems now
&lt;br&gt;Keep em inside, won&amp;rsquo;t let em out
&lt;br&gt;I know I will explode one day
&lt;br&gt;You better not stand in my way (when this happens)
&lt;br&gt;Not able to do what I please
&lt;br&gt;Stopped my emotional release
&lt;br&gt;Locked everything inside myself
&lt;br&gt;But not doing anything won&amp;rsquo;t solve my case
&lt;br&gt;Don\&amp;rsquo;t act just like me
&lt;br&gt;
&lt;br&gt;Sing, if you feel like singing
&lt;br&gt;Scream, if you feel like screaming
&lt;br&gt;Wail, if you feel like wailing
&lt;br&gt;Just let it all out
&lt;br&gt;Laugh, if you feel like laughing
&lt;br&gt;Cry, if you feel like crying
&lt;br&gt;Yell, if you feel like yelling
&lt;br&gt;Just let it all out
&lt;br&gt;
&lt;br&gt;Whatever&amp;rsquo;s on your chest, shout it out
&lt;br&gt;Be loud, so that everybody hears you when you speak, it all-out
&lt;br&gt;The biggest mistake that you can make is not to say what&amp;rsquo;s on your mind
&lt;br&gt;Just shout it out and everything&amp;rsquo;s fine
&lt;br&gt;But some people won&amp;rsquo;t always share your opinion
&lt;br&gt;So if someone says the opposite of what you think, ignore him
&lt;br&gt;Life is just about solving problems
&lt;br&gt;To be at sixes and sevens with your friends
&lt;br&gt;But who cares, shit happens
&lt;br&gt;
&lt;br&gt;Sing, if you feel like singing
&lt;br&gt;Scream, if you feel like screaming
&lt;br&gt;Wail, if you feel like wailing
&lt;br&gt;Just let it all out
&lt;br&gt;Laugh, if you feel like laughing
&lt;br&gt;Cry, if you feel like crying
&lt;br&gt;Yell, if you feel like yelling
&lt;br&gt;Just let it all out&lt;/p&gt;
</description>
    </item>
    
    <item>
      <title> Lie Baby Lie!</title>
      <link>http://letraspedia.com/lyric/3-feet-smaller-lie-baby-lie/</link>
      <pubDate>Mon, 01 Sep 2008 00:00:00 UTC</pubDate>
      <author>Enthusiastic Hugo User</author>
      <guid>http://letraspedia.com/lyric/3-feet-smaller-lie-baby-lie/</guid>
      <description>&lt;p&gt;The Truth hurts more than a lie
&lt;br&gt;Here is my alibi
&lt;br&gt;I&amp;rsquo;m an honest guy
&lt;br&gt;And that was another lie
&lt;br&gt;I&amp;rsquo;m trying not to laugh
&lt;br&gt;When I beautify my past
&lt;br&gt;This might cost me reliance
&lt;br&gt;But I&amp;rsquo;m alright
&lt;br&gt;
&lt;br&gt;Everthing that comes out
&lt;br&gt;Out of my mouth is shit
&lt;br&gt;I&amp;rsquo;m a trustable man
&lt;br&gt;You need to get along with it
&lt;br&gt;I&amp;rsquo;m trying not to laugh
&lt;br&gt;When I beautify my past
&lt;br&gt;This might cost me reliance
&lt;br&gt;But I&amp;rsquo;m alright
&lt;br&gt;
&lt;br&gt;I&amp;rsquo;m sorry baby
&lt;br&gt;You believed in everything I say&amp;rsquo;d
&lt;br&gt;Just come up with a lie
&lt;br&gt;And you&amp;rsquo;ll see that it&amp;rsquo;s alright
&lt;br&gt;
&lt;br&gt;I&amp;rsquo;m sorry baby
&lt;br&gt;You believed in everything I say&amp;rsquo;d
&lt;br&gt;Just come up with a lie
&lt;br&gt;And you&amp;rsquo;ll see that it&amp;rsquo;s alright
&lt;br&gt;
&lt;br&gt;Sometimes it&amp;rsquo;s better to shut
&lt;br&gt;Your mouth and listen up
&lt;br&gt;Your life is boring
&lt;br&gt;So think of something
&lt;br&gt;When just try not to laugh
&lt;br&gt;When you beautify your past
&lt;br&gt;This might cost you reliance
&lt;br&gt;But you&amp;rsquo;re alright
&lt;br&gt;
&lt;br&gt;I&amp;rsquo;m sorry baby
&lt;br&gt;You believed in everything I say&amp;rsquo;d
&lt;br&gt;Just come up with a lie
&lt;br&gt;And you&amp;rsquo;ll see that it&amp;rsquo;s alright
&lt;br&gt;
&lt;br&gt;I&amp;rsquo;m sorry baby
&lt;br&gt;You believed in everything I say&amp;rsquo;d
&lt;br&gt;Just come up with a lie
&lt;br&gt;And you&amp;rsquo;ll see that it&amp;rsquo;s alright
&lt;br&gt;
&lt;br&gt;The Truth hurts more than a lie
&lt;br&gt;The Truth hurts more than a lie&lt;/p&gt;
</description>
    </item>
    
    <item>
      <title> Punk?</title>
      <link>http://letraspedia.com/lyric/3-feet-smaller-punk/</link>
      <pubDate>Mon, 01 Sep 2008 00:00:00 UTC</pubDate>
      <author>Enthusiastic Hugo User</author>
      <guid>http://letraspedia.com/lyric/3-feet-smaller-punk/</guid>
      <description>&lt;p&gt;The Assholes are back
&lt;br&gt;with 15 new tracks
&lt;br&gt;We are still arrogant and drunk
&lt;br&gt;You like to tell us
&lt;br&gt;That we&amp;rsquo;re no punkfellas
&lt;br&gt;Did we ever say we were?
&lt;br&gt;
&lt;br&gt;ahm yeah
&lt;br&gt;ok our fault
&lt;br&gt;
&lt;br&gt;Here we go
&lt;br&gt;we&amp;rsquo;re just playing shows for the dough
&lt;br&gt;We&amp;rsquo;re drug addicted but not addictive
&lt;br&gt;Here we go
&lt;br&gt;we&amp;rsquo;re just playing shows for the dough
&lt;br&gt;Cocky by nature we&amp;rsquo;re haere to capture
&lt;br&gt;
&lt;br&gt;We&amp;rsquo;re not sexist
&lt;br&gt;Hey bitch, back to kitchen
&lt;br&gt;Oh, what a subtle irony
&lt;br&gt;But some of you don&amp;rsquo;t get it
&lt;br&gt;You are pathetic
&lt;br&gt;We say and do whatever we want
&lt;br&gt;So, fuck you
&lt;br&gt;
&lt;br&gt;Here we go
&lt;br&gt;we&amp;rsquo;re just playing shows for the dough
&lt;br&gt;We&amp;rsquo;re drug addicted but not addictive
&lt;br&gt;Here we go
&lt;br&gt;we&amp;rsquo;re just playing shows for the dough
&lt;br&gt;We got no mohawk, we&amp;rsquo;re nt punkrock
&lt;br&gt;We just suck, so what
&lt;br&gt;
&lt;br&gt;My english&amp;rsquo;s not bad, mine are perfect (;-))
&lt;br&gt;All of my lines rhyme
&lt;br&gt;Wanna get a date with fran fine
&lt;br&gt;We&amp;rsquo;re only here to entertain
&lt;br&gt;You think &amp;ldquo;not these bitches again&amp;rdquo;
&lt;br&gt;Keep saying that you really hate us
&lt;br&gt;That just promotes us more and more
&lt;br&gt;
&lt;br&gt;Here we go
&lt;br&gt;we&amp;rsquo;re just playing shows for the dough
&lt;br&gt;We&amp;rsquo;re drug addicted but not addictive
&lt;br&gt;Here we go
&lt;br&gt;we&amp;rsquo;re just playing shows for the dough
&lt;br&gt;Cocky by nature we&amp;rsquo;re haere to capture
&lt;br&gt;Here we go
&lt;br&gt;Not doing this shit for you
&lt;br&gt;We just play music cause we love it
&lt;br&gt;Here we go
&lt;br&gt;An autography costs 10
&lt;br&gt;Assholes by nature, so what&lt;/p&gt;
</description>
    </item>
    
    <item>
      <title> Romeo And Julieta</title>
      <link>http://letraspedia.com/lyric/3-feet-smaller-romeo-and-julieta/</link>
      <pubDate>Mon, 01 Sep 2008 00:00:00 UTC</pubDate>
      <author>Enthusiastic Hugo User</author>
      <guid>http://letraspedia.com/lyric/3-feet-smaller-romeo-and-julieta/</guid>
      <description>&lt;p&gt;Te conocí
&lt;br&gt;Te comencé a querer
&lt;br&gt;Te enamore
&lt;br&gt;Y después de un tiempo
&lt;br&gt;Si
&lt;br&gt;Yo fui dueño de tu piel
&lt;br&gt;Tú eres mi Julieta
&lt;br&gt;y yo soy tu romeo
&lt;br&gt;Romeo y Julieta
&lt;br&gt;
&lt;br&gt;Te conocí, te comencé a querer, te enamore
&lt;br&gt;Y con el pasar del tiempo yo fui el dueño de tu piel
&lt;br&gt;Me quede hipnotizado con tu aroma y tu sabor labial de fresa con brillo
&lt;br&gt;Eso lo recuerdo bien beba
&lt;br&gt;
&lt;br&gt;En el momento adecuado y intercambio de palabras
&lt;br&gt;Tu decías muchas cosas y entre ellas que tú me amabas,
&lt;br&gt;Yo te susurraba y al oído yo te hablaba
&lt;br&gt;Que siempre a mi lado estarías tú mi  dama
&lt;br&gt;
&lt;br&gt;Te amo, te quiero y  quiero que sepas que esto es enserio
&lt;br&gt;Un amor como el que te doy no es pasajero
&lt;br&gt;No es un juego este tipo no juega con fuego
&lt;br&gt;Te quiero y si es posible yo te lo demuestro
&lt;br&gt;
&lt;br&gt;Amor duradero no te prometo el cielo
&lt;br&gt;te prometo algo más sencillo y duradero
&lt;br&gt;Ósea te entrego mi corazón entero
&lt;br&gt;Cuídalo consérvalo y grítalo al mundo entero
&lt;br&gt;
&lt;br&gt;Que este tipo está contigo claro y no lo niego
&lt;br&gt;Un amor como el de los 2 es hermoso y bello
&lt;br&gt;My love girl yo quiero hacerte mi mujer
&lt;br&gt;Llevarte a un lugar especial donde estemos bien
&lt;br&gt;
&lt;br&gt;Yo por usted juntaría el agua con el aceite
&lt;br&gt;Aunque sea imposible lo trataría mi Baby
&lt;br&gt;Si es necesario me vestiría de payazo
&lt;br&gt;Para hacerla reír cuando usted este llorando
&lt;br&gt;[[coro]]
&lt;br&gt;Recuerdo esa noche cuando hice sonar tu cell
&lt;br&gt;Te llego un mensaje diciendo k yo iba ser aquel
&lt;br&gt;Que iba a estar con tigo En las buenas y en las malas
&lt;br&gt;Y eso oí en día lo estoy cumpliendo mi dama
&lt;br&gt;Mi esposita como tú no abra igual
&lt;br&gt;Que compare tu carisma y tu manera de hablar
&lt;br&gt;Como lo dice Mozart nuestro amor se compara como el mar
&lt;br&gt;Por q se ve el principio pero nunca el  final
&lt;br&gt;Yo siempre voy hacer su romeo usted mi Julieta
&lt;br&gt;Las puertas de mi Cora para usted  están abiertas
&lt;br&gt;Mi dama mi doncella mi bebe mi esposa bella
&lt;br&gt;Te quiero te adoro y para ti es todo este tema
&lt;br&gt;C al cuadrado ese va ser solo el lema
&lt;br&gt;Usted es la rosa perfecta para este poeta
&lt;br&gt;Y sabe cuando yo la voy a olvidar
&lt;br&gt;Cuando un muerto mate a un vivo y eso nunca va a pasar
&lt;br&gt;Usted es mi na-ti-es-pal guerrera y de nadie mas
&lt;br&gt;Mi terroncito de azúcar mi pareja ideal
&lt;br&gt;Este corazón x usted no deja de palpitar
&lt;br&gt;Te quiero mi esposita y no lo valla a olvidar
&lt;br&gt;Amor como el de nosotros no se encuentra x ahí
&lt;br&gt;Como romeo amo a Julieta así yo la voy amar
&lt;br&gt;Entienda Baby yo no le voy a fallar
&lt;br&gt;Y cada día que pase voy a tratarla de enamorarla mas
&lt;br&gt;
&lt;br&gt;Un poeta enamorado
&lt;br&gt;
&lt;br&gt;Alcaeda all star
&lt;br&gt;Baby small
&lt;br&gt;Si
&lt;br&gt;Tú eres mi pareja ideal
&lt;br&gt;Desde la 593
&lt;br&gt;Produciendo lo que es
&lt;br&gt;Eiiiii
&lt;br&gt;Romeo and Julieta así que es.&lt;/p&gt;
</description>
    </item>
    
    <item>
      <title> Strike Back</title>
      <link>http://letraspedia.com/lyric/3-feet-smaller-strike-back/</link>
      <pubDate>Mon, 01 Sep 2008 00:00:00 UTC</pubDate>
      <author>Enthusiastic Hugo User</author>
      <guid>http://letraspedia.com/lyric/3-feet-smaller-strike-back/</guid>
      <description>&lt;p&gt;On a Day like today I just don&amp;rsquo;t wanna get up
&lt;br&gt;The Sky is grey, it rains, and being a Frontman just
&lt;br&gt;sucks
&lt;br&gt;What a perfetct day to commit suicide
&lt;br&gt;What a perfect day to write the story of my life
&lt;br&gt;Good bye Mom, Bye bye Dad, I&amp;rsquo;m glad
&lt;br&gt;That i had parents like you, but now it&amp;rsquo;s too late
&lt;br&gt;No
&lt;br&gt;That&amp;rsquo;s not a good start for the last letter I&amp;rsquo;ll write
&lt;br&gt;Maybe &amp;ldquo;Life wasn&amp;rsquo;t good to me, I never got what I liked&amp;rdquo;
&lt;br&gt;
&lt;br&gt;Is it worth that, is that what I deserve
&lt;br&gt;Feeling lost and rejected
&lt;br&gt;Unnoticed and thrown back (2x)
&lt;br&gt;
&lt;br&gt;I won&amp;rsquo;t stand that, I will strike back
&lt;br&gt;
&lt;br&gt;What&amp;rsquo;s the meaning of life
&lt;br&gt;I don&amp;rsquo;t want another strife
&lt;br&gt;Sometimes I could take a knife
&lt;br&gt;And slit your head off, Good Night
&lt;br&gt;I hate to say, I hate the way
&lt;br&gt;How this Band work&amp;rsquo;s, it&amp;rsquo;s not my fault
&lt;br&gt;OK
&lt;br&gt;I&amp;rsquo;ve made a few mistakes, liked to say what I think
&lt;br&gt;But at least I started to think
&lt;br&gt;You just wanna do, what is good for you
&lt;br&gt;Fuck everyone else, and again
&lt;br&gt;I end up talking to myself
&lt;br&gt;
&lt;br&gt;Is it worth that, is that what I deserve
&lt;br&gt;Feeling lost and rejected
&lt;br&gt;Unnoticed and thrown back (2x)
&lt;br&gt;
&lt;br&gt;I won&amp;rsquo;t stand that, I will strike back
&lt;br&gt;
&lt;br&gt;Let&amp;rsquo;s be honest, it&amp;rsquo;s true
&lt;br&gt;I wanted to quit this shit
&lt;br&gt;Cuz I don&amp;rsquo;t wanna end up like you, ignorant
&lt;br&gt;Fucked up shit like this brought me to this point
&lt;br&gt;Isn&amp;rsquo;t it possible to do something conjoint
&lt;br&gt;If three are for it, and one is against
&lt;br&gt;Than that one gets fucked right up the ass
&lt;br&gt;I don&amp;rsquo;t get your point
&lt;br&gt;As a matter of fact I&amp;rsquo;m always the only one
&lt;br&gt;who&amp;rsquo;s against something and that&amp;rsquo;s why
&lt;br&gt;I get fucked on and on
&lt;br&gt;
&lt;br&gt;Is it worth that, is that what I deserve
&lt;br&gt;Feeling lost and rejected
&lt;br&gt;Unnoticed and thrown back (2x)
&lt;br&gt;
&lt;br&gt;I won&amp;rsquo;t stand that, I will strike back&lt;/p&gt;
</description>
    </item>
    
    <item>
      <title> Suffocate Me</title>
      <link>http://letraspedia.com/lyric/3-feet-smaller-suffocate-me/</link>
      <pubDate>Mon, 01 Sep 2008 00:00:00 UTC</pubDate>
      <author>Enthusiastic Hugo User</author>
      <guid>http://letraspedia.com/lyric/3-feet-smaller-suffocate-me/</guid>
      <description>&lt;p&gt;I will not forget the way you ask me if i will stay
&lt;br&gt;if i will spend the night with you
&lt;br&gt;we were together two years long
&lt;br&gt;but now its over now you&amp;rsquo;re gone
&lt;br&gt;why did you leave me here allone?
&lt;br&gt;I never thought that i will spend a night allone aigan
&lt;br&gt;but i can&amp;rsquo;t take it anymore that i am just you&amp;rsquo;re friend
&lt;br&gt;i know that i was mean to you and i am so sorry for, for all the things i said when
&lt;br&gt;i was drunken again
&lt;br&gt;
&lt;br&gt;my life is now like it was before
&lt;br&gt;
&lt;br&gt;second stanza coming soon&amp;hellip; sorry&lt;/p&gt;
</description>
    </item>
    
    <item>
      <title> Viena Chainsaw Massacre</title>
      <link>http://letraspedia.com/lyric/3-feet-smaller-viena-chainsaw-massacre/</link>
      <pubDate>Mon, 01 Sep 2008 00:00:00 UTC</pubDate>
      <author>Enthusiastic Hugo User</author>
      <guid>http://letraspedia.com/lyric/3-feet-smaller-viena-chainsaw-massacre/</guid>
      <description>&lt;p&gt;Viena Chainsaw Massacre
&lt;br&gt;
&lt;br&gt;As long as a band plays in front of 10 people
&lt;br&gt;They&amp;rsquo;re cool and you&amp;rsquo;re their biggest fan
&lt;br&gt;But if this scene is all about being underground
&lt;br&gt;Leave us out or we&amp;rsquo;ll voluntarily back out
&lt;br&gt;
&lt;br&gt;This is my life, This is my way
&lt;br&gt;Everyday&amp;rsquo;s my day, the allmighty
&lt;br&gt;
&lt;br&gt;We have no credibility, that&amp;rsquo;s what you say
&lt;br&gt;But what&amp;rsquo;s more credible than doing what we want?
&lt;br&gt;Pain
&lt;br&gt;Fame
&lt;br&gt;Punk
&lt;br&gt;No
&lt;br&gt;Musician
&lt;br&gt;Yo
&lt;br&gt;You can&amp;rsquo;t stop my potty mouth
&lt;br&gt;
&lt;br&gt;This is my life, This is my way
&lt;br&gt;Everyday&amp;rsquo;s my day, I&amp;rsquo;m the allmighty
&lt;br&gt;
&lt;br&gt;Tell me what i should do and be sure i do the opposite
&lt;br&gt;A reorganisation&amp;rsquo;s what we need, shut up go suck a dick
&lt;br&gt;I don&amp;rsquo;t need political messages to play a damn good show
&lt;br&gt;The way I feel, think, love and hate is something you&amp;rsquo;ll never know
&lt;br&gt;
&lt;br&gt;This is my life, This is my way
&lt;br&gt;Everyday&amp;rsquo;s my day, I&amp;rsquo;m the allmighty&lt;/p&gt;
</description>
    </item>
    
    <item>
      <title>Clared Void</title>
      <link>http://letraspedia.com/lyric/3-feet-smaller-declared-void/</link>
      <pubDate>Mon, 01 Sep 2008 00:00:00 UTC</pubDate>
      <author>Enthusiastic Hugo User</author>
      <guid>http://letraspedia.com/lyric/3-feet-smaller-declared-void/</guid>
      <description>&lt;p&gt;Declared Void
&lt;br&gt;
&lt;br&gt;Frustration became my life theme
&lt;br&gt;Everyone is trying to opress me again
&lt;br&gt;One more word against my will
&lt;br&gt;And i swear this ends up in a kill
&lt;br&gt;You&amp;rsquo;re around and throwing me down
&lt;br&gt;but i&amp;rsquo;ll rise again
&lt;br&gt;
&lt;br&gt;Here i don&amp;rsquo;t belong
&lt;br&gt;but i&amp;rsquo;m still strong
&lt;br&gt;I&amp;rsquo;ve been through too much to give up now
&lt;br&gt;Here i don&amp;rsquo;t belong
&lt;br&gt;but i&amp;rsquo;m still strong
&lt;br&gt;Nothing can kill me, except myself
&lt;br&gt;
&lt;br&gt;Nothing i can turn to or hold on
&lt;br&gt;Need to rewind to find out what went wrong
&lt;br&gt;Everything i say get declared void
&lt;br&gt;i&amp;rsquo;m not your fucking toy
&lt;br&gt;i know i&amp;rsquo;m right
&lt;br&gt;i&amp;rsquo;m gonna fight
&lt;br&gt;Until you break down&lt;/p&gt;
</description>
    </item>
    
  </channel>
</rss>