<?xml version="1.0" encoding="utf-8" standalone="yes" ?>
<rss version="2.0" xmlns:atom="http://www.w3.org/2005/Atom">
  <channel>
      <title>2pac Ft. Stretch on Letraspedia.com thes best lyrics page </title>
    <link>http://letraspedia.com/artist/2pac-ft/index.-stretch/</link>
    <language>en-US</language>
    <author>Enthusiastic Hugo User</author>
    <rights>Copyright (c) 2014, Enthusiastic Hugo User; all rights reserved.</rights>
    <updated>Mon, 01 Sep 2008 00:00:00 UTC</updated>
    
    <item>
      <title> Hellrazor</title>
      <link>http://letraspedia.com/lyric/2pac-ft-stretch-hellrazor/</link>
      <pubDate>Mon, 01 Sep 2008 00:00:00 UTC</pubDate>
      <author>Enthusiastic Hugo User</author>
      <guid>http://letraspedia.com/lyric/2pac-ft-stretch-hellrazor/</guid>
      <description>&lt;p&gt;Major! hell motherfuckin yeah&lt;br /&gt;This one goes out to my nigga mike coolin, hell yeah&lt;br /&gt;Mama raised a hellrazor&amp;hellip; born thuggin&lt;br /&gt;Heartless and mean, muggin at sixteen&lt;br /&gt;On the scene watchin fiends buggin&lt;br /&gt;Kickin up dust with the older g&amp;rsquo;s&lt;br /&gt;Soakin up the game that was told to me&lt;br /&gt;I ain&amp;rsquo;t never touched a gat that i couldn&amp;rsquo;t shoot, i learned&lt;br /&gt;Not to trust the bitch from the prostitutes, was taught lessons&lt;br /&gt;A young nigga askin questions while other suckers was guessin&lt;br /&gt;I was ganked for sexin&lt;br /&gt;Elementary wasn&amp;rsquo;t meant for me, can&amp;rsquo;t regret it&lt;br /&gt;I&amp;rsquo;m headed for the penitentiary, i&amp;rsquo;m cuttin class&lt;br /&gt;And i&amp;rsquo;m buckin blastin, straight mashin&lt;br /&gt;Mobbin through the overpass laughin&lt;br /&gt;While these other motherfuckers try to figure out, no doubt&lt;br /&gt;They jealous of a nigga&amp;rsquo;s clout, tell me lord&lt;br /&gt;Can ya feel me?  i keep my finger in the trigger&lt;br /&gt;Cause some nigga tried to kill me&lt;br /&gt;And mama raised a hellraizor, everyday gettin paid&lt;br /&gt;Police on my pager, straight stressin&lt;br /&gt;A fugitive my occupation is under question&lt;br /&gt;Wanted for investigation, and even though&lt;br /&gt;I&amp;rsquo;m marked for death, i&amp;rsquo;ma spark til i lose my breath&lt;br /&gt;Motherfuckers, every time i see the paper&lt;br /&gt;I see my picture, when a nigga&amp;rsquo;s gettin richer&lt;br /&gt;They come to get ya, it&amp;rsquo;s like a motherfuckin trap&lt;br /&gt;And they wonder why it&amp;rsquo;s hard bein black&lt;br /&gt;Dear lord can ya feel me, gettin major, unhh&lt;br /&gt;&lt;br /&gt;Chorus: stretch&lt;br /&gt;&lt;br /&gt;Mama raised a hellrazor, stress gettin major&lt;br /&gt;Lord be my savior, unnh&lt;br /&gt;(repeat 4x)&lt;br /&gt;Mama raised a hellrazor&lt;br /&gt;[2pac] dear lord can ya feel me&lt;br /&gt;Stress gettin major, unnh&lt;br /&gt;Mama raised a hellrazor, stress gettin major&lt;br /&gt;&lt;br /&gt;Tell me lord can ya feel me, show a sign&lt;br /&gt;Damn near running outta time, everybody&amp;rsquo;s dyin&lt;br /&gt;Mama raised a hellrazor, can&amp;rsquo;t figure&lt;br /&gt;Why you let the police beat down niggaz&lt;br /&gt;I&amp;rsquo;m startin to think all the rich in the world is safe&lt;br /&gt;While the po&amp;rsquo; babies restin in the early graves&lt;br /&gt;God come save the youth&lt;br /&gt;Ain&amp;rsquo;t nothin else to do but have faith in you&lt;br /&gt;Dear lord i live the life of a thug, hope you understand&lt;br /&gt;Forgive me for my mistakes, i gotta play my hand&lt;br /&gt;And my hand&amp;rsquo;s on the sixteen-shot, semi-automatic&lt;br /&gt;Crooked cop killin glock, tell me lord&lt;br /&gt;Can ya feel me? show a way&lt;br /&gt;I&amp;rsquo;m prayin but my enemies won&amp;rsquo;t go away&lt;br /&gt;And everywhere i turn i see niggaz burn&lt;br /&gt;Every nigga that i know&amp;rsquo;s on death row&lt;br /&gt;My younger homie&amp;rsquo;s seventeen and he paid a price&lt;br /&gt;Little young motherfucker doin triple life&lt;br /&gt;Though i tell him in his letters, it&amp;rsquo;s gettin better&lt;br /&gt;If my nigga knew the truth he&amp;rsquo;d hit the roof&lt;br /&gt;Just heard ya baby&amp;rsquo;s mama was smoked out, fuck the drama&lt;br /&gt;Wanna break my loc out, smokin blunts&lt;br /&gt;Gettin drunk off that tanqueray gin&lt;br /&gt;Bout to break my nigga out the fuckin pen&lt;br /&gt;Mama raised a hellrazor, uhh, yeah&lt;br /&gt;C&amp;rsquo;mon, uhh, mama raised a hellrazor&lt;br /&gt;Uhh, dear lord can ya feel me, stress gettin major&lt;br /&gt;(lord be my savior, unnh)&lt;br /&gt;&lt;br /&gt;Chorus: stretch&lt;br /&gt;&lt;br /&gt;Mama raised a hellrazor, stress gettin major&lt;br /&gt;&lt;br&gt;Lord be my savior, unhh&lt;br /&gt;(repeat 2x)&lt;br /&gt;Mama raised a hellrazor, stress gettin major&lt;br /&gt;&lt;br /&gt;Dear lord can ya hear me, it&amp;rsquo;s just me&lt;br /&gt;A young nigga tryin to make it on these rough streets&lt;br /&gt;I&amp;rsquo;m on my knees beggin please come and save me&lt;br /&gt;The whole world done made a nigga crazy!&lt;br /&gt;I got my three-five-seven can&amp;rsquo;t control it&lt;br /&gt;Screamin die motherfucker and he&amp;rsquo;s loaded&lt;br /&gt;Everybody run for cover, i cause shit&lt;br /&gt;Thug life motherfucker, duck quick&lt;br /&gt;Now am i wrong if i am don&amp;rsquo;t worry me&lt;br /&gt;Cause do or die gettin high til the bury me&lt;br /&gt;Dear lord if ya hear me, tell me why&lt;br /&gt;Little girl like latasha, had to die&lt;br /&gt;She never got to see the bullet, just heard the shot&lt;br /&gt;Her little body couldn&amp;rsquo;t take it, it shook and dropped&lt;br /&gt;And when i saw it on the news i see busta girl killin &amp;lsquo;tasha&lt;br /&gt;Now i&amp;rsquo;m screamin fuck the world, in the end&lt;br /&gt;It&amp;rsquo;s my friends, that flip-flop&lt;br /&gt;Lip-locked on my dick when my sh&lt;br /&gt;&lt;br&gt;&lt;/p&gt;
</description>
    </item>
    
  </channel>
</rss>