<?xml version="1.0" encoding="utf-8" standalone="yes" ?>
<rss version="2.0" xmlns:atom="http://www.w3.org/2005/Atom">
  <channel>
      <title>18 La Serie on Letraspedia.com thes best lyrics page </title>
    <link>http://letraspedia.com/artist/18-la-serie/</link>
    <language>en-US</language>
    <author>Enthusiastic Hugo User</author>
    <rights>Copyright (c) 2014, Enthusiastic Hugo User; all rights reserved.</rights>
    <updated>Mon, 01 Sep 2008 00:00:00 UTC</updated>
    
    <item>
      <title> 17 Veces</title>
      <link>http://letraspedia.com/lyric/18-la-serie-17-veces/</link>
      <pubDate>Mon, 01 Sep 2008 00:00:00 UTC</pubDate>
      <author>Enthusiastic Hugo User</author>
      <guid>http://letraspedia.com/lyric/18-la-serie-17-veces/</guid>
      <description>&lt;p&gt;17 acabas de cumplir
&lt;br&gt;mientras otra vida se apaga&amp;hellip;
&lt;br&gt;
&lt;br&gt;con 17 aprendes a vivir
&lt;br&gt;sin que nadie te diga nada
&lt;br&gt;tu solo soñabas con cantar
&lt;br&gt;mientras los muchachos bailan
&lt;br&gt;el ritmo de la callle
&lt;br&gt;
&lt;br&gt;17 veces
&lt;br&gt;moriria por ti
&lt;br&gt;y luego volveria a repetir
&lt;br&gt;para estar con tigo mas veces
&lt;br&gt;con 17 yo te perdi
&lt;br&gt;
&lt;br&gt;una nueva vida empieza para ti
&lt;br&gt;y despues de cada noche amanecer
&lt;br&gt;
&lt;br&gt;17,17
&lt;br&gt;con 17 yo te perdi&lt;/p&gt;
</description>
    </item>
    
    <item>
      <title> 18 La Serie (en Inglés)</title>
      <link>http://letraspedia.com/lyric/18-la-serie-18-la-serie-en-ingles/</link>
      <pubDate>Mon, 01 Sep 2008 00:00:00 UTC</pubDate>
      <author>Enthusiastic Hugo User</author>
      <guid>http://letraspedia.com/lyric/18-la-serie-18-la-serie-en-ingles/</guid>
      <description>&lt;p&gt;I know that dancing is my life
&lt;br&gt;music and my guide
&lt;br&gt;tangled in the night
&lt;br&gt;enjoying the day.
&lt;br&gt;
&lt;br&gt;I&amp;rsquo;m going to care for my people,
&lt;br&gt;confidant of secrets
&lt;br&gt;and innocent love,
&lt;br&gt;that become turbulent.
&lt;br&gt;
&lt;br&gt;Say what I think,
&lt;br&gt;but nobody is interested in knowing what I want,
&lt;br&gt;ask for more respect
&lt;br&gt;but nobody is interested to know what you dream.
&lt;br&gt;
&lt;br&gt;I try to demonstrate
&lt;br&gt;I learned how much longer
&lt;br&gt;if living is encountered,
&lt;br&gt;I want wrong.
&lt;br&gt;
&lt;br&gt;And who does not want to not look,
&lt;br&gt;I decide what follows.
&lt;br&gt;I&amp;rsquo;m going to play with life,
&lt;br&gt;claiming that it is mine,
&lt;br&gt;deciding who I want,
&lt;br&gt;enjoying every day
&lt;br&gt;and anyone who wants to know who filled me with amulets,
&lt;br&gt;that his world tour as a challenge.
&lt;br&gt;
&lt;br&gt;Say what I think,
&lt;br&gt;but nobody is interested in knowing what I want,
&lt;br&gt;ask for more respect
&lt;br&gt;but nobody is interested to know what you dream.
&lt;br&gt;
&lt;br&gt;I try to demonstrate
&lt;br&gt;I learned how much longer
&lt;br&gt;if living is encountered,
&lt;br&gt;I want to mislead
&lt;br&gt;
&lt;br&gt;And who does not want to not look,
&lt;br&gt;I decide what follows.
&lt;br&gt;
&lt;br&gt;Nobody will tell me what to do,
&lt;br&gt;anyone tell me who I go out,
&lt;br&gt;nobody will tell me when to return
&lt;br&gt;anyone lead my steps.
&lt;br&gt;
&lt;br&gt;Nobody will tell me what to do,
&lt;br&gt;anyone tell me who I go out,
&lt;br&gt;nobody will tell me when to return
&lt;br&gt;anyone lead my steps.
&lt;br&gt;
&lt;br&gt;Nobody will tell me what to do,
&lt;br&gt;anyone tell me who I go out,
&lt;br&gt;nobody will tell me when to return
&lt;br&gt;anyone lead my steps.
&lt;br&gt;
&lt;br&gt;Say what I think,
&lt;br&gt;but nobody is interested in knowing what I want,
&lt;br&gt;ask for more respect
&lt;br&gt;but nobody is interested to know what you dream.
&lt;br&gt;
&lt;br&gt;I try to demonstrate
&lt;br&gt;I learned how much longer
&lt;br&gt;if living is encountered,
&lt;br&gt;I want wrong.
&lt;br&gt;
&lt;br&gt;Eighteen
&lt;br&gt;Eighteen
&lt;br&gt;Eighteen&lt;/p&gt;
</description>
    </item>
    
    <item>
      <title> Acaso No Lo Ves</title>
      <link>http://letraspedia.com/lyric/18-la-serie-acaso-no-lo-ves/</link>
      <pubDate>Mon, 01 Sep 2008 00:00:00 UTC</pubDate>
      <author>Enthusiastic Hugo User</author>
      <guid>http://letraspedia.com/lyric/18-la-serie-acaso-no-lo-ves/</guid>
      <description>&lt;p&gt;Me pregunto una y otra vez
&lt;br&gt;que es lo que tu sientes
&lt;br&gt;si dentro de ti se esconde ese duende
&lt;br&gt;que grita mi nombre sin parar
&lt;br&gt;
&lt;br&gt;me pregunto si cuando estas triste
&lt;br&gt;es porque me extrañas
&lt;br&gt;si cuando sonries
&lt;br&gt;es porque me amas
&lt;br&gt;si cuando despiertas
&lt;br&gt;tu piensas en mi
&lt;br&gt;
&lt;br&gt;y me pregunto si no te das cuenta
&lt;br&gt;que eres especial y que lo eres todo
&lt;br&gt;me pregunto si acaso estas ciego
&lt;br&gt;o te haces el tonto que no sabe nada
&lt;br&gt;o tal vez tu no lo ves
&lt;br&gt;
&lt;br&gt;acaso no lo ves que cuando tu me faltas
&lt;br&gt;yo me vuelvo loca
&lt;br&gt;que con tu presencia me siento mejor
&lt;br&gt;que no existe nada que gritemos fuerte
&lt;br&gt;como los latidos de mi corazon
&lt;br&gt;
&lt;br&gt;acaso no lo ves como me pongo loca
&lt;br&gt;cuando te saludo o te digo adios
&lt;br&gt;que por ti daria mi alma
&lt;br&gt;hasta al diablo
&lt;br&gt;acaso no lo ves
&lt;br&gt;acaso no lo ves
&lt;br&gt;
&lt;br&gt;me pregunto una y otra vez
&lt;br&gt;si estaremos juntos
&lt;br&gt;a que hora en que minuto
&lt;br&gt;de que dia de que mes
&lt;br&gt;
&lt;br&gt;me pregunto si tu eres el tren indicado
&lt;br&gt;el que yo siempre he esperado
&lt;br&gt;si por fin ya te encontre
&lt;br&gt;
&lt;br&gt;y me pregunto si no te das cuenta
&lt;br&gt;que eres especial y que lo eres todo
&lt;br&gt;me pregunto si acaso estas ciego
&lt;br&gt;o te haces el tonto que no sabe nada
&lt;br&gt;o tal vez tu no lo ves
&lt;br&gt;
&lt;br&gt;acaso no lo ves que cuando tu me faltas
&lt;br&gt;yo me vuelvo loca
&lt;br&gt;que con tu presencia me siento mejor
&lt;br&gt;que no existe nada que gritemos fuerte
&lt;br&gt;como los latidos de mi corazon
&lt;br&gt;
&lt;br&gt;acaso no lo ves como me pongo loca
&lt;br&gt;cuando te saludo o te digo adios
&lt;br&gt;que por ti daria mi alma
&lt;br&gt;hasta al diablo
&lt;br&gt;acaso no lo ves
&lt;br&gt;acaso no lo ves
&lt;br&gt;
&lt;br&gt;acaso no lo ves que cuando tu me faltas
&lt;br&gt;yo me vuelvo loca
&lt;br&gt;que con tu presencia me siento mejor
&lt;br&gt;que no existe nada que gritemos fuerte
&lt;br&gt;como los latidos de mi corazon
&lt;br&gt;
&lt;br&gt;acaso no lo ves como me pongo loca
&lt;br&gt;cuando te saludo o te digo adios
&lt;br&gt;que por ti daria mi alma
&lt;br&gt;hasta al diablo
&lt;br&gt;acaso no lo ves
&lt;br&gt;acaso no lo ves
&lt;br&gt;
&lt;br&gt;acaso no lo ves que cuando tu me faltas
&lt;br&gt;yo me vuelvo loca
&lt;br&gt;que con tu presencia me siento mejor
&lt;br&gt;que no existe nada que gritemos fuerte
&lt;br&gt;como los latidos de mi corazon
&lt;br&gt;
&lt;br&gt;acaso no lo ves como me pongo loca
&lt;br&gt;cuando te saludo o te digo adios
&lt;br&gt;que por ti daria mi alma
&lt;br&gt;hasta al diablo
&lt;br&gt;acaso no lo ves&lt;/p&gt;
</description>
    </item>
    
    <item>
      <title> Con 18</title>
      <link>http://letraspedia.com/lyric/18-la-serie-con-18/</link>
      <pubDate>Mon, 01 Sep 2008 00:00:00 UTC</pubDate>
      <author>Enthusiastic Hugo User</author>
      <guid>http://letraspedia.com/lyric/18-la-serie-con-18/</guid>
      <description>&lt;p&gt;Sé que el baile es mi vida
&lt;br&gt;y la música mi guía
&lt;br&gt;enredando en la noche,
&lt;br&gt;disfrutando día a día.
&lt;br&gt;
&lt;br&gt;Voy cuidando de mi gente,
&lt;br&gt;confidente de secretos
&lt;br&gt;y de amores inocentes,
&lt;br&gt;que se vuelven turbulentos.
&lt;br&gt;
&lt;br&gt;Dicen lo que pienso,
&lt;br&gt;pero nadie se interesa por saber lo que deseo,
&lt;br&gt;piden mas respeto
&lt;br&gt;pero nadie se interesa por saber qué es lo que sueño.
&lt;br&gt;
&lt;br&gt;Yo intento demostrar
&lt;br&gt;cuánto he aprendido ya,
&lt;br&gt;si vivir es tropezar,
&lt;br&gt;me quiero equivocar.
&lt;br&gt;
&lt;br&gt;Y quien no quiera que no mire,
&lt;br&gt;yo decido lo que sigue.
&lt;br&gt;Voy jugando con la vida,
&lt;br&gt;reclamando que es mía,
&lt;br&gt;decidiendo quién me quiere,
&lt;br&gt;disfrutando cada día
&lt;br&gt;y quien quiera conocerme que me llene de amuletos,
&lt;br&gt;que recorreré su mundo como si fuera un reto.
&lt;br&gt;
&lt;br&gt;Dicen lo que pienso,
&lt;br&gt;pero nadie se interesa por saber lo que deseo,
&lt;br&gt;piden mas respeto
&lt;br&gt;pero nadie se interesa por saber qué es lo que sueño.
&lt;br&gt;
&lt;br&gt;Yo intento demostrar
&lt;br&gt;cuánto he aprendido ya,
&lt;br&gt;si vivir es tropezar,
&lt;br&gt;me quiero equivocar
&lt;br&gt;
&lt;br&gt;Y quien no quiera que no mire,
&lt;br&gt;yo decido lo que sigue.
&lt;br&gt;
&lt;br&gt;Nadie me dirá qué hacer,
&lt;br&gt;nadie me dirá con quién yo salgo,
&lt;br&gt;nadie me dirá cuándo volver,
&lt;br&gt;nadie conducirá mis pasos.
&lt;br&gt;
&lt;br&gt;Nadie me dirá qué hacer,
&lt;br&gt;nadie me dirá con quién yo salgo,
&lt;br&gt;nadie me dirá cuándo volver,
&lt;br&gt;nadie conducirá mis pasos.
&lt;br&gt;
&lt;br&gt;Nadie me dirá qué hacer,
&lt;br&gt;nadie me dirá con quién yo salgo,
&lt;br&gt;nadie me dirá cuándo volver,
&lt;br&gt;nadie conducirá mis pasos.
&lt;br&gt;
&lt;br&gt;Dicen lo que pienso,
&lt;br&gt;pero nadie se interesa por saber lo que deseo,
&lt;br&gt;piden mas respeto
&lt;br&gt;pero nadie se interesa por saber qué es lo que sueño.
&lt;br&gt;
&lt;br&gt;Yo intento demostrar
&lt;br&gt;cuánto he aprendido ya,
&lt;br&gt;si vivir es tropezar,
&lt;br&gt;me quiero equivocar.
&lt;br&gt;
&lt;br&gt;Con dieciocho
&lt;br&gt;Con dieciocho
&lt;br&gt;Con dieciocho&lt;/p&gt;
</description>
    </item>
    
    <item>
      <title> Enganchado A Ti</title>
      <link>http://letraspedia.com/lyric/18-la-serie-enganchado-a-ti/</link>
      <pubDate>Mon, 01 Sep 2008 00:00:00 UTC</pubDate>
      <author>Enthusiastic Hugo User</author>
      <guid>http://letraspedia.com/lyric/18-la-serie-enganchado-a-ti/</guid>
      <description>&lt;p&gt;Nuestra union dio vida
&lt;br&gt;a uns historia sin final
&lt;br&gt;donde desempeñas la parte principal
&lt;br&gt;
&lt;br&gt;te siento con tal pasion
&lt;br&gt;que no veo defectos
&lt;br&gt;que no toquen mi corazon
&lt;br&gt;
&lt;br&gt;te imagino te sueño
&lt;br&gt;te pienso te recuerdo
&lt;br&gt;ya te echo de menos
&lt;br&gt;
&lt;br&gt;engachada a ti
&lt;br&gt;hasta los huesos
&lt;br&gt;soldadita a tus besos
&lt;br&gt;
&lt;br&gt;enganchada enganchada
&lt;br&gt;a ti
&lt;br&gt;
&lt;br&gt;voy coleccionando
&lt;br&gt;tus abrazos y tus besos
&lt;br&gt;nos vamos fundiendo
&lt;br&gt;cuerpo con cuerpo
&lt;br&gt;
&lt;br&gt;eres mi felicidad
&lt;br&gt;me haces tanto bien
&lt;br&gt;lo nuestro no es ciencia
&lt;br&gt;es mucha mas
&lt;br&gt;
&lt;br&gt;te imagino te sueño
&lt;br&gt;te pienso te recuerdo
&lt;br&gt;ya te echo de menos
&lt;br&gt;
&lt;br&gt;engachada a ti
&lt;br&gt;hasta los huesos
&lt;br&gt;soldadita a tus besos
&lt;br&gt;
&lt;br&gt;enganchada enganchada
&lt;br&gt;a ti
&lt;br&gt;
&lt;br&gt;engachada a ti
&lt;br&gt;hasta los huesos
&lt;br&gt;soldadita a tus besos
&lt;br&gt;
&lt;br&gt;engachada a ti
&lt;br&gt;hasta los huesos
&lt;br&gt;soldadita a tus besos
&lt;br&gt;
&lt;br&gt;enganchada enganchada
&lt;br&gt;a ti&lt;/p&gt;
</description>
    </item>
    
    <item>
      <title> Instintos Naturales</title>
      <link>http://letraspedia.com/lyric/18-la-serie-instintos-naturales/</link>
      <pubDate>Mon, 01 Sep 2008 00:00:00 UTC</pubDate>
      <author>Enthusiastic Hugo User</author>
      <guid>http://letraspedia.com/lyric/18-la-serie-instintos-naturales/</guid>
      <description>&lt;p&gt;Como escaparme si has marcado con alambre un territorio eléctrico.
&lt;br&gt;Como despedirme si he sido enganchada a tu sol magnético.
&lt;br&gt;Como cruzar al otro lado, si este mundo está minado
&lt;br&gt;Como encajar una explosión en tu propio corazón.
&lt;br&gt;
&lt;br&gt;Lágrimas y penas ha llenado las trinchera que hicimos los dos.
&lt;br&gt;Suenan las sirenas, tu sangre en mis venas.
&lt;br&gt;Como voy a decirte adiós.
&lt;br&gt;
&lt;br&gt;Eres esa tormenta debajo de mi pelo.
&lt;br&gt;Eres el agua que me llega hasta el cuello.
&lt;br&gt;Y puedo sentirlo más adentro, cuando más me tambaleo.
&lt;br&gt;
&lt;br&gt;Sabes.
&lt;br&gt;Tu controlas mis instintos naturales.
&lt;br&gt;Y me clavas agijones con detalle.
&lt;br&gt;Imperdonable.
&lt;br&gt;Creces
&lt;br&gt;Y desearia no tenerte a veces
&lt;br&gt;Aún sabiendo que tus besos son con creces.
&lt;br&gt;Insuperabes.
&lt;br&gt;
&lt;br&gt;Aunque el fuego quema y no lo notas..
&lt;br&gt;Aunque las pequeñas cosas ya no están.
&lt;br&gt;Aunque las pasiones sean pasajeras
&lt;br&gt;Y tal como viene se van.
&lt;br&gt;
&lt;br&gt;Sigo teniendo ganas de ti,
&lt;br&gt;no es bueno ni malo
&lt;br&gt;el deseo no puntúa.
&lt;br&gt;Y creo que te engañaría
&lt;br&gt;si algún dia dijera que de ti descansaría.
&lt;br&gt;
&lt;br&gt;Sabes.
&lt;br&gt;Tu controlas mis instintos naturales.
&lt;br&gt;Y me clavas agijones con detalle.
&lt;br&gt;Imperdonable.
&lt;br&gt;Creces
&lt;br&gt;Y desearia no tenerte a veces
&lt;br&gt;Aún sabiendo que tus besos son con creces.
&lt;br&gt;Insuperabes.
&lt;br&gt;
&lt;br&gt;[Estribillo x2]
&lt;br&gt;
&lt;br&gt;Creces&amp;hellip;.
&lt;br&gt;
&lt;br&gt;Creces&amp;hellip;&lt;/p&gt;
</description>
    </item>
    
  </channel>
</rss>