<?xml version="1.0" encoding="utf-8" standalone="yes" ?>
<rss version="2.0" xmlns:atom="http://www.w3.org/2005/Atom">
  <channel>
      <title>1208 on Letraspedia.com thes best lyrics page </title>
    <link>http://letraspedia.com/artist/1208/</link>
    <language>en-US</language>
    <author>Enthusiastic Hugo User</author>
    <rights>Copyright (c) 2014, Enthusiastic Hugo User; all rights reserved.</rights>
    <updated>Mon, 01 Sep 2008 00:00:00 UTC</updated>
    
    <item>
      <title> 1988</title>
      <link>http://letraspedia.com/lyric/1208-1988/</link>
      <pubDate>Mon, 01 Sep 2008 00:00:00 UTC</pubDate>
      <author>Enthusiastic Hugo User</author>
      <guid>http://letraspedia.com/lyric/1208-1988/</guid>
      <description>&lt;p&gt;1988 Lyrics
&lt;br&gt;
&lt;br&gt;
&lt;br&gt;i see the tables turning
&lt;br&gt;they turn with speed
&lt;br&gt;i watch the fire burning
&lt;br&gt;burning to the sea
&lt;br&gt;i heard a holy story
&lt;br&gt;i laughed out loud
&lt;br&gt;a man who chases the wind
&lt;br&gt;never should be proud
&lt;br&gt;they can always find a way
&lt;br&gt;to pull you down
&lt;br&gt;make you feel so small invisible
&lt;br&gt;another sent to take the final part of me
&lt;br&gt;give me my lesson for today, (i can&amp;rsquo;t hear you)
&lt;br&gt;fill me with hope and quickly betray
&lt;br&gt;when i am barely breathing
&lt;br&gt;they come for me
&lt;br&gt;i wish i never saw them
&lt;br&gt;walk all over me
&lt;br&gt;they can always find a way to pull you down
&lt;br&gt;make you feel so small invisible
&lt;br&gt;another sent to take the final part of me
&lt;br&gt;give me my lesson for today, (i can&amp;rsquo;t hear you)
&lt;br&gt;fill me with hope and quickly betray
&lt;br&gt;it&amp;rsquo;s my fault
&lt;br&gt;i should have never trusted
&lt;br&gt;it never fails
&lt;br&gt;to bring me down
&lt;br&gt;so hear me out
&lt;br&gt;always busted
&lt;br&gt;you got yours
&lt;br&gt;guess i got mine
&lt;br&gt;your high score
&lt;br&gt;my waste of time
&lt;br&gt;give me my lesson for today, (i can&amp;rsquo;t hear you)
&lt;br&gt;fill me with hope and quickly betray
&lt;br&gt;give me my lesson for today, (i can&amp;rsquo;t hear you)
&lt;br&gt;fill me with hope and quickly betray&lt;/p&gt;
</description>
    </item>
    
    <item>
      <title> Erase Em All</title>
      <link>http://letraspedia.com/lyric/1208-erase-em-all/</link>
      <pubDate>Mon, 01 Sep 2008 00:00:00 UTC</pubDate>
      <author>Enthusiastic Hugo User</author>
      <guid>http://letraspedia.com/lyric/1208-erase-em-all/</guid>
      <description>&lt;p&gt;Building the walls around it
&lt;br&gt;Created self with nothing much
&lt;br&gt;Without a cost to find it
&lt;br&gt;Feeling avoid and losing touch
&lt;br&gt;The borrowed taste his novelty
&lt;br&gt;Could be a product of another&amp;rsquo;s humility
&lt;br&gt;Don&amp;rsquo;t worry your loss wil be his gain
&lt;br&gt;He wouldn&amp;rsquo;t hesitate to turn his back on you
&lt;br&gt;And it might be true
&lt;br&gt;Erase &amp;lsquo;em all - Don&amp;rsquo;t worry boy
&lt;br&gt;You gotta rise to fall befoer you know the motto
&lt;br&gt;Erase &amp;lsquo;em All - Don&amp;rsquo;t worry boy
&lt;br&gt;You gotta rise to fall before you know you gotta
&lt;br&gt;Erase &amp;lsquo;em all
&lt;br&gt;The warning&amp;rsquo;s out it&amp;rsquo;s gonna come to an end and I
&lt;br&gt;Hate to see him label me as a friend tonight
&lt;br&gt;Never question my intentions without the right
&lt;br&gt;Showing me another way to turn his back on you
&lt;br&gt;And it might be you
&lt;br&gt;Erase &amp;lsquo;em All - Don&amp;rsquo;t worry boy
&lt;br&gt;You gotta rise to fall before you know the motto
&lt;br&gt;Erase &amp;lsquo;em All - Don&amp;rsquo;t worry boy
&lt;br&gt;You gotta rise to fall before you know you gotta
&lt;br&gt;Erase &amp;lsquo;em all, Erase &amp;lsquo;em all, Erase &amp;lsquo;am all,
&lt;br&gt;Erase &amp;lsquo;em all
&lt;br&gt;Erase &amp;lsquo;em all, Erase &amp;lsquo;em all, Erase &amp;lsquo;am all,
&lt;br&gt;Erase &amp;lsquo;em all
&lt;br&gt;You wanna stay you&amp;rsquo;d better run
&lt;br&gt;When I catch up you better have a gun
&lt;br&gt;I&amp;rsquo;m so wound up from playin&amp;rsquo; dumb
&lt;br&gt;This time it&amp;rsquo;s real and real isn&amp;rsquo;t fun
&lt;br&gt;You never saw this side before
&lt;br&gt;Don&amp;rsquo;t test the water for what&amp;rsquo;s in store
&lt;br&gt;I drew the line and I learned a rule
&lt;br&gt;What&amp;rsquo;s good for me isn&amp;rsquo;t good for you
&lt;br&gt;Erase &amp;lsquo;em all
&lt;br&gt;Erase &amp;lsquo;em All - Don&amp;rsquo;t worry boy
&lt;br&gt;You gotta rise to fall before you know the motto
&lt;br&gt;Erase &amp;lsquo;em All - Don&amp;rsquo;t worry boy
&lt;br&gt;You gotta rise to fall before you know you gotta
&lt;br&gt;Erase &amp;lsquo;em All - Don&amp;rsquo;t worry boy
&lt;br&gt;You gotta rise to fall before you know the motto
&lt;br&gt;Erase &amp;lsquo;em All - Don&amp;rsquo;t worry boy
&lt;br&gt;You gotta rise to fall before you know you gotta
&lt;br&gt;Erase &amp;lsquo;em all&lt;/p&gt;
</description>
    </item>
    
    <item>
      <title> Everyday</title>
      <link>http://letraspedia.com/lyric/1208-everyday/</link>
      <pubDate>Mon, 01 Sep 2008 00:00:00 UTC</pubDate>
      <author>Enthusiastic Hugo User</author>
      <guid>http://letraspedia.com/lyric/1208-everyday/</guid>
      <description>&lt;p&gt;Deep inside my brain, there&amp;rsquo;s a place I could live forever
&lt;br&gt;Memories safe within a shelter
&lt;br&gt;It&amp;rsquo;s what I have, it&amp;rsquo;s what I save
&lt;br&gt;And beyond that place, there are names that I can&amp;rsquo;t remember
&lt;br&gt;Like the warmest day in September
&lt;br&gt;A written list that doesn&amp;rsquo;t exist
&lt;br&gt;
&lt;br&gt;If I could take it back, live a day in the past
&lt;br&gt;I would do it every hour
&lt;br&gt;Now it&amp;rsquo;s just a fact, that we don&amp;rsquo;t want to look back
&lt;br&gt;And I wish that something mattered
&lt;br&gt;
&lt;br&gt;[Chorus:]
&lt;br&gt;Every day is the same in a new crowd
&lt;br&gt;Every voice is a whisper that seems loud
&lt;br&gt;I hear you callin my name
&lt;br&gt;But your voice is the same
&lt;br&gt;Everyday
&lt;br&gt;
&lt;br&gt;Some will go down, my ship still floats
&lt;br&gt;To it I know I&amp;rsquo;m bound
&lt;br&gt;Wishing that tomorrow was gone and
&lt;br&gt;Where is a place, that I can relate
&lt;br&gt;And it&amp;rsquo;s been so long, all the month&amp;rsquo;s have turned into years now
&lt;br&gt;And the clock won&amp;rsquo;t stop for me so
&lt;br&gt;I gotta move on and try to belong
&lt;br&gt;
&lt;br&gt;If I could take it back, live a day in the past
&lt;br&gt;I would do it every hour
&lt;br&gt;Now it&amp;rsquo;s just a fact, that we don&amp;rsquo;t want to look back
&lt;br&gt;And I wish that something mattered
&lt;br&gt;
&lt;br&gt;[Chorus]
&lt;br&gt;
&lt;br&gt;Color in rain is never the same
&lt;br&gt;Color in rain is never the same
&lt;br&gt;
&lt;br&gt;[Chorus 2x]&lt;/p&gt;
</description>
    </item>
    
    <item>
      <title> Fall Apart</title>
      <link>http://letraspedia.com/lyric/1208-fall-apart/</link>
      <pubDate>Mon, 01 Sep 2008 00:00:00 UTC</pubDate>
      <author>Enthusiastic Hugo User</author>
      <guid>http://letraspedia.com/lyric/1208-fall-apart/</guid>
      <description>&lt;p&gt;Inside a storage bin
&lt;br&gt;A pad-lock keeps me in
&lt;br&gt;Emotions run low
&lt;br&gt;If you&amp;rsquo;ve come for a show
&lt;br&gt;I&amp;rsquo;m from the world today
&lt;br&gt;Insane as some might say
&lt;br&gt;Got nothing to show
&lt;br&gt;If you&amp;rsquo;ve come just to send me away
&lt;br&gt;
&lt;br&gt;I wasn&amp;rsquo;t asking for it
&lt;br&gt;And I tried to ignore it
&lt;br&gt;I&amp;rsquo;ve got one problem
&lt;br&gt;I fall apart for you
&lt;br&gt;(I&amp;rsquo;m further from the truth)
&lt;br&gt;A living disaster, I die for my master
&lt;br&gt;It&amp;rsquo;s true (I&amp;rsquo;m stuck and can&amp;rsquo;t get loose)
&lt;br&gt;Another example of losing my handle on you
&lt;br&gt;
&lt;br&gt;I&amp;rsquo;m safe &amp;lsquo;cause no one sees
&lt;br&gt;What has become of me
&lt;br&gt;Emotions run low
&lt;br&gt;As my sickness just grows
&lt;br&gt;They try to hold me down
&lt;br&gt;When you cannot be found
&lt;br&gt;Got nothing to show
&lt;br&gt;If you&amp;rsquo;ve come just to turn off the sound
&lt;br&gt;
&lt;br&gt;I wasn&amp;rsquo;t asking for it
&lt;br&gt;And I tried to ignore it
&lt;br&gt;I&amp;rsquo;ve got one problem
&lt;br&gt;I fall apart for you
&lt;br&gt;(I&amp;rsquo;m further from the truth)
&lt;br&gt;A living disaster, I die for my master
&lt;br&gt;It&amp;rsquo;s true (I&amp;rsquo;m stuck and can&amp;rsquo;t get loose)
&lt;br&gt;Another example of losing my handle on you
&lt;br&gt;
&lt;br&gt;Well I fall asleep tonight
&lt;br&gt;Don&amp;rsquo;t wanna lose the fight
&lt;br&gt;And I wanna get it right
&lt;br&gt;This time it&amp;rsquo;s not for you
&lt;br&gt;Well I fall asleep tonight
&lt;br&gt;Don&amp;rsquo;t wanna lose the fight
&lt;br&gt;And I wanna get it right
&lt;br&gt;This time it&amp;rsquo;s just for me
&lt;br&gt;
&lt;br&gt;Every time I hurt myself for you
&lt;br&gt;It&amp;rsquo;s always hit and miss to feel the mood
&lt;br&gt;But the more I do for you
&lt;br&gt;The less I can do for myself
&lt;br&gt;And it&amp;rsquo;s not so bad to be alone
&lt;br&gt;When I know nothing is set in stone
&lt;br&gt;But I&amp;rsquo;ve got one problem
&lt;br&gt;
&lt;br&gt;I fall apart for you
&lt;br&gt;(I&amp;rsquo;m further from the truth)
&lt;br&gt;A living disaster, I die for my master
&lt;br&gt;It&amp;rsquo;s true (I&amp;rsquo;m stuck and can&amp;rsquo;t get loose)
&lt;br&gt;Another example of losing my handle on you
&lt;br&gt;I fall apart for you
&lt;br&gt;(I&amp;rsquo;m further from the truth)
&lt;br&gt;A living disaster, I die for my master
&lt;br&gt;It&amp;rsquo;s true (I&amp;rsquo;m stuck and can&amp;rsquo;t get loose)
&lt;br&gt;Another example of losing my handle on you
&lt;br&gt;
&lt;br&gt;My handle on you&amp;hellip;.&lt;/p&gt;
</description>
    </item>
    
    <item>
      <title> From Below</title>
      <link>http://letraspedia.com/lyric/1208-from-below/</link>
      <pubDate>Mon, 01 Sep 2008 00:00:00 UTC</pubDate>
      <author>Enthusiastic Hugo User</author>
      <guid>http://letraspedia.com/lyric/1208-from-below/</guid>
      <description>&lt;p&gt;It was the day the sky fell on me,
&lt;br&gt;I know I&amp;rsquo;ve changed since you last saw me,
&lt;br&gt;So sick of hearing that I&amp;rsquo;m not right,
&lt;br&gt;Could&amp;rsquo;ve been better, I&amp;rsquo;m tired and I don&amp;rsquo;t want to fight.
&lt;br&gt;Because the guilt that builds up inside,
&lt;br&gt;Fills me with fear that is just too hard to hide,
&lt;br&gt;Nothings the same as it used to be,
&lt;br&gt;It&amp;rsquo;s getting harder each day to be me.
&lt;br&gt;
&lt;br&gt;From below I know I can grow,
&lt;br&gt;And stay out of your sight,
&lt;br&gt;From below I know I am low,
&lt;br&gt;Hidden from the daylight,
&lt;br&gt;Within reach but never mine to keep.
&lt;br&gt;
&lt;br&gt;It took so long before I could face,
&lt;br&gt;How it was wrong it was hard to trace,
&lt;br&gt;Most of my like I lived to be,
&lt;br&gt;Part of a world so blind, I was lucky to see,
&lt;br&gt;That my vision was blurred with lies,
&lt;br&gt;Nobody understood, no one who could confide,
&lt;br&gt;Nothing&amp;rsquo;s the same as it used to be,
&lt;br&gt;It&amp;rsquo;s getting harder each day to be me.
&lt;br&gt;
&lt;br&gt;From below I know I can grow,
&lt;br&gt;And stay out of your sight,
&lt;br&gt;From below I know I am low,
&lt;br&gt;Hidden from the daylight,
&lt;br&gt;Within reach but never mine to keep.
&lt;br&gt;
&lt;br&gt;If it was up to me, I&amp;rsquo;d look at all I could be,
&lt;br&gt;So many wants and needs, I guess I&amp;rsquo;ll try to be me.
&lt;br&gt;
&lt;br&gt;From below I know I can grow,
&lt;br&gt;And stay out of your sight,
&lt;br&gt;From below I know I am low,
&lt;br&gt;Hidden from the daylight,
&lt;br&gt;From below I know I can grow,
&lt;br&gt;And stay out of your sight,
&lt;br&gt;From below I know I am low,
&lt;br&gt;Hidden from the daylight,
&lt;br&gt;Yeah, Yeah.&lt;/p&gt;
</description>
    </item>
    
    <item>
      <title> Hurts To Know</title>
      <link>http://letraspedia.com/lyric/1208-hurts-to-know/</link>
      <pubDate>Mon, 01 Sep 2008 00:00:00 UTC</pubDate>
      <author>Enthusiastic Hugo User</author>
      <guid>http://letraspedia.com/lyric/1208-hurts-to-know/</guid>
      <description>&lt;p&gt;You&amp;rsquo;re always talkin&amp;rsquo; about everyone,
&lt;br&gt;Of all their problems,
&lt;br&gt;And what they have done,
&lt;br&gt;You think they listen to you,
&lt;br&gt;You&amp;rsquo;re so easy to see through,
&lt;br&gt;The big decision, is who to impress,
&lt;br&gt;Hiding the fact that,
&lt;br&gt;Your life is a mess,
&lt;br&gt;You lie to yourself and deny,
&lt;br&gt;For fear of what&amp;rsquo;s inside.
&lt;br&gt;
&lt;br&gt;Not a reason to believe in,
&lt;br&gt;And it hurts to know,
&lt;br&gt;That it&amp;rsquo;s all show,
&lt;br&gt;You&amp;rsquo;re more important than we could know,
&lt;br&gt;For what you&amp;rsquo;ve got in mind,
&lt;br&gt;Who could ever be with your time,
&lt;br&gt;It hurts to know.
&lt;br&gt;
&lt;br&gt;Every possesion that you&amp;rsquo;ll ever need,
&lt;br&gt;All of your vision&amp;rsquo;s been blinded by greed,
&lt;br&gt;No one can offer enough,
&lt;br&gt;You say you&amp;rsquo;ve had it rough,
&lt;br&gt;Asking me favore and not an apology,
&lt;br&gt;For sick intentions,
&lt;br&gt;That people don&amp;rsquo;t want to see,
&lt;br&gt;Only lookin for more,
&lt;br&gt;What are you living for.
&lt;br&gt;
&lt;br&gt;Not a reason to believe in,
&lt;br&gt;It hurts to know,
&lt;br&gt;That it&amp;rsquo;s all show,
&lt;br&gt;You&amp;rsquo;re more important than we could know,
&lt;br&gt;For what you&amp;rsquo;ve got in mind,
&lt;br&gt;Who could ever be with your time,
&lt;br&gt;It hurts to know,
&lt;br&gt;That it&amp;rsquo;s all show,
&lt;br&gt;You&amp;rsquo;re more important than we could know,
&lt;br&gt;For what you&amp;rsquo;ve got in mind,
&lt;br&gt;Who could ever be with your time,
&lt;br&gt;Let it go.
&lt;br&gt;
&lt;br&gt;It&amp;rsquo;s been so long since you admitted you&amp;rsquo;re wrong,
&lt;br&gt;Did you forget that you&amp;rsquo;re human,
&lt;br&gt;But the need to belong just keeps on bringing you back,
&lt;br&gt;Are you avoiding the fact,
&lt;br&gt;That I won&amp;rsquo;t be coming home?
&lt;br&gt;
&lt;br&gt;And it hurts to know,
&lt;br&gt;That it&amp;rsquo;s all show,
&lt;br&gt;You&amp;rsquo;re more important than we could know,
&lt;br&gt;For what you&amp;rsquo;ve got in mind,
&lt;br&gt;Who could ever be with your time,
&lt;br&gt;It hurts to know.
&lt;br&gt;Not a reason to believe in,
&lt;br&gt;And it hurts to know,
&lt;br&gt;That it&amp;rsquo;s all show,
&lt;br&gt;You&amp;rsquo;re more important than we could know,
&lt;br&gt;For what you&amp;rsquo;ve got in mind,
&lt;br&gt;Who could ever be with your time,
&lt;br&gt;It hurts to know.
&lt;br&gt;It hurts to know&lt;/p&gt;
</description>
    </item>
    
    <item>
      <title> Jimmy</title>
      <link>http://letraspedia.com/lyric/1208-jimmy/</link>
      <pubDate>Mon, 01 Sep 2008 00:00:00 UTC</pubDate>
      <author>Enthusiastic Hugo User</author>
      <guid>http://letraspedia.com/lyric/1208-jimmy/</guid>
      <description>&lt;p&gt;Jimmy
&lt;br&gt;It started out with a few misfortunes
&lt;br&gt;His daddy ran off with some broad from the motown
&lt;br&gt;When momma said we&amp;rsquo;re leavin tomorrow
&lt;br&gt;Jimmy already had his things together
&lt;br&gt;So many days of thinking of the past
&lt;br&gt;The girl he left behind and hangin out in the
&lt;br&gt;free streets
&lt;br&gt;Somehow Jimmy had survived his reflections
&lt;br&gt;The broken glass in his hands, a noose before him
&lt;br&gt;Said he did it before
&lt;br&gt;He&amp;rsquo;s gonna do it again
&lt;br&gt;Give him a fix and a bottle and he won&amp;rsquo;t complain
&lt;br&gt;Until he&amp;rsquo;s blue in the face
&lt;br&gt;Jimmy&amp;rsquo;s the leader of a losin&amp;rsquo; race
&lt;br&gt;Hey Jimmy did you learn your lesson
&lt;br&gt;You always know what you were missin&amp;rsquo;
&lt;br&gt;Hey Jimmy did you solve the problem
&lt;br&gt;Just a kid with no direction
&lt;br&gt;Some people say it was fright that drove him
&lt;br&gt;But Jimmy knows who&amp;rsquo;s really scared of difference
&lt;br&gt;The whipping boy won&amp;rsquo;t take his beating
&lt;br&gt;It only left them alone to their thinking
&lt;br&gt;Of how he knew what they could never know
&lt;br&gt;And he would live and learn to be himself
&lt;br&gt;through his mistakes
&lt;br&gt;Watch and laugh, pretend they were okay
&lt;br&gt;Waiting for things to change is just another day
&lt;br&gt;Said he did it before
&lt;br&gt;He&amp;rsquo;s gonna do it again
&lt;br&gt;Give him a fix or a bottle and he won&amp;rsquo;t complain
&lt;br&gt;Until he&amp;rsquo;s blue in the face
&lt;br&gt;Jimmy&amp;rsquo;s the leader of a losing race
&lt;br&gt;Hey Jimmy did you learn your lesson
&lt;br&gt;You always knew what you were missin&amp;rsquo;
&lt;br&gt;Hey Jimmy did you solve the problem
&lt;br&gt;Just a kid with no direction
&lt;br&gt;Hey Jimmy don&amp;rsquo;t you walk away
&lt;br&gt;We&amp;rsquo;ll look at life according to me
&lt;br&gt;You&amp;rsquo;re my life support auto biography
&lt;br&gt;Hey Jimmy take a look inside
&lt;br&gt;Let&amp;rsquo;s take a chance, enjoy the ride
&lt;br&gt;Impressions don&amp;rsquo;t die
&lt;br&gt;No one knew your story
&lt;br&gt;Hey Jimmy did you learn you lesson
&lt;br&gt;You always knew what you were missin&amp;rsquo; (Jimmy)
&lt;br&gt;Hey Jimmy did you solve the problem
&lt;br&gt;Just a kid with no direction (Jimmy)
&lt;br&gt;Hey Jimmy did you learn your lesson
&lt;br&gt;You always knew what you were missin&amp;rsquo; (Jimmy)
&lt;br&gt;Hey Jimmy did you solve the problem
&lt;br&gt;Just a kid with no direction (Jimmy)
&lt;br&gt;Hey Jimmy now your free&lt;/p&gt;
</description>
    </item>
    
    <item>
      <title> Just Anyone</title>
      <link>http://letraspedia.com/lyric/1208-just-anyone/</link>
      <pubDate>Mon, 01 Sep 2008 00:00:00 UTC</pubDate>
      <author>Enthusiastic Hugo User</author>
      <guid>http://letraspedia.com/lyric/1208-just-anyone/</guid>
      <description>&lt;p&gt;Just Anyone Lyrics
&lt;br&gt;
&lt;br&gt;
&lt;br&gt;Every face sing we had to happen, every
&lt;br&gt;face is you
&lt;br&gt;Every smile that I force on someone sends me
&lt;br&gt;to the edge
&lt;br&gt;Coffee breaks I take because, I need more
&lt;br&gt;time to clear the fuzz
&lt;br&gt;Take me back twenty first street
&lt;br&gt;Troubles times that I find myself in, double
&lt;br&gt;without you
&lt;br&gt;Such a lose that I try to replace sends me
&lt;br&gt;to the edge
&lt;br&gt;Living breaks I take because, I need more
&lt;br&gt;time to get a buzz
&lt;br&gt;Take me back twenty first street
&lt;br&gt;I think I&amp;rsquo;m losin&amp;rsquo;, losin&amp;rsquo; my mind
&lt;br&gt;Just anyone means nothin&amp;rsquo;s done just yet
&lt;br&gt;I need my time to heal
&lt;br&gt;Just anyone is next to none without
&lt;br&gt;The reasons I could feel - Just anyone
&lt;br&gt;All the times that we tried to make it
&lt;br&gt;Now those days are through
&lt;br&gt;All the times we were forced to fake it send
&lt;br&gt;me to the edge
&lt;br&gt;Coffee breaks I take because, I need more
&lt;br&gt;time to clear the fuzz
&lt;br&gt;Take me back twenty first street
&lt;br&gt;I think I&amp;rsquo;m losin&amp;rsquo;, losin&amp;rsquo; my mind
&lt;br&gt;Just anyone means nothin&amp;rsquo;s done just yet
&lt;br&gt;I need my time to heal
&lt;br&gt;Just anyone is next to none without
&lt;br&gt;The reasons I could feel - Just anyone
&lt;br&gt;Spending hours trting to find myself-
&lt;br&gt;Redemption, wrong direction
&lt;br&gt;No more power to control my - Isolation no solution
&lt;br&gt;Every voice that I know is not the same
&lt;br&gt;Every word taht I read calls out your name
&lt;br&gt;So many days looking for you but in vein
&lt;br&gt;A losin&amp;rsquo; game and I&amp;rsquo;m to blame
&lt;br&gt;Just anyone means nothin&amp;rsquo;s done just yet
&lt;br&gt;I need my time to heal
&lt;br&gt;Just anyone is next to none without
&lt;br&gt;The reasons I could feel
&lt;br&gt;Just anyone - Just anyone means that I can&amp;rsquo;t
&lt;br&gt;afford to face the facts
&lt;br&gt;Just anyone - Just anyone means that I can&amp;rsquo;t
&lt;br&gt;afford to be just anyone&lt;/p&gt;
</description>
    </item>
    
    <item>
      <title> Lies That Lie</title>
      <link>http://letraspedia.com/lyric/1208-lies-that-lie/</link>
      <pubDate>Mon, 01 Sep 2008 00:00:00 UTC</pubDate>
      <author>Enthusiastic Hugo User</author>
      <guid>http://letraspedia.com/lyric/1208-lies-that-lie/</guid>
      <description>&lt;p&gt;Lies That Lie Lyrics
&lt;br&gt;
&lt;br&gt;
&lt;br&gt;Lies that lie eyes that cry baby
&lt;br&gt;Try and try to understand maybe
&lt;br&gt;Skies were meant to fall on me
&lt;br&gt;Just like people will be free
&lt;br&gt;Living lies and takin&amp;rsquo; sides daily
&lt;br&gt;Dimmer minds and duller times maybe
&lt;br&gt;Life is just a fight to survive
&lt;br&gt;Only dreams can make me feel more alive
&lt;br&gt;Despising agonizing every word
&lt;br&gt;It&amp;rsquo;s so absured to me
&lt;br&gt;I guess it&amp;rsquo;s better to observe
&lt;br&gt;Another problem but who said I&amp;rsquo;m right
&lt;br&gt;I don&amp;rsquo;t wanna fight it
&lt;br&gt;I gotta fight it
&lt;br&gt;Get in line, think of a better one baby
&lt;br&gt;Written rhymes to keep a clearer mind, hey hey
&lt;br&gt;You can take it out on me
&lt;br&gt;Let&amp;rsquo;s just see what you can do for me
&lt;br&gt;Lies that lie and eyes that cry baby
&lt;br&gt;Try and try to understand maybe
&lt;br&gt;Who ever thought of this?
&lt;br&gt;The good times are times I&amp;rsquo;ve missed - Lies that lie
&lt;br&gt;Don&amp;rsquo;t wanna swing to miss
&lt;br&gt;I&amp;rsquo;m still reading down my list - Lies that lie
&lt;br&gt;Despising agonizing every word
&lt;br&gt;It&amp;rsquo;s so absured to me
&lt;br&gt;I guess it&amp;rsquo;s better to observe
&lt;br&gt;Another problem but who said I&amp;rsquo;m right
&lt;br&gt;Don&amp;rsquo;t wanna fight it
&lt;br&gt;I gotta fight it
&lt;br&gt;Before I go
&lt;br&gt;Don&amp;rsquo;t wanna fight it
&lt;br&gt;I gotta fight it
&lt;br&gt;Before I go
&lt;br&gt;Don&amp;rsquo;t wanna fight it
&lt;br&gt;I gotta fight it
&lt;br&gt;Before I go
&lt;br&gt;Lies that lie, lies that lie, lies that lie, lies that lie
&lt;br&gt;Lies that lie, lies that lie, lies that lie, lies that lie&lt;/p&gt;
</description>
    </item>
    
    <item>
      <title> Lightshow</title>
      <link>http://letraspedia.com/lyric/1208-lightshow/</link>
      <pubDate>Mon, 01 Sep 2008 00:00:00 UTC</pubDate>
      <author>Enthusiastic Hugo User</author>
      <guid>http://letraspedia.com/lyric/1208-lightshow/</guid>
      <description>&lt;p&gt;Wish I could stay but I gotta run
&lt;br&gt;I got some miles to go and no destination
&lt;br&gt;And like you&amp;rsquo;ve never seen, my light is always green
&lt;br&gt;The ice is melting and the bitch ain&amp;rsquo;t helping
&lt;br&gt;I sink the eight-ball from the cue, before you
&lt;br&gt;know I&amp;rsquo;m through
&lt;br&gt;With blurred validity I can see you in me
&lt;br&gt;Put in my hand a hundred proof I&amp;rsquo;m bad
&lt;br&gt;Is this the same wine that Christ permits to dine with
&lt;br&gt;Can&amp;rsquo;t part with
&lt;br&gt;A light show, a shadow, through these eyes
&lt;br&gt;everything looks too clean
&lt;br&gt;I make it to brake it
&lt;br&gt;From the bottom the top will always spit you out
&lt;br&gt;Spit you out
&lt;br&gt;My thoughts aren&amp;rsquo;t set in stone and I&amp;rsquo;m committed
&lt;br&gt;to go where few have
&lt;br&gt;ever roames, and through the klgiht show I witness
&lt;br&gt;the unknown
&lt;br&gt;Put in my hand a hundred proof I&amp;rsquo;m bad
&lt;br&gt;Is this the smae wint that Christ permits to dine with
&lt;br&gt;Can&amp;rsquo;t part with
&lt;br&gt;A light show, a shadows, through these eyes
&lt;br&gt;everything looks too clean
&lt;br&gt;I make it to brake it
&lt;br&gt;From the bottom the top will always spit you out
&lt;br&gt;I&amp;rsquo;ve been drinking to my health
&lt;br&gt;Gotta get off me, get away from me
&lt;br&gt;I&amp;rsquo;ve been sinking to my hell
&lt;br&gt;Gotta get off me, get away from me,
&lt;br&gt;I&amp;rsquo;ve been living for myself
&lt;br&gt;It&amp;rsquo;s not me
&lt;br&gt;It&amp;rsquo;s not me
&lt;br&gt;It&amp;rsquo;s not me
&lt;br&gt;It&amp;rsquo;s not me&lt;/p&gt;
</description>
    </item>
    
    <item>
      <title> Lost And Found</title>
      <link>http://letraspedia.com/lyric/1208-lost-and-found/</link>
      <pubDate>Mon, 01 Sep 2008 00:00:00 UTC</pubDate>
      <author>Enthusiastic Hugo User</author>
      <guid>http://letraspedia.com/lyric/1208-lost-and-found/</guid>
      <description>&lt;p&gt;You know the question, find the answer
&lt;br&gt;Stirring deep within your mind
&lt;br&gt;Don&amp;rsquo;t Have to Promise, You have a reason
&lt;br&gt;For what it is you need to find
&lt;br&gt;I was searching, until I found it
&lt;br&gt;And I saw it in you
&lt;br&gt;It seems so real, but I can feel me
&lt;br&gt;Getting closer to you
&lt;br&gt;
&lt;br&gt;If clocks could stop, time wouldn&amp;rsquo;t waste
&lt;br&gt;And I could tell you once more
&lt;br&gt;That we are running, without eachother
&lt;br&gt;There&amp;rsquo;s not much to live for
&lt;br&gt;I tried to find, the side you hide,
&lt;br&gt;The side that pushes me away,
&lt;br&gt;You&amp;rsquo;re standing close so, I can tell you
&lt;br&gt;That I wish you would stay
&lt;br&gt;
&lt;br&gt;I wouldn&amp;rsquo;t know myself
&lt;br&gt;I&amp;rsquo;m lost without you here
&lt;br&gt;If you could see my side
&lt;br&gt;
&lt;br&gt;I will wait for you, no matter what you do
&lt;br&gt;Cause you&amp;rsquo;re a part of me now
&lt;br&gt;We will see this through
&lt;br&gt;Go on to something new
&lt;br&gt;We were lost but now we&amp;rsquo;re found
&lt;br&gt;
&lt;br&gt;As days go by, you&amp;rsquo;re fading faster
&lt;br&gt;Looking for something new
&lt;br&gt;It&amp;rsquo;s hard to notice, you&amp;rsquo;re looking past me
&lt;br&gt;When I&amp;rsquo;m right within your view
&lt;br&gt;
&lt;br&gt;I wouldn&amp;rsquo;t know myself
&lt;br&gt;I&amp;rsquo;m lost without you here
&lt;br&gt;If you could see my side
&lt;br&gt;
&lt;br&gt;I will wait for you, no matter what you do
&lt;br&gt;Cause you&amp;rsquo;re a part of me now
&lt;br&gt;We will see this through
&lt;br&gt;Go on to something new
&lt;br&gt;We were lost but now we&amp;rsquo;re found
&lt;br&gt;
&lt;br&gt;It&amp;rsquo;s been a bumpy road
&lt;br&gt;I&amp;rsquo;ll try to carry your load
&lt;br&gt;I&amp;rsquo;ll try to understand
&lt;br&gt;Your fate is in your hands
&lt;br&gt;If you could see my side
&lt;br&gt;
&lt;br&gt;I wouldn&amp;rsquo;t know myself
&lt;br&gt;I&amp;rsquo;m lost without you here
&lt;br&gt;If you could see my side
&lt;br&gt;
&lt;br&gt;I will wait for you no matter what you do
&lt;br&gt;Cause you&amp;rsquo;re a part of me now
&lt;br&gt;We will see this through
&lt;br&gt;Go on to something new
&lt;br&gt;We were lost but now we&amp;rsquo;re found
&lt;br&gt;
&lt;br&gt;We were lost and now we&amp;rsquo;re found&lt;/p&gt;
</description>
    </item>
    
    <item>
      <title> My Loss</title>
      <link>http://letraspedia.com/lyric/1208-my-loss/</link>
      <pubDate>Mon, 01 Sep 2008 00:00:00 UTC</pubDate>
      <author>Enthusiastic Hugo User</author>
      <guid>http://letraspedia.com/lyric/1208-my-loss/</guid>
      <description>&lt;p&gt;Watching as you drive away
&lt;br&gt;Speed away so fast
&lt;br&gt;Knowing something&amp;rsquo;s different now
&lt;br&gt;That ending was our last
&lt;br&gt;Nothing describes the emptiness filled inside
&lt;br&gt;Take me to that place
&lt;br&gt;Where everything&amp;rsquo;s fine
&lt;br&gt;And not a worry in mind
&lt;br&gt;Sweeter to the taste
&lt;br&gt;
&lt;br&gt;This is my loss (my loss)
&lt;br&gt;I did it wrong and i&amp;rsquo;d do it again
&lt;br&gt;To be with you feels like the right thing
&lt;br&gt;This is my loss (my loss)
&lt;br&gt;I did it wrong and i try to pretend
&lt;br&gt;That nothing&amp;rsquo;s changed for all that you bring
&lt;br&gt;For all that you bring
&lt;br&gt;
&lt;br&gt;Simple is so complex now
&lt;br&gt;So I understand
&lt;br&gt;That I never thought that happy could be distraught
&lt;br&gt;Help me if you can
&lt;br&gt;
&lt;br&gt;This is my loss (my loss)
&lt;br&gt;I did it wrong and i&amp;rsquo;d do it again
&lt;br&gt;To be with you feels like the right thing
&lt;br&gt;This is my loss (my loss)
&lt;br&gt;I did it wrong and i try to pretend
&lt;br&gt;That nothing&amp;rsquo;s changed for all that you bring
&lt;br&gt;
&lt;br&gt;Well I know I&amp;rsquo;m wrong
&lt;br&gt;And you know I&amp;rsquo;m here
&lt;br&gt;I don&amp;rsquo;t want to let you disapear
&lt;br&gt;What am I worth when your eyes were
&lt;br&gt;Begging me in fear
&lt;br&gt;I only want to see you again
&lt;br&gt;And repair the wounds that brought me in
&lt;br&gt;I don&amp;rsquo;t want to think it won&amp;rsquo;t happen again
&lt;br&gt;
&lt;br&gt;This is my loss (my loss)
&lt;br&gt;I did it wrong and i&amp;rsquo;d do it again
&lt;br&gt;To be with you feels like the right thing
&lt;br&gt;This is my loss (my loss)
&lt;br&gt;I did it wrong and i try to pretend
&lt;br&gt;That nothing&amp;rsquo;s changed for all that you bring
&lt;br&gt;For all that you bring
&lt;br&gt;
&lt;br&gt;For all that you bring
&lt;br&gt;For all you bring&lt;/p&gt;
</description>
    </item>
    
    <item>
      <title> Next Big Thing</title>
      <link>http://letraspedia.com/lyric/1208-next-big-thing/</link>
      <pubDate>Mon, 01 Sep 2008 00:00:00 UTC</pubDate>
      <author>Enthusiastic Hugo User</author>
      <guid>http://letraspedia.com/lyric/1208-next-big-thing/</guid>
      <description>&lt;p&gt;Walking down the street, it&amp;rsquo;s everywhere you see
&lt;br&gt;Looking right at you and staring right at me
&lt;br&gt;You can&amp;rsquo;t escape it cause it&amp;rsquo;s in your face
&lt;br&gt;The stars are out, they&amp;rsquo;re bright today
&lt;br&gt;It&amp;rsquo;s the latest craze it sets your eyes ablaze
&lt;br&gt;They&amp;rsquo;re just hopin&amp;rsquo; this ain&amp;rsquo;t just a passing phase
&lt;br&gt;Turn the cycle to a faster spin
&lt;br&gt;Throw the has been&amp;rsquo;s out bring a fresh face in
&lt;br&gt;This is your only chance knock &amp;lsquo;em dead
&lt;br&gt;Show it if you got it. The world is watching you
&lt;br&gt;Take it if you want it. What have you got to lose
&lt;br&gt;Raise your glass you made it
&lt;br&gt;Everyone&amp;rsquo;s waiting for the next big thing,
&lt;br&gt;The next big thing
&lt;br&gt;So now you won the fight, there&amp;rsquo;s no end in sight
&lt;br&gt;Everyone&amp;rsquo;s your friend, might as well take a bite
&lt;br&gt;You&amp;rsquo;ve just made it while the others dream
&lt;br&gt;But just make sure the cash register rings
&lt;br&gt;They all know your name, it&amp;rsquo;s such an easy game
&lt;br&gt;If all goes well, you&amp;rsquo;ll have you&amp;rsquo;re minute of fame
&lt;br&gt;Suddenly people want to help you now
&lt;br&gt;Plug it in, make sure you play it loud
&lt;br&gt;This is your only chance knock &amp;lsquo;em dead
&lt;br&gt;Show it if you got it. The world is watching you
&lt;br&gt;Take it if you want it. What have you got to lose
&lt;br&gt;Raise your glass you made it
&lt;br&gt;Everyone&amp;rsquo;s waiting for the next big thing,
&lt;br&gt;The next big thing
&lt;br&gt;Show it if you got it. The world is watching you
&lt;br&gt;Take it if you want it. What have you got to lose
&lt;br&gt;Raise your glass you made it
&lt;br&gt;Everyone&amp;rsquo;s waiting for the next big thing,
&lt;br&gt;The next big thing
&lt;br&gt;Keep that spotlight on, breath it in
&lt;br&gt;Cause when it&amp;rsquo;s over you will know your friends
&lt;br&gt;Yeah you enjoy yourself, appreciate the help
&lt;br&gt;You&amp;rsquo;ll need all the help you can get
&lt;br&gt;Show it if you got it. The world is watching you
&lt;br&gt;Take it if you want it. What have you got to lose
&lt;br&gt;Raise your glass you made it
&lt;br&gt;Everyone&amp;rsquo;s waiting for the next big thing,
&lt;br&gt;The next big thing
&lt;br&gt;Show it if you got it. The world is watching you
&lt;br&gt;Take it if you want it. What have you got to lose
&lt;br&gt;Raise your glass you made it
&lt;br&gt;Everyone&amp;rsquo;s waiting for the next big thing,
&lt;br&gt;The next big thing&lt;/p&gt;
</description>
    </item>
    
    <item>
      <title> Obstructure</title>
      <link>http://letraspedia.com/lyric/1208-obstructure/</link>
      <pubDate>Mon, 01 Sep 2008 00:00:00 UTC</pubDate>
      <author>Enthusiastic Hugo User</author>
      <guid>http://letraspedia.com/lyric/1208-obstructure/</guid>
      <description>&lt;p&gt;The pet he found at the bar
&lt;br&gt;the status of a new car with it
&lt;br&gt;big money made a new job
&lt;br&gt;To make him feel a less slob of it
&lt;br&gt;new standards changed the ego
&lt;br&gt;the villain now a hero
&lt;br&gt;looks at life, and takes a bite
&lt;br&gt;a piece of paper makes him proud
&lt;br&gt;the silence of success has gotta seem so loud
&lt;br&gt;his future in a uniform
&lt;br&gt;he&amp;rsquo;s just another number in the eye of the storm
&lt;br&gt;obstructure to late
&lt;br&gt;Is a piece he cannot pay - the cost of pride
&lt;br&gt;and still he hides dies inside - alone he sheds a tear
&lt;br&gt;for the memories of before from it
&lt;br&gt;a tribute to the good of the lord
&lt;br&gt;the bible is the way to forget
&lt;br&gt;New standards changed the ego
&lt;br&gt;the villain now a hero
&lt;br&gt;looks at life, it&amp;rsquo;s flee or fight
&lt;br&gt;Its nervous laughter business now
&lt;br&gt;it used to be a trip to circle - seven without
&lt;br&gt;The plan for number one to rise
&lt;br&gt;the world he lives in is a price tag lie
&lt;br&gt;obstructure to late
&lt;br&gt;Is a piece he cannot pay - the cost of pride
&lt;br&gt;and still he hides inside - dies inside
&lt;br&gt;(Have you ever felt alone?)
&lt;br&gt;(Have you ever felt alone in the crowd?)
&lt;br&gt;You keep your mouth shut
&lt;br&gt;But inside you scream out loud
&lt;br&gt;stay real to yourself, be afraid of yourself
&lt;br&gt;Find a heaven in hell
&lt;br&gt;(Have you ever felt alone?)
&lt;br&gt;Are you so together that you unwound?
&lt;br&gt;You got a pulse so loud you cant hear a sound
&lt;br&gt;Of them talking to you, trying to see though you
&lt;br&gt;And you don&amp;rsquo;t know what to do
&lt;br&gt;obstructure to late
&lt;br&gt;Is a piece he cannot pay - the cost of pride
&lt;br&gt;and still he hides inside - dies inside
&lt;br&gt;(can&amp;rsquo;t be alone, he can&amp;rsquo;t)
&lt;br&gt;Dies inside
&lt;br&gt;(can&amp;rsquo;t be alone, he can&amp;rsquo;t)
&lt;br&gt;Dies inside
&lt;br&gt;(can&amp;rsquo;t be alone, he can&amp;rsquo;t)
&lt;br&gt;Dies inside
&lt;br&gt;(can&amp;rsquo;t be alone)&lt;/p&gt;
</description>
    </item>
    
    <item>
      <title> Outside Looking In</title>
      <link>http://letraspedia.com/lyric/1208-outside-looking-in/</link>
      <pubDate>Mon, 01 Sep 2008 00:00:00 UTC</pubDate>
      <author>Enthusiastic Hugo User</author>
      <guid>http://letraspedia.com/lyric/1208-outside-looking-in/</guid>
      <description>&lt;p&gt;Somebody told him that their way was the right way
&lt;br&gt;He never took a chance, her never had a
&lt;br&gt;chance
&lt;br&gt;Cause he was force fed he had to live his
&lt;br&gt;death sentence
&lt;br&gt;See, he was a new face with a nice smile
&lt;br&gt;He got sucked in got spit out
&lt;br&gt;He was the winner by the standars of gold-digger
&lt;br&gt;A success story in six figures
&lt;br&gt;Outside looking in
&lt;br&gt;It was wasted life on the dream
&lt;br&gt;Outside looking in
&lt;br&gt;He was wasted
&lt;br&gt;Turn your back to the world
&lt;br&gt;So then he grew old, he thought he grew wise
&lt;br&gt;He thought he&amp;rsquo;d know a bad seed in swarm of flies
&lt;br&gt;They couldn&amp;rsquo;t wait to consider him family
&lt;br&gt;Take what they could get and keep walkin&amp;rsquo;
&lt;br&gt;And on his death bed surrounded by his friends
&lt;br&gt;He saw the faces and no substance, let go
&lt;br&gt;With a smile of serenity, he needed change for enternity
&lt;br&gt;On the outside looking in
&lt;br&gt;It was wasted life on a dream
&lt;br&gt;On the outside looking in
&lt;br&gt;He should of seen their dream as a sin
&lt;br&gt;On the outside looking in
&lt;br&gt;It was wasted life on the dream
&lt;br&gt;On the outside looking in
&lt;br&gt;He was wasted
&lt;br&gt;Turn you back on the world
&lt;br&gt;It&amp;rsquo;s what he didn&amp;rsquo;t know, he didn&amp;rsquo;t know that killed him
&lt;br&gt;It&amp;rsquo;s what he didn&amp;rsquo;t know, he didn&amp;rsquo;t know that killed him
&lt;br&gt;It&amp;rsquo;s what he didn&amp;rsquo;t know, he didn&amp;rsquo;t know that killed him
&lt;br&gt;It&amp;rsquo;s what he didn&amp;rsquo;t know
&lt;br&gt;It&amp;rsquo;s what he didn&amp;rsquo;t know (on the outside looking in)
&lt;br&gt;It&amp;rsquo;s what he didn&amp;rsquo;t know (it was wasted life on a dream)
&lt;br&gt;It&amp;rsquo;s what he didn&amp;rsquo;t know (on the outside looking in)
&lt;br&gt;It&amp;rsquo;s what he didn&amp;rsquo;t know (he was wasted)
&lt;br&gt;Turn your back on the world&lt;/p&gt;
</description>
    </item>
    
  </channel>
</rss>