<?xml version="1.0" encoding="utf-8" standalone="yes" ?>
<rss version="2.0" xmlns:atom="http://www.w3.org/2005/Atom">
  <channel>
      <title>3ple Unción on Letraspedia.com thes best lyrics page </title>
    <link>http://letraspedia.com/artist/3ple-unci%C3%B3n/</link>
    <language>en-US</language>
    <author>Enthusiastic Hugo User</author>
    <rights>Copyright (c) 2014, Enthusiastic Hugo User; all rights reserved.</rights>
    <updated>Mon, 01 Sep 2008 00:00:00 UTC</updated>
    
    <item>
      <title> Almas Perdidas</title>
      <link>http://letraspedia.com/lyric/3ple-uncion-almas-perdidas/</link>
      <pubDate>Mon, 01 Sep 2008 00:00:00 UTC</pubDate>
      <author>Enthusiastic Hugo User</author>
      <guid>http://letraspedia.com/lyric/3ple-uncion-almas-perdidas/</guid>
      <description>&lt;p&gt;Por las calles de esa vida se mueve en la madrugada
&lt;br&gt;buscando algo que meterse pero ya no encuentra nada
&lt;br&gt;La tristeza recargada como el arma de un suicida
&lt;br&gt;viviendo lo que quedaba de los restos de su vida
&lt;br&gt;Piensa que no hay salida vaga por ese sendero
&lt;br&gt;esas drogas que consume también consumen
&lt;br&gt;sus sueños es la causa que sin dueño en el silencio
&lt;br&gt;también grita mientras muere entre penumbras
&lt;br&gt;otra batalla perdida.
&lt;br&gt;Por la noche se disuelve sin saber si vas o vienes,
&lt;br&gt; ni le importa
&lt;br&gt;nada a nadie porque siempre el mismo pierde
&lt;br&gt;otro día que se muere y esa calma que no llega
&lt;br&gt;buscando ese chute mágico que hasta el cielo te lleva
&lt;br&gt;piensas que te elevas pero hundido es como acabas
&lt;br&gt;es el fin de tu historieta de vida y no queda nada
&lt;br&gt;se acabo ese cuento de hadas cuando al final reías
&lt;br&gt;volabas por las nubes te caíste no hay salida.
&lt;br&gt;
&lt;br&gt;Yo no se lo que se siente cuando una alma se pierde
&lt;br&gt;pero Jesucristo llora cuando caen al fuego ardiente
&lt;br&gt;Almas perdidas, mentes confundidas que se mueren en el
&lt;br&gt; vicio, otras se suicidan
&lt;br&gt;o simplemente viene la muerte y se lleva tu alma, tuviste
&lt;br&gt; una vida y no supiste
&lt;br&gt;aprovecharla, cielo o infierno te dijimos muchas veces
&lt;br&gt;pero no hiciste caso
&lt;br&gt;son estupideces decías, Yo soy joven tengo una larga vida,
&lt;br&gt; pero tu no decidías eso
&lt;br&gt;solo el Mesías, el que tiene el control de tu tiempo y de
&lt;br&gt;tus días
&lt;br&gt;El lloraba al ver que te llamaba y tu no venias
&lt;br&gt;Ahora te encuentras en un lago lleno de azufre, todo tu
&lt;br&gt;cuerpo arde y ya no hay nadie que te
&lt;br&gt;escuche, ¿ahora a quien acudes, al Dios de las alturas?
&lt;br&gt; el diablo se te ríe con una
&lt;br&gt;expresión de burla, mas profunda en medio de llanto y
&lt;br&gt;gritos de locura, se vienen
&lt;br&gt;a tu mente las sagradas escrituras que te dicen que Jesús
&lt;br&gt;es la salvación y cura
&lt;br&gt;pero es dura la tortura y la realidad tan dura
&lt;br&gt;
&lt;br&gt;&amp;hellip; No hay ternura en una eternidad sin Cristo
&lt;br&gt;solo el crujir de dientes y muchos gritos, porque la paga
&lt;br&gt;del pecado es la muerte, y la palabra lo dice claramente.
&lt;br&gt;El que va a venir a salvarte no es un marciano ni extraterrestre
&lt;br&gt;Solo aquel que llevo tu pecado en su espalda para un día verte
&lt;br&gt;ese es Jesús, El Hijo del Dios viviente
&lt;br&gt;
&lt;br&gt;Almas perdidas, mentes confundidas en un mundo de caídas
&lt;br&gt;y de pocas alegrías
&lt;br&gt;vidas que se pierden y luchan cada día por ganar esa batalla
&lt;br&gt; y sin Cristo están
&lt;br&gt;vencidas.
&lt;br&gt;Almas perdidas, mentes confundidas en un mundo de caídas y
&lt;br&gt;de pocas alegrías
&lt;br&gt;vidas que se pierden y luchan cada día por ganar esa batalla
&lt;br&gt; y sin Cristo están
&lt;br&gt;vencidas.&lt;/p&gt;
</description>
    </item>
    
    <item>
      <title> Bendecidos</title>
      <link>http://letraspedia.com/lyric/3ple-uncion-bendecidos/</link>
      <pubDate>Mon, 01 Sep 2008 00:00:00 UTC</pubDate>
      <author>Enthusiastic Hugo User</author>
      <guid>http://letraspedia.com/lyric/3ple-uncion-bendecidos/</guid>
      <description>&lt;p&gt;Llevo poco tiempo en este movimiento
&lt;br&gt;y lo que no puedo negar, es la mano del maestro
&lt;br&gt;Perfecto, en su negocio estamos muy atentos
&lt;br&gt;Rimo Mc, y El Guayaco aquí somos sus instrumentos
&lt;br&gt;el que el bendice, cuando nos subimos a la tarima y nos
&lt;br&gt;miran dicen ¡Waoo! los cristianos tienen rima
&lt;br&gt;Nos bendice, cuando grabamos en la cabina pa&amp;rsquo; hablar
&lt;br&gt;con sabiduría al joven de hoy en día.
&lt;br&gt;Porque aún no estoy vencido, aún sigo aquí vivo y aunque
&lt;br&gt;no lo he merecido, mucho he recibido.
&lt;br&gt;Sigo sin perder el hilo con la 3ple haciendo ruido
&lt;br&gt;cumpliendo la misión la cual hemos sido escogidos.
&lt;br&gt;
&lt;br&gt;Bendecido yo pa&amp;rsquo; bendecirlo a usted
&lt;br&gt;tenemos un Dios que premia a todo el que le es fiel
&lt;br&gt;Bendecido, gracias a su amor y su grandeza ahora repartimos
&lt;br&gt;de esta bendición que es nuestra
&lt;br&gt;Bendecido yo pa&amp;rsquo; bendecirlo a usted
&lt;br&gt;tenemos un Dios que premia a todo el que le es fiel
&lt;br&gt;Bendecido, gracias a su amor y su grandeza ahora repartimos
&lt;br&gt;de esta bendición con fuerza
&lt;br&gt;
&lt;br&gt;Porque sé que desde siempre nos habías escogido desde el
&lt;br&gt;vientre de nuestra madre éramos bendecidos.
&lt;br&gt;Pa&amp;rsquo; proclamar tu gloria, desde que no hay memoria, yo sé
&lt;br&gt;que en tu corazón ya se escribía nuestra historia.
&lt;br&gt;Pa&amp;rsquo; asombrar a las naciones proclamando tus proezas
&lt;br&gt;dando testimonio firme de la diestra de tu fuerza
&lt;br&gt;y a la luz de tu grandeza, todos queden asombrados
&lt;br&gt;viendo la gran obra que tu con nosotros has realizado
&lt;br&gt;nos mantiene bien parados y nos lleva hacia adelante
&lt;br&gt;Sabiendo que si tu estas mejor que tiemblen los gigantes,
&lt;br&gt;y hoy revientan los parlantes cuando cantamos al ungido,
&lt;br&gt;proclamando por doquiera que hemos sido
&lt;br&gt;¡bendecidos!
&lt;br&gt;
&lt;br&gt;Bendecido yo pa&amp;rsquo; bendecirlo a usted
&lt;br&gt;tenemos un Dios que premia a todo el que le es fiel
&lt;br&gt;Bendecido, gracias a su amor y su grandeza ahora repartimos
&lt;br&gt;de esta bendición que es nuestra
&lt;br&gt;Bendecido yo pa&amp;rsquo; bendecirlo a usted
&lt;br&gt;tenemos un Dios que premia a todo el que le es fiel
&lt;br&gt;Bendecido, gracias a su amor y su grandeza ahora repartimos
&lt;br&gt;de esta bendición con fuerza
&lt;br&gt;
&lt;br&gt;Bendecidos, sí porque yo he visto los progresos
&lt;br&gt;y he visto que sus premios valen mas que muchos euros,
&lt;br&gt;galardón con peso para atrás yo no regreso, con Jesús yo
&lt;br&gt;tengo acceso
&lt;br&gt;al mas rico del universo.
&lt;br&gt;
&lt;br&gt;Esta bendición nos libra de leones, tempestades
&lt;br&gt;nos lleva por el desierto, nos guía con sus señales y como
&lt;br&gt;no hay quien lo iguale, él nos ha dado una misión
&lt;br&gt;La de rescatar al mundo con el grupo
&lt;br&gt;¡¡3ple unción!!
&lt;br&gt;
&lt;br&gt;Bendecido yo pa&amp;rsquo; bendecirlo a usted
&lt;br&gt;tenemos un Dios que premia a todo el que le es fiel
&lt;br&gt;Bendecido, gracias a su amor y su grandeza ahora repartimos
&lt;br&gt;de esta bendición que es nuestra
&lt;br&gt;Bendecido yo pa&amp;rsquo; bendecirlo a usted
&lt;br&gt;tenemos un Dios que premia a todo el que le es fiel
&lt;br&gt;Bendecido, gracias a su amor y su grandeza ahora repartimos
&lt;br&gt;de esta bendición con fuerza&lt;/p&gt;
</description>
    </item>
    
    <item>
      <title> En El Nombre De Jesús</title>
      <link>http://letraspedia.com/lyric/3ple-uncion-en-el-nombre-de-jesus/</link>
      <pubDate>Mon, 01 Sep 2008 00:00:00 UTC</pubDate>
      <author>Enthusiastic Hugo User</author>
      <guid>http://letraspedia.com/lyric/3ple-uncion-en-el-nombre-de-jesus/</guid>
      <description>&lt;p&gt;Todo lo que hacemos
&lt;br&gt;En el nombre de Jesús
&lt;br&gt;Nosotros damos gloria solo al nombre de Jesús
&lt;br&gt;Por quien cantamos ahora, por el nombre de Jesús
&lt;br&gt;Exaltamos por siempre solo el nombre de Jesús
&lt;br&gt;
&lt;br&gt;¡El nombre de Jesús!
&lt;br&gt;¡El nombre de Jesús!
&lt;br&gt;¡El nombre de Jesús!
&lt;br&gt;¡El nombre de Jesús!
&lt;br&gt;¡El nombre de Jesús!
&lt;br&gt;¡El nombre de Jesús!
&lt;br&gt;¡El nombre de Jesús!
&lt;br&gt;¡El nombre de Jesús!
&lt;br&gt;
&lt;br&gt;Dime pana que quieres expresar cada vez que te
&lt;br&gt; pones a rimar
&lt;br&gt;hablas de matar, hablas de fumar
&lt;br&gt;¿pero dime?
&lt;br&gt;Donde tu alma va a parar..
&lt;br&gt;todo lo que tiras es superficial, algo instantáneo que
&lt;br&gt;se va a borrar
&lt;br&gt;respeto, fama tu quieres lograr pero dime ya donde
&lt;br&gt;queda tu moral
&lt;br&gt;Ehhh??
&lt;br&gt;
&lt;br&gt;Deja los puntos, los negos, las metras
&lt;br&gt;ya cambia esa vida y escribe otra letra
&lt;br&gt;que pasa mi pana tu vives sin meta presento a Cristo
&lt;br&gt;descarga completa, flow con estilo que dice la neta
&lt;br&gt;suelta palabra como una escopeta
&lt;br&gt;repleta de letra de vida no muerta
&lt;br&gt;limpia que salva pa&amp;rsquo; diestra y siniestra
&lt;br&gt;
&lt;br&gt;Esto no va de tema social, la verdad ese no es el
&lt;br&gt;asunto (Que va..) Misión de la guerra en lo espiritual,
&lt;br&gt; poner la coma
&lt;br&gt;y los puntos
&lt;br&gt;Exhortar, avisar y por siempre rapear abriendo los
&lt;br&gt;ojos al mundo que se deja llevar por la vida carnal,
&lt;br&gt;cayendo al fuego profundo
&lt;br&gt;
&lt;br&gt;Matas lo bello que tiene este arte, pone lo malo solo
&lt;br&gt; de tu parte, tiras y tiras tan solo desastre ha esta
&lt;br&gt; humanidad que
&lt;br&gt;ya empieza arrastrarse, dices que eres el mejor,
&lt;br&gt;No lo creo!
&lt;br&gt;Destruyes la mente cantando perreo
&lt;br&gt;el timbre te suena, ya vete al recreo, uno siempre
&lt;br&gt;se quema si juega con fuego
&lt;br&gt;
&lt;br&gt;Todo lo que hacemos
&lt;br&gt;En el nombre de Jesús
&lt;br&gt;Nosotros damos gloria solo al nombre de Jesús
&lt;br&gt;Por quien cantamos ahora, por el nombre de Jesús
&lt;br&gt;Exaltamos por siempre solo el nombre de Jesús
&lt;br&gt;
&lt;br&gt;¡El nombre de Jesús!
&lt;br&gt;¡El nombre de Jesús!
&lt;br&gt;¡El nombre de Jesús!
&lt;br&gt;¡El nombre de Jesús!
&lt;br&gt;¡El nombre de Jesús!
&lt;br&gt;¡El nombre de Jesús!
&lt;br&gt;¡El nombre de Jesús!
&lt;br&gt;¡El nombre de Jesús!
&lt;br&gt;
&lt;br&gt;Y lo que te canto no es mentira, no lo hago con ira
&lt;br&gt;ni con envidia
&lt;br&gt;la calle esta fría de noche y de día
&lt;br&gt;y ya no te salva ni la policía.
&lt;br&gt;El rap que tu sientes, se cuela en tu mente y de forma
&lt;br&gt; inconciente tu cuerpo actúa
&lt;br&gt;mis rimas calientes para inteligentes palabras conciente
&lt;br&gt;del Jeshua
&lt;br&gt;
&lt;br&gt;Eres un maleante pero de juguete contando historietas
&lt;br&gt; de balas y muerte comienzan los plomos, no hay quien
&lt;br&gt; te encuentre
&lt;br&gt;desde tu esquina tu lapiz se siente
&lt;br&gt;deja ese cuento mi pana es urgente
&lt;br&gt;buscas al diablo, puede que lo encuentres
&lt;br&gt;no insistas no es cierto tu sabes que mientes
&lt;br&gt;deja ese camino que lleva a la muerte
&lt;br&gt;
&lt;br&gt;Todo lo que hacemos
&lt;br&gt;En el nombre de Jesús
&lt;br&gt;Nosotros damos gloria solo al nombre de Jesús
&lt;br&gt;Por quien cantamos ahora, por el nombre de Jesús
&lt;br&gt;Exaltamos por siempre solo el nombre de Jesús
&lt;br&gt;
&lt;br&gt;¡El nombre de Jesús!
&lt;br&gt;¡El nombre de Jesús!
&lt;br&gt;¡El nombre de Jesús!
&lt;br&gt;¡El nombre de Jesús!
&lt;br&gt;¡El nombre de Jesús!
&lt;br&gt;¡El nombre de Jesús!
&lt;br&gt;¡El nombre de Jesús!
&lt;br&gt;¡El nombre de Jesús!&lt;/p&gt;
</description>
    </item>
    
    <item>
      <title> Gracias Señor</title>
      <link>http://letraspedia.com/lyric/3ple-uncion-gracias-senor/</link>
      <pubDate>Mon, 01 Sep 2008 00:00:00 UTC</pubDate>
      <author>Enthusiastic Hugo User</author>
      <guid>http://letraspedia.com/lyric/3ple-uncion-gracias-senor/</guid>
      <description>&lt;p&gt;Ahora empiezo con este tema
&lt;br&gt;y sin dilema, sabiendo que de mi señor
&lt;br&gt;tal vez podria escribir mil temas
&lt;br&gt;no hay problema, lo explico?
&lt;br&gt;Y me llena de mucho gozo, sabiendo que
&lt;br&gt;rebozo porque me has librado del pozo.
&lt;br&gt;
&lt;br&gt;Le doy gracias a Él y por su gran ejemplo
&lt;br&gt;escogí su camino y ahora soy su templo
&lt;br&gt;y lo que siento es una paz y alegría, un cariño
&lt;br&gt;especial, que antes no sentía.
&lt;br&gt;
&lt;br&gt;Me lleno de alegría porque vas a bendecirme
&lt;br&gt;confiado en que tu sangre se derrama por limpiarme
&lt;br&gt;cada día, cada hora, cada instante por doquiera, me has amado
&lt;br&gt;te entregaste por salvarme, como fuera.
&lt;br&gt;
&lt;br&gt;En el juego de la vida yo voy con el que manda
&lt;br&gt;mi Dios, mi amigo, el dueño de mi alma
&lt;br&gt;no aceptes propaganda el diablo cree que manda
&lt;br&gt;vente con el único que ayuda, sana y salva.
&lt;br&gt;
&lt;br&gt;Gracias señor, (¡gracias señor!) por tu amor es que yo sigo
&lt;br&gt;me llenaste de tu amor, me brillo tu resplandor
&lt;br&gt;con su sangre me limpio, limpio, mi corazón
&lt;br&gt;Gracias mi Dios (¡gracias mi Dios!) me salvaste y ahora vivo
&lt;br&gt;te lo dice 3ple unción ahora lleno de ilusión, recibe este mensaje que te
&lt;br&gt;digo en mi canción
&lt;br&gt;(Recibe esta canción que sale del corazón con inspiración para ti señor)
&lt;br&gt;
&lt;br&gt;Así me siento&amp;hellip; lleno de euforia sintiendo en mi, toda victoria y como no
&lt;br&gt;para Dios sea toda la gloria, ya no soy escoria ahora soy un diamante
&lt;br&gt;un guerrero de Dios con un futuro por delante, plante quien se plante sigo
&lt;br&gt;para adelante porque de mi lado siempre llevo al gigante
&lt;br&gt;Ahora estoy lleno de su amor cada día, le dedico esta canción, porque es
&lt;br&gt;el que me inspira.
&lt;br&gt;
&lt;br&gt;Esta dicha de ser salvo es la que ahora yo comparto, por haberme puesto a salvo
&lt;br&gt;te agradezco sin pensarlo, tanta es esta mi alegría que por siempre, yo lo cuento
&lt;br&gt;mi vidas no alcanzaría por pagar lo que tu has hecho
&lt;br&gt;Sacrificio tan extremo, por amor no había existido, tu lo hiciste por salvarme, gracias a
&lt;br&gt;Él es que yo vivo, soy el hombre mas feliz de esta tierra por tu amor
&lt;br&gt;gracias porque en el calvario fuiste tu y no fui yo
&lt;br&gt;
&lt;br&gt;Gracias señor, (¡gracias señor!) por tu amor es que yo sigo
&lt;br&gt;me llenaste de tu amor, me brillo tu resplandor
&lt;br&gt;con su sangre me limpio, limpio, mi corazón
&lt;br&gt;Gracias mi Dios (¡gracias mi Dios!) me salvaste y ahora vivo
&lt;br&gt;te lo dice 3ple unción ahora lleno de ilusión, recibe este mensaje que te
&lt;br&gt;digo en mi canción
&lt;br&gt;
&lt;br&gt;¡Gracias, gracias, gracias, gracias, gracias señor!
&lt;br&gt;¡Gracias, gracias, gracias, dale gracias, gracias señor!
&lt;br&gt;
&lt;br&gt;Gracias señor, (¡gracias señor!) por tu amor es que yo sigo
&lt;br&gt;me llenaste de tu amor, me brillo tu resplandor
&lt;br&gt;con su sangre me limpio, limpio, mi corazón
&lt;br&gt;Gracias mi Dios (¡gracias mi Dios!) me salvaste y ahora vivo
&lt;br&gt;te lo dice 3ple unción ahora lleno de ilusión, recibe este mensaje que te
&lt;br&gt;digo en mi canción.&lt;/p&gt;
</description>
    </item>
    
    <item>
      <title> Mil Maneras</title>
      <link>http://letraspedia.com/lyric/3ple-uncion-mil-maneras/</link>
      <pubDate>Mon, 01 Sep 2008 00:00:00 UTC</pubDate>
      <author>Enthusiastic Hugo User</author>
      <guid>http://letraspedia.com/lyric/3ple-uncion-mil-maneras/</guid>
      <description>&lt;p&gt;Tengo mil maneras de alabarte
&lt;br&gt;agradeciendo el amor que me das de verdad
&lt;br&gt;existen mil palabras y no alcanzan, para expresarte
&lt;br&gt;mi eterna fidelidad
&lt;br&gt;No hay manera en la que yo no pueda servirte a ti
&lt;br&gt;tu amor hoy me cambio y me has hecho tan feliz
&lt;br&gt;Esa paz que tu me das, nunca antes la conseguí
&lt;br&gt;gracias a ti mi señor, por amarme tanto así
&lt;br&gt;
&lt;br&gt;Si te alaba la tierra, si te alaba el viento
&lt;br&gt;Como no alabarte con mi pensamiento
&lt;br&gt;te alabo en palabra y hasta sin aliento
&lt;br&gt;frente a tu presencia como estarse quieto
&lt;br&gt;por tantos milagros y tantas proezas
&lt;br&gt;porque fiel has sido, tu verdad es completa
&lt;br&gt;la canción mas guapa de mi vida empieza
&lt;br&gt;al conocerte papi y cantar esta letra
&lt;br&gt;me ha dado aliento a conquistar la tierra
&lt;br&gt;pa&amp;rsquo; poner mis pies y ganar esa guerra
&lt;br&gt;esa guerra santa como jerico diste la estrategia
&lt;br&gt;y el muro cayo, como cayo Daniel al foso de leones
&lt;br&gt;tu lo protegiste y es de los campeones
&lt;br&gt;los que ganan luchas alcanzan galardones
&lt;br&gt;por darte la gloria, solo por tu nombre
&lt;br&gt;ese santo nombre que me da victoria
&lt;br&gt;Jehová el guerrero que escribió  la historia
&lt;br&gt;existen mil memorias que me hablan de él
&lt;br&gt;por eso aquí y ahora le alabo también
&lt;br&gt;te digo, gracias señor por haberme salvado
&lt;br&gt;soy tan feliz cuando estas a mi lado
&lt;br&gt;el tiempo ha pasado yo he notado tu mano
&lt;br&gt;y a pesar de todo nunca te has alejado.
&lt;br&gt;Tengo mas de mil palabras pero no me alcanzan
&lt;br&gt;y de darte muchas gracias
&lt;br&gt;mi boca nunca se cansa intento seguir tus pasos
&lt;br&gt;pero siento que me falta
&lt;br&gt;la fuerza que de arriba yo he sabido que me mandas
&lt;br&gt;solo se esta manera de alabarte mi Dios, seguro que alguno
&lt;br&gt;lo haría mejor que yo, pero créeme nadie
&lt;br&gt;pondría en su canción todo lo que yo
&lt;br&gt;he puesto papi en mi corazón
&lt;br&gt;
&lt;br&gt;Tengo mil maneras de alabarte
&lt;br&gt;agradeciendo el amor que me das de verdad
&lt;br&gt;existen mil palabras y no alcanzan, para expresarte
&lt;br&gt;mi eterna fidelidad
&lt;br&gt;No hay manera en la que yo no pueda servirte a ti
&lt;br&gt;tu amor hoy me cambio y me has hecho tan feliz
&lt;br&gt;Esa paz que tu me das, nunca antes la conseguí
&lt;br&gt;gracias a ti mi señor, por amarme tanto así
&lt;br&gt;
&lt;br&gt;De mil maneras y donde sea, yo te alabo donde quiera
&lt;br&gt;De mil maneras y donde sea, yo te alabo donde quiera
&lt;br&gt;Que te alabe la luna que te alaben las estrellas que te alabe
&lt;br&gt;el rey príncipes y doncellas, pobre ricos, jóvenes y ancianos
&lt;br&gt;levanta la mano alaba al soberano, al que te dio la vida,
&lt;br&gt;al que te vio nacer, al que te dio de beber cuando tenias sed
&lt;br&gt;al mismo rey que liberto Israel, al que abrió el mar
&lt;br&gt;a travéz de Moisés ¿como lo ves?
&lt;br&gt;El mismo de hoy y de ayer alabándole y cantándole aquí en el 2010
&lt;br&gt;algo freshhh, para Jesús de Nazareth
&lt;br&gt; al que hizo los milagros con el vino pan y pez
&lt;br&gt;fieeel, (fieeel) por eso es que lo alabo, me hizo príncipe siendo un esclavo
&lt;br&gt;como no alabarlo, como no adorarlo, seria un pecado quedarse callado
&lt;br&gt;ante su grandeza, su amor y belleza yo te alabo papi de pies a cabeza
&lt;br&gt;mi boca se expresa con total pureza
&lt;br&gt;rima celestial te pongo en tu mesa, quita ya la pereza y pon de lo mejor
&lt;br&gt;quita la tristeza que el te pone amor,
&lt;br&gt;¡hey salta danza, grita, woou, subele el volumen
&lt;br&gt;al party del señor!
&lt;br&gt;
&lt;br&gt;Tengo mil maneras de alabarte
&lt;br&gt;agradeciendo el amor que me das de verdad
&lt;br&gt;existen mil palabras y no alcanzan, para expresarte
&lt;br&gt;mi eterna fidelidad
&lt;br&gt;No hay manera en la que yo no pueda servirte a ti
&lt;br&gt;tu amor hoy me cambio y me has hecho tan feliz
&lt;br&gt;Esa paz que tu me das, nunca antes la conseguí
&lt;br&gt;gracias a ti mi señor, por amarme tanto así&lt;/p&gt;
</description>
    </item>
    
    <item>
      <title> No Llores Mas</title>
      <link>http://letraspedia.com/lyric/3ple-uncion-no-llores-mas/</link>
      <pubDate>Mon, 01 Sep 2008 00:00:00 UTC</pubDate>
      <author>Enthusiastic Hugo User</author>
      <guid>http://letraspedia.com/lyric/3ple-uncion-no-llores-mas/</guid>
      <description>&lt;p&gt;No llores mas de nuevo
&lt;br&gt;si cada vez que llamas tengo listo para ti un te quiero
&lt;br&gt;No finjas mas prefiero
&lt;br&gt;que vengas ante mi con un corazón humilde y sincero.
&lt;br&gt;
&lt;br&gt;Ante tu trono señor, hoy yo quiero venir
&lt;br&gt;mi mente dice no, mi corazón dice si
&lt;br&gt;es que no puedo enfrentarme son tantos
&lt;br&gt;los enemigos que atentan contra mi alma
&lt;br&gt;si lucho conmigo mismo, por mantenerme en tu gracia
&lt;br&gt;pero nunca lo consigo y cuando te veo mas cerca
&lt;br&gt;otra vez vuelve ese abismo, que me separa, me aleja
&lt;br&gt;y que juega con mi mente, malamente me aconseja
&lt;br&gt;y vuelvo a ser reincidente.
&lt;br&gt;Es que no puedo señor,
&lt;br&gt;sin ti ¿tu comprendes? Te necesito conmigo
&lt;br&gt;Como siempre ¿me entiendes? Mi alma no tiene paz
&lt;br&gt;esperando ese momento en el que tu vengas y me perdones
&lt;br&gt;es cierto, me has amado primero, me has liberado
&lt;br&gt;Perdona mis culpas por mi te has entregado, en tu amor voy buscando
&lt;br&gt;la solución cada día, la bocanada de aire para seguir con mi vida.
&lt;br&gt;
&lt;br&gt;No llores mas de nuevo
&lt;br&gt;si cada vez que llamas tengo listo para ti un te quiero
&lt;br&gt;No finjas mas prefiero
&lt;br&gt;que vengas ante mi con un corazón humilde y sincero
&lt;br&gt;Tranquilo no tengas miedo, mis brazos estarán para ti por siempre abiertos.
&lt;br&gt;
&lt;br&gt;Oh padre la carne dice que ya no te hable
&lt;br&gt;pero ya no aguanto mas mi alma pide que te clame
&lt;br&gt;se que de mi corazón solo tu tienes la llave, hoy vengo ante ti
&lt;br&gt;con muchas heridas graves.
&lt;br&gt;Tu me conoces y sabes bien mi referencia hoy vengo humillado buscando
&lt;br&gt;de tu presencia, conciencia es la que me acusa y no me deja
&lt;br&gt;Hoy me siento herido y mi cara lo refleja
&lt;br&gt;aquí en lo secreto mis lagrimas se derraman
&lt;br&gt;yo te pido perdón y tu me dices que me amas
&lt;br&gt;lloro y mas lloro mis lagrimas me confirman que tu amor celestial a mi alma
&lt;br&gt;aterriza, la brisa que rosa mi cara esa es tu caricia
&lt;br&gt;gracias por cambiar esta tristeza en risa
&lt;br&gt;no tengo palabras mi mente no analiza, gracias por curar este corazón hecho trizas.
&lt;br&gt;
&lt;br&gt;No llores mas de nuevo
&lt;br&gt;si cada vez que llamas tengo listo para ti un te quiero
&lt;br&gt;No finjas mas prefiero
&lt;br&gt;que vengas ante mi con un corazón humilde y sincero
&lt;br&gt;Tranquilo no tengas miedo, mis brazos estarán para ti por siempre abiertos.&lt;/p&gt;
</description>
    </item>
    
    <item>
      <title> Quien Es Quien</title>
      <link>http://letraspedia.com/lyric/3ple-uncion-quien-es-quien/</link>
      <pubDate>Mon, 01 Sep 2008 00:00:00 UTC</pubDate>
      <author>Enthusiastic Hugo User</author>
      <guid>http://letraspedia.com/lyric/3ple-uncion-quien-es-quien/</guid>
      <description>&lt;p&gt;Legó la hora pana de saber
&lt;br&gt;Quien es quien
&lt;br&gt;Sacarle la careta a los que juegan a ser fiel
&lt;br&gt;agárrate fuerte que esto se queda en tu cien
&lt;br&gt;mi pregunta hoy es&amp;hellip; con Dios o con lucifer?
&lt;br&gt;
&lt;br&gt;Llegó la hora pana de saber
&lt;br&gt;Quien es quien
&lt;br&gt;Sacarle la careta a los que juegan a ser fiel
&lt;br&gt;agárrate fuerte que esto se queda en tu cien
&lt;br&gt;mi pregunta hoy es&amp;hellip; con Dios o con lucifer?
&lt;br&gt;
&lt;br&gt;Esta es la verdad que tenia que salir ya, esto va para
&lt;br&gt;los jóvenes y para el mayor de edad, no me mientas que
&lt;br&gt;no vas, a quien quieres engañar, si de lejos se te ve
&lt;br&gt; tu cara de falsedad.
&lt;br&gt;
&lt;br&gt;No soporto hipocresía, ni envidia, ni la mentira
&lt;br&gt;gente con dos caretas tarde o temprano las pillan
&lt;br&gt;esto pasa en las calles, los barrios y en las esquinas
&lt;br&gt;donde el veneno abunda y esta escasa la vitamina espiritual
&lt;br&gt;tu testimonio empieza a defraudar, un día para la iglesia y otro empieza a basilar&amp;hellip; Uiii!!
&lt;br&gt;
&lt;br&gt;Veo que la cosa por ahí va muy mal y es normal que los
&lt;br&gt;hermanos luego se pongan a hablar.
&lt;br&gt;LLámame loco crazy se que tu me vas a callar pero por
&lt;br&gt;tu chistesito la gente se va apartar del camino
&lt;br&gt;estate calentito o tal vez frío prefieres torturarte
&lt;br&gt;por siempre o ser bendecido AHH??
&lt;br&gt;
&lt;br&gt;Se ha acabado tu cuento no me tires la rara
&lt;br&gt;pero si ya todos saben que tu tienes dos caras, a quien
&lt;br&gt; crees que engañas
&lt;br&gt;¿acaso a Dios o a ti mismo?
&lt;br&gt;son tan grandes tus patrañas que rallan con tu sinísmo
&lt;br&gt;Domingo en la mañana primerito en el culto, por la tarde
&lt;br&gt;en la disco o basilando en el punto
&lt;br&gt;Dices que te confundes, que la iglesia es muy pura, deje
&lt;br&gt; el amague mi socio no sea tan cara dura
&lt;br&gt;Ni caliente ni frío, pero no llegas ni a tibio, te juegas
&lt;br&gt; con la palabra y te la llevas de alivio
&lt;br&gt;Esto es así de sencillo o haces mal o haces bien
&lt;br&gt;pero al final del camino ya se vera quien es quien
&lt;br&gt;Que desperdicio de tiempo al calentarme los sesos voy
&lt;br&gt;escribiendo tu historia, no te mereces ni eso, pero
&lt;br&gt;quiero que comprendas y sepas bien de lo que hablo
&lt;br&gt;si tu no estas bien con Dios, pronto estarás con el diablo.
&lt;br&gt;
&lt;br&gt;Llegó la hora loco de saber
&lt;br&gt;Quien es quien
&lt;br&gt;quitarle la careta a los que juegan a ser fiel
&lt;br&gt;agárrate fuerte mira brother porque
&lt;br&gt;ahora mi pregunta estas con Dios o estas con quien?
&lt;br&gt;
&lt;br&gt;Llegó la hora loco de saber
&lt;br&gt;Quien es quien
&lt;br&gt;quitarle la careta a los que juegan a ser fiel
&lt;br&gt;agárrate fuerte mira brother porque
&lt;br&gt;ahora mi pregunta estas con Dios o estas con quien?
&lt;br&gt;
&lt;br&gt;¿Dime que fué?
&lt;br&gt;¿Dime quien tu eres?
&lt;br&gt;¿Dime que paso?
&lt;br&gt;¿Cuantas caras tienes?
&lt;br&gt;¿Que te sucedió ya has perdido los papeles?
&lt;br&gt;En que camino andas dime loco ¿cual prefieres?
&lt;br&gt;Si andas con la guasa brother vete a los placeres
&lt;br&gt;si vas con el divino ven y cumple los deberes.
&lt;br&gt;Camino de guerrero, camino de valiente, esto es
&lt;br&gt;demostrarlo no solo pelar el diente.
&lt;br&gt;
&lt;br&gt;Siempre confundido a otro vas liando
&lt;br&gt;desprecias el trabajo que Dios ha creado, estabas dormido
&lt;br&gt; o tal vez roncando, a todo el que pillas tu vas arrastrando
&lt;br&gt;Como mantequilla te vas resbalando no sabes a donde
&lt;br&gt;conducen tus pasos
&lt;br&gt;Si al fin del camino seras condenado, no cuenta tu
&lt;br&gt;imagen solo resultado, no pasas y punto, seras reprobado
&lt;br&gt;Este es tu pago por haber pecado
&lt;br&gt;Arranca mi socio que yo ya he empezado por ese
&lt;br&gt; camino te estoy esperando
&lt;br&gt;
&lt;br&gt;LLegó la hora pana de saber
&lt;br&gt;Quien es quien
&lt;br&gt;Sacarle la careta a los que juegan a ser fiel
&lt;br&gt;agárrate fuerte que esto se queda en tu cien
&lt;br&gt;mi pregunta hoy es&amp;hellip; con Dios o con lucifer?
&lt;br&gt;
&lt;br&gt;Llegó la hora loco de saber
&lt;br&gt;Quien es quien
&lt;br&gt;quitarle la careta a los que juegan a ser fiel
&lt;br&gt;agárrate fuerte mira brother porque
&lt;br&gt;ahora mi pregunta estas con Dios o estas con quien?&lt;/p&gt;
</description>
    </item>
    
    <item>
      <title> Salte De Ese Viaje</title>
      <link>http://letraspedia.com/lyric/3ple-uncion-salte-de-ese-viaje/</link>
      <pubDate>Mon, 01 Sep 2008 00:00:00 UTC</pubDate>
      <author>Enthusiastic Hugo User</author>
      <guid>http://letraspedia.com/lyric/3ple-uncion-salte-de-ese-viaje/</guid>
      <description>&lt;p&gt;Salte de ese viaje ya deja ese camino de maldad
&lt;br&gt;(deja el camino del mal)
&lt;br&gt;Suelta tu equipaje y vente con nosotros a volar
&lt;br&gt;(por la eternidad)
&lt;br&gt;Salte de ese viaje ya deja ese camino de maldad
&lt;br&gt;(deja el camino del mal)
&lt;br&gt;porque si no cambias seguro que al final perecerás
&lt;br&gt;(perecerás por siempre)
&lt;br&gt;
&lt;br&gt;Entro ya rimando a la velocidad del rayo
&lt;br&gt;fíjate en mis rimas y verás como no fallo
&lt;br&gt;Estas son metrallas porque ellas se te clavan
&lt;br&gt;te restauran y edifican si las dejas hasta te salvan
&lt;br&gt;Buscas ayuda y mandas señales y te haces el duro
&lt;br&gt;solo por ranquearte donde esta la lista
&lt;br&gt;los otros nueve, el top ten que sigues yo se quien lo mueve
&lt;br&gt;te lleva triste por calles oscuras vacilando cosas que nunca
&lt;br&gt;te curan, te ofrecen lujos y también placeres luego no recuerdas
&lt;br&gt;ya ni quien tu eres.
&lt;br&gt;Dices, esto es vida y te crees que eres el rey, pero cuando ya no hay
&lt;br&gt;nadie mueres en tu propia ley
&lt;br&gt;la calle no te salva, la calle te condena, la calle cuenta historias pero
&lt;br&gt;son desde la trena y siempre te queda ese traje a medida del
&lt;br&gt;ultimo viaje, no hay salida
&lt;br&gt;Que pasa loco, mira vengo a verte existe otra vida que no es por suerte
&lt;br&gt;es de vida o muerte este mensaje, para ya detente, salte de ese viaje
&lt;br&gt;el tiempo se me acaba pero ya te dejo listo, existe tiene un nombre
&lt;br&gt;y se llama Jesucristo.
&lt;br&gt;
&lt;br&gt;Salte de ese viaje ya deja ese camino de maldad
&lt;br&gt;(deja el camino del mal)
&lt;br&gt;Suelta tu equipaje y vente con nosotros a volar
&lt;br&gt;(por la eternidad)
&lt;br&gt;Salte de ese viaje ya deja ese camino de maldad
&lt;br&gt;(deja el camino del mal)
&lt;br&gt;porque si no cambias seguro que al final perecerás
&lt;br&gt;(perecerás por siempre)
&lt;br&gt;
&lt;br&gt;Ya déjate de líos y aprende de lo mio, vengo abrir la mente
&lt;br&gt;de todos los impíos, se que estas muy frío hijo mio yo te cuido
&lt;br&gt;vengo ayudarte y de ti yo no me río
&lt;br&gt;vuelve 3ple unción, vuelve el mismo trío
&lt;br&gt;regalando salvación para amigos y enemigos
&lt;br&gt;sigo y prosigo, Jesús anda conmigo, yo no tengo miedo cuando al
&lt;br&gt;diablo le tiro.
&lt;br&gt;¡Hey, que fue! el flaco otra vez, hablando de lo bueno pa&amp;rsquo; que veas como es
&lt;br&gt;chamaco, deja de tu vida de arrebato o terminaras pitiao o muerto en un asalto
&lt;br&gt;Yo no soy perfecto pero con Cristo trato,
&lt;br&gt;vente pa&amp;rsquo; la iglesia y aprende  del Guayaco, aprende del Guayaco,
&lt;br&gt;aprende del Guayaco, vente pa&amp;rsquo; la iglesia y aprende del Guayaco..
&lt;br&gt;(¡Sergio para ya, ya deja tus sermones!)
&lt;br&gt;Mi pana lo que quiero es que a la luz tu te asomes, se que eres muy joven
&lt;br&gt;y que el mundo tu te comes pero cuando a ti te coman espero que no me llores
&lt;br&gt;my homie también he fumado blon en los balcones he andado en tus rincones y
&lt;br&gt;por tus callejones mujeres, partys y blones a montones que hasta mis
&lt;br&gt;for one&amp;rsquo;s tienen hueco en los talones.
&lt;br&gt;Quiero que razones y que aprendas de lo bueno, escoge el ejemplo de
&lt;br&gt;Jesús el Nazareno.
&lt;br&gt;
&lt;br&gt;Salte de ese viaje ya deja ese camino de maldad
&lt;br&gt;(deja el camino del mal)
&lt;br&gt;Suelta tu equipaje y vente con nosotros a volar
&lt;br&gt;(por la eternidad)
&lt;br&gt;Salte de ese viaje ya deja ese camino de maldad
&lt;br&gt;(deja el camino del mal)
&lt;br&gt;porque si no cambias seguro que al final perecerás
&lt;br&gt;(perecerás por siempre)&lt;/p&gt;
</description>
    </item>
    
    <item>
      <title> Terrorismo Espiritual</title>
      <link>http://letraspedia.com/lyric/3ple-uncion-terrorismo-espiritual/</link>
      <pubDate>Mon, 01 Sep 2008 00:00:00 UTC</pubDate>
      <author>Enthusiastic Hugo User</author>
      <guid>http://letraspedia.com/lyric/3ple-uncion-terrorismo-espiritual/</guid>
      <description>&lt;p&gt;Voy pasando por la puerta ya me entro el miedo de pronto
&lt;br&gt;Yo no soy el que la monto pero siento que me observan
&lt;br&gt;por las normas que conservan o es que hay monos en mi cara
&lt;br&gt;la verdad no esta tan clara pero miran y comentan.
&lt;br&gt;Voy vestido diferente reacciono de otra manera me siguen como una fiera
&lt;br&gt;fuera de su medio ambiente la verdad no es consecuente a
&lt;br&gt;lo que dicen
&lt;br&gt;sus palabras, porque cada vez que hablan dicen algo que
&lt;br&gt;no sienten.
&lt;br&gt;Lo comprendo se que mienten ¿pero a quien creen que engañan?
&lt;br&gt;sin embargo con mis fallas, ya no son tan consecuentes el perdón constantemente
&lt;br&gt;sigue siendo defraudado me hace falta un abogado para de ellos defenderme
&lt;br&gt;y el amar profundamente ya quedado en el pasado tienen
&lt;br&gt;el cielo ganado
&lt;br&gt;condenando diariamente, terrorismo de la mente, por llegar a ser cristiano
&lt;br&gt;pa&amp;rsquo; que me llamen hermano tendré que al mundo volverme&amp;hellip;
&lt;br&gt;
&lt;br&gt;Hermano esta es la realidad lo que pasa en las iglesias
&lt;br&gt; de por aquí y de por allá
&lt;br&gt;mucha gente se piensan que esto no va enserio, cuando
&lt;br&gt;en realidad muchas vidas
&lt;br&gt;están en juego.
&lt;br&gt;
&lt;br&gt;Entro en la sociedad que se creen que son perfectos, ni
&lt;br&gt; siquiera me conocen
&lt;br&gt;y van sacándome defectos, no se si por mi aspecto o por
&lt;br&gt;mi forma de vestir
&lt;br&gt;primera sensación tengo ganas de huir, me siento muy mal,
&lt;br&gt;tengo ganas de
&lt;br&gt;llorar, tengo ganas de volver al parque y ponerme a fumar
&lt;br&gt;Terrorismo espiritual es lo que ellos me demuestran que
&lt;br&gt;tendré que hacer
&lt;br&gt;¿seguirte el rollo o irme pa&amp;rsquo; otra iglesia?
&lt;br&gt;El amor se demuestra la amistad se manifiesta, ese es
&lt;br&gt;un mandamiento
&lt;br&gt;no hay negocio ni propuestas.
&lt;br&gt;
&lt;br&gt;Despierta hermano despierta, ilumina al apagado que tu
&lt;br&gt; tienes la respuesta.
&lt;br&gt;
&lt;br&gt;Este es el sentimiento de una multitud callada y de todo
&lt;br&gt;lo que hizo Cristo
&lt;br&gt;hoy no han recibido nada brou&amp;rsquo;
&lt;br&gt;Por tu mal testimonio mucha gente esta apartada, misión
&lt;br&gt;fracasada cuando
&lt;br&gt;la victoria es nuestra
&lt;br&gt;Es nuestra la respuesta nuestra es la solución, cambio
&lt;br&gt;o evolución es lo que le
&lt;br&gt;toca a la iglesia
&lt;br&gt;Otra vez la 3ple unción con nueva y viejas experiencias
&lt;br&gt; llegando a tu conciencia
&lt;br&gt;con amor y con paciencia
&lt;br&gt;Le pedimos al señor cada día de su fuerza que nos brinde
&lt;br&gt; la experiencia pa&amp;rsquo; mostrar
&lt;br&gt;de su amor
&lt;br&gt;Ese afecto y calor, que muchos necesitan y que por nuestros
&lt;br&gt; fallos bendiciones las limitan
&lt;br&gt;Reacciona recapacita este es nuestro momento o cumplir ese
&lt;br&gt; llamado o estamos perdiendo el tiempo
&lt;br&gt;El tiempo que no es nuestro pero si es del señor, iglesia
&lt;br&gt; abre los ojos que es la hora de la acción
&lt;br&gt;
&lt;br&gt;Despierta hermano despierta, ilumina al apagado que tu
&lt;br&gt; tienes la respuesta.&lt;/p&gt;
</description>
    </item>
    
    <item>
      <title> Traficando Bendiciones</title>
      <link>http://letraspedia.com/lyric/3ple-uncion-traficando-bendiciones/</link>
      <pubDate>Mon, 01 Sep 2008 00:00:00 UTC</pubDate>
      <author>Enthusiastic Hugo User</author>
      <guid>http://letraspedia.com/lyric/3ple-uncion-traficando-bendiciones/</guid>
      <description>&lt;p&gt;Soy un traficante autónomo de buenas rimas,
&lt;br&gt;golpeador, abusar, el killer de falsas doctrinas
&lt;br&gt;Ya no me podras decir, si el pecado tu lo mimas
&lt;br&gt;¿Quieres saber quien me cambio?
&lt;br&gt;Vamos a ver si tu adivinas
&lt;br&gt;No fue un doctor, loquero, brujo o curandero
&lt;br&gt;me sorprende las respuesta que se busca el mundo entero
&lt;br&gt;paso de mano en mano material del bueno y sano
&lt;br&gt;que cura y rehabilita toda alma mala y sana
&lt;br&gt;Trapicheo en los barrios, esquina y callejones
&lt;br&gt;repartiendo bendiciones no le temo a sus cañones
&lt;br&gt;Cristo es mi droga y que se enganchen los impíos
&lt;br&gt;soy cristiano y te brindo el calor que quita el frío
&lt;br&gt;ya deja esa vaina y suelta esa doctrina, mi doctor te receta
&lt;br&gt;la mejor vitamina, aspirate estas lineas y rolate estos versos
&lt;br&gt;esto es 3ple unción tirando pa&amp;rsquo; los inconversos
&lt;br&gt;
&lt;br&gt;Oh yeah, este es el negocio del rey
&lt;br&gt;aunque me siga la ley yo a él le soy fiel
&lt;br&gt;pasame la sustancia contigo me quiero ver
&lt;br&gt;traficando bendiciones así por siempre seguiré
&lt;br&gt;
&lt;br&gt;Oh yeah, este es el negocio del rey
&lt;br&gt;aunque me siga la ley yo a él le soy fiel
&lt;br&gt;pasame la sustancia contigo me quiero ver
&lt;br&gt;traficando bendiciones así por siempre seguiré
&lt;br&gt;
&lt;br&gt;Otra vez a la carga el señor recarga el alma
&lt;br&gt;gracias por darme la sustancia para regalarla
&lt;br&gt;a penas amanece y ya quiero probarla
&lt;br&gt;estoy listo para el día y para poder traficarla
&lt;br&gt;el reparte la zona lugar y la hora
&lt;br&gt;para que su material no vaya con demora
&lt;br&gt;Mi Dios, the boss, el jefe, la voz suprema
&lt;br&gt;inyectando vitamina sangre nueva pa tus venas
&lt;br&gt;bendición para tu vida la unción aquí no frena
&lt;br&gt;la biblia, el mejor vicio no te miento esta es la plena
&lt;br&gt;hermano venga, venga consuma no se lo pierda!
&lt;br&gt;el no te cobra nada te regala vida eterna
&lt;br&gt;Junto a él, el dueño de riqueza y el poder, dueño de mi alma dueño de
&lt;br&gt;la tuya también
&lt;br&gt;Traficamos para él, tenemos la de vencer
&lt;br&gt;que sus hijos digan yeahh! y que su iglesia diga amenn!!
&lt;br&gt;
&lt;br&gt;Oh yeah, este es el negocio del rey
&lt;br&gt;aunque me siga la ley yo a él le soy fiel
&lt;br&gt;pasame la sustancia contigo me quiero ver
&lt;br&gt;traficando bendiciones así por siempre seguiré
&lt;br&gt;
&lt;br&gt;Oh yeah, este es el negocio del rey
&lt;br&gt;aunque me siga la ley yo a él le soy fiel
&lt;br&gt;pasame la sustancia contigo me quiero ver
&lt;br&gt;traficando bendiciones así por siempre seguiré
&lt;br&gt;
&lt;br&gt;Otro día mas y ya puesto en la faena
&lt;br&gt;cargadito voy de todo pa&amp;rsquo; que no me falte merca
&lt;br&gt;un negocio que va en auge, si hasta tengo a dos
&lt;br&gt;vendiendo Loko Pinki, El Guayaco que ya vienen repartiendo
&lt;br&gt;Lo movemos todo brother de lo pequeño a lo grande
&lt;br&gt;bendiciones, oraciones, letras que pueden salvarte
&lt;br&gt;la materia de primera, la mejor de toda la esquina
&lt;br&gt;y las bases de las propias porque nos las pasa Enigma
&lt;br&gt;tenemos para tu gusto biblias pequeñas y grandes
&lt;br&gt;le damos vuelta siempre repartimos a todas parte
&lt;br&gt;somos los que manejamos y no existe competencia
&lt;br&gt;tiramos pa&amp;rsquo; los barrios tiramos pa&amp;rsquo; la iglesia
&lt;br&gt;si a caso el enemigo por ahí viene y se nos carga
&lt;br&gt;rapido en el nombre de Cristo le soltamos
&lt;br&gt;una descarga, esta es nuestra zona llave
&lt;br&gt;yo te invito a este basile, la primera siempre es gratis
&lt;br&gt;la segunda me la piden
&lt;br&gt;
&lt;br&gt;Oh yeah, este es el negocio del rey
&lt;br&gt;aunque me siga la ley yo a él le soy fiel
&lt;br&gt;pasame la sustancia contigo me quiero ver
&lt;br&gt;traficando bendiciones así por siempre seguiré
&lt;br&gt;
&lt;br&gt;Oh yeah, este es el negocio del rey
&lt;br&gt;aunque me siga la ley yo a él le soy fiel
&lt;br&gt;pasame la sustancia contigo me quiero ver
&lt;br&gt;traficando bendiciones así por siempre seguiré&lt;/p&gt;
</description>
    </item>
    
    <item>
      <title> You Fell</title>
      <link>http://letraspedia.com/lyric/3ple-uncion-you-fell/</link>
      <pubDate>Mon, 01 Sep 2008 00:00:00 UTC</pubDate>
      <author>Enthusiastic Hugo User</author>
      <guid>http://letraspedia.com/lyric/3ple-uncion-you-fell/</guid>
      <description>&lt;p&gt;Siente el estilo cristiano que viene
&lt;br&gt;directo llegando, pegando mas fuerte
&lt;br&gt;es 3ple unción con un flow diferente
&lt;br&gt;trayendo este son
&lt;br&gt;&amp;ldquo;Pa&amp;rsquo; que brinque mi gente&amp;rdquo;
&lt;br&gt;La fiesta que traigo viene de lo alto
&lt;br&gt;lleno de gozo estoy disfrutando, del cielo
&lt;br&gt;el poder, viene bajando, siento en directo
&lt;br&gt;¡su espíritu santo!
&lt;br&gt;hizo danzar a pobres y a reyes su gracia
&lt;br&gt;no pasa, vive por siempre, desciende, derrama,
&lt;br&gt;deja que te llene, te estoy esperando
&lt;br&gt;que pasa, ¿te vienes?
&lt;br&gt;
&lt;br&gt;You feel..
&lt;br&gt;You feel the espirit, you feel the espirit in your heart
&lt;br&gt;te pone a bailar, te pone a bailar
&lt;br&gt;&amp;ldquo;pa que brinque mi gente&amp;rdquo;
&lt;br&gt;
&lt;br&gt;Me dices que loco por la calle ando yo, pero no saben que lo
&lt;br&gt;que yo tengo tiene mucho valor.
&lt;br&gt;Lo que consumo, no es tabaco ni blon, tampoco un cubata
&lt;br&gt;mezclado con ron, este gozo solo un amigo me lo dio
&lt;br&gt;y por mi alegría hace tiempo pago y lo que siento
&lt;br&gt;no es de hablar tanto, sencillo es el toque del espíritu santo.
&lt;br&gt;Puro y blanco todo viene de lo alto, el motivo por el cual ahora le canto,
&lt;br&gt;me dicen raro porque brinco y salto porque su amor me llena y me seca el llanto
&lt;br&gt;pero este flaco esta curado de espanto porque ya esta lleno de lo que estaba buscando
&lt;br&gt;
&lt;br&gt;De este que te hablo me trae alegría, Él pone su mano junto a la mía, me ayuda, me alienta
&lt;br&gt;a luchar cada día, me da la victoria en batallas perdidas
&lt;br&gt;lo busco lo encuentro siempre de rodillas, me da poder para hacer maravillas
&lt;br&gt;los cojos saltando danzan de alegría, el sordo que escucha palabra de vida
&lt;br&gt;el te da directo pasaje de ida la gloria del padre amor sin medida, permite que tome el control de tu vida
&lt;br&gt;la gloria del padre amor sin medida
&lt;br&gt;
&lt;br&gt;You feel the espirit, you feel the espirit in your heart
&lt;br&gt;te pone a bailar, te pone a bailar
&lt;br&gt;You feel the espirit, you feel the espirit in your heart
&lt;br&gt;te pone a bailar, te pone a bailar.&lt;/p&gt;
</description>
    </item>
    
  </channel>
</rss>