<?xml version="1.0" encoding="utf-8" standalone="yes" ?>
<rss version="2.0" xmlns:atom="http://www.w3.org/2005/Atom">
  <channel>
      <title>2 Chainz on Letraspedia.com thes best lyrics page </title>
    <link>http://letraspedia.com/artist/2-chainz/</link>
    <language>en-US</language>
    <author>Enthusiastic Hugo User</author>
    <rights>Copyright (c) 2014, Enthusiastic Hugo User; all rights reserved.</rights>
    <updated>Mon, 01 Sep 2008 00:00:00 UTC</updated>
    
    <item>
      <title> Beez In The Trap (ft. Nicki Minaj)</title>
      <link>http://letraspedia.com/lyric/2-chainz-beez-in-the-trap-ft-nicki-minaj/</link>
      <pubDate>Mon, 01 Sep 2008 00:00:00 UTC</pubDate>
      <author>Enthusiastic Hugo User</author>
      <guid>http://letraspedia.com/lyric/2-chainz-beez-in-the-trap-ft-nicki-minaj/</guid>
      <description>&lt;p&gt;Yo, Man, Man, Uhh
&lt;br&gt;
&lt;br&gt;Bitches aint shit and they aint saying nothing
&lt;br&gt;A hundred mothafuckas cant tell me nothing
&lt;br&gt;I beez in the trap, be-beez in the trap
&lt;br&gt;I beez in the trap, be-beez in the trap
&lt;br&gt;
&lt;br&gt;Bitches aint shit and they aint saying nothin
&lt;br&gt;A hundred mothafuckas cant tell me nothin
&lt;br&gt;I beez in the trap, be-beez in the trap
&lt;br&gt;I beez in the trap, be-beez in the trap
&lt;br&gt;
&lt;br&gt;Man I been did that, man I been popped off
&lt;br&gt;And if she aint tryna give it up she get dropped off
&lt;br&gt;Let me bust that U-ey, Bitch bust that open
&lt;br&gt;Might spend a couple thou just to bust that open
&lt;br&gt;Rip it off, no jokin
&lt;br&gt;Like your name Hulk Hogan
&lt;br&gt;Niggas move weight and sell but live in Houbouken
&lt;br&gt;Bitch, I spit that crack like Im in that trap
&lt;br&gt;So if you need a hit then Im with that bat
&lt;br&gt;
&lt;br&gt;Bitches aint shit and they aint saying nothing
&lt;br&gt;A hundred mothafuckas cant tell me nothing
&lt;br&gt;I beez in the trap, be-beez in the trap
&lt;br&gt;I beez in the trap, be-beez in the trap
&lt;br&gt;
&lt;br&gt;Bitches aint shit and they aint saying nothin
&lt;br&gt;A hundred mothafuckas cant tell me nothin
&lt;br&gt;I beez in the trap, be-beez in the trap
&lt;br&gt;I beez in the trap, be-beez in the trap
&lt;br&gt;
&lt;br&gt;Okay now Nicki Nicki Nicki, put it in your kidney
&lt;br&gt;Got a new LS 450, aint no keys in this do-hicky
&lt;br&gt;If I werent rappin I be trappin
&lt;br&gt;If I werent trappin I be pimpin
&lt;br&gt;If I werent pimpin I be gettin it, period
&lt;br&gt;I dont smoke no Bobby, but my denim be from Ricky
&lt;br&gt;Got your girl Amalie and we smoke loud and drinkin
&lt;br&gt;Got my talk back so you can see what I been thinkin
&lt;br&gt;If you know me then you know Ive been think Franklin
&lt;br&gt;Money, thousands, True Religion trousers
&lt;br&gt;Got a private home, started from the public houses
&lt;br&gt;Hair weave killer, causing her arousal
&lt;br&gt;Audi A8, told them Audi 5000, uh
&lt;br&gt;
&lt;br&gt;Bitches aint shit and they aint saying nothing
&lt;br&gt;A hundred mothafuckas cant tell me nothing
&lt;br&gt;I beez in the trap, be-beez in the trap
&lt;br&gt;I beez in the trap, be-beez in the trap
&lt;br&gt;
&lt;br&gt;Bitches aint shit and they aint saying nothin
&lt;br&gt;A hundred mothafuckas cant tell me nothin
&lt;br&gt;I beez in the trap, be-beez in the trap
&lt;br&gt;I beez in the trap, be-beez in the trap
&lt;br&gt;
&lt;br&gt;Damn, damn what they say about me?
&lt;br&gt;I unno man, fuck is on your biscuit
&lt;br&gt;If I get hits swingin on a big bitch
&lt;br&gt;I unno man, Im shittin on your whole life
&lt;br&gt;
&lt;br&gt;Bitches aint shit and they aint saying nothin
&lt;br&gt;A hundred mothafuckaz cant tell me nothin
&lt;br&gt;I beez in the trap, be-beez in the trap
&lt;br&gt;I beez in the trap, be-beez in the trap
&lt;br&gt;
&lt;br&gt;Man, Im out in Texas
&lt;br&gt;Man, Im out in A-Town
&lt;br&gt;Then Im up in Chi-town or Miami shuttin it down
&lt;br&gt;This that New Orleans, its LA or the Bay
&lt;br&gt;Its New York, Philly
&lt;br&gt;And the whole DMV
&lt;br&gt;Im a Detroit playa, man its north south cats
&lt;br&gt;Ohio Pittsburgh, got St. Louis on deck
&lt;br&gt;Its Delaware, Connecticut, its New Jersey got hella bricks
&lt;br&gt;Its Queens, Brooklyn and yeah they wildin
&lt;br&gt;Bronx, Harlem, and Staten Island
&lt;br&gt;
&lt;br&gt;Bitches aint shit and they aint saying nothin
&lt;br&gt;A hundred mothafuckas cant tell me nothin
&lt;br&gt;I beez in the trap, be-beez in the trap
&lt;br&gt;I beez in the trap, be-beez in the trap
&lt;br&gt;
&lt;br&gt;Damn, damn what they say about me?
&lt;br&gt;Iunno man, fuckers on your biscuit
&lt;br&gt;If I get hits swingin on a big bitch
&lt;br&gt;Iunno man, Im shittin on your whole life
&lt;br&gt;
&lt;br&gt;Damn, damn what they say about me?
&lt;br&gt;Iunno man, fuckers on your biscuit
&lt;br&gt;If I get hits swingin on a big bitch
&lt;br&gt;Iunno man, Im shittin on your whole life&lt;/p&gt;
</description>
    </item>
    
    <item>
      <title> Birthday Song</title>
      <link>http://letraspedia.com/lyric/2-chainz-birthday-song/</link>
      <pubDate>Mon, 01 Sep 2008 00:00:00 UTC</pubDate>
      <author>Enthusiastic Hugo User</author>
      <guid>http://letraspedia.com/lyric/2-chainz-birthday-song/</guid>
      <description>&lt;p&gt;Letra no disponible&lt;/p&gt;
</description>
    </item>
    
    <item>
      <title> I Luv Dem Strippers</title>
      <link>http://letraspedia.com/lyric/2-chainz-i-luv-dem-strippers/</link>
      <pubDate>Mon, 01 Sep 2008 00:00:00 UTC</pubDate>
      <author>Enthusiastic Hugo User</author>
      <guid>http://letraspedia.com/lyric/2-chainz-i-luv-dem-strippers/</guid>
      <description>&lt;p&gt;Let&amp;rsquo;s play big bank, take little bank
&lt;br&gt;You are looking at a shark in a fish tank
&lt;br&gt;When I&amp;rsquo;m in the kitchen, I make plenty cash
&lt;br&gt;Tell shawty come here, she got plenty a**
&lt;br&gt;
&lt;br&gt;Yeah, I love them strippers (x4)
&lt;br&gt;In my foreign car, got the trunk by the engine
&lt;br&gt;So when I back back, I&amp;rsquo;m fronting on you niggas
&lt;br&gt;(Repeat)
&lt;br&gt;
&lt;br&gt;[2 Chainz]
&lt;br&gt;First I back back, Louie back pack
&lt;br&gt;Where&amp;rsquo;s Paris Hilton? Where&amp;rsquo;s Kat Stacks?
&lt;br&gt;I&amp;rsquo;m round four with this ammunition
&lt;br&gt;My camo come from Tru Religion
&lt;br&gt;Them broke hoes can&amp;rsquo;t pay attention
&lt;br&gt;Your cutie missing, New Edition
&lt;br&gt;Mr. Telephone Man, there&amp;rsquo;s something wrong with my line
&lt;br&gt;When I call my baby&amp;rsquo;s number, I get a click every time
&lt;br&gt;Every line is dope, you can snort it
&lt;br&gt;Working in the pot, I can make you do aerobics
&lt;br&gt;I&amp;rsquo;m haterphobic, they mad cause I&amp;rsquo;m winning
&lt;br&gt;They busy high and catching, mad cause I&amp;rsquo;m pinching!
&lt;br&gt;All my bitches different, all my diamonds glistening!
&lt;br&gt;My weed so loud, everybody listen!
&lt;br&gt;They say it&amp;rsquo;s for the birds, so I bought a kilo!
&lt;br&gt;My Boost Mobile chirping, it must be my amigo!
&lt;br&gt;
&lt;br&gt;Yeah, I love them strippers (x4)
&lt;br&gt;In my foreign car, got the trunk by the engine
&lt;br&gt;So when I back back, I&amp;rsquo;m fronting on you niggas
&lt;br&gt;
&lt;br&gt;[Nicki Minaj]
&lt;br&gt;2 Chainz, You Fuckin Crazy
&lt;br&gt;Motherfuckas know Im Fuckin Crazy
&lt;br&gt;Fuck wrong with these bitches lately?
&lt;br&gt;Bitches better get on they knees and praise me
&lt;br&gt;Bitch I rep that Rich Gang
&lt;br&gt;Wheres Stunna? Wheres Wayne?
&lt;br&gt;Thats red on my wristband, SB, Mack Maine
&lt;br&gt;Tell Tyga, lookin for this bitch called Blac Chyna
&lt;br&gt;Take a nigga bitch in a hot flash, metapause hot flash
&lt;br&gt;Yes thats why Im crowned Queen
&lt;br&gt;And I aint looking for the Prom King
&lt;br&gt;These hoes careers aint promising
&lt;br&gt;Killing these bitches, crime scene
&lt;br&gt;Oooh, thats how a bitch do it
&lt;br&gt;Fifty black trucks gon follow when I pull up
&lt;br&gt;Dick shit hit you in the chin like a pull up
&lt;br&gt;My door so cocky, my door so stuck up
&lt;br&gt;Oooh, hop up out the space car
&lt;br&gt;Bitches stay pressed, I call them a spacebar
&lt;br&gt;Man I wish a bitch would, hundred-thousand dollar engine,
&lt;br&gt;I wish a bitch could&lt;/p&gt;
</description>
    </item>
    
    <item>
      <title> We Own It</title>
      <link>http://letraspedia.com/lyric/2-chainz-we-own-it/</link>
      <pubDate>Mon, 01 Sep 2008 00:00:00 UTC</pubDate>
      <author>Enthusiastic Hugo User</author>
      <guid>http://letraspedia.com/lyric/2-chainz-we-own-it/</guid>
      <description>&lt;p&gt;[Verse 1: 2 Chainz]
&lt;br&gt;Money&amp;rsquo;s the motivation, money&amp;rsquo;s the conversation
&lt;br&gt;You on vacation, We gettin paid so
&lt;br&gt;We on paycation, I did it for the fam
&lt;br&gt;It&amp;rsquo;s whatever we had to do, it&amp;rsquo;s just who I am
&lt;br&gt;Yeah, it&amp;rsquo;s the life I chose
&lt;br&gt;Gunshots in the dark, one eye closed
&lt;br&gt;And we got it cooking like a one-eyed stove
&lt;br&gt;You can catch me kissing my girl with both eyes closed
&lt;br&gt;Perfecting my passion, thanks for asking
&lt;br&gt;Couldn&amp;rsquo;t slow down so we had to crash it
&lt;br&gt;You used plastic, we &amp;lsquo;bout cash
&lt;br&gt;I see some people ahead that we gon&amp;rsquo; pass
&lt;br&gt;
&lt;br&gt;[Bridge: Wiz Khalifa]
&lt;br&gt;I never feared death or dying
&lt;br&gt;I only fear never trying
&lt;br&gt;I am whatever I am,
&lt;br&gt;Only God can judge me, now I&amp;rsquo;m
&lt;br&gt;
&lt;br&gt;[Hook: Wiz Khalifa]
&lt;br&gt;One shot, everything rides on tonight
&lt;br&gt;Even if I&amp;rsquo;ve got three strikes
&lt;br&gt;I&amp;rsquo;mma go for it
&lt;br&gt;This moment, we own it
&lt;br&gt;And I&amp;rsquo;m not to be played with
&lt;br&gt;Because it can get dangerous
&lt;br&gt;See these people I ride with
&lt;br&gt;This moment, we own it
&lt;br&gt;
&lt;br&gt;[Verse 2: Wiz Khalifa]
&lt;br&gt;And the same ones that I ride with,
&lt;br&gt;Be the same ones that I die with
&lt;br&gt;Put it all out on the line with,
&lt;br&gt;If you looking for me you can find Wiz
&lt;br&gt;In the new car or in the crown with
&lt;br&gt;My new broad, thats a fine chick
&lt;br&gt;And the wonder squad, I&amp;rsquo;m down with
&lt;br&gt;Ain&amp;rsquo;t no way around it
&lt;br&gt;What you say, tell me what you say
&lt;br&gt;Working hard, reppin for my dogs, do this everyday,
&lt;br&gt;Takin&amp;rsquo; off, looking out for all, makin sure we ball,
&lt;br&gt;Like the mob all you do is call
&lt;br&gt;Catch you if you fall, Young Khalifa
&lt;br&gt;
&lt;br&gt;[Verse 3: 2 Chainz]
&lt;br&gt;(I ride or die for love)
&lt;br&gt;This the biggest day of my life
&lt;br&gt;We got big guns, been graduated from knives
&lt;br&gt;It&amp;rsquo;s the day in the life and I&amp;rsquo;m ready to ride
&lt;br&gt;Got the spirit, I&amp;rsquo;m feelin like a killer inside
&lt;br&gt;Financial outbreak, I&amp;rsquo;m free but I ain&amp;rsquo;t out yet
&lt;br&gt;Ridin with the plug so I&amp;rsquo;m close to the outlet
&lt;br&gt;At the red light, rims sittin off set
&lt;br&gt;I look better on your girl than her outfit
&lt;br&gt;
&lt;br&gt;[Verse 4: Wiz Khalifa]
&lt;br&gt;Stuck to the plan, always think that we would stand up, never ran
&lt;br&gt;We the fam and loyalty never change up
&lt;br&gt;Been down since day one, look at where we came from
&lt;br&gt;Jumpin out on anybody who try to say some one thing about it
&lt;br&gt;Got a problem, I got the same one
&lt;br&gt;Money rolls, we fold
&lt;br&gt;Plently clubs we closed
&lt;br&gt;Follow the same code
&lt;br&gt;Never turn our backs, our cars dont even lose control&lt;/p&gt;
</description>
    </item>
    
    <item>
      <title> We Own It (en Español)</title>
      <link>http://letraspedia.com/lyric/2-chainz-we-own-it-en-espanol/</link>
      <pubDate>Mon, 01 Sep 2008 00:00:00 UTC</pubDate>
      <author>Enthusiastic Hugo User</author>
      <guid>http://letraspedia.com/lyric/2-chainz-we-own-it-en-espanol/</guid>
      <description>&lt;p&gt;[Verso 1 : 2 Chainz ]
&lt;br&gt;El dinero es la motivación , el dinero es la conversación
&lt;br&gt;Usted en vacaciones, nos consiguen pagados de modo
&lt;br&gt;Estamos en paycation , lo hice por la fam
&lt;br&gt;Es todo lo que teníamos que hacer , que es lo que soy
&lt;br&gt;Sí, es la vida que elegí
&lt;br&gt;Los disparos en la oscuridad, un ojo cerrado
&lt;br&gt;Y lo conseguimos la cocina como una estufa de un solo ojo
&lt;br&gt;Usted puede alcanzarme besando mi chica con ambos ojos cerrados
&lt;br&gt;Perfeccionando mi pasión, gracias por preguntar
&lt;br&gt;No se puede reducir la velocidad , así que tuvimos que estrellarlo
&lt;br&gt;Solías plástico, estamos combate efectivo
&lt;br&gt;Veo a algunas personas por delante que nos gon &amp;lsquo; pase
&lt;br&gt;
&lt;br&gt;[Bridge : Wiz Khalifa ]
&lt;br&gt;Nunca he temido a la muerte o de morir
&lt;br&gt;Yo sólo nunca miedo tratando
&lt;br&gt;Yo soy lo que soy,
&lt;br&gt;Sólo Dios puede juzgarme , ahora estoy
&lt;br&gt;
&lt;br&gt;[Hook : Wiz Khalifa ]
&lt;br&gt;Un disparo, todo lo que se mueve sobre esta noche
&lt;br&gt;Incluso si tengo tres huelgas
&lt;br&gt;I&amp;rsquo;mma ir a por ello
&lt;br&gt;En este momento, somos sus dueños
&lt;br&gt;Y no voy a jugar con
&lt;br&gt;Debido a que puede ser peligroso
&lt;br&gt;Ver esta gente que monto con
&lt;br&gt;En este momento, somos sus dueños
&lt;br&gt;
&lt;br&gt;[Verso 2 : Wiz Khalifa ]
&lt;br&gt;Y los mismos que me paseo con ,
&lt;br&gt;Ser los mismos que muero con
&lt;br&gt;Ponga todo a cabo en la línea con ,
&lt;br&gt;Si usted busca para mí usted puede encontrar Wiz
&lt;br&gt;En el nuevo coche o en la corona
&lt;br&gt;Mi nuevo amplio , eso es una buena chica
&lt;br&gt;Y el equipo es de extrañar , estoy abajo con
&lt;br&gt;¿No hay manera de evitarlo
&lt;br&gt;Lo que dices , dime lo que dices
&lt;br&gt;Trabajando duro , reppin para mis perros , hacer esto todos los días ,
&lt;br&gt;Takin &amp;lsquo;off , mirando hacia fuera para todos , makin seguro de que la bola ,
&lt;br&gt;Al igual que la mafia lo único que hacer es llamar
&lt;br&gt;Nos vemos si te caes , Young Khalifa
&lt;br&gt;
&lt;br&gt;[Verso 3 : 2 Chainz ]
&lt;br&gt;(I paseo o morir para el amor )
&lt;br&gt;Este el día más importante de mi vida
&lt;br&gt;Conseguimos grandes armas , estado graduamos de cuchillos
&lt;br&gt;Es el día en la vida y estoy listo para montar
&lt;br&gt;¿Tienes el espíritu , me siento como un asesino en el interior
&lt;br&gt;Estallido financiero , estoy libre, pero yo aún no ha salido
&lt;br&gt;Ridin con el enchufe , así que estoy cerca de la salida
&lt;br&gt;En el semáforo en rojo , llantas sentado fuera del set
&lt;br&gt;Me veo mejor en su chica de su traje
&lt;br&gt;
&lt;br&gt;[Verso 4 : Wiz Khalifa ]
&lt;br&gt;Atascado en el plan , siempre pensamos que íbamos a pie, nunca se acabó
&lt;br&gt;Tenemos la fam y lealtad nunca cambiamos hasta
&lt;br&gt;¿Has estado abajo desde el primer día , mira dónde venimos
&lt;br&gt;Jumpin sobre cualquiera que trate de decir algo de una cosa al respecto
&lt;br&gt;¿Tienes un problema , tengo el mismo
&lt;br&gt;Rollos de dinero , doblamos
&lt;br&gt;Plently clubes cerramos
&lt;br&gt;Siga el mismo código
&lt;br&gt;Nunca le des la espalda , nuestros coches incluso no perder el control&lt;/p&gt;
</description>
    </item>
    
  </channel>
</rss>