<?xml version="1.0" encoding="utf-8" standalone="yes" ?>
<rss version="2.0" xmlns:atom="http://www.w3.org/2005/Atom">
  <channel>
      <title>24 Bits on Letraspedia.com thes best lyrics page </title>
    <link>http://letraspedia.com/artist/24-bits/</link>
    <language>en-US</language>
    <author>Enthusiastic Hugo User</author>
    <rights>Copyright (c) 2014, Enthusiastic Hugo User; all rights reserved.</rights>
    <updated>Mon, 01 Sep 2008 00:00:00 UTC</updated>
    
    <item>
      <title> El Blackberry</title>
      <link>http://letraspedia.com/lyric/24-bits-el-blackberry/</link>
      <pubDate>Mon, 01 Sep 2008 00:00:00 UTC</pubDate>
      <author>Enthusiastic Hugo User</author>
      <guid>http://letraspedia.com/lyric/24-bits-el-blackberry/</guid>
      <description>&lt;p&gt;Lalala Lalala laralala
&lt;br&gt;Siquiridag Dag
&lt;br&gt;24 Bits
&lt;br&gt;Directamente desde la casa del amor
&lt;br&gt;Otra Vez
&lt;br&gt;
&lt;br&gt;Tú Y Yo Por El Blackberry Hagamos El Amor
&lt;br&gt;Me Mandas Un Pin Y Lo Mismo Hago Yo
&lt;br&gt;Una Fotico Para Entrar En Calor Te Invito A Mi Jueguito
&lt;br&gt;Tu Y Yo Por El Blackberry Hagamos El Amor
&lt;br&gt;Me Mandas Un Pin Y Lo Mismo Hago Yo
&lt;br&gt;Un Videíto Para Perder El Control Te Invito A Mi Jueguito
&lt;br&gt;
&lt;br&gt;Te Invito A Mi Jueguito ito ito Dale Despacito Mami A Punta De Mensajitos
&lt;br&gt;Por El Black Blackberry Pónteme Bien Sexy Niña   Tu Sabes Que Estoy Crazy
&lt;br&gt;En Un Mensajito De Voz La Clave Que Esto Queda  Solo Entre Tú Y Yo Tu Sabes
&lt;br&gt;A Todos Los Contactos Los Despitamos Con Una Cadenita De Texto  Que Tu Y Yo Nos Inventamos
&lt;br&gt;(Una De Esas De Naty París)
&lt;br&gt;(Tu Y Yo quedamos Solitos Chateando)
&lt;br&gt;
&lt;br&gt;Tu Y Yo Por El Blackberry Hagamos El Amor
&lt;br&gt;Me Mandas Un Pin Y Lo Mismo Hago Yo
&lt;br&gt;Una Fotico Para Entrar En Calor Te Invito A Mi Jueguito
&lt;br&gt;Tu Y Yo Por El Blackberry Hagamos El Amor
&lt;br&gt;Me Mandas Un Pin Y Lo Mismo Hago Yo
&lt;br&gt;Un Videíto Para Perder El Control Te Invito A Mi Jueguito
&lt;br&gt;Ven Acercate Ahora Ven Provócame Que Yo Te Besare Suavecito Te Lo Hare
&lt;br&gt;Te Devorare Solo Ven Provócame Suavecito Hasta El Cielo Mami Yo Te Llevare
&lt;br&gt;Oye Dj Apágame Las Luces, Que Con El Blackberry Las Mujeres Se Lucen Hasta Abajo  Niña Como Las Medusas
&lt;br&gt;Todas Las Mujeres Que Se Quiten La Blusa
&lt;br&gt;
&lt;br&gt;La La La Lalaala Lalalalalalala Lalala
&lt;br&gt;
&lt;br&gt;Tu Y Yo Por El Blackberry Hagamos El Amor
&lt;br&gt;Me Mandas Un Pin Y Lo Mismo Hago Yo
&lt;br&gt;Un Mensajito Para Entrar En Calor Que Rico Mi Jueguito
&lt;br&gt;Tu Y Yo Por El Blackberry Hagamos El Amor
&lt;br&gt;Me Mandas Un Pin Y Lo Mismo Hago Yo
&lt;br&gt;Un Mensajito Para Entrar En Calor Que Rico Mi Jueguito
&lt;br&gt;
&lt;br&gt;Oye Mami,  A Las 10 De La Noche Te Pongo Un Pin, Ya Me Quite La Ropa Y Guarde El Blin Blin&amp;hellip; Aquí Con Mi Blacberry Le Pongo El Swing&amp;hellip; Hagamos El Amor Por El Black Berry
&lt;br&gt;Y  Las 11 Y 40  Pongo Otro Pin Me Brinco Pa Tu Casa Como Rintintin No Contaban Con Mi Astucia Como El Chapulín
&lt;br&gt;(Pin Off Y Todo En Secreto)
&lt;br&gt;
&lt;br&gt;Tu Y Yo Por El Blackberry Hagamos El Amor
&lt;br&gt;Me Mandas Un Pin Y Lo Mismo Hago Yo
&lt;br&gt;Una Fotico Para Entrar En Calor Que Rico Mi Jueguito (Bis)
&lt;br&gt;
&lt;br&gt;Siquiridag Dag Siquiridag Dag Directamente Desde La Casa Del Amor
&lt;br&gt;Jesu-Dagooboom
&lt;br&gt;24 Bits
&lt;br&gt;Otra Vez&lt;/p&gt;
</description>
    </item>
    
    <item>
      <title> Loquito De Amor</title>
      <link>http://letraspedia.com/lyric/24-bits-loquito-de-amor/</link>
      <pubDate>Mon, 01 Sep 2008 00:00:00 UTC</pubDate>
      <author>Enthusiastic Hugo User</author>
      <guid>http://letraspedia.com/lyric/24-bits-loquito-de-amor/</guid>
      <description>&lt;p&gt;Jesu
&lt;br&gt;Y Yo te Vi y un segundo Fue suficiente
&lt;br&gt;pa que quedaras grabada en mi mente
&lt;br&gt;y yo como un demente quedara loquito por ti
&lt;br&gt;y te vii se me subio la adrenalina
&lt;br&gt;ahi doctor deme una aspirina
&lt;br&gt;otra medicina que cure lo que yo siento aqui
&lt;br&gt;
&lt;br&gt;coro:
&lt;br&gt;y na na nara nana
&lt;br&gt;yo estoy loquito de amor por ti, loco de amor
&lt;br&gt;y no dejo de pensar en ti (bis)
&lt;br&gt;
&lt;br&gt;dagoboom
&lt;br&gt;loco loco vengo pero mami tu estas tranqui
&lt;br&gt;se que no te gustan esos niños que son mc
&lt;br&gt;pero como te gusta que le meta relajao
&lt;br&gt;bailemos despacito pegaito y afincao
&lt;br&gt;tu eres la que me pones a escribir cosas extrañas
&lt;br&gt;pero como te encanta en el momento en que te bañas
&lt;br&gt;tu cantas mis canciones cada vez que te enjabonas
&lt;br&gt;y mueves ese cuerpo como si fueras madona
&lt;br&gt;
&lt;br&gt;jesu
&lt;br&gt;y yooo uohhh
&lt;br&gt;ahí yo se lo que tu tienes que me pone mal
&lt;br&gt;será tu forma de bailar tu forma de besar
&lt;br&gt;que me tiene alucinado baby  (bis)
&lt;br&gt;
&lt;br&gt;coro:
&lt;br&gt;y na na nara nana
&lt;br&gt;yo estoy loquito de amor por ti, loco de amor
&lt;br&gt;y no dejo de pensar en ti (bis)
&lt;br&gt;
&lt;br&gt;dagoboom
&lt;br&gt;po por por la calle como un loco te conquisto poco a poco
&lt;br&gt;y me vuelvo mas loquito cada vez que yo te toco
&lt;br&gt;por la calle como un loco te conquisto poco a poco
&lt;br&gt;y me vuelvo mas loquito cada vez que yoo
&lt;br&gt;
&lt;br&gt;y tu perdona que yo sea tan directo
&lt;br&gt;estoy loquito y yo no busco un pretexto
&lt;br&gt;este amor que yo siento es infinito
&lt;br&gt;y tu me tienes loco loco bien loquito
&lt;br&gt;y por la calle me preguntan quien soy
&lt;br&gt;estoy loquito y ya no se ni pa onde voy
&lt;br&gt;estoy loquito y solo le pido a mi Dios
&lt;br&gt;que terminemos juntitos los dos
&lt;br&gt;
&lt;br&gt;jesu
&lt;br&gt;coro:
&lt;br&gt;y na na nara nana
&lt;br&gt;yo estoy loquito de amor por ti, loco de amor
&lt;br&gt;y no dejo de pensar en ti (bis)&lt;/p&gt;
</description>
    </item>
    
  </channel>
</rss>