<?xml version="1.0" encoding="utf-8" standalone="yes" ?>
<rss version="2.0" xmlns:atom="http://www.w3.org/2005/Atom">
  <channel>
      <title>13 Winters on Letraspedia.com thes best lyrics page </title>
    <link>http://letraspedia.com/artist/13-winters/</link>
    <language>en-US</language>
    <author>Enthusiastic Hugo User</author>
    <rights>Copyright (c) 2014, Enthusiastic Hugo User; all rights reserved.</rights>
    <updated>Mon, 01 Sep 2008 00:00:00 UTC</updated>
    
    <item>
      <title> Autumn</title>
      <link>http://letraspedia.com/lyric/13-winters-autumn/</link>
      <pubDate>Mon, 01 Sep 2008 00:00:00 UTC</pubDate>
      <author>Enthusiastic Hugo User</author>
      <guid>http://letraspedia.com/lyric/13-winters-autumn/</guid>
      <description>&lt;p&gt;An emptiness seems to fade as I walk in the fog.
&lt;br&gt;I hunger for the darkness, my only will in life.
&lt;br&gt;Wind blows leaves on the ground,
&lt;br&gt;Autumn surrounds me with it&amp;rsquo;s beauty.
&lt;br&gt;I gather myself where I&amp;rsquo;m not found,
&lt;br&gt;to gaze into the midnight sky.
&lt;br&gt;
&lt;br&gt;I try for once to forget everything in my life.
&lt;br&gt;To be at ease with with my tortured mind.
&lt;br&gt;To hide my sorrow that grows inside.
&lt;br&gt;To be by myself, DEAD TO THE WORLD!
&lt;br&gt;
&lt;br&gt;I&amp;rsquo;ve hated myself for a long,
&lt;br&gt;I need to let the pain out.
&lt;br&gt;Make my mind subside in the light of the Full Moon.
&lt;br&gt;
&lt;br&gt;Burning leaves fill the cold air, wrap myself into me.
&lt;br&gt;I want the night to set my heart free.
&lt;br&gt;Will this night comfort me?
&lt;br&gt;
&lt;br&gt;Tears fall down my face,
&lt;br&gt;for something can&amp;rsquo;t be placed.
&lt;br&gt;A hold that can;t be filled,
&lt;br&gt;a giant hole inside me.
&lt;br&gt;
&lt;br&gt;Will this Autumn night set me free,
&lt;br&gt;to embrace me with it&amp;rsquo;s beauty?
&lt;br&gt;To comfort me with its full glory?
&lt;br&gt;In this season I feel no misery.&lt;/p&gt;
</description>
    </item>
    
    <item>
      <title> Beyond</title>
      <link>http://letraspedia.com/lyric/13-winters-beyond/</link>
      <pubDate>Mon, 01 Sep 2008 00:00:00 UTC</pubDate>
      <author>Enthusiastic Hugo User</author>
      <guid>http://letraspedia.com/lyric/13-winters-beyond/</guid>
      <description>&lt;p&gt;You vanish into the darkness,
&lt;br&gt;hoping you&amp;rsquo;ll find your way.
&lt;br&gt;The silence seeps deep within,
&lt;br&gt;as the dark takes a hold of you.
&lt;br&gt;
&lt;br&gt;You feel nothing inside but an emptiness,
&lt;br&gt;you find is your only friend.
&lt;br&gt;You decided to leave the misery behind,
&lt;br&gt;take a chance in the dark beyond.
&lt;br&gt;
&lt;br&gt;You&amp;rsquo;ve just pick up the pieces and dissapear,
&lt;br&gt;the torture forever ate your soul.
&lt;br&gt;You just want it all to fade away,
&lt;br&gt;as you step into a world unknown.
&lt;br&gt;
&lt;br&gt;Winds whisper within the dead trees,
&lt;br&gt;leaves flow a upon the ground.
&lt;br&gt;You wrap your arms to keep warm,
&lt;br&gt;within you wonder is this Depression?
&lt;br&gt;
&lt;br&gt;LIFE JUST DIDN&amp;rsquo;T GIVE YOU A BREAK,
&lt;br&gt;YOU GOT DAMNED WITH TORTURE AND PAIN.
&lt;br&gt;If SOMEONE SHOULD JOIN YOU ARE THEY LEAVING,
&lt;br&gt;LEAVING THE SAME MISERY BEHIND?
&lt;br&gt;
&lt;br&gt;The emptiness you feel will subside,
&lt;br&gt;the one beside you, your only friend.
&lt;br&gt;Both of you decided to leave the misery behind,
&lt;br&gt;take a chance in the DARK BEYOND!&lt;/p&gt;
</description>
    </item>
    
    <item>
      <title> Cold, Dark And Empty</title>
      <link>http://letraspedia.com/lyric/13-winters-cold-dark-and-empty/</link>
      <pubDate>Mon, 01 Sep 2008 00:00:00 UTC</pubDate>
      <author>Enthusiastic Hugo User</author>
      <guid>http://letraspedia.com/lyric/13-winters-cold-dark-and-empty/</guid>
      <description>&lt;p&gt;I&amp;rsquo;ve tried to love.
&lt;br&gt;But it ends up breaking.
&lt;br&gt;I&amp;rsquo;ve given my heart.
&lt;br&gt;It&amp;rsquo;s gotten stomped upon.
&lt;br&gt;Crucify my emotions
&lt;br&gt;Doing it in front of everyone.
&lt;br&gt;Tears may shed,
&lt;br&gt;But inside I&amp;rsquo;m forever dead.
&lt;br&gt;
&lt;br&gt;Cold, Dark, Empty
&lt;br&gt;
&lt;br&gt;You wonder why I am the way I am.
&lt;br&gt;Maybe you are the one to make me this way.
&lt;br&gt;You&amp;rsquo;ve tried to seep into me.
&lt;br&gt;Wondering if there&amp;rsquo;s still love inside?
&lt;br&gt;
&lt;br&gt;The day is done.
&lt;br&gt;And darkness Falls
&lt;br&gt;As I walk into the night.
&lt;br&gt;I know that I lost you
&lt;br&gt;I know that it is over.
&lt;br&gt;I know it&amp;rsquo;s true,
&lt;br&gt;we&amp;rsquo;re through.
&lt;br&gt;
&lt;br&gt;Thinking I&amp;rsquo;m depressed.
&lt;br&gt;I once was but no more!
&lt;br&gt;No one to give me the attention I needed.
&lt;br&gt;I gained a giant hole.
&lt;br&gt;Sadness for months painted on my face.
&lt;br&gt;I stay within complete silence.
&lt;br&gt;Sharing nothing with no one.
&lt;br&gt;Who wants to hear what I have to say?
&lt;br&gt;
&lt;br&gt;Cold, Dark, Empty&lt;/p&gt;
</description>
    </item>
    
    <item>
      <title> Dark Embrace</title>
      <link>http://letraspedia.com/lyric/13-winters-dark-embrace/</link>
      <pubDate>Mon, 01 Sep 2008 00:00:00 UTC</pubDate>
      <author>Enthusiastic Hugo User</author>
      <guid>http://letraspedia.com/lyric/13-winters-dark-embrace/</guid>
      <description>&lt;p&gt;Midnight wrap me within your dark embrace,
&lt;br&gt;let the light of the moon comfort me.
&lt;br&gt;Deep within silence, I&amp;rsquo;m at ease in a graveyard.
&lt;br&gt;Nothing but the dead within the earth.
&lt;br&gt;
&lt;br&gt;I light a candle to light my way,
&lt;br&gt;put red roses on my loved ones grave.
&lt;br&gt;A sent of incense in the air,
&lt;br&gt;letting them know that I care.
&lt;br&gt;
&lt;br&gt;I walk the beaten paths,
&lt;br&gt;in my deep thoughts.
&lt;br&gt;I wonder if they are there,
&lt;br&gt;right beside me as I walk this night?
&lt;br&gt;Wind blows a creepy tune,
&lt;br&gt;Sending chills up my spine.
&lt;br&gt;In the blackest of clothes,
&lt;br&gt;as if I&amp;rsquo;m in mourning.
&lt;br&gt;
&lt;br&gt;If you look within you&amp;rsquo;ll see a beating heart.
&lt;br&gt;If you ask why I&amp;rsquo;m always blackend,
&lt;br&gt;I&amp;rsquo;ll say this is me, who I am.
&lt;br&gt;I dwell within the dark to hide from you all.
&lt;br&gt;
&lt;br&gt;I cry deep inside for those who are now gone.
&lt;br&gt;I keep those people in my memory.
&lt;br&gt;I gain more than my true idenity,
&lt;br&gt;but this is apart of me and my personality.
&lt;br&gt;
&lt;br&gt;I see a figure, his arms reach for me.
&lt;br&gt;Across the veil of night.
&lt;br&gt;Pulling me tight against him&lt;/p&gt;
</description>
    </item>
    
    <item>
      <title> Forsaken</title>
      <link>http://letraspedia.com/lyric/13-winters-forsaken/</link>
      <pubDate>Mon, 01 Sep 2008 00:00:00 UTC</pubDate>
      <author>Enthusiastic Hugo User</author>
      <guid>http://letraspedia.com/lyric/13-winters-forsaken/</guid>
      <description>&lt;p&gt;Your God has forsaken me,
&lt;br&gt;so I remain in darkness.
&lt;br&gt;To hide my face away,
&lt;br&gt;to make myself nolonger seen.
&lt;br&gt;
&lt;br&gt;My heart is always bleeding,
&lt;br&gt;for it&amp;rsquo;s always breaking .
&lt;br&gt;You think a broken heart can mend,
&lt;br&gt;but it&amp;rsquo;s been damaged for so long.
&lt;br&gt;
&lt;br&gt;You ask me why God has turned his back on me,
&lt;br&gt;Blackness runs deep within these veins.
&lt;br&gt;Darkness plagues my heart and mind,
&lt;br&gt;ask me if I need some sympathy?&lt;/p&gt;
</description>
    </item>
    
    <item>
      <title> Hands On Thorns</title>
      <link>http://letraspedia.com/lyric/13-winters-hands-on-thorns/</link>
      <pubDate>Mon, 01 Sep 2008 00:00:00 UTC</pubDate>
      <author>Enthusiastic Hugo User</author>
      <guid>http://letraspedia.com/lyric/13-winters-hands-on-thorns/</guid>
      <description>&lt;p&gt;I cut my hands on thorns,
&lt;br&gt;as you stood there and watched.
&lt;br&gt;Blood running from my hands down my fingers,
&lt;br&gt;yet you do nothing but fucking stare!
&lt;br&gt;
&lt;br&gt;I&amp;rsquo;ve gotten your attention,
&lt;br&gt;but gotten no respect.
&lt;br&gt;You don&amp;rsquo;t talk to me,
&lt;br&gt;now you nolonger look at me.
&lt;br&gt;
&lt;br&gt;I&amp;rsquo;ve fallen to my knees,
&lt;br&gt;begging for all your apologies.
&lt;br&gt;No, you turn your back towards me,
&lt;br&gt;what did I do to deserve this?
&lt;br&gt;
&lt;br&gt;Blood Has now
&lt;br&gt;Stopped Flowing
&lt;br&gt;My hands-now scabing
&lt;br&gt;Hanging on the roses
&lt;br&gt;Thorns Digging
&lt;br&gt;Into My flesh
&lt;br&gt;Causing The scabs
&lt;br&gt;To bleed.
&lt;br&gt;
&lt;br&gt;I&amp;rsquo;ve sunk down so low,
&lt;br&gt;only myself would know.
&lt;br&gt;My troubles haunt me everyday,
&lt;br&gt;my problems never subside.&lt;/p&gt;
</description>
    </item>
    
    <item>
      <title> In My Memories</title>
      <link>http://letraspedia.com/lyric/13-winters-in-my-memories/</link>
      <pubDate>Mon, 01 Sep 2008 00:00:00 UTC</pubDate>
      <author>Enthusiastic Hugo User</author>
      <guid>http://letraspedia.com/lyric/13-winters-in-my-memories/</guid>
      <description>&lt;p&gt;Darkness silence us without words,
&lt;br&gt;Emptiness is a comfort I can no longer afford.
&lt;br&gt;Loneliness comes to us when we need it most,
&lt;br&gt;Yet I hate every moment of it.
&lt;br&gt;
&lt;br&gt;Rain falls as tears run down my face.
&lt;br&gt;Just know you&amp;rsquo;ll be missed and never replaced.
&lt;br&gt;You remain in my memories and in my heart.
&lt;br&gt;Why did they take your life away?
&lt;br&gt;
&lt;br&gt;Every morning I wake I feel nothing.
&lt;br&gt;Every night I sleep I have hurt inside.
&lt;br&gt;Yet nothing I do can make it go away.
&lt;br&gt;Sorrow haunts me deep within my soul.
&lt;br&gt;
&lt;br&gt;You try to pick up the pieces and move,
&lt;br&gt;When it&amp;rsquo;s someone close to you it&amp;rsquo;s hard.
&lt;br&gt;I think of you in my dreams every night.
&lt;br&gt;I place a rose on your grave when I can.&lt;/p&gt;
</description>
    </item>
    
    <item>
      <title> Just Winter</title>
      <link>http://letraspedia.com/lyric/13-winters-just-winter/</link>
      <pubDate>Mon, 01 Sep 2008 00:00:00 UTC</pubDate>
      <author>Enthusiastic Hugo User</author>
      <guid>http://letraspedia.com/lyric/13-winters-just-winter/</guid>
      <description>&lt;p&gt;I feel the coldness creeping in.
&lt;br&gt;A sudden, deathly chill.
&lt;br&gt;Frozen is the Earth.
&lt;br&gt;So in this state I just stand still.
&lt;br&gt;
&lt;br&gt;Snow covers the ground.
&lt;br&gt;The forest at a stand still.
&lt;br&gt;Silence is the Earth.
&lt;br&gt;An emptiness sinks within.
&lt;br&gt;
&lt;br&gt;Dead is the trees,
&lt;br&gt;Gray is the sky.
&lt;br&gt;To me this is death.
&lt;br&gt;The rest is just winter.
&lt;br&gt;
&lt;br&gt;Let me see the full moon,
&lt;br&gt;To set my heart free.
&lt;br&gt;Chill stays within,
&lt;br&gt;Untill the light shines through.
&lt;br&gt;Cold breeze,
&lt;br&gt;Turns me blue.
&lt;br&gt;Cold and freezing,
&lt;br&gt;But this is what winter will do.&lt;/p&gt;
</description>
    </item>
    
    <item>
      <title> Mote It Be</title>
      <link>http://letraspedia.com/lyric/13-winters-mote-it-be/</link>
      <pubDate>Mon, 01 Sep 2008 00:00:00 UTC</pubDate>
      <author>Enthusiastic Hugo User</author>
      <guid>http://letraspedia.com/lyric/13-winters-mote-it-be/</guid>
      <description>&lt;p&gt;Cast a circle,
&lt;br&gt;protected by candle light.
&lt;br&gt;Nothing but mother nature,
&lt;br&gt;the Goddess and the God,
&lt;br&gt;to protect our ritual this night.
&lt;br&gt;
&lt;br&gt;Call upon the Goddess,
&lt;br&gt;Our mother.
&lt;br&gt;Call upon the GOd,
&lt;br&gt;our father.
&lt;br&gt;
&lt;br&gt;Due what thou wilt,
&lt;br&gt;but they watch over us all!
&lt;br&gt;
&lt;br&gt;Earth the elements that bind us together.
&lt;br&gt;Air calling out to each corner.
&lt;br&gt;Fire letting the energy flow through us.
&lt;br&gt;Water protect us durning the ritual tonight.
&lt;br&gt;
&lt;br&gt;Draw a pentagram in the air,
&lt;br&gt;to open and close our circle.
&lt;br&gt;Merry meet and merry part,
&lt;br&gt;this is our rite so mote it be!
&lt;br&gt;
&lt;br&gt;BLESSED BE!&lt;/p&gt;
</description>
    </item>
    
    <item>
      <title> The Dead</title>
      <link>http://letraspedia.com/lyric/13-winters-the-dead/</link>
      <pubDate>Mon, 01 Sep 2008 00:00:00 UTC</pubDate>
      <author>Enthusiastic Hugo User</author>
      <guid>http://letraspedia.com/lyric/13-winters-the-dead/</guid>
      <description>&lt;p&gt;Sadness plagues the heart,
&lt;br&gt;an emptiness that will never go away.
&lt;br&gt;You dwell within darkness,
&lt;br&gt;a place where you feel safe.
&lt;br&gt;Death comes without knowing,
&lt;br&gt;it attacks the heart deep inside.
&lt;br&gt;Tears fall just like rain,
&lt;br&gt;when will this pain subside?
&lt;br&gt;
&lt;br&gt;Tomb Stones in ruin,
&lt;br&gt;silence fills the air.
&lt;br&gt;Saddend statues,
&lt;br&gt;seems like their watching you.
&lt;br&gt;
&lt;br&gt;Dead tree branches hang above your head,
&lt;br&gt;in a grave yard nothing but the dead.
&lt;br&gt;Autumn breeze fills out senses,
&lt;br&gt;within you feel like one of the dead.
&lt;br&gt;
&lt;br&gt;Can you relieve me of such dark thoughts,
&lt;br&gt;and you ease my twisted heart?
&lt;br&gt;Deep within we&amp;rsquo;re all morbid,
&lt;br&gt;take the time to realize it!
&lt;br&gt;
&lt;br&gt;ONE OF THE DEAD!&lt;/p&gt;
</description>
    </item>
    
  </channel>
</rss>