<?xml version="1.0" encoding="utf-8" standalone="yes" ?>
<rss version="2.0" xmlns:atom="http://www.w3.org/2005/Atom">
  <channel>
      <title>01 on Letraspedia.com thes best lyrics page </title>
    <link>http://letraspedia.com/artist/01/</link>
    <language>en-US</language>
    <author>Enthusiastic Hugo User</author>
    <rights>Copyright (c) 2014, Enthusiastic Hugo User; all rights reserved.</rights>
    <updated>Mon, 01 Sep 2008 00:00:00 UTC</updated>
    
    <item>
      <title> Almas Gemelas</title>
      <link>http://letraspedia.com/lyric/01-almas-gemelas/</link>
      <pubDate>Mon, 01 Sep 2008 00:00:00 UTC</pubDate>
      <author>Enthusiastic Hugo User</author>
      <guid>http://letraspedia.com/lyric/01-almas-gemelas/</guid>
      <description>&lt;p&gt;Entre los ojos abiertos de la mañana
&lt;br&gt;con una confusa dualidad de paz y violencia
&lt;br&gt;se despierta vida mia la mas convencida alma humana
&lt;br&gt;que en mi existio
&lt;br&gt;
&lt;br&gt;en la mision de vivir aunque no entienda la razon
&lt;br&gt;de esta absurda conciencia del dolor
&lt;br&gt;que envuelve mi alma en confusion
&lt;br&gt;
&lt;br&gt;(coro)
&lt;br&gt;
&lt;br&gt;en las noches de sueño y soledad
&lt;br&gt;veo la peor pesadilla navegando hacia la orilla
&lt;br&gt;el pueblo no para de llorar
&lt;br&gt;la sangre se  ha derramado por un arma que han empuñado
&lt;br&gt;vive el dolor con su dolor
&lt;br&gt;y aleja el amor sin condicion
&lt;br&gt;
&lt;br&gt;voy hacia ti amor amor sin paz
&lt;br&gt;para llenar el vacio que queda en mi alma
&lt;br&gt;
&lt;br&gt;ven hacia mi
&lt;br&gt;aunque el universo me valla aengañar
&lt;br&gt;y no quiero encontrar
&lt;br&gt;siempre un enemigo
&lt;br&gt;al buscar tu inmortalidad
&lt;br&gt;
&lt;br&gt;para apartar dee ti dee mi
&lt;br&gt;ese bosque de infidelidad
&lt;br&gt;
&lt;br&gt;(coro)
&lt;br&gt;
&lt;br&gt;en las noches de sueño y soledad
&lt;br&gt;veo la peor pesadilla navegando hacia la orilla
&lt;br&gt;el pueblo no para de llorar
&lt;br&gt;la sangre se ha derramado por un arma que han empuñado( bis)
&lt;br&gt;vive el dolor con su dolor
&lt;br&gt;y aleja el amor sin condicion.
&lt;br&gt;
&lt;br&gt;&lt;/p&gt;
</description>
    </item>
    
    <item>
      <title> Grito De Guerra</title>
      <link>http://letraspedia.com/lyric/01-grito-de-guerra/</link>
      <pubDate>Mon, 01 Sep 2008 00:00:00 UTC</pubDate>
      <author>Enthusiastic Hugo User</author>
      <guid>http://letraspedia.com/lyric/01-grito-de-guerra/</guid>
      <description>&lt;p&gt;O BOPE tem guerreiros
&lt;br&gt;que matam guerrilheiros
&lt;br&gt;a faca entre os dentes
&lt;br&gt;esfola eles inteiros
&lt;br&gt;Mata, Esfola usando sempre o seu.
&lt;br&gt;Fuzil!
&lt;br&gt;o BOPE tem guerreiros que acreditam no Brasil&lt;/p&gt;
</description>
    </item>
    
    <item>
      <title> Last Theater</title>
      <link>http://letraspedia.com/lyric/01-last-theater/</link>
      <pubDate>Mon, 01 Sep 2008 00:00:00 UTC</pubDate>
      <author>Enthusiastic Hugo User</author>
      <guid>http://letraspedia.com/lyric/01-last-theater/</guid>
      <description>&lt;p&gt;One more step
&lt;br&gt;Could&amp;rsquo;ve made me free.
&lt;br&gt;I could fall in the darkness,
&lt;br&gt;Realize that I am just so afraid
&lt;br&gt;
&lt;br&gt;I don´t want to destroy my remember.
&lt;br&gt;
&lt;br&gt;I´m not gonna make it
&lt;br&gt;Is it that much trouble now?
&lt;br&gt;Can&amp;rsquo;t see tha way to go
&lt;br&gt;
&lt;br&gt;I feel so alone
&lt;br&gt;My blood in on the ground
&lt;br&gt;I can&amp;rsquo;t forgive this anymore.&lt;/p&gt;
</description>
    </item>
    
    <item>
      <title> Lloran Mis Ojos</title>
      <link>http://letraspedia.com/lyric/01-lloran-mis-ojos/</link>
      <pubDate>Mon, 01 Sep 2008 00:00:00 UTC</pubDate>
      <author>Enthusiastic Hugo User</author>
      <guid>http://letraspedia.com/lyric/01-lloran-mis-ojos/</guid>
      <description>&lt;p&gt;Na, na, na
&lt;br&gt;na, nah, iee
&lt;br&gt;Uooh, uooh
&lt;br&gt;
&lt;br&gt;Lloran mis ojos
&lt;br&gt;y me persigue
&lt;br&gt;una sombra obscura
&lt;br&gt;
&lt;br&gt;Sin ti no tengo vida niña
&lt;br&gt;regresa aquí a mi ladooo
&lt;br&gt;
&lt;br&gt;Las estrellas no brillan
&lt;br&gt;y el cielo pronto se irá
&lt;br&gt;muy lejos se irá
&lt;br&gt;no me dejes de amar
&lt;br&gt;
&lt;br&gt;Que estoy loco por tu amor
&lt;br&gt;desesperado por tus besos
&lt;br&gt;de esos linda princesita
&lt;br&gt;que me tienen preso
&lt;br&gt;y no paro de extrañarte
&lt;br&gt;mami vuelve aquí
&lt;br&gt;regresa a mi,
&lt;br&gt;que necesito de ti
&lt;br&gt;
&lt;br&gt;Porque es tu mirada
&lt;br&gt;la que me brinda calma
&lt;br&gt;Son tus ojos los que robaron mi alma
&lt;br&gt;y no quiero tenerte lejos de mi vida
&lt;br&gt;si no estas conmigo,
&lt;br&gt;pierden el color los días
&lt;br&gt;
&lt;br&gt;La noche es triste
&lt;br&gt;y en verdad no te miento
&lt;br&gt;duele que se pierdan
&lt;br&gt;todos nuestros sentimientos
&lt;br&gt;y mi corazón dejara de latir
&lt;br&gt;morirá muy pronto
&lt;br&gt;y no podrá sentir
&lt;br&gt;(No podrá sentir)
&lt;br&gt;
&lt;br&gt;Lloran mis ojos
&lt;br&gt;y me persigue
&lt;br&gt;una sombra obscura
&lt;br&gt;
&lt;br&gt;Sin ti no tengo vida niña
&lt;br&gt;regresa aquí a mi ladooo
&lt;br&gt;
&lt;br&gt;Las estrellas no brillan
&lt;br&gt;y el cielo pronto se irá
&lt;br&gt;muy lejos se irá
&lt;br&gt;no me dejes de amar
&lt;br&gt;
&lt;br&gt;Necesito tu amor para evitar enloquecer
&lt;br&gt;no quiero otra en el mundo
&lt;br&gt;te quiero a ti mujer
&lt;br&gt;y no se como hacer
&lt;br&gt;para hacerte entender
&lt;br&gt;que el sol no me ilumina
&lt;br&gt;sin tus besos de miel
&lt;br&gt;
&lt;br&gt;Sabes bien que tu eres
&lt;br&gt;mi segunda mitad
&lt;br&gt;juntos de la mano
&lt;br&gt;todo es felicidad
&lt;br&gt;que no lloren mis ojos
&lt;br&gt;que se olviden del dolor
&lt;br&gt;si regresas a mi vida
&lt;br&gt;tu lo sanas con amor
&lt;br&gt;
&lt;br&gt;Muero por tus caricias
&lt;br&gt;por tu fragancia
&lt;br&gt;Son tus besos
&lt;br&gt;los que tienen
&lt;br&gt;la sustancia
&lt;br&gt;Eres tu (Lady)
&lt;br&gt;La que me logro conquistar
&lt;br&gt;mi amor no te atrevas
&lt;br&gt;a dejarme de amar
&lt;br&gt;
&lt;br&gt;(x2)Lloran mis ojos
&lt;br&gt;y me persigue
&lt;br&gt;una sombra obscura
&lt;br&gt;
&lt;br&gt;Sin ti no tengo vida niña
&lt;br&gt;regresa aquí a mi ladooo
&lt;br&gt;
&lt;br&gt;Las estrellas no brillan
&lt;br&gt;y el cielo pronto se irá
&lt;br&gt;muy lejos se irá
&lt;br&gt;no me dejes de amar
&lt;br&gt;
&lt;br&gt;iee ie ie iee
&lt;br&gt;Leonardo Careaga
&lt;br&gt;Y el sonido de Lisandro uooh ooh&lt;/p&gt;
</description>
    </item>
    
    <item>
      <title> Rap De Miñe</title>
      <link>http://letraspedia.com/lyric/01-rap-de-mine/</link>
      <pubDate>Mon, 01 Sep 2008 00:00:00 UTC</pubDate>
      <author>Enthusiastic Hugo User</author>
      <guid>http://letraspedia.com/lyric/01-rap-de-mine/</guid>
      <description>&lt;p&gt;Y hoy me pierdo no encuentro no entiendo
&lt;br&gt;ya no hay razon para seguir viviendo
&lt;br&gt;una vida en soledad que en espera se va consumiendo
&lt;br&gt;y un sueño de libertad que poco a poco va desvaneciendo (//)
&lt;br&gt;
&lt;br&gt;en aquella mañana no ha variado la esena
&lt;br&gt;papa ha salido a la puerta para despedir su nena
&lt;br&gt;una carisia un beso un abraso de prisa
&lt;br&gt;una bendicion en su frente y en su boca una sonriza
&lt;br&gt;un día hermoso ella brillaba con su magia
&lt;br&gt;quien pensaria que esa alegria se convertiria en nostalgia
&lt;br&gt;en una pagina del cuaderno hay una nota para mami
&lt;br&gt;un gesto tierno nada extraño en estefany
&lt;br&gt;y fue alli en el colegio donde cabio su suerte
&lt;br&gt;un hombre interpone el paso y a su madre habla fuerte
&lt;br&gt;ahora mama llora todo fue rapido y tenso
&lt;br&gt;y una mano en la boca la nena deja en silencio
&lt;br&gt;para ellos el comienzo para ella el final
&lt;br&gt;para sus padres pienso que un dolor mortal
&lt;br&gt;ella no puede entender aun es muy corta su edad
&lt;br&gt;toda su casa va a ser el reino de la soledad
&lt;br&gt;
&lt;br&gt;(coro)
&lt;br&gt;
&lt;br&gt;y hoy me pierdo no encuentro no entiendo
&lt;br&gt;ya no hay razon para seguir viviendo
&lt;br&gt;una vida en soledad que en espera se va consumiendo
&lt;br&gt;y un sueño de libertad que poco a poco va desvaneciendo (//)
&lt;br&gt;
&lt;br&gt;ahora mi vida estara acabada enserrada amarrada
&lt;br&gt;a minutos horas dias semanas meses
&lt;br&gt;yo ahí tirada y me pregunto que se ha hecho mi mirada
&lt;br&gt;que por dias no ha sido variada vella la violada
&lt;br&gt;sin nada de derecho ultrajada mi madre desesperada
&lt;br&gt;por insensible ya olvidada mi papa daria la vida
&lt;br&gt;la suya que esta dolida vacia vañada
&lt;br&gt;sin nada que perder porque su hija ya no puede ver
&lt;br&gt;toda mi vida mi esfuerzo lo tengo que perder
&lt;br&gt;no lo puedo creer por que yo en este encierro
&lt;br&gt;mi entierro en vida a Dios me aferro sin nadie queme escuche
&lt;br&gt;este testaferro sueño que solo en diciembre
&lt;br&gt;corro al serro me invade el desespero espero en este suelo aspero
&lt;br&gt;de inutil esmero lloro imploro despertar de no dormir cada mañana
&lt;br&gt;yo me aterro.
&lt;br&gt;
&lt;br&gt;(coro)
&lt;br&gt;
&lt;br&gt;y hoy me pierdo no encuentro no entiendo
&lt;br&gt;ya no hay razon para seguir viviendo
&lt;br&gt;una vida en soledad que en espera se va consumiendo
&lt;br&gt;y un sueño de libertad que poco a poco va desvaneciendo (//)
&lt;br&gt;
&lt;br&gt;-si alo- Tenemos a estefany ella esta bien
&lt;br&gt;para que siga estandolo necesitamos tu dinero-
&lt;br&gt;
&lt;br&gt;-acaso creen que una vida tiene un precio
&lt;br&gt;si fuera así abria un estan para su venta en el comercio
&lt;br&gt;que comprare ¿su libertad para una vida un rato?
&lt;br&gt;o ¿talvez sere yo quien financie su maltrato?
&lt;br&gt;solo repondeme algo
&lt;br&gt;¿y tu quien eres?
&lt;br&gt;¿acaso el dueño del mundo para hacer lo que prefieres?
&lt;br&gt;no dime por que, por que a ella
&lt;br&gt;por que a mi por que a su madre condenarla a esa botella
&lt;br&gt;entre lagrimas leicondery recuerda a su doncella
&lt;br&gt;yo voy en busca de una huella que me lleve a ella
&lt;br&gt;a ti qusiera conoserte cobrar tu egoismo
&lt;br&gt;conoser tus hijos aunque no seria capaz de hacer lo mismo
&lt;br&gt;eres un cobarde por que a una niña y no a mi
&lt;br&gt;por que si querias dañarme no has venido aqui
&lt;br&gt;pero ya basta ya no aguanto esta odisea
&lt;br&gt;liberaras a mi nena y pagare lo que sea
&lt;br&gt;
&lt;br&gt;(coro)
&lt;br&gt;
&lt;br&gt;y hoy me pierdo no encuentro no entiendo
&lt;br&gt;ya no hay razon para seguir viviendo
&lt;br&gt;una vida en soledad que en espera se va consumiendo
&lt;br&gt;y un sueño de libertad que poco a poco va desvaneciendo (//)
&lt;br&gt;
&lt;br&gt;(es el silencio una afliccion en este reino de soledad y misterio
&lt;br&gt;no hay razon para destruir una vida y llena de heridas
&lt;br&gt;en un cautiverio, no en un cautiverio)&lt;/p&gt;
</description>
    </item>
    
  </channel>
</rss>