<?xml version="1.0" encoding="utf-8" standalone="yes" ?>
<rss version="2.0" xmlns:atom="http://www.w3.org/2005/Atom">
  <channel>
      <title>33 Miles on Letraspedia.com thes best lyrics page </title>
    <link>http://letraspedia.com/artist/33-miles/</link>
    <language>en-US</language>
    <author>Enthusiastic Hugo User</author>
    <rights>Copyright (c) 2014, Enthusiastic Hugo User; all rights reserved.</rights>
    <updated>Mon, 01 Sep 2008 00:00:00 UTC</updated>
    
    <item>
      <title> I Can Deny</title>
      <link>http://letraspedia.com/lyric/33-miles-i-can-deny/</link>
      <pubDate>Mon, 01 Sep 2008 00:00:00 UTC</pubDate>
      <author>Enthusiastic Hugo User</author>
      <guid>http://letraspedia.com/lyric/33-miles-i-can-deny/</guid>
      <description>&lt;p&gt;I see
&lt;br&gt;your fingerprints
&lt;br&gt;Youre breathe of life
&lt;br&gt;is the evidence
&lt;br&gt;And I see
&lt;br&gt;Your beauty
&lt;br&gt;Your majesty
&lt;br&gt;Surrounding me
&lt;br&gt;
&lt;br&gt;And I cant deny
&lt;br&gt;Your way too evident
&lt;br&gt;I cant ignore your
&lt;br&gt;Presence in this place
&lt;br&gt;Your grace is overwhelming
&lt;br&gt;And I cannot hide all this love inside,
&lt;br&gt;I cant deny, I cant deny
&lt;br&gt;
&lt;br&gt;I feel
&lt;br&gt;Your mercy
&lt;br&gt;Your faithfulness
&lt;br&gt;Over flowing
&lt;br&gt;And I know
&lt;br&gt;Your peace that passes
&lt;br&gt;All of my
&lt;br&gt;Understanding oooh
&lt;br&gt;And I cant deny
&lt;br&gt;Your way too evident
&lt;br&gt;I cant ignore your
&lt;br&gt;Presence in this place
&lt;br&gt;Your grace is overwhelming
&lt;br&gt;And I cannot hide all this love inside,
&lt;br&gt;I cant deny&amp;ndash;
&lt;br&gt;
&lt;br&gt;Your everywhere that I could ever be
&lt;br&gt;I cant deny
&lt;br&gt;Your even in the depths of my soul
&lt;br&gt;
&lt;br&gt;And I cant deny
&lt;br&gt;Your way too evident
&lt;br&gt;I cant ignore your
&lt;br&gt;Presence in this place
&lt;br&gt;Your grace is overwhelming
&lt;br&gt;And I cannot hide all this love inside,
&lt;br&gt;I cant deny&lt;/p&gt;
</description>
    </item>
    
    <item>
      <title> Jesús Calling</title>
      <link>http://letraspedia.com/lyric/33-miles-jesus-calling/</link>
      <pubDate>Mon, 01 Sep 2008 00:00:00 UTC</pubDate>
      <author>Enthusiastic Hugo User</author>
      <guid>http://letraspedia.com/lyric/33-miles-jesus-calling/</guid>
      <description>&lt;p&gt;What do you see when you look at your world today
&lt;br&gt;Is it so full of clutter that you feel like you&amp;rsquo;re going insane
&lt;br&gt;And you can&amp;rsquo;t fight back cause you&amp;rsquo;re just too afraid
&lt;br&gt;and it seems like the clouds in your sky don&amp;rsquo;t wanna change
&lt;br&gt;You see there&amp;rsquo;s always another story, another side to every coin,
&lt;br&gt;And how you see your circumstance is all about a choice
&lt;br&gt;CORO
&lt;br&gt;When you see the rushing wind , feel the pouring rain
&lt;br&gt;hear the thunder now as the clouds roll in
&lt;br&gt;and you&amp;rsquo;re blinded by the lightning
&lt;br&gt;do you also hear that still, small voice saying
&lt;br&gt;It&amp;rsquo;s okay, you&amp;rsquo;re not alone, you may be scared to death,
&lt;br&gt;But I won&amp;rsquo;t let you go
&lt;br&gt;You may think the sky above is falling
&lt;br&gt;But can you hear Jesus calling
&lt;br&gt;What do you see when you look at your world today
&lt;br&gt;Do you see a glimmer of hope, or has it all turned to gray
&lt;br&gt;Well start by counting your blessings one by one
&lt;br&gt;Oh and I&amp;rsquo;m sure right there, you&amp;rsquo;ll start to see the sun
&lt;br&gt;You see there&amp;rsquo;s always another story, another side to every coin
&lt;br&gt;And how you see your circumstance is all about a choice
&lt;br&gt;CORO
&lt;br&gt;Because the darker the night, the brighter He can shine
&lt;br&gt;CORO&lt;/p&gt;
</description>
    </item>
    
    <item>
      <title> One Life To Love</title>
      <link>http://letraspedia.com/lyric/33-miles-one-life-to-love/</link>
      <pubDate>Mon, 01 Sep 2008 00:00:00 UTC</pubDate>
      <author>Enthusiastic Hugo User</author>
      <guid>http://letraspedia.com/lyric/33-miles-one-life-to-love/</guid>
      <description>&lt;p&gt;He never thought he cared so much about the minute hand,
&lt;br&gt;Until he started playing for a second chance,
&lt;br&gt;If he could only do it all again,
&lt;br&gt;He&amp;rsquo;d trade the long nights that he spent behind his desk,
&lt;br&gt;For all he missed,
&lt;br&gt;He tells his wife,
&lt;br&gt;I wish that this moment in this room, was not me dying,
&lt;br&gt;But just spending a little time with you
&lt;br&gt;
&lt;br&gt;You only get just one time around,
&lt;br&gt;You only get one shot at this,
&lt;br&gt;One chance,
&lt;br&gt;To find out,
&lt;br&gt;The one thing that you don&amp;rsquo;t wanna miss,
&lt;br&gt;One day when its all said and done
&lt;br&gt;I hope you see that it was enough,
&lt;br&gt;This one ride,
&lt;br&gt;One try,
&lt;br&gt;One life,
&lt;br&gt;To love.
&lt;br&gt;
&lt;br&gt;She never thought she cared so much about those little hands,
&lt;br&gt;That held on tight the day she left,
&lt;br&gt;Til she was scared to death,
&lt;br&gt;Sitting all alone on a hotel bed,
&lt;br&gt;The end of the road,
&lt;br&gt;The sun has set on her big plans,
&lt;br&gt;To feel young again,
&lt;br&gt;She picks up the phone,
&lt;br&gt;Dials the number,
&lt;br&gt;Hears that little voice,
&lt;br&gt;That&amp;rsquo;s haunted every single mile,
&lt;br&gt;Since she made that choice,
&lt;br&gt;
&lt;br&gt;You only get just one time around,
&lt;br&gt;You only get one shot at this,
&lt;br&gt;One chance,
&lt;br&gt;To find out,
&lt;br&gt;The one thing that you don&amp;rsquo;t wanna miss,
&lt;br&gt;One day when its all said and done
&lt;br&gt;I hope you see that it was enough,
&lt;br&gt;This one ride,
&lt;br&gt;One try,
&lt;br&gt;One life,
&lt;br&gt;To love.
&lt;br&gt;
&lt;br&gt;You only get just one time around,
&lt;br&gt;You only get one shot at this,
&lt;br&gt;One chance,
&lt;br&gt;To find out the one thing
&lt;br&gt;That you don&amp;rsquo;t wanna miss,
&lt;br&gt;One day when its all said and done
&lt;br&gt;I hope you see that it was enough,
&lt;br&gt;This one ride,
&lt;br&gt;One try,
&lt;br&gt;One life,
&lt;br&gt;One ride,
&lt;br&gt;One try,
&lt;br&gt;One life,
&lt;br&gt;To love,
&lt;br&gt;To love,&lt;/p&gt;
</description>
    </item>
    
  </channel>
</rss>