<?xml version="1.0" encoding="utf-8" standalone="yes" ?>
<rss version="2.0" xmlns:atom="http://www.w3.org/2005/Atom">
  <channel>
      <title>1 800 Dis N Dat on Letraspedia.com thes best lyrics page </title>
    <link>http://letraspedia.com/artist/1-800-dis-n-dat/</link>
    <language>en-US</language>
    <author>Enthusiastic Hugo User</author>
    <rights>Copyright (c) 2014, Enthusiastic Hugo User; all rights reserved.</rights>
    <updated>Mon, 01 Sep 2008 00:00:00 UTC</updated>
    
    <item>
      <title> Punany</title>
      <link>http://letraspedia.com/lyric/1-800-dis-n-dat-punany/</link>
      <pubDate>Mon, 01 Sep 2008 00:00:00 UTC</pubDate>
      <author>Enthusiastic Hugo User</author>
      <guid>http://letraspedia.com/lyric/1-800-dis-n-dat-punany/</guid>
      <description>&lt;p&gt;I want it now
&lt;br&gt;Hummm
&lt;br&gt;
&lt;br&gt;Lick my pussy x2
&lt;br&gt;Fuck my pussy x2
&lt;br&gt;Suck me
&lt;br&gt;Suck me hard
&lt;br&gt;I want you to fuck me hard
&lt;br&gt;
&lt;br&gt;Push your tongue on my ass
&lt;br&gt;Put your tongue on my asshole
&lt;br&gt;Stick your finger right there
&lt;br&gt;Lick my pussy
&lt;br&gt;Lick my tits, suck my tits
&lt;br&gt;Suck me hard, suck it hard
&lt;br&gt;I want you to suk me hard
&lt;br&gt;
&lt;br&gt;Finger me
&lt;br&gt;Fuck me
&lt;br&gt;Fuck me hard (fuck me hard)
&lt;br&gt;Fuck me now
&lt;br&gt;
&lt;br&gt;!Fuck me now!,  !fuck me hard!
&lt;br&gt;
&lt;br&gt;Deeper
&lt;br&gt;I wanna deeper
&lt;br&gt;
&lt;br&gt;Fuck me pussy
&lt;br&gt;Fuck my pussy
&lt;br&gt;Suck me
&lt;br&gt;
&lt;br&gt;Harder Harder
&lt;br&gt;Deeper deeper (5)
&lt;br&gt;
&lt;br&gt;Push your tongue on my ass
&lt;br&gt;Put your tongue on my asshole
&lt;br&gt;Stick your finger right there
&lt;br&gt;Lick my pussy
&lt;br&gt;Lick my asshole, lick my asshole
&lt;br&gt;Lick my tits, Suck my tits
&lt;br&gt;Suck it hard, suck me hard
&lt;br&gt;
&lt;br&gt;Oh, Oh, OHH, OHHHHH, Ohhhhhhh
&lt;br&gt;
&lt;br&gt;I wanna suck your cock!
&lt;br&gt;
&lt;br&gt;Ohhhhh, Ohhhhhh, oHHHHHH,
&lt;br&gt;yeah!!! ohhhh
&lt;br&gt;
&lt;br&gt;Come on my tits
&lt;br&gt;Like it
&lt;br&gt;
&lt;br&gt;Punany, Punany
&lt;br&gt;What&amp;rsquo;s your name doesn&amp;rsquo;t matter for me
&lt;br&gt;Punany, Punany
&lt;br&gt;????????????
&lt;br&gt;To punany
&lt;br&gt;
&lt;br&gt;OOOHHHHHHHHH&lt;/p&gt;
</description>
    </item>
    
  </channel>
</rss>