<?xml version="1.0" encoding="utf-8" standalone="yes" ?>
<rss version="2.0" xmlns:atom="http://www.w3.org/2005/Atom">
  <channel>
      <title>1 Segundo Es Demasiado on Letraspedia.com thes best lyrics page </title>
    <link>http://letraspedia.com/artist/1-segundo-es-demasiado/</link>
    <language>en-US</language>
    <author>Enthusiastic Hugo User</author>
    <rights>Copyright (c) 2014, Enthusiastic Hugo User; all rights reserved.</rights>
    <updated>Mon, 01 Sep 2008 00:00:00 UTC</updated>
    
    <item>
      <title> Amanecer</title>
      <link>http://letraspedia.com/lyric/1-segundo-es-demasiado-amanecer/</link>
      <pubDate>Mon, 01 Sep 2008 00:00:00 UTC</pubDate>
      <author>Enthusiastic Hugo User</author>
      <guid>http://letraspedia.com/lyric/1-segundo-es-demasiado-amanecer/</guid>
      <description>&lt;p&gt;Es un amanecer, pero no es el sol
&lt;br&gt;es tu mirada que va llegando,
&lt;br&gt;desde muy lejos sintonizando,
&lt;br&gt;toda mi visión&amp;hellip;
&lt;br&gt;
&lt;br&gt;Se va el dolor, la claridad llegó.
&lt;br&gt;No hay mayor fuerza que este milagro
&lt;br&gt;sentirte cerca, ya estás llegando,
&lt;br&gt;ya estas en mi canción.
&lt;br&gt;
&lt;br&gt;Es demasiado perdirte que llegues!
&lt;br&gt;Y es que me muero por verte llegar!
&lt;br&gt;Al menos tengo a mi lado tus manos,
&lt;br&gt;y estoy sintiendo tus piernas&amp;hellip; correr&amp;hellip;
&lt;br&gt;
&lt;br&gt;Y es por vos, que no me pierdo al fin,
&lt;br&gt;ya no me quemo con fuego, voy a seguir.
&lt;br&gt;Voy a seguir.
&lt;br&gt;Y es por vos, que no me pierdo al fin,
&lt;br&gt;ya no me quemo con fuego, voy a seguir.
&lt;br&gt;Voy a seguir.
&lt;br&gt;A seguir..
&lt;br&gt;A seguir..
&lt;br&gt;
&lt;br&gt;Ya estas acá, te hiciste realidad, y era
&lt;br&gt;verdad sos el sueño más perfecto.
&lt;br&gt;Entre mis brazos hoy aca te encuentro,
&lt;br&gt;siendo mi inspiración.
&lt;br&gt;
&lt;br&gt;Es un amanecer, pero no es el sol
&lt;br&gt;es tu mirada que va llegando,
&lt;br&gt;desde muy lejos sintonizando,
&lt;br&gt;toda mi visión&amp;hellip;
&lt;br&gt;
&lt;br&gt;Es demasiado perdirte que llegues!
&lt;br&gt;Y es que me muero por verte llegar!
&lt;br&gt;Al menos tengo a mi lado tus manos,
&lt;br&gt;y estoy sintiendo tus piernas&amp;hellip; correr&amp;hellip;
&lt;br&gt;
&lt;br&gt;Y es por vos, que no me pierdo al fin,
&lt;br&gt;ya no me quemo con fuego, voy a seguir.
&lt;br&gt;Voy a seguir.
&lt;br&gt;Y es por vos, que no me pierdo al fin,
&lt;br&gt;ya no me quemo con fuego, voy a seguir.
&lt;br&gt;Voy a seguir.
&lt;br&gt;A seguir..
&lt;br&gt;A seguir..&lt;/p&gt;
</description>
    </item>
    
    <item>
      <title> Así Nomas</title>
      <link>http://letraspedia.com/lyric/1-segundo-es-demasiado-asi-nomas/</link>
      <pubDate>Mon, 01 Sep 2008 00:00:00 UTC</pubDate>
      <author>Enthusiastic Hugo User</author>
      <guid>http://letraspedia.com/lyric/1-segundo-es-demasiado-asi-nomas/</guid>
      <description>&lt;p&gt;Hasta que el corazón diga &amp;ldquo;basta, por favor&amp;rdquo;,
&lt;br&gt;abrazame, de una vez&amp;hellip;
&lt;br&gt;Así, te canto esta canción, así nomas.
&lt;br&gt;Así, te canto esta canción&amp;hellip;
&lt;br&gt;
&lt;br&gt;Me fui alejando sin pausar del desierto
&lt;br&gt;siguiéndote por este sueño.
&lt;br&gt;Y sin pensar en nada, de golpe me encontré
&lt;br&gt;respirando por los dos&amp;hellip;
&lt;br&gt;Así, bailamos por bailar, así nomas.
&lt;br&gt;Así, bailamos por bailar, así nomas.
&lt;br&gt;
&lt;br&gt;Pedí a gritos que venga de algún lugar
&lt;br&gt;ese viento que traiga la libertad.
&lt;br&gt;Con los ojos cerrados, respiro y ya está acá&amp;hellip;
&lt;br&gt;El viento ya esta acá&amp;hellip;
&lt;br&gt;
&lt;br&gt;El silencio aquel que pidió un beso
&lt;br&gt;quedó flotando en el lugar&amp;hellip;
&lt;br&gt;Yo sin pensar en nada, de golpe
&lt;br&gt;me encontré respirando por los dos.
&lt;br&gt;Así, bailamos por bailar, así nomas.
&lt;br&gt;Así, bailamos por bailar, así nomas.
&lt;br&gt;
&lt;br&gt;Pedí a gritos que venga de algún lugar
&lt;br&gt;ese viento que traiga la libertad.
&lt;br&gt;Con los ojos cerrados, respiro y ya está acá&amp;hellip;
&lt;br&gt;El viento ya esta acá&amp;hellip;
&lt;br&gt;Trajiste tanta paz&amp;hellip;&lt;/p&gt;
</description>
    </item>
    
    <item>
      <title> Azar</title>
      <link>http://letraspedia.com/lyric/1-segundo-es-demasiado-azar/</link>
      <pubDate>Mon, 01 Sep 2008 00:00:00 UTC</pubDate>
      <author>Enthusiastic Hugo User</author>
      <guid>http://letraspedia.com/lyric/1-segundo-es-demasiado-azar/</guid>
      <description>&lt;p&gt;Desperto con la moneda de cara hacia el techo,
&lt;br&gt;Todo lo que venga es culpa del azar.
&lt;br&gt;Se enfrento contra el espejo y vio mas,
&lt;br&gt;Mucho mas de lo que esperaba ver.
&lt;br&gt;
&lt;br&gt;
&lt;br&gt;Entendio que esa moneda pudo mas, le
&lt;br&gt;Enseño que la vida es corta.
&lt;br&gt;
&lt;br&gt;Va a buscar todo lo que no pudo encontrar en
&lt;br&gt;La ciudad cual es su verdad.
&lt;br&gt;
&lt;br&gt;Entre tanto y tanto, el miedo se escapo.
&lt;br&gt;Nada puede matar las ideas.
&lt;br&gt;Ya esta cumplido
&lt;br&gt;El lo unico que sabe, es que su vida hoy cambio.
&lt;br&gt;
&lt;br&gt;Va a buscar todo lo que no pudo encontrar en
&lt;br&gt;La ciudad cual es su verdad.
&lt;br&gt;Va a buscar todo lo que no pudo encontrar en
&lt;br&gt;La ciudad cual es su verdad.
&lt;br&gt;
&lt;br&gt;Como un vicio, o una enfermedad, cuando el
&lt;br&gt;Camino te atrapa, cuando la ruta se transforma
&lt;br&gt;En hogar no existe frontera que te pueda parar.&lt;/p&gt;
</description>
    </item>
    
    <item>
      <title> Blanco Y Negro</title>
      <link>http://letraspedia.com/lyric/1-segundo-es-demasiado-blanco-y-negro/</link>
      <pubDate>Mon, 01 Sep 2008 00:00:00 UTC</pubDate>
      <author>Enthusiastic Hugo User</author>
      <guid>http://letraspedia.com/lyric/1-segundo-es-demasiado-blanco-y-negro/</guid>
      <description>&lt;p&gt;Algo que comienza, despierta
&lt;br&gt;Restos de lo que no va a volver
&lt;br&gt;Esta bien tener de a ratos tal vez un poco de vos
&lt;br&gt;Esta bien tener de a ratos tal vez tu piel,
&lt;br&gt;Vos sabes
&lt;br&gt;
&lt;br&gt;Esta vida viene en blanco y negro
&lt;br&gt;Y darle color es el regalo más hermoso para vos
&lt;br&gt;Ya fueron demasiados los locos
&lt;br&gt;Que dieron su vida para poder crecer
&lt;br&gt;
&lt;br&gt;Lluvias que refrescan mi tierra
&lt;br&gt;Bañan la prosa de esta canción
&lt;br&gt;Patria grande y perdón
&lt;br&gt;Amor por rencor, castigo al dictador
&lt;br&gt;Camina con mis pies
&lt;br&gt;Yo me pongo tu piel y ves.
&lt;br&gt;
&lt;br&gt;Esta vida viene en blanco y negro
&lt;br&gt;Y darle color es el regalo más hermoso para vos
&lt;br&gt;Ya fueron demasiados los locos
&lt;br&gt;Que dieron su vida para poder crecer
&lt;br&gt;
&lt;br&gt;Cuanto saben los sabios
&lt;br&gt;Que siempre que sale la ultima flor
&lt;br&gt;Se viene el descanso y después el relato
&lt;br&gt;De todo, de todo lo que paso.
&lt;br&gt;
&lt;br&gt;Esta vida viene en blanco y negro
&lt;br&gt;Y darle color es el regalo más hermoso para vos
&lt;br&gt;Ya fueron demasiados los locos
&lt;br&gt;Que dieron su vida para poder crecer.&lt;/p&gt;
</description>
    </item>
    
    <item>
      <title> Buscando Lo Mismo</title>
      <link>http://letraspedia.com/lyric/1-segundo-es-demasiado-buscando-lo-mismo/</link>
      <pubDate>Mon, 01 Sep 2008 00:00:00 UTC</pubDate>
      <author>Enthusiastic Hugo User</author>
      <guid>http://letraspedia.com/lyric/1-segundo-es-demasiado-buscando-lo-mismo/</guid>
      <description>&lt;p&gt;Los que rien sin parar,
&lt;br&gt;los que paran sin reir.
&lt;br&gt;Los que sueñan que se van,
&lt;br&gt;los que se van a dormir.
&lt;br&gt;Todos, buscando lo mismo.
&lt;br&gt;Todos, buscando lo mismo.
&lt;br&gt;
&lt;br&gt;Los amantes de la paz,
&lt;br&gt;los servidores del disturbio.
&lt;br&gt;Los que viven con valor,
&lt;br&gt;los devaluando a la vida.
&lt;br&gt;Todos, buscando lo mismo.
&lt;br&gt;
&lt;br&gt;Todo siempre va creciendo al fin,
&lt;br&gt;y algo, nace al morir&amp;hellip;
&lt;br&gt;y algo, nace al morir&amp;hellip;
&lt;br&gt;y algo, nace al morir&amp;hellip;
&lt;br&gt;El vaso se agota,
&lt;br&gt;las horas son tan cortas.
&lt;br&gt;Flonteras de lenguajes inciertos,
&lt;br&gt;y el tiempo&amp;hellip;pasa una sola vez.
&lt;br&gt;
&lt;br&gt;Los que se apuran a llegar,
&lt;br&gt;los que llegan seguro.
&lt;br&gt;Los que hablan sin parar,
&lt;br&gt;los que dicen lo justo.
&lt;br&gt;Todos, buscando lo mismo.
&lt;br&gt;Todos, buscando lo mismo.
&lt;br&gt;
&lt;br&gt;Todo siempre va creciendo al fin,
&lt;br&gt;y algo, nace al morir&amp;hellip;
&lt;br&gt;y algo, nace al morir&amp;hellip;
&lt;br&gt;y algo, nace al morir&amp;hellip;
&lt;br&gt;El vaso se agota,
&lt;br&gt;las horas son tan cortas.
&lt;br&gt;Flonteras de lenguajes inciertos,
&lt;br&gt;y el tiempo&amp;hellip;pasa una sola vez.&lt;/p&gt;
</description>
    </item>
    
    <item>
      <title> Cada Paso</title>
      <link>http://letraspedia.com/lyric/1-segundo-es-demasiado-cada-paso/</link>
      <pubDate>Mon, 01 Sep 2008 00:00:00 UTC</pubDate>
      <author>Enthusiastic Hugo User</author>
      <guid>http://letraspedia.com/lyric/1-segundo-es-demasiado-cada-paso/</guid>
      <description>&lt;p&gt;Yo levanto los días que vienen por mi
&lt;br&gt;a matarme sin razón.
&lt;br&gt;Con los sueños claros, riendo por reir,
&lt;br&gt;rendido a ser así.
&lt;br&gt;
&lt;br&gt;Para bien, para mal, para ver como es,
&lt;br&gt;salgo al mundo y en su cruda verdad
&lt;br&gt;la tripa, el pecho y arrancar.
&lt;br&gt;
&lt;br&gt;Haciendo del tiempo historias para recordar
&lt;br&gt;que la idea se haga.
&lt;br&gt;
&lt;br&gt;Cada paso que das, cada luz que no vez,
&lt;br&gt;más te acercan al camino sin mas
&lt;br&gt;que lo puesto para caminar.
&lt;br&gt;
&lt;br&gt;Haciendo del tiempo historias para recordar
&lt;br&gt;que la idea se haga.
&lt;br&gt;Un paso al frente del que quiera traicionar.
&lt;br&gt;Que no exista nunca más.
&lt;br&gt;
&lt;br&gt;Tan de abajo levanto como vos también esa querida ilusión.
&lt;br&gt;Con los sueños claros, riendo por reir, rendido a ser así.
&lt;br&gt;
&lt;br&gt;Haciendo del tiempo historias para recordar
&lt;br&gt;que la idea se haga.
&lt;br&gt;Un paso al frente del que quiera tracionar.
&lt;br&gt;Que no exista nunca más.&lt;/p&gt;
</description>
    </item>
    
    <item>
      <title> Cadenas</title>
      <link>http://letraspedia.com/lyric/1-segundo-es-demasiado-cadenas/</link>
      <pubDate>Mon, 01 Sep 2008 00:00:00 UTC</pubDate>
      <author>Enthusiastic Hugo User</author>
      <guid>http://letraspedia.com/lyric/1-segundo-es-demasiado-cadenas/</guid>
      <description>&lt;p&gt;Mira cuando vos ya no calles.
&lt;br&gt;Mira que el dolor no te va a esquivar
&lt;br&gt;Se prende fuego
&lt;br&gt;La mentira y esta farsa
&lt;br&gt;Ya no tiene un lugar
&lt;br&gt;Mira que sensación
&lt;br&gt;Se siente volar
&lt;br&gt;Es crudo este dolor,
&lt;br&gt;Pero te hace andar
&lt;br&gt;No están difíciles
&lt;br&gt;Que los sueños se estropeen
&lt;br&gt;Toda esta historia sin despegar.
&lt;br&gt;Se rompen las cadenas
&lt;br&gt;Que por tantos siglos
&lt;br&gt;Ataron las fieras
&lt;br&gt;Explotan las ventanas
&lt;br&gt;De esta Patria oscura
&lt;br&gt;Que tanto me ciega
&lt;br&gt;Mira que esta vez,
&lt;br&gt;Ya no hay vuelta atrás
&lt;br&gt;Rompiste con el Dios de la inmensidad
&lt;br&gt;Esto esta claro,
&lt;br&gt;Toco el techo la balanza
&lt;br&gt;No es tiempo de callar
&lt;br&gt;Se rompen las cadenas que por tantos siglos
&lt;br&gt;Ataron las fieras
&lt;br&gt;Explotan las ventanas
&lt;br&gt;De esta Patria oscura que tanto me ciega
&lt;br&gt;Mira cuando vos ya no calles&lt;/p&gt;
</description>
    </item>
    
    <item>
      <title> Caminar</title>
      <link>http://letraspedia.com/lyric/1-segundo-es-demasiado-caminar/</link>
      <pubDate>Mon, 01 Sep 2008 00:00:00 UTC</pubDate>
      <author>Enthusiastic Hugo User</author>
      <guid>http://letraspedia.com/lyric/1-segundo-es-demasiado-caminar/</guid>
      <description>&lt;p&gt;Perdónenme lo inoportuno
&lt;br&gt;Me detuve un momento a pensar
&lt;br&gt;Buscando lo bueno y lo malo
&lt;br&gt;De las posas para poder caminar
&lt;br&gt;Lo cierto es que en 1 segundo
&lt;br&gt;Las cosas pueden cambiar
&lt;br&gt;Una ida y vueltas de emociones en el tiempo
&lt;br&gt;Y esa es la verdad
&lt;br&gt;esto no va a cambiar
&lt;br&gt;Es la vida y no esta mal
&lt;br&gt;Hay justicias e injusticias,
&lt;br&gt;Mas el cuento de la irrealidad
&lt;br&gt;Para comprar, para el final
&lt;br&gt;Solo habrá que esperar
&lt;br&gt;Lo bueno es que todavía
&lt;br&gt;Hay momentos con magia de verdad
&lt;br&gt;Pero nos falta lo inconcluso en este juego
&lt;br&gt;No se puede evitar
&lt;br&gt;Como son las cosas,
&lt;br&gt;Hoy mueren pibes en la cancha
&lt;br&gt;Y a los jugadores,
&lt;br&gt;Son capaces de culpar.
&lt;br&gt;Y esto no va a cambiar
&lt;br&gt;Es la vida y no esta mal
&lt;br&gt;Hay justicias e injusticias,
&lt;br&gt;Mas el cuento de la irrealidad
&lt;br&gt;Para comprar, para el final
&lt;br&gt;Solo habrá que esperar&lt;/p&gt;
</description>
    </item>
    
    <item>
      <title> Caravana De Soledad</title>
      <link>http://letraspedia.com/lyric/1-segundo-es-demasiado-caravana-de-soledad/</link>
      <pubDate>Mon, 01 Sep 2008 00:00:00 UTC</pubDate>
      <author>Enthusiastic Hugo User</author>
      <guid>http://letraspedia.com/lyric/1-segundo-es-demasiado-caravana-de-soledad/</guid>
      <description>&lt;p&gt;Prendo la radio o el televisor,
&lt;br&gt;que tal es el día de hoy&amp;hellip;
&lt;br&gt;Ya no hay nada que me pueda asombrar,
&lt;br&gt;ya no hay nada para dar.
&lt;br&gt;
&lt;br&gt;Una pintura que la calle te puede mostrar,
&lt;br&gt;chicos jalando poxirrán&amp;hellip;
&lt;br&gt;Esta miseria y esta inútil autodestrucción,
&lt;br&gt;son las dos bases de esta nueva educación.
&lt;br&gt;
&lt;br&gt;Las balas son para matar, y la cabeza para pensar:
&lt;br&gt;pensar en que estoy, muy lejos
&lt;br&gt;de ahí, y vuelvo a pensar,
&lt;br&gt;&amp;ldquo;que estoy buscando un refugio
&lt;br&gt;y me vuelvo a encontrar
&lt;br&gt;con la caravana de la soledad&amp;rdquo;
&lt;br&gt;
&lt;br&gt;Compro los diarios, leo el mismo show,
&lt;br&gt;como se expande la corrupción.
&lt;br&gt;En la cabeza la paciencia se murió,
&lt;br&gt;en cuanto hablas de la razón.
&lt;br&gt;
&lt;br&gt;Esperando la solución siempre se va a escapar,
&lt;br&gt;bajar un cambio no está mal.
&lt;br&gt;Si esta tristeza y esta profunda falta de emoción,
&lt;br&gt;son las costumbres de esta nueva anti-nación.
&lt;br&gt;
&lt;br&gt;Las balas son para matar, y la cabeza para pensar:
&lt;br&gt;pensar en que estoy, muy lejos
&lt;br&gt;de ahí, y vuelvo a pensar,
&lt;br&gt;&amp;ldquo;que estoy buscando un refugio
&lt;br&gt;y me vuelvo a encontrar
&lt;br&gt;con la caravana de la soledad&amp;rdquo;&lt;/p&gt;
</description>
    </item>
    
    <item>
      <title> Casa De Ahorcado</title>
      <link>http://letraspedia.com/lyric/1-segundo-es-demasiado-casa-de-ahorcado/</link>
      <pubDate>Mon, 01 Sep 2008 00:00:00 UTC</pubDate>
      <author>Enthusiastic Hugo User</author>
      <guid>http://letraspedia.com/lyric/1-segundo-es-demasiado-casa-de-ahorcado/</guid>
      <description>&lt;p&gt;Hoy pinta ser un buen día
&lt;br&gt;En este  ispa que no tiene ley
&lt;br&gt;Se cagan en nuestras alegrías
&lt;br&gt;Pero veni cállame si podes&amp;hellip;
&lt;br&gt;En casa de ahorcados no se pide una soga
&lt;br&gt;Vos morirías si estuvieses en mi lugar&amp;hellip;
&lt;br&gt;La democracia oculta
&lt;br&gt;Libertinaje para un mismo rey
&lt;br&gt;Pero la bestia muy astuta
&lt;br&gt;Llena su barriga imponiéndose
&lt;br&gt;En casa de ahorcados no se pide una soga
&lt;br&gt;Vos morirías si estuvieses en mi lugar&amp;hellip;
&lt;br&gt;Acá te tildan de culpable
&lt;br&gt;Y yo comparto tu dolor
&lt;br&gt;Pero lucho por un sueño
&lt;br&gt;Y es tocar rock and roll.&lt;/p&gt;
</description>
    </item>
    
    <item>
      <title> Corran La Voz</title>
      <link>http://letraspedia.com/lyric/1-segundo-es-demasiado-corran-la-voz/</link>
      <pubDate>Mon, 01 Sep 2008 00:00:00 UTC</pubDate>
      <author>Enthusiastic Hugo User</author>
      <guid>http://letraspedia.com/lyric/1-segundo-es-demasiado-corran-la-voz/</guid>
      <description>&lt;p&gt;Corran la voz que se acortó la ventaja
&lt;br&gt;metió un giro la balanza.
&lt;br&gt;Quiero entender porque te piden ceder
&lt;br&gt;la tribu de oradores que acotan sin razones.
&lt;br&gt;
&lt;br&gt;Corran la voz que podría ser mañana,
&lt;br&gt;siento que alguien nos dispara.
&lt;br&gt;Puedo ser yo el que no tenga esta vez
&lt;br&gt;la astilla de la torta que a vos siempre te toca.
&lt;br&gt;
&lt;br&gt;Y quiero saber ¿Quién sos?
&lt;br&gt;¿Por qué mirás tan mal?
&lt;br&gt;Yo soy, lo que te pasa.
&lt;br&gt;
&lt;br&gt;Ay ay ay va a ser de igual a igual.
&lt;br&gt;Justo que me estaba acostumbrando.
&lt;br&gt;Siempre sacudiendo el árbol desde abajo
&lt;br&gt;para ver si cae algo mejor, o peor.
&lt;br&gt;
&lt;br&gt;No me importa tu condición,
&lt;br&gt;tanta seda te cagó el corazón.
&lt;br&gt;Esquivando la vereda del perro que más muerda,
&lt;br&gt;cada paso que das pensás que no te alcanza.
&lt;br&gt;
&lt;br&gt;Ay ay ay va a ser de igual a igual.
&lt;br&gt;Justo que me estaba acostumbrando.
&lt;br&gt;Siempre sacudiendo el árbol desde abajo
&lt;br&gt;para ver si cae algo mejor.
&lt;br&gt;
&lt;br&gt;Siempre sacudiendo el árbol desde abajo
&lt;br&gt;para ver si cae algo mejor, o peor.
&lt;br&gt;
&lt;br&gt;Ay ay ay va a ser de igual a igual.
&lt;br&gt;Justo que me estaba acostumbrando.
&lt;br&gt;Siempre sacudiendo el árbol desde abajo
&lt;br&gt;para ver si cae algo mejor.
&lt;br&gt;
&lt;br&gt;Siempre sacudiendo el árbol desde abajo
&lt;br&gt;para ver si cae algo mejor, o peor.&lt;/p&gt;
</description>
    </item>
    
    <item>
      <title> El Debate</title>
      <link>http://letraspedia.com/lyric/1-segundo-es-demasiado-el-debate/</link>
      <pubDate>Mon, 01 Sep 2008 00:00:00 UTC</pubDate>
      <author>Enthusiastic Hugo User</author>
      <guid>http://letraspedia.com/lyric/1-segundo-es-demasiado-el-debate/</guid>
      <description>&lt;p&gt;Fue solo una noche más,
&lt;br&gt;eso sí, dependiamos del dueño der bar.
&lt;br&gt;Si se cruzase por si acaso, la idea de cerrar,
&lt;br&gt;toda esa magia en un instante se habría de escapar.
&lt;br&gt;
&lt;br&gt;Ojo entreabierto una vez más.
&lt;br&gt;Muy por lo bajo preguntando:
&lt;br&gt;que fue lo que pasó?,con la humanidad&amp;hellip;
&lt;br&gt;Ya con la mesa de al lado, dijimos sin dudar:
&lt;br&gt;esto está muy claro hermano, nos pudieron separar
&lt;br&gt;desde el principio de la historia
&lt;br&gt;con las religiones: que negocio singular!!
&lt;br&gt;
&lt;br&gt;Y me comienzo a preocupar&amp;hellip;
&lt;br&gt;por la ventana esta aclarando, seguro va a cerrar.
&lt;br&gt;Ya mas cargoso que educado
&lt;br&gt;le voy a preguntar:
&lt;br&gt;jefe no quiero molestarlo, me daría una mas?
&lt;br&gt;Y con cara de asustado, accede sin dudar,
&lt;br&gt;preguntando por lo bajo:
&lt;br&gt;quien carajo va a pagar?
&lt;br&gt;
&lt;br&gt;Pero el debate no es debate,
&lt;br&gt;si no se habla de amar.
&lt;br&gt;Territorio complicado pa&amp;rsquo; el que sufre de verdad.
&lt;br&gt;Siempre aparece un guapo
&lt;br&gt;que dice y afirma:
&lt;br&gt;nunca me voy a enamorar!
&lt;br&gt;Entre cervezas y algo más,
&lt;br&gt;los temas vuelan como flachas de verdad.
&lt;br&gt;Entre cervezas y algo más,
&lt;br&gt;los temas vuelan como flachas de verdad.&lt;/p&gt;
</description>
    </item>
    
    <item>
      <title> El Rescate</title>
      <link>http://letraspedia.com/lyric/1-segundo-es-demasiado-el-rescate/</link>
      <pubDate>Mon, 01 Sep 2008 00:00:00 UTC</pubDate>
      <author>Enthusiastic Hugo User</author>
      <guid>http://letraspedia.com/lyric/1-segundo-es-demasiado-el-rescate/</guid>
      <description>&lt;p&gt;Salgo de mi casa
&lt;br&gt;Para ir a caminar,
&lt;br&gt;Encuentro a los pibes
&lt;br&gt;Que quieren descontrolar,
&lt;br&gt;La ronda se arma
&lt;br&gt;Y el desfile va a comenzar.
&lt;br&gt;La gente no comprende
&lt;br&gt;Que soy un ser de paz
&lt;br&gt;Nos miran, extrañados,
&lt;br&gt;Nos quieren marginar
&lt;br&gt;A mí no me importa
&lt;br&gt;Yo solo quiero más:
&lt;br&gt;Faso, birra y vino
&lt;br&gt;Van de acá para allá,
&lt;br&gt;Con este mundo loco
&lt;br&gt;No puedo razonar
&lt;br&gt;Me quiero matar, no me puedo rescatar.
&lt;br&gt;Llegaron esos putos
&lt;br&gt;Que nos quieren llevar
&lt;br&gt;Preguntan nuestros nombres
&lt;br&gt;Y que hacemos acá
&lt;br&gt;Al toque reprimieron
&lt;br&gt;Y empezamos a pelear.
&lt;br&gt;Después de la golpiza,
&lt;br&gt;Vino el celular,
&lt;br&gt;Todos al calabozo, fuimos a parar
&lt;br&gt;Y a mí no me importa
&lt;br&gt;Yo solo quiero más:
&lt;br&gt;Faso birra y vino
&lt;br&gt;Van de acá para allá,
&lt;br&gt;Con este mundo loco
&lt;br&gt;No puedo razonar
&lt;br&gt;Me quiero matar, no me puedo rescatar.&lt;/p&gt;
</description>
    </item>
    
    <item>
      <title> En Busca Del Sol</title>
      <link>http://letraspedia.com/lyric/1-segundo-es-demasiado-en-busca-del-sol/</link>
      <pubDate>Mon, 01 Sep 2008 00:00:00 UTC</pubDate>
      <author>Enthusiastic Hugo User</author>
      <guid>http://letraspedia.com/lyric/1-segundo-es-demasiado-en-busca-del-sol/</guid>
      <description>&lt;p&gt;Ahora, que tu historia es de verdad
&lt;br&gt;que escupiste a la venganza y aprendiste a callar
&lt;br&gt;que te miro a los ojos y ya puedo adivinar
&lt;br&gt;que tu alma esta sangrando y te rendis una vez mas
&lt;br&gt;que te sobran cicatrices de pelearte con la vida
&lt;br&gt;y dejaste bien tirado el corazon en una esquina
&lt;br&gt;
&lt;br&gt;Nooo, en busca del sol
&lt;br&gt;Nooo, en busca del sol&amp;hellip;
&lt;br&gt;
&lt;br&gt;Y ahora que aparecen en el mapa
&lt;br&gt;los lugares olvidados por las muerte, por el hambre
&lt;br&gt;que me quedo sin palabras de tanto pedirle al cielo
&lt;br&gt;que arrase con los malos y separe a los buenos
&lt;br&gt;que ya nada da lo mismo, esto ardio y ya se quemo
&lt;br&gt;la codicia y la ignorancia que en tu historia se quedo
&lt;br&gt;
&lt;br&gt;Noo, en busca del sol
&lt;br&gt;Noo, en busca del sol..
&lt;br&gt;
&lt;br&gt;La miseria no es el hambre, es algo cuestion de sangres
&lt;br&gt;si hoy se encierra al que no miente
&lt;br&gt;y se aplaude al miserable, al miserable.
&lt;br&gt;
&lt;br&gt;La verdad muestra los dientes, la piedad se desentiende
&lt;br&gt;y vos no escapas&amp;hellip;
&lt;br&gt;
&lt;br&gt;La miseria no es el hambre, es algo cuestion de sangres
&lt;br&gt;si hoy se encierra al que no miente
&lt;br&gt;y se aplaude al miserable, al miserable..&lt;/p&gt;
</description>
    </item>
    
    <item>
      <title> Enroscados</title>
      <link>http://letraspedia.com/lyric/1-segundo-es-demasiado-enroscados/</link>
      <pubDate>Mon, 01 Sep 2008 00:00:00 UTC</pubDate>
      <author>Enthusiastic Hugo User</author>
      <guid>http://letraspedia.com/lyric/1-segundo-es-demasiado-enroscados/</guid>
      <description>&lt;p&gt;Ese paredón que separa al barrio bajo
&lt;br&gt;De tu terrible mansión
&lt;br&gt;Junta ciegos que no son
&lt;br&gt;
&lt;br&gt;Suban tan alto como puedan
&lt;br&gt;Van a ver que desde arriba todo se ve mejor
&lt;br&gt;Puse el corazón y todo cambio
&lt;br&gt;
&lt;br&gt;Aahhhh el desprecio pega sin razón
&lt;br&gt;(Muerde por todos lados)
&lt;br&gt;Aahhhh mi costumbre mi resignación
&lt;br&gt;
&lt;br&gt;Me voltee pude ver y sentir
&lt;br&gt;Me parece que el encierro no es para mí
&lt;br&gt;Mas te abrazo a vos más es lo que doy
&lt;br&gt;
&lt;br&gt;Suban tan alto como puedan
&lt;br&gt;Van a ver que desde arriba todo se ve mejor
&lt;br&gt;Puse el corazón y todo cambio
&lt;br&gt;
&lt;br&gt;Aahhhh el desprecio pega sin razón
&lt;br&gt;(Muerde por todos lados)
&lt;br&gt;Aahhhh mi costumbre mi resignación
&lt;br&gt;Mata o muere un puño con dolor
&lt;br&gt;Por amor se desangra
&lt;br&gt;
&lt;br&gt;Ellos van fingiendo
&lt;br&gt;(Suele suceder)
&lt;br&gt;Enroscados sin remedio
&lt;br&gt;Por verte vivir
&lt;br&gt;De rodillas o morir
&lt;br&gt;
&lt;br&gt;Aahhhh el desprecio pega sin razón
&lt;br&gt;(Muerde por todos lados)
&lt;br&gt;Aahhhh mi costumbre mi resignación
&lt;br&gt;Mata o muere un puño con dolor&lt;/p&gt;
</description>
    </item>
    
  </channel>
</rss>