<?xml version="1.0" encoding="utf-8" standalone="yes" ?>
<rss version="2.0" xmlns:atom="http://www.w3.org/2005/Atom">
  <channel>
      <title>12 Gauge on Letraspedia.com thes best lyrics page </title>
    <link>http://letraspedia.com/artist/12-gauge/</link>
    <language>en-US</language>
    <author>Enthusiastic Hugo User</author>
    <rights>Copyright (c) 2014, Enthusiastic Hugo User; all rights reserved.</rights>
    <updated>Mon, 01 Sep 2008 00:00:00 UTC</updated>
    
    <item>
      <title> Dunkie Butt</title>
      <link>http://letraspedia.com/lyric/12-gauge-dunkie-butt/</link>
      <pubDate>Mon, 01 Sep 2008 00:00:00 UTC</pubDate>
      <author>Enthusiastic Hugo User</author>
      <guid>http://letraspedia.com/lyric/12-gauge-dunkie-butt/</guid>
      <description>&lt;p&gt;Gimme that dunkie butt and them big ol&lt;code&gt;legs, i ain&lt;/code&gt;t 2 hard 2 beg&lt;br /&gt;ain&lt;code&gt;t no shame in this game, i&lt;/code&gt;m gonna break it down and beg like johnny&lt;br /&gt;please&amp;hellip;please&amp;hellip;please&amp;hellip;&lt;br /&gt;Let me ride that donkey donkey&lt;br /&gt;lemme rock that dunkie dunkie&lt;br /&gt;let me ride that donkey donkey&lt;br /&gt;lemme rock that dunkie dunkie&lt;br /&gt;let me ride that donkey donkey&lt;br /&gt;lemme rock that dunkie dunkie&lt;br /&gt;please&amp;hellip;please&amp;hellip;please&amp;hellip;&lt;br /&gt;Everybody get buck wild, lemme do that dunkie joint style&lt;br /&gt;lift me up and bounce around, now do the brown&lt;br /&gt;rock it, pop it, don&lt;code&gt;t stop it, i wanna knock it, yeah&amp;lt;br /&amp;gt;open up and lemme come inside, take me on that donkey ride&amp;lt;br /&amp;gt;i wanna make that body jerk, no time 2 play, just do your work&amp;lt;br /&amp;gt;&lt;/code&gt;cuz i&lt;code&gt;m a businessman takin&lt;/code&gt; care of business, can i get a witness?&lt;br /&gt;so come on out u little devil, lemme take it 2 another level&lt;br /&gt;c&lt;code&gt;mon get sick like bushwhick&lt;/code&gt;cause i need a dunkie quick&lt;br /&gt;so lemme ride the donkey all the way down, i got u makin&lt;code&gt;the freaky style&amp;lt;br /&amp;gt;&lt;/code&gt;cuz i&lt;code&gt;m just a freak then i&lt;/code&gt;m up and ridin&lt;code&gt;, i don&lt;/code&gt;t need a long relationship&lt;br /&gt;just hit it, quit it, and dip.&lt;br /&gt;gimme that dunkie butt and them big ol&lt;code&gt;legs, i ain&lt;/code&gt;t 2 hard 2 beg&lt;br /&gt;ain&lt;code&gt;t no shame in this game, i&lt;/code&gt;m gonna break it down and beg like johnny&lt;br /&gt;please&amp;hellip;please&amp;hellip;please&amp;hellip;&lt;br /&gt;Let me ride that donkey donkey&lt;br /&gt;lemme rock that dunkie dunkie&lt;br /&gt;let me ride that donkey donkey&lt;br /&gt;lemme rock that dunkie dunkie&lt;br /&gt;let me ride that donkey donkey&lt;br /&gt;lemme rock that dunkie dunkie&lt;br /&gt;please&amp;hellip;please&amp;hellip;please&amp;hellip;&lt;br /&gt;I&lt;code&gt;d even want u on the floor, the way u move, u make me watch u more&amp;lt;br /&amp;gt;i like the way u strut, shakin&lt;/code&gt; that big ol&lt;code&gt;dunkie butt&amp;lt;br /&amp;gt;and u&lt;/code&gt;re winning it 4 or what &lt;code&gt;cuz i&lt;/code&gt;m about 2 eat a still pill&lt;br /&gt;that big ol&lt;code&gt;butt makes a preacher want a kid 4 real&amp;lt;br /&amp;gt;&lt;/code&gt;cuz u go girl, i wanna rock your world, get down 2 party&lt;br /&gt;that girl&lt;code&gt;s got me crazy, the way u&lt;/code&gt;re kickin&lt;code&gt;them dates&amp;lt;br /&amp;gt;i wanna lay low long hard labour, please...&amp;lt;br /&amp;gt;i&lt;/code&gt;ve been bringin&lt;code&gt;down ever since i was about 2 stop rent&amp;lt;br /&amp;gt;c i know how 2 satisfy, gimme that girl that money can&lt;/code&gt;t buy&lt;br /&gt;damn, i wanna try it, so gimme that funkie chunkie dunkie&lt;br /&gt;wind it, rhyme it, i don&lt;code&gt;t mind it, go an&lt;/code&gt; tear it loose, i&lt;code&gt;m gonna find it&amp;lt;br /&amp;gt;back that butt up and make it beat, i&lt;/code&gt;m gonna rock that dunkie 2 sleep&lt;br /&gt;gimme that dunkie butt and them big ol&lt;code&gt;legs, i ain&lt;/code&gt;t 2 hard 2 beg&lt;br /&gt;ain&lt;code&gt;t no shame in this game, i&lt;/code&gt;m gonna break it down and beg like johnny&lt;br /&gt;please&amp;hellip;please&amp;hellip;please&amp;hellip;&lt;br /&gt;Let me ride that donkey donkey&lt;br /&gt;lemme rock that dunkie dunkie&lt;br /&gt;let me ride that donkey donkey&lt;br /&gt;lemme rock that dunkie dunkie&lt;br /&gt;let me ride that donkey donkey&lt;br /&gt;lemme rock that dunkie dunkie&lt;br /&gt;please&amp;hellip;please&amp;hellip;please&amp;hellip;&lt;br /&gt;Girls actin&lt;code&gt;like crazy, break it down and a ?wild real labour?&amp;lt;br /&amp;gt;the way u wanna freak with me, so smile like u&lt;/code&gt;re havin&lt;code&gt;fun&amp;lt;br /&amp;gt;and i&lt;/code&gt;ll show the freak how it supposed 2 b, work it on down and side 2 side&lt;br /&gt;take u on that donkey ride, lemme show u how 2 get buck wild&lt;br /&gt;and do that dunkie joint style, i&lt;code&gt;m hoppin&lt;/code&gt; it, we&lt;code&gt;re hoppin&lt;/code&gt; it&lt;br /&gt;i got u on the run, i&lt;code&gt;m doin&lt;/code&gt; u real good, free ladies&lt;br /&gt;like it&lt;code&gt;s supposed 2 b done, put a smile on your face, yeah!&amp;lt;br /&amp;gt;like u&lt;/code&gt;re havin&lt;code&gt;fun,&lt;/code&gt;cuz when i dance is just a loaded gun&lt;br /&gt;ain&lt;code&gt;t talkin&lt;/code&gt; &lt;code&gt;bout a nun, huh, so shake, play it, break it, don&lt;/code&gt;t fake it&lt;br /&gt;show me how long a friend can take it&lt;br /&gt;gimme that dunkie butt and them big ol&lt;code&gt;legs, i ain&lt;/code&gt;t 2 hard 2 beg&lt;br /&gt;ain&lt;code&gt;t no shame in this game, i&lt;/code&gt;m gonna break it down and beg like johnny&lt;br /&gt;please&amp;hellip;please&amp;hellip;please&amp;hellip;&lt;br /&gt;Let me ride that donkey donkey&lt;br /&gt;lemme rock that dunkie dunkie&lt;br /&gt;let me ride that donkey donkey&lt;br /&gt;lemme rock that dunkie dunkie&lt;br /&gt;let me ride that donkey donkey&lt;br /&gt;lemme rock that dunkie dunkie&lt;br /&gt;please&amp;hellip;please&amp;hellip;please&amp;hellip;&lt;br /&gt;[[spoken]]&lt;br /&gt;yo boy&lt;br /&gt;i wanna count 2 three&lt;br /&gt;i want u 2 break it down and do that dunkie funkie&lt;br /&gt;yo, r u ready?? 1&amp;hellip;2&amp;hellip;3&amp;hellip;&lt;br /&gt;get buck wild!!!&lt;br /&gt;&lt;br /&gt;submitted by michael &amp;quot;mickey dee&amp;quot; hack&lt;br /&gt;&lt;br&gt;&lt;/p&gt;
</description>
    </item>
    
  </channel>
</rss>