<?xml version="1.0" encoding="utf-8" standalone="yes" ?>
<rss version="2.0" xmlns:atom="http://www.w3.org/2005/Atom">
  <channel>
      <title>3 For Him on Letraspedia.com thes best lyrics page </title>
    <link>http://letraspedia.com/artist/3-for-him/</link>
    <language>en-US</language>
    <author>Enthusiastic Hugo User</author>
    <rights>Copyright (c) 2014, Enthusiastic Hugo User; all rights reserved.</rights>
    <updated>Mon, 01 Sep 2008 00:00:00 UTC</updated>
    
    <item>
      <title> Puedo Contar Contigo</title>
      <link>http://letraspedia.com/lyric/3-for-him-puedo-contar-contigo/</link>
      <pubDate>Mon, 01 Sep 2008 00:00:00 UTC</pubDate>
      <author>Enthusiastic Hugo User</author>
      <guid>http://letraspedia.com/lyric/3-for-him-puedo-contar-contigo/</guid>
      <description>&lt;p&gt;Oh oh oh oh  x2
&lt;br&gt;
&lt;br&gt;(Estrofa I)
&lt;br&gt;
&lt;br&gt;Tu misericordia
&lt;br&gt;para siempre será
&lt;br&gt;no abandonarás,
&lt;br&gt;al justo levantarás.
&lt;br&gt;
&lt;br&gt;(Estrofa II)
&lt;br&gt;
&lt;br&gt;Grandes cosas,
&lt;br&gt;has hecho en mí,
&lt;br&gt;siempre proclamaré
&lt;br&gt;tu grandeza, Señor.
&lt;br&gt;
&lt;br&gt;(Precoro)
&lt;br&gt;
&lt;br&gt;Tu eres mi paz,
&lt;br&gt;descanso en ti,
&lt;br&gt;por que segura estoy.
&lt;br&gt;
&lt;br&gt;(Coro)
&lt;br&gt;
&lt;br&gt;Puedo contar con tu poder,
&lt;br&gt;en cada momento de mi ser.
&lt;br&gt;Puedo contar contigo, Dios,
&lt;br&gt;poderoso eres tú.
&lt;br&gt;
&lt;br&gt;Puedo vivir sabiendo que
&lt;br&gt;mi futuro está en ti.
&lt;br&gt;Puedo contar contigo, Dios,
&lt;br&gt;poderoso eres tú.
&lt;br&gt;
&lt;br&gt;(Estrofa I)
&lt;br&gt;(Estrofa II)
&lt;br&gt;(Precoro)
&lt;br&gt;(Coro)
&lt;br&gt;(Instrumental)
&lt;br&gt;(Coro) x2
&lt;br&gt;
&lt;br&gt;Puedo contar contigo, Dios,
&lt;br&gt; (Break)
&lt;br&gt;poderoso eres tú.&lt;/p&gt;
</description>
    </item>
    
  </channel>
</rss>