<?xml version="1.0" encoding="utf-8" standalone="yes" ?>
<rss version="2.0" xmlns:atom="http://www.w3.org/2005/Atom">
  <channel>
      <title>1349 on Letraspedia.com thes best lyrics page </title>
    <link>http://letraspedia.com/artist/1349/</link>
    <language>en-US</language>
    <author>Enthusiastic Hugo User</author>
    <rights>Copyright (c) 2014, Enthusiastic Hugo User; all rights reserved.</rights>
    <updated>Mon, 01 Sep 2008 00:00:00 UTC</updated>
    
    <item>
      <title> Aiwass Aeon</title>
      <link>http://letraspedia.com/lyric/1349-aiwass-aeon/</link>
      <pubDate>Mon, 01 Sep 2008 00:00:00 UTC</pubDate>
      <author>Enthusiastic Hugo User</author>
      <guid>http://letraspedia.com/lyric/1349-aiwass-aeon/</guid>
      <description>&lt;p&gt;The last millennia were dedicated to
&lt;br&gt;the forces of light
&lt;br&gt;of selfrighteous hypocrisy
&lt;br&gt;of denial and Puirtanism
&lt;br&gt;
&lt;br&gt;Deceit and despair
&lt;br&gt;Futuristic paranoia
&lt;br&gt;Visions from a dark millennia
&lt;br&gt;
&lt;br&gt;Where god has failed
&lt;br&gt;and mankind shouts
&lt;br&gt;and kills with joy
&lt;br&gt;
&lt;br&gt;a bloody holocaust of flesh protects
&lt;br&gt;the earth
&lt;br&gt;
&lt;br&gt;Not the times have changed
&lt;br&gt;mankind has thrown
&lt;br&gt;of its morals and laws
&lt;br&gt;
&lt;br&gt;social Darwinism
&lt;br&gt;to the extreme
&lt;br&gt;weed out the weak
&lt;br&gt;and soon the liberation will come
&lt;br&gt;Pitiful humans did you believe,
&lt;br&gt;The aeon of Aiwass was for you?&lt;/p&gt;
</description>
    </item>
    
    <item>
      <title> Antichrist Warzone</title>
      <link>http://letraspedia.com/lyric/1349-antichrist-warzone/</link>
      <pubDate>Mon, 01 Sep 2008 00:00:00 UTC</pubDate>
      <author>Enthusiastic Hugo User</author>
      <guid>http://letraspedia.com/lyric/1349-antichrist-warzone/</guid>
      <description>&lt;p&gt;To break the barriers of every man&amp;rsquo;s hope
&lt;br&gt;Just show him: reality
&lt;br&gt;Just give him a glimpse of what&amp;rsquo;s beyond,
&lt;br&gt;The lies of sanity
&lt;br&gt;Just show him the lies spun around
&lt;br&gt;Their so-called &amp;ldquo;normality&amp;rdquo;
&lt;br&gt;I&amp;rsquo;ll offer you nothing but the simple truth
&lt;br&gt;Just based upon what your eyes can see
&lt;br&gt;
&lt;br&gt;There is no heaven, there is no hell
&lt;br&gt;The only truth as you can see it for yourself
&lt;br&gt;So trust nobody but yourself
&lt;br&gt;For that&amp;rsquo;s the only thing you can know that exists
&lt;br&gt;And die with dignity
&lt;br&gt;
&lt;br&gt;Thoughts and memories come toward you
&lt;br&gt;Reminds you of your loss and curse
&lt;br&gt;Loss of past, curse of future
&lt;br&gt;You decide what your life should be like
&lt;br&gt;Stop wasting your time and energy
&lt;br&gt;On those unworthy of your affection
&lt;br&gt;The only thing certain is the presence of your being
&lt;br&gt;And like this it will be till the day you die
&lt;br&gt;
&lt;br&gt;A significant life through other eyes who see
&lt;br&gt;As meaningless as there can be for me
&lt;br&gt;Hope replaced by hatred
&lt;br&gt;I&amp;rsquo;ve never been closer to the &amp;ldquo;truth&amp;rdquo;
&lt;br&gt;I&amp;rsquo;m truly expressing &amp;ldquo;gratitude&amp;rdquo;
&lt;br&gt;True thoughts of an atheist
&lt;br&gt;
&lt;br&gt;I&amp;rsquo;ll swear to the one that even darkness fear
&lt;br&gt;With a sharp conscience
&lt;br&gt;Risen through lost faith
&lt;br&gt;I&amp;rsquo;m every drop of hate!
&lt;br&gt;
&lt;br&gt;Asking myself why they fear death
&lt;br&gt;When all I fear is endless pain
&lt;br&gt;
&lt;br&gt;Can&amp;rsquo;t find a reason in this mess called life
&lt;br&gt;There&amp;rsquo;s no solution as easy as the one I give you
&lt;br&gt;Just a shot gun with a single blast
&lt;br&gt;
&lt;br&gt;Or face reality
&lt;br&gt;And face your own fears
&lt;br&gt;And grow stranger
&lt;br&gt;And die with dignity
&lt;br&gt;
&lt;br&gt;This is how I remind you of my presence
&lt;br&gt;
&lt;br&gt;Attraction
&lt;br&gt;Rejection
&lt;br&gt;
&lt;br&gt;Self destruction
&lt;br&gt;Satisfaction&lt;/p&gt;
</description>
    </item>
    
    <item>
      <title> Beyond The Apocalypse</title>
      <link>http://letraspedia.com/lyric/1349-beyond-the-apocalypse/</link>
      <pubDate>Mon, 01 Sep 2008 00:00:00 UTC</pubDate>
      <author>Enthusiastic Hugo User</author>
      <guid>http://letraspedia.com/lyric/1349-beyond-the-apocalypse/</guid>
      <description>&lt;p&gt;An infernal madness sweeps me along
&lt;br&gt;On a mind blowing trip to the utter beyond
&lt;br&gt;Here I render chaos, not as force
&lt;br&gt;but as state
&lt;br&gt;A state of a consuming and
&lt;br&gt;conceiving mass
&lt;br&gt;Pouring time into the endless hole
&lt;br&gt;of eternity
&lt;br&gt;Letting forever be endless and the
&lt;br&gt;end be forever
&lt;br&gt;
&lt;br&gt;A fulfillinh vision of the ultimate
&lt;br&gt;death machine
&lt;br&gt;Harvesting beings through its emptiness
&lt;br&gt;and void
&lt;br&gt;Like scattered ghosts from lost dreams
&lt;br&gt;Filling a blurred fog of nightmares
&lt;br&gt;Entering a state of the final
&lt;br&gt;consummation
&lt;br&gt;
&lt;br&gt;And swallowing the poison from
&lt;br&gt;the kiss of death
&lt;br&gt;Utter apocalyptic grandeum
&lt;br&gt;Revealing its majestic power
&lt;br&gt;Manifesting its true will
&lt;br&gt;Through demonic slaves
&lt;br&gt;
&lt;br&gt;One ruling force which is all
&lt;br&gt;Nonegiving, all corrupting
&lt;br&gt;Both destructive and creative
&lt;br&gt;A total mayhem of emptiness
&lt;br&gt;
&lt;br&gt;To live as an Immortal
&lt;br&gt;You must endure and explode life
&lt;br&gt;And know what secret treasures await
&lt;br&gt;Here..beyond the apocalypse.&lt;/p&gt;
</description>
    </item>
    
    <item>
      <title> Blood Is The Mortar</title>
      <link>http://letraspedia.com/lyric/1349-blood-is-the-mortar/</link>
      <pubDate>Mon, 01 Sep 2008 00:00:00 UTC</pubDate>
      <author>Enthusiastic Hugo User</author>
      <guid>http://letraspedia.com/lyric/1349-blood-is-the-mortar/</guid>
      <description>&lt;p&gt;And then we back them down
&lt;br&gt;
&lt;br&gt;Soulbound-human heid
&lt;br&gt;Walking in the shadow of hell
&lt;br&gt;At the hands of a sadist
&lt;br&gt;Cast into pandemic years
&lt;br&gt;Into utter night
&lt;br&gt;Into darkness absolute
&lt;br&gt;
&lt;br&gt;Bring them into fire
&lt;br&gt;Strap them down among the bones
&lt;br&gt;Heided to the slaughter
&lt;br&gt;Through a maggot coated world
&lt;br&gt;Through a tunnel of knives
&lt;br&gt;Like an angel in a devil&amp;rsquo;s den
&lt;br&gt;Crawling out of the slime
&lt;br&gt;(you) insectoid vermin
&lt;br&gt;
&lt;br&gt;Bound upon the wheel of hell
&lt;br&gt;See your neck upon the blades
&lt;br&gt;Into utter darkness
&lt;br&gt;Into impurity and hate
&lt;br&gt;
&lt;br&gt;Massacre a dark paradise
&lt;br&gt;Blood is the mortar
&lt;br&gt;Forged upon bones of death
&lt;br&gt;Infernal eternal infamy
&lt;br&gt;Blood is the mortar
&lt;br&gt;Lay waste this world in blasphemy
&lt;br&gt;
&lt;br&gt;Through hasty pillars of green light
&lt;br&gt;Through clouds of carrion flies
&lt;br&gt;Let the world see me drag you to hell
&lt;br&gt;And your soul wrenched from your body
&lt;br&gt;
&lt;br&gt;It fills my heart with fury
&lt;br&gt;Like a storm of brooding doom
&lt;br&gt;To relish in the bloodspill
&lt;br&gt;Worship your own butchers
&lt;br&gt;Rising piles of the dead
&lt;br&gt;From atop a mountain of skulls
&lt;br&gt;
&lt;br&gt;Soulbound human heid
&lt;br&gt;Deathmass in necrotic delights
&lt;br&gt;Inhuman ritual tormentors
&lt;br&gt;Rising in full majesty
&lt;br&gt;
&lt;br&gt;Thirst for retribution
&lt;br&gt;Spikes driven into flesh
&lt;br&gt;Into utter darkness
&lt;br&gt;Into a violent storm of death&lt;/p&gt;
</description>
    </item>
    
    <item>
      <title> Buried By Time And Dust</title>
      <link>http://letraspedia.com/lyric/1349-buried-by-time-and-dust/</link>
      <pubDate>Mon, 01 Sep 2008 00:00:00 UTC</pubDate>
      <author>Enthusiastic Hugo User</author>
      <guid>http://letraspedia.com/lyric/1349-buried-by-time-and-dust/</guid>
      <description>&lt;p&gt;[mayhem cover]&lt;br /&gt;Visions of that no mornings&lt;br /&gt;light ever will come&lt;br /&gt;i&amp;#39;m to old now&lt;br /&gt;the dark is so near,&lt;br /&gt;will i ever reach&lt;br /&gt;the land beyond&lt;br /&gt;this is where we go when we have to&lt;br /&gt;die!&lt;br /&gt;I&amp;#39;ve been old since the birth of time&lt;br /&gt;time buried me in earth&lt;br /&gt;centuries ago, i tasted blood&lt;br /&gt;buried by time and dust&lt;br /&gt;many years has pasted since the funeral&lt;br /&gt;missing the blood of human throats&lt;br /&gt;so many years, ages ago&lt;br /&gt;i must await, feel my bodies&lt;br /&gt;stench&lt;br /&gt;Wanderings out of space&lt;br /&gt;wandering out of time&lt;br /&gt;a world out of light, death at the end&lt;br /&gt;only silence can be heard, silence of peoples tears&lt;br /&gt;no one knows my grave&lt;br /&gt;buried by time and dust&lt;br /&gt;&lt;br&gt;&lt;/p&gt;
</description>
    </item>
    
    <item>
      <title> Celestial Deconstruction</title>
      <link>http://letraspedia.com/lyric/1349-celestial-deconstruction/</link>
      <pubDate>Mon, 01 Sep 2008 00:00:00 UTC</pubDate>
      <author>Enthusiastic Hugo User</author>
      <guid>http://letraspedia.com/lyric/1349-celestial-deconstruction/</guid>
      <description>&lt;p&gt;In the end, a new era beckons
&lt;br&gt;Settling the foundation of an infernal dimension of wrath
&lt;br&gt;A revelation strikes with new awareness upon the masses
&lt;br&gt;Veil of darkness unravel, a horrific sphere unfolds
&lt;br&gt;
&lt;br&gt;An altering of the senses - to discover
&lt;br&gt;What is behing light, beyond celestial slavery
&lt;br&gt;Entangles the mind in dark waves, fiery &amp;amp; monotonous
&lt;br&gt;Deep is the well of dark mystery
&lt;br&gt;
&lt;br&gt;The enlightenment of madness presents itself
&lt;br&gt;On the soil above a lower world
&lt;br&gt;In everlasting ebony shades of the damned
&lt;br&gt;Choirs of madness chant in agonny, as blood
&lt;br&gt;Flows furiously (through my veins)
&lt;br&gt;
&lt;br&gt;Blurred visions - through a smoke-filled sky
&lt;br&gt;With fists clenched, I gaze on through the ugly
&lt;br&gt;The only right path
&lt;br&gt;
&lt;br&gt;The surge of deconstruction casts light aside
&lt;br&gt;The summoning at last
&lt;br&gt;Deceiver - pioneer of this insight
&lt;br&gt;Consume what is of joy
&lt;br&gt;
&lt;br&gt;Consume what is of joy!
&lt;br&gt;
&lt;br&gt;And enless rage until we dance on the hypocrites&amp;rsquo; grave
&lt;br&gt;Step on the crucifix
&lt;br&gt;Ans speak the tongue of blasphemy
&lt;br&gt;
&lt;br&gt;The shivery
&lt;br&gt;Crawling, freezing through the innards &amp;amp; up the spine
&lt;br&gt;The separating of this shell of flesh
&lt;br&gt;&amp;amp; a dark spirituality
&lt;br&gt;Do I believe?
&lt;br&gt;It believes in me&lt;/p&gt;
</description>
    </item>
    
    <item>
      <title> Chaos Within</title>
      <link>http://letraspedia.com/lyric/1349-chaos-within/</link>
      <pubDate>Mon, 01 Sep 2008 00:00:00 UTC</pubDate>
      <author>Enthusiastic Hugo User</author>
      <guid>http://letraspedia.com/lyric/1349-chaos-within/</guid>
      <description>&lt;p&gt;Your throats are empty and your words are shallow
&lt;br&gt;You are too weak to understand that the time for revenge has come
&lt;br&gt;I&amp;rsquo;ll see your suffering, it is infernal
&lt;br&gt;
&lt;br&gt;I will show you your faults
&lt;br&gt;I will pound you till you fall
&lt;br&gt;Your weakness enslaves you, binds you to your primitive thoughts
&lt;br&gt;
&lt;br&gt;Kneel, as a slave before a master, for you the pain has just begun
&lt;br&gt;You disgust me with your base existence
&lt;br&gt;You&amp;rsquo;re just apathetic excuse, not what they call: a man
&lt;br&gt;
&lt;br&gt;You&amp;rsquo;re just a soul in a human shell, not a soul with a true existence
&lt;br&gt;I&amp;rsquo;ll liberate you from this cage of flesh
&lt;br&gt;Now is the time to fucking die
&lt;br&gt;
&lt;br&gt;Die like a pig, die like a coward
&lt;br&gt;Die like a mindless shell
&lt;br&gt;Die like the rest!
&lt;br&gt;
&lt;br&gt;I close my eyes, focus my aggression
&lt;br&gt;Focus my will, reaching out with tendrils of hate
&lt;br&gt;
&lt;br&gt;My mind&amp;rsquo;s eye, burns your soul
&lt;br&gt;Sears your flesh, caress you with deadly rage
&lt;br&gt;
&lt;br&gt;I open my eyes, your corpse still burns
&lt;br&gt;No match for my fiery hate!
&lt;br&gt;Aggression abating as you wither&lt;/p&gt;
</description>
    </item>
    
    <item>
      <title> Chasing Dragons</title>
      <link>http://letraspedia.com/lyric/1349-chasing-dragons/</link>
      <pubDate>Mon, 01 Sep 2008 00:00:00 UTC</pubDate>
      <author>Enthusiastic Hugo User</author>
      <guid>http://letraspedia.com/lyric/1349-chasing-dragons/</guid>
      <description>&lt;p&gt;I am chasing dragons
&lt;br&gt;Seeking the primal state of mind
&lt;br&gt;Filling my veins with venomous lust
&lt;br&gt;Awakening the beast inside
&lt;br&gt;Seeking no meaning only feeling
&lt;br&gt;Entering the shape of the beholder
&lt;br&gt;And get ready to fight
&lt;br&gt;
&lt;br&gt;An overwhelming attack of emotionless fury
&lt;br&gt;Seek to trigger the fright inside
&lt;br&gt;Conquer your fears and kill your courage
&lt;br&gt;A mind seeking mission is on stake
&lt;br&gt;
&lt;br&gt;Exploration of strength
&lt;br&gt;In mind, body and heart
&lt;br&gt;An ultimate test of the
&lt;br&gt;presence of your being
&lt;br&gt;Not to think
&lt;br&gt;Only act on instincts while you steer
&lt;br&gt;into the face of your possible death
&lt;br&gt;Sharpens you to the utter limits
&lt;br&gt;of consenus
&lt;br&gt;
&lt;br&gt;So close but yet so far in presence
&lt;br&gt;of this observation
&lt;br&gt;Viewing this fight through primal eyes
&lt;br&gt;Feeling neither good nor bad
&lt;br&gt;A state of carelessness is what I am feeling
&lt;br&gt;
&lt;br&gt;The pleasure of ultimate pain
&lt;br&gt;Is sending warning light flashes
&lt;br&gt;
&lt;br&gt;Of irrational behavior not humanly accepted
&lt;br&gt;But humanity is no longer an issue
&lt;br&gt;Irrational feelings are non-existing
&lt;br&gt;The only reality is the ongoing fight
&lt;br&gt;
&lt;br&gt;Coldness and grimness swarms to my blood
&lt;br&gt;Regaining strength to fight on
&lt;br&gt;When all the pain is gone and the wounds are healed
&lt;br&gt;The awakening of a new chase is on for the strong
&lt;br&gt;
&lt;br&gt;From beyond I have traveled
&lt;br&gt;and to the end I will see
&lt;br&gt;Enter the dragon
&lt;br&gt;Causing its will to be mine
&lt;br&gt;Pay the price of immortality and
&lt;br&gt;achieve victory to the mind
&lt;br&gt;
&lt;br&gt;But the battle rages on..&lt;/p&gt;
</description>
    </item>
    
    <item>
      <title> End Of All</title>
      <link>http://letraspedia.com/lyric/1349-end-of-all/</link>
      <pubDate>Mon, 01 Sep 2008 00:00:00 UTC</pubDate>
      <author>Enthusiastic Hugo User</author>
      <guid>http://letraspedia.com/lyric/1349-end-of-all/</guid>
      <description>&lt;p&gt;I have haunted your soul
&lt;br&gt;I have fought your battles
&lt;br&gt;I gave you the answers
&lt;br&gt;I took your pain away
&lt;br&gt;
&lt;br&gt;Now is the time to harvest
&lt;br&gt;Now is the time to collect
&lt;br&gt;To see what you have conquered
&lt;br&gt;And to send your soul: to hell!
&lt;br&gt;
&lt;br&gt;Burning corpses, the stench of flesh
&lt;br&gt;Scorched field, the cleansing of the earth
&lt;br&gt;Where are your gods?
&lt;br&gt;Your dying prayers as futile as your faith
&lt;br&gt;
&lt;br&gt;Every man to himself
&lt;br&gt;Figure out the ways of belief
&lt;br&gt;The existence of denial
&lt;br&gt;I could never be crowned in that pitiful way
&lt;br&gt;
&lt;br&gt;Cursed souls, drenched in loss
&lt;br&gt;Defeated by the ineffable force
&lt;br&gt;To live in oblivion or die with pride
&lt;br&gt;
&lt;br&gt;Burning lights flashes memories
&lt;br&gt;Can&amp;rsquo;t hold back, can&amp;rsquo;t hold still
&lt;br&gt;As I scream out the message:
&lt;br&gt;No hope, no fear - this is the end of all!
&lt;br&gt;
&lt;br&gt;Hear the screams of lost souls
&lt;br&gt;Hear them begging for mercy
&lt;br&gt;They lost the battle
&lt;br&gt;They experienced the pain
&lt;br&gt;
&lt;br&gt;Now is the time to harvest
&lt;br&gt;Now is the time to collect
&lt;br&gt;To see what you have conquered
&lt;br&gt;And to send your soul: to hell!
&lt;br&gt;
&lt;br&gt;Flayed bodies eyeless skulls
&lt;br&gt;Inhumanity, the awaited fall
&lt;br&gt;Feel the godless wrath
&lt;br&gt;That heralds the end of all
&lt;br&gt;
&lt;br&gt;Burning lights flashes memories
&lt;br&gt;Can&amp;rsquo;t hold back, can&amp;rsquo;t hold still
&lt;br&gt;As I scream out the message:
&lt;br&gt;No hope, no fear - this is the end of all!&lt;/p&gt;
</description>
    </item>
    
    <item>
      <title> Evil Oath</title>
      <link>http://letraspedia.com/lyric/1349-evil-oath/</link>
      <pubDate>Mon, 01 Sep 2008 00:00:00 UTC</pubDate>
      <author>Enthusiastic Hugo User</author>
      <guid>http://letraspedia.com/lyric/1349-evil-oath/</guid>
      <description>&lt;p&gt;Riding the wings of the unholy wind&lt;br /&gt;to be carried to an eclipsed place of&lt;br /&gt;chaos&lt;br /&gt;to be taken far away from holy ground.&lt;br /&gt;away from the falling christ and his&lt;br /&gt;father&lt;br /&gt;As nights and days passes, till we turned&lt;br /&gt;to dust&lt;br /&gt;Series of simple gestures make me&lt;br /&gt;perish,&lt;br /&gt;as i said farewell to light an god of&lt;br /&gt;desillusions&lt;br /&gt;to follow thee into darkness wich i long&lt;br /&gt;for&lt;br /&gt;the source of fire, always burning in my&lt;br /&gt;heart&lt;br /&gt;I hereby give you me,&lt;br /&gt;to declare war!&lt;br /&gt;i bare no regrets for these actions,&lt;br /&gt;i fulfill them with pride, i worship all that&lt;br /&gt;is ours.&lt;br /&gt;joining the mach of the even fall.&lt;br /&gt;to be at your disposal, the blade when&lt;br /&gt;you release damnation&lt;br /&gt;i fulfill these actions with pride, i worship&lt;br /&gt;all that is ours.&lt;br /&gt;Open the gates, greet me welcome&lt;br /&gt;independence carried me away from lies&lt;br /&gt;and hipocricy&lt;br /&gt;the god of sickness and his sickening&lt;br /&gt;angels&lt;br /&gt;to reach a new aeon, wich i seek&amp;hellip;&lt;br /&gt;As nights and days passes untill i&amp;#39;ve&lt;br /&gt;turned to dust&lt;br /&gt;my soul is thine to cleanse, to form&lt;br /&gt;to shape like thy signs of yours&lt;br /&gt;&lt;br&gt;&lt;/p&gt;
</description>
    </item>
    
    <item>
      <title> From The Deeps</title>
      <link>http://letraspedia.com/lyric/1349-from-the-deeps/</link>
      <pubDate>Mon, 01 Sep 2008 00:00:00 UTC</pubDate>
      <author>Enthusiastic Hugo User</author>
      <guid>http://letraspedia.com/lyric/1349-from-the-deeps/</guid>
      <description>&lt;p&gt;Ia! Ia!
&lt;br&gt;The stars are rights!
&lt;br&gt;
&lt;br&gt;For aenos they have slumbered
&lt;br&gt;Dead but dreaming
&lt;br&gt;Waiting beneath the waves
&lt;br&gt;
&lt;br&gt;Awaken!
&lt;br&gt;
&lt;br&gt;Daemon-gods of primeval times
&lt;br&gt;Coming round full circle
&lt;br&gt;Stirring in the deep
&lt;br&gt;
&lt;br&gt;Rise! Rise! Rise!
&lt;br&gt;Boiling wasters part
&lt;br&gt;Cyclopean cities emerge
&lt;br&gt;From the deeps
&lt;br&gt;
&lt;br&gt;And then&amp;hellip;
&lt;br&gt;
&lt;br&gt;Insanity and fear
&lt;br&gt;Overwhelm the humans
&lt;br&gt;Outnumbered and inferior
&lt;br&gt;
&lt;br&gt;Kraken, Leviathan, Cthulhu
&lt;br&gt;So many names given
&lt;br&gt;To the fear from the deeps&amp;hellip;
&lt;br&gt;
&lt;br&gt;Awaken! Kraken
&lt;br&gt;Awaken! Leviathan
&lt;br&gt;Awaken! Cthulhu
&lt;br&gt;
&lt;br&gt;Rise! Rise! Rise! Rise!
&lt;br&gt;
&lt;br&gt;From the deeps&amp;hellip;
&lt;br&gt;
&lt;br&gt;Ia! Ia!&lt;/p&gt;
</description>
    </item>
    
    <item>
      <title> Hellfire</title>
      <link>http://letraspedia.com/lyric/1349-hellfire/</link>
      <pubDate>Mon, 01 Sep 2008 00:00:00 UTC</pubDate>
      <author>Enthusiastic Hugo User</author>
      <guid>http://letraspedia.com/lyric/1349-hellfire/</guid>
      <description>&lt;p&gt;My icon is the pentagram
&lt;br&gt;The warmth from me
&lt;br&gt;Are pleasures of the flesh
&lt;br&gt;I fill you with ecstasy
&lt;br&gt;My nature is that of excess
&lt;br&gt;Let me out of the circle
&lt;br&gt;And I will burn you
&lt;br&gt;
&lt;br&gt;I will burn you!
&lt;br&gt;
&lt;br&gt;My icon is the cross of Peter
&lt;br&gt;I turn the aeons
&lt;br&gt;I destroy dead dogmas
&lt;br&gt;And create the paradigms
&lt;br&gt;Of the new order
&lt;br&gt;Of the new order!
&lt;br&gt;Of the new order!
&lt;br&gt;
&lt;br&gt;I sparkle with vitality and force
&lt;br&gt;Why,
&lt;br&gt;Fools of fear
&lt;br&gt;Do you want me to burn inside the dead?&lt;/p&gt;
</description>
    </item>
    
    <item>
      <title> I Am Abomination</title>
      <link>http://letraspedia.com/lyric/1349-i-am-abomination/</link>
      <pubDate>Mon, 01 Sep 2008 00:00:00 UTC</pubDate>
      <author>Enthusiastic Hugo User</author>
      <guid>http://letraspedia.com/lyric/1349-i-am-abomination/</guid>
      <description>&lt;p&gt;Hellfire!
&lt;br&gt;
&lt;br&gt;I have always been here
&lt;br&gt;In all forms in all perversions
&lt;br&gt;I will always be here
&lt;br&gt;In all ways in all times
&lt;br&gt;
&lt;br&gt;A question in hidding
&lt;br&gt;A solution in disguise
&lt;br&gt;I know no bounds
&lt;br&gt;Like a locust storm I rise
&lt;br&gt;
&lt;br&gt;Leprous hell-world
&lt;br&gt;My world
&lt;br&gt;Night world
&lt;br&gt;
&lt;br&gt;Blood coated
&lt;br&gt;World despoiler
&lt;br&gt;The master of a devils march
&lt;br&gt;
&lt;br&gt;I have crossed infernal wastedlands
&lt;br&gt;To plant my flag amongst yer&amp;rsquo; bones
&lt;br&gt;
&lt;br&gt;Rising like a broken bone
&lt;br&gt;Throught a sea of flesh
&lt;br&gt;This world is given
&lt;br&gt;
&lt;br&gt;Blood coated
&lt;br&gt;World despoiler
&lt;br&gt;The master of a devils march
&lt;br&gt;
&lt;br&gt;Rising like a broken bone
&lt;br&gt;Throught a sea of flesh
&lt;br&gt;This world is given
&lt;br&gt;
&lt;br&gt;I have got paths yet to trade
&lt;br&gt;I am abomination
&lt;br&gt;
&lt;br&gt;Blood coated
&lt;br&gt;World despoiler
&lt;br&gt;The master of a devils march
&lt;br&gt;
&lt;br&gt;Rising like a broken bone
&lt;br&gt;Throught a sea of flesh
&lt;br&gt;This world is given
&lt;br&gt;
&lt;br&gt;There is a rot whitin us
&lt;br&gt;The flames lick through your veins
&lt;br&gt;The abhorrent mark descending
&lt;br&gt;Abomination crawling near
&lt;br&gt;
&lt;br&gt;The absolute inhuman
&lt;br&gt;I bear the abhorrent mark
&lt;br&gt;My touch like hell&amp;rsquo;s fire
&lt;br&gt;I am abomination
&lt;br&gt;I am abomination!&lt;/p&gt;
</description>
    </item>
    
    <item>
      <title> I Breathe Spears</title>
      <link>http://letraspedia.com/lyric/1349-i-breathe-spears/</link>
      <pubDate>Mon, 01 Sep 2008 00:00:00 UTC</pubDate>
      <author>Enthusiastic Hugo User</author>
      <guid>http://letraspedia.com/lyric/1349-i-breathe-spears/</guid>
      <description>&lt;p&gt;Falling into a nocturnal vacuum, i call for satan, the&lt;br /&gt;keyholder&lt;br /&gt;for his world i shall enter&lt;br /&gt;my call is answered&lt;br /&gt;by force am i taken to realms, darker than death,&lt;br /&gt;to witness the evil glory i have travelled to see&lt;br /&gt;Many are the appearing shapes of satan&lt;br /&gt;unfolding in utter grotesque horror&lt;br /&gt;the air is frozen&lt;br /&gt;i can hear the hateful rumbling and pounding in the&lt;br /&gt;deep&lt;br /&gt;i can see flickering spectres, silouettes blistering with-&lt;br /&gt;electric coldness&lt;br /&gt;I breathe spears&lt;br /&gt;unleashing a pulsating storm of steel&lt;br /&gt;sulphur floats in my veins&lt;br /&gt;my eyes burn with fury&lt;br /&gt;carbonised into my heart&lt;br /&gt;Far away, a wast bastard cross manifests in&lt;br /&gt;the air&lt;br /&gt;how dare it shine so clear&lt;br /&gt;here in theese hellish realms?&lt;br /&gt;oh, did i not know of the impurity&amp;hellip;&lt;br /&gt;As the blasphemy becomes unbearable&lt;br /&gt;i behold thousands of claws gripping the&lt;br /&gt;golden cross from behind&lt;br /&gt;soon demons crawl like furious ants all over&lt;br /&gt;the profante shape&lt;br /&gt;screaming in unearthly rage and insanity&lt;br /&gt;the symbol of nazarene us thirb asunder&lt;br /&gt;dripping with slime and rot&lt;br /&gt;I shiver in cruel ecstacy&lt;br /&gt;and laugh the madmans laughter&lt;br /&gt;Returning now&lt;br /&gt;with diabolical strength&lt;br /&gt;and a vicious grin in the face&lt;br /&gt;&lt;br&gt;&lt;/p&gt;
</description>
    </item>
    
    <item>
      <title> Internal Winter</title>
      <link>http://letraspedia.com/lyric/1349-internal-winter/</link>
      <pubDate>Mon, 01 Sep 2008 00:00:00 UTC</pubDate>
      <author>Enthusiastic Hugo User</author>
      <guid>http://letraspedia.com/lyric/1349-internal-winter/</guid>
      <description>&lt;p&gt;Ad Infermum
&lt;br&gt;I was alone
&lt;br&gt;The path lay before me
&lt;br&gt;Illuminated by
&lt;br&gt;the blood of those
&lt;br&gt;Who went
&lt;br&gt;The hard way
&lt;br&gt;
&lt;br&gt;Silence appressive
&lt;br&gt;Death imminent
&lt;br&gt;Chaotic evil
&lt;br&gt;Raping the order
&lt;br&gt;Killing the light
&lt;br&gt;
&lt;br&gt;Submit to your fears
&lt;br&gt;Obsessed with your faults
&lt;br&gt;Surrender to the darkness within
&lt;br&gt;Initializing Armageddon
&lt;br&gt;End of transmission
&lt;br&gt;
&lt;br&gt;Massa di requiem per tellus
&lt;br&gt;Amanged for choir &amp;amp; flesh
&lt;br&gt;An eldritch chaos of demon cacophony
&lt;br&gt;Such sweet disharmony
&lt;br&gt;Almost sacred
&lt;br&gt;In its blasphemy
&lt;br&gt;
&lt;br&gt;Now..
&lt;br&gt;To rest
&lt;br&gt;To die
&lt;br&gt;Sleep..
&lt;br&gt;Perchance to dream
&lt;br&gt;Of nightmares and coffin-worm
&lt;br&gt;
&lt;br&gt;Such sprrow, then
&lt;br&gt;To wake up
&lt;br&gt;To be alive
&lt;br&gt;Not dreaming
&lt;br&gt;In a corpsecity beneath the waves..
&lt;br&gt;
&lt;br&gt;Infernal Winter
&lt;br&gt;No way to recapture the feeling
&lt;br&gt;Cannot reclaim a crumbled throne
&lt;br&gt;Cursed with awareness
&lt;br&gt;Of a time that has died
&lt;br&gt;
&lt;br&gt;Detached I sever the bonds
&lt;br&gt;Adoming my shell with crimson threads
&lt;br&gt;Attuning my flesh to my spirit
&lt;br&gt;Revelling in the agony
&lt;br&gt;
&lt;br&gt;My breath is chill
&lt;br&gt;My blood is ice
&lt;br&gt;My embrace the freezing death
&lt;br&gt;Frozen to the core
&lt;br&gt;Subzero emotions
&lt;br&gt;So cold it burns
&lt;br&gt;
&lt;br&gt;Let the cold penetrate you
&lt;br&gt;Let the cold penetrate you
&lt;br&gt;Let the cold..all the way..in.&lt;/p&gt;
</description>
    </item>
    
  </channel>
</rss>