<?xml version="1.0" encoding="utf-8" standalone="yes" ?>
<rss version="2.0" xmlns:atom="http://www.w3.org/2005/Atom">
  <channel>
      <title>071 on Letraspedia.com thes best lyrics page </title>
    <link>http://letraspedia.com/artist/071/</link>
    <language>en-US</language>
    <author>Enthusiastic Hugo User</author>
    <rights>Copyright (c) 2014, Enthusiastic Hugo User; all rights reserved.</rights>
    <updated>Mon, 01 Sep 2008 00:00:00 UTC</updated>
    
    <item>
      <title> Tu Feliz Conmigo</title>
      <link>http://letraspedia.com/lyric/071-tu-feliz-conmigo/</link>
      <pubDate>Mon, 01 Sep 2008 00:00:00 UTC</pubDate>
      <author>Enthusiastic Hugo User</author>
      <guid>http://letraspedia.com/lyric/071-tu-feliz-conmigo/</guid>
      <description>&lt;p&gt;Yeaaaahh!
&lt;br&gt;Soy feliz contigo
&lt;br&gt;071
&lt;br&gt;You wanna to say
&lt;br&gt;I love you baby
&lt;br&gt;Simplemente te amooo!!
&lt;br&gt;
&lt;br&gt;&amp;mdash;Carlos Play&amp;mdash;
&lt;br&gt;*&lt;strong&gt;&lt;em&gt;CORO&lt;/em&gt;&lt;/strong&gt;
&lt;br&gt;Tu feliz conmigo
&lt;br&gt;yo feliz contigo
&lt;br&gt;vivamos la pasión del amor los dos juntos
&lt;br&gt;tu feliz conmigo
&lt;br&gt;yo feliz contigo
&lt;br&gt;vivamos la pasión del amor los dos juntos
&lt;br&gt;porque yoooo
&lt;br&gt;yo contigo no siento el friooo
&lt;br&gt;porque tuuu
&lt;br&gt;porque tu llenas mi vacío
&lt;br&gt;porque yoooo
&lt;br&gt;si te tengo a mi lado tiemblo
&lt;br&gt;porque tuuu
&lt;br&gt;porque siente lo que yo ciento
&lt;br&gt;*************
&lt;br&gt;
&lt;br&gt;&amp;mdash;Lin La 100cia&amp;mdash;
&lt;br&gt;De nuestra pasión
&lt;br&gt;con mucha emoción
&lt;br&gt;y seremos felices como dice la canción
&lt;br&gt;estoy mas feliz que el que se sacó la loto
&lt;br&gt;y cuando tu te me pegas mami tu sabes que boto
&lt;br&gt;el cuaje
&lt;br&gt;esto no es montaje
&lt;br&gt;en esta canción me pase de tigueraje
&lt;br&gt;pero no le pare a na´ que no estoy borracho
&lt;br&gt;vamos a salir tu y yo juntos como el cangrejo y sus cachos
&lt;br&gt;(juntos) como el libro y la mochila
&lt;br&gt;siempre juntos como el fuego con la pila
&lt;br&gt;mas juntos, que el dinero en la alcancía
&lt;br&gt;siempre juntos como los dientes y las encías
&lt;br&gt;quiero estar contigo como el machete y el moho
&lt;br&gt;si tu fueras habichuela me convierto en un gorgojo
&lt;br&gt;para estar dentro de ti, haciendo travesuras
&lt;br&gt;para llenarte de caricias, de besos y de ternuras
&lt;br&gt;
&lt;br&gt;Tu, conmigo
&lt;br&gt;y yo contigo
&lt;br&gt;(no le pare a na´)
&lt;br&gt;yo se que te tengo mas mujeres pero (no le pare a na´)
&lt;br&gt;porque tengas un chamaquito (no le pare a na´)
&lt;br&gt;y yo seré el papa (y tu la mamá)
&lt;br&gt;tu, conmigo
&lt;br&gt;y yo contigo
&lt;br&gt;(no le pare a na´)
&lt;br&gt;yo se que te tengo mas mujeres pero (no le pare a na´)
&lt;br&gt;porque tengas un chamaquito (no le pare a na´)
&lt;br&gt;y yo seré el papa (y tu la mamá)
&lt;br&gt;
&lt;br&gt;*&lt;strong&gt;&lt;em&gt;CORO&lt;/em&gt;&lt;/strong&gt;
&lt;br&gt;Tu feliz conmigo
&lt;br&gt;yo feliz contigo
&lt;br&gt;vivamos la pasión del amor los dos juntos
&lt;br&gt;tu feliz conmigo
&lt;br&gt;yo feliz contigo
&lt;br&gt;vivamos la pasión del amor los dos juntos
&lt;br&gt;****************
&lt;br&gt;&amp;mdash;Donal&amp;mdash;
&lt;br&gt;Al fin felicidad, yo que tanto te he llorado
&lt;br&gt;me he quedado impresionado
&lt;br&gt;tu feliz, y yo encantado
&lt;br&gt;tu feliz conmigo, yo feliz contigo
&lt;br&gt;tu vives por mi, y yo por ti vivo
&lt;br&gt;me revisé
&lt;br&gt;como a ti te encantan mis raíces
&lt;br&gt;seremos felices
&lt;br&gt;como las lombrices
&lt;br&gt;de un frizzer
&lt;br&gt;y el mas congelado río
&lt;br&gt;me quita tu calor, yo contigo no siento frío
&lt;br&gt;que lío
&lt;br&gt;te voy a hacer una casa de barro
&lt;br&gt;y la sala, te la voy a decorar con tarros
&lt;br&gt;te voy a hacer con caracoles, dibujos en la pared
&lt;br&gt;no vamos a hacer cuentos de hadas, sino cuentos de clorets
&lt;br&gt;como lo ves?
&lt;br&gt;estoy contigo, pero por tu falda no
&lt;br&gt;no vayas a pensar que soy un zángano
&lt;br&gt;préstame tu taza, pero la sin asa no
&lt;br&gt;y la cadena de oro, la de plata no
&lt;br&gt;me envenenó
&lt;br&gt;
&lt;br&gt;*&lt;strong&gt;&lt;em&gt;CORO&lt;/em&gt;&lt;/strong&gt;
&lt;br&gt;Tu feliz conmigo
&lt;br&gt;yo feliz contigo
&lt;br&gt;vivamos la pasión del amor los dos juntos
&lt;br&gt;tu feliz conmigo
&lt;br&gt;yo feliz contigo
&lt;br&gt;vivamos la pasión del amor los dos juntos
&lt;br&gt;porque yoooo
&lt;br&gt;yo contigo no siento el friooo
&lt;br&gt;porque tuuu
&lt;br&gt;porque tu llenas mi vacío
&lt;br&gt;porque yoooo
&lt;br&gt;si te tengo a mi lado tiemblo
&lt;br&gt;porque tuuu
&lt;br&gt;porque siente lo que yo siento
&lt;br&gt;****************
&lt;br&gt;&lt;/p&gt;
</description>
    </item>
    
  </channel>
</rss>