<?xml version="1.0" encoding="utf-8" standalone="yes" ?>
<rss version="2.0" xmlns:atom="http://www.w3.org/2005/Atom">
  <channel>
      <title>112 Featuring Buccanear Damian Quotjr. Gongquot Marley Lady Saw  Spragga Benz on Letraspedia.com thes best lyrics page </title>
    <link>http://letraspedia.com/artist/112-featuring-buccanear-damian-quotjr/index.-gongquot-marley-lady-saw--spragga-benz/</link>
    <language>en-US</language>
    <author>Enthusiastic Hugo User</author>
    <rights>Copyright (c) 2014, Enthusiastic Hugo User; all rights reserved.</rights>
    <updated>Mon, 01 Sep 2008 00:00:00 UTC</updated>
    
    <item>
      <title> Na Na Na (remix)</title>
      <link>http://letraspedia.com/lyric/112-featuring-buccanear-damian-quotjr-gongquot-marley-lady-saw-spragga-benz-na-na-na-remix/</link>
      <pubDate>Mon, 01 Sep 2008 00:00:00 UTC</pubDate>
      <author>Enthusiastic Hugo User</author>
      <guid>http://letraspedia.com/lyric/112-featuring-buccanear-damian-quotjr-gongquot-marley-lady-saw-spragga-benz-na-na-na-remix/</guid>
      <description>&lt;p&gt;Intro:&lt;br /&gt;lady saw: how yuh mean 112?&lt;br /&gt;112:&lt;br /&gt;oooh whoa a oh!&lt;br /&gt;i wanna see you rock that ass, rock that ass&lt;br /&gt;rock that ass, would you, rock that ass&lt;br /&gt;girl work your body (body) work your body (body)&lt;br /&gt;work your body mami, work your body&lt;br /&gt;ma change positions (yeah) change positions (oh!)&lt;br /&gt;new position wanna, new position&lt;br /&gt;girl twirk it for me (yeah!) twirk it for me (yeah)&lt;br /&gt;twirk it for me shorty twirk it for me (oh!)&lt;br /&gt;Verse 1: spragga benz&lt;br /&gt;i know di tricks i got di magic in di stick&lt;br /&gt;gal wuk out pon it gal bruk out pon it gal&lt;br /&gt;yuh body fit to how man got to get it stiff&lt;br /&gt;come wuk out pon it can yuh pop out pon it &lt;br /&gt;hey! deep in it stickin it, turnin and twistin it&lt;br /&gt;wine up pon it gal wine up pon it gal&lt;br /&gt;continue switchin it, gangsta bitchin it&lt;br /&gt;back up pon it gal back up pon it&lt;br /&gt;now change yuh position and, gimme a new style&lt;br /&gt;twenty two style, gimme gimme&lt;br /&gt;turn on yuh side and, open wide and&lt;br /&gt;change di profile, sexy kimmie&lt;br /&gt;sex is a weopen go ahead shoot and kill me&lt;br /&gt;fulfill me, until i&amp;#39;m totally burned out&lt;br /&gt;yuh got di position yuh seduction a thrill me&lt;br /&gt;i can imagine how di man yuh turn out&lt;br /&gt;Chorus: 112&lt;br /&gt;oh na na na na, do you know what your doin to me&lt;br /&gt;the way your lookin is so sexy, when your doin that dance for me, hey&lt;br /&gt;oh na na na na, do you know what your doin to me&lt;br /&gt;the way your lookin is so sexy, when your doin that dance for me&lt;br /&gt;Verse 2: lady saw&lt;br /&gt;clear di way, mek mi just back this ass up&lt;br /&gt;ladies if yuh feelin it wave yuh glass up&lt;br /&gt;hot gal forever real man caan pass up&lt;br /&gt;no gal caan clown pon fool go mass up&lt;br /&gt;112 let&amp;#39;s dance let me get up in yuh pants&lt;br /&gt;i promise when i&amp;#39;m done i&amp;#39;m gonna leff yuh inna trance&lt;br /&gt;and dat&amp;#39;s, just by takin one glance&lt;br /&gt;you&amp;#39;ll be beggin and pleadin for one more chance&lt;br /&gt;wanna see me raw, baby please show mi di cash&lt;br /&gt;i&amp;#39;ll, dirty dance like right round di clock&lt;br /&gt;tress back, cause dem wine yah too hot&lt;br /&gt;gimme ten more g&amp;#39;s and mi lift up mi frack&lt;br /&gt;di place packed, but everyting intact&lt;br /&gt;di club overload let&amp;#39;s take it to di dock&lt;br /&gt;but stop, give mi one di rock&lt;br /&gt;mek mi cool down cause di dance caan flop&lt;br /&gt;Chorus: 112&lt;br /&gt;oh na na na na, do you know what your doin to me&lt;br /&gt;the way your lookin is so sexy, when your doin that dance for me, hey&lt;br /&gt;oh na na na na, do you know what your doin to me&lt;br /&gt;the way your lookin is so sexy, when your doin that dance for me&lt;br /&gt;Verse 3: buccanear&lt;br /&gt;a party goin on so i let my thugs know&lt;br /&gt;while all the girls stare so yo let&amp;#39;s go&lt;br /&gt;dress to impress, pocket full a dough&lt;br /&gt;woman everywhere so we walk very slow&lt;br /&gt;gal outta di back now dat&amp;#39;s where we at&lt;br /&gt;with everyting fi drink a lotta weed and cigar&lt;br /&gt;right back to di wall incase of a war&lt;br /&gt;when we inna di party, yo yo&lt;br /&gt;all my ladies in di place to be hangin out with me&lt;br /&gt;swing it swing it&lt;br /&gt;come join me in di v.i.p. girl it&amp;#39;s all on me&lt;br /&gt;so bring it bring it&lt;br /&gt;whether yuh wearin a thong or a g&lt;br /&gt;for privacy just fling it fling it&lt;br /&gt;gal flex inna di dark with me&lt;br /&gt;like a bumble bee i&amp;#39;ll swing it swing it&lt;br /&gt;Bridge: 112 (slim from 112)&lt;br /&gt;this is the remix, na na na na na na na remix&lt;br /&gt;(you are) you are so sexy (you are so sexy)&lt;br /&gt;you don&amp;#39;t know what you doin to me&lt;br /&gt;Verse 4: damian &amp;quot;jr. gong&amp;quot; marley (112)&lt;br /&gt;some gal a wolf inna sheep skin wash over gold&lt;br /&gt;pretend it&amp;#39;s a secret and everybody know &lt;br /&gt;dibby dibby follow cheap tings run out di door&lt;br /&gt;dibby dibby follow greetings she still a wine slow&lt;br /&gt;only time keep it now start to flow&lt;br /&gt;fling seed and reap it yute start to grow&lt;br /&gt;shelter and feed it keep har a go&lt;br /&gt;look like she need it (oooh whoa a oh!&lt;br /&gt;because she wine with an african tribal instinct &lt;br /&gt;like she have animal survival instinct&lt;br /&gt;of course dem a show some vital in print&lt;br /&gt;competition bun dung all verbal ginseng&lt;br /&gt;love without feelings love weh nuh grow&lt;br /&gt;yuh drop it too deep it caan grow nuh more&lt;br /&gt;fightin when she feel it still a endore&lt;br /&gt;sign it and mi seal it (oooh whoa a oh!)&lt;br /&gt;Chorus: 112&lt;br /&gt;oh na na na na, do you know what your doin to me&lt;br /&gt;the way your lookin is so sexy, when your doin that dance for me, hey&lt;br /&gt;oh na na na na, do you know what your doin to me&lt;br /&gt;the way your lookin is so sexy, when your doin that dance for me (oooh whoa a oh!)&lt;br /&gt;oh na na na na, do you know what your doin to me&lt;br /&gt;the way your lookin is so sexy, when your doin that dance for me, hey&lt;br /&gt;oh na na na na, do you know what your doin to me&lt;br /&gt;the way your lookin is so sexy, when your doin that dance for me (oooh whoa a oh!)&lt;br /&gt;Outro: 112&lt;br /&gt;i wanna see you rock that ass, rock that ass&lt;br /&gt;rock that ass, would you, rock that ass&lt;br /&gt;girl work your body (body) work your body (body)&lt;br /&gt;work your body mami, work your body&lt;br /&gt;ma change positions (yeah) change positions (oh!)&lt;br /&gt;new position wanna, new position&lt;br /&gt;girl twirk it for me (yeah!) twirk it for me (yeah)&lt;br /&gt;twirk it for me shorty twirk it for me (oh!)&lt;br /&gt;&lt;br&gt;&lt;/p&gt;
</description>
    </item>
    
  </channel>
</rss>