<?xml version="1.0" encoding="utf-8" standalone="yes" ?>
<rss version="2.0" xmlns:atom="http://www.w3.org/2005/Atom">
  <channel>
      <title>1140 Mississippi on Letraspedia.com thes best lyrics page </title>
    <link>http://letraspedia.com/artist/1140-mississippi/</link>
    <language>en-US</language>
    <author>Enthusiastic Hugo User</author>
    <rights>Copyright (c) 2014, Enthusiastic Hugo User; all rights reserved.</rights>
    <updated>Mon, 01 Sep 2008 00:00:00 UTC</updated>
    
    <item>
      <title> Asparagus</title>
      <link>http://letraspedia.com/lyric/1140-mississippi-asparagus/</link>
      <pubDate>Mon, 01 Sep 2008 00:00:00 UTC</pubDate>
      <author>Enthusiastic Hugo User</author>
      <guid>http://letraspedia.com/lyric/1140-mississippi-asparagus/</guid>
      <description>&lt;p&gt;You smell like asparagus &lt;br /&gt;But we´ll leave that behind us &lt;br /&gt;Like a dead president &lt;br /&gt;Or the place where i went &lt;br /&gt;Last summer &lt;br /&gt;I don´t remember it´s name &lt;br /&gt;And they all look the same &lt;br /&gt;When the sun doesn´t shine &lt;br /&gt;But the drinks where fine &lt;br /&gt;Last summer&lt;br /&gt;&lt;br&gt;&lt;/p&gt;
</description>
    </item>
    
    <item>
      <title> Boy Meet Girl</title>
      <link>http://letraspedia.com/lyric/1140-mississippi-boy-meet-girl/</link>
      <pubDate>Mon, 01 Sep 2008 00:00:00 UTC</pubDate>
      <author>Enthusiastic Hugo User</author>
      <guid>http://letraspedia.com/lyric/1140-mississippi-boy-meet-girl/</guid>
      <description>&lt;p&gt;Hey, i´m awake what´s that scent in the air &lt;br /&gt;Do i know this place from before &lt;br /&gt;I wonder where all of my shoes dissapear &lt;br /&gt;Just some traces of dirt on the floor &lt;br /&gt;Does anyone here have some water to spare &lt;br /&gt;Cause i woke with this terrible thirst &lt;br /&gt;It´s the romantic notion of harshness to share &lt;br /&gt;Before my testicles burst &lt;br /&gt;Boy meet girl they fall in love &lt;br /&gt;I watch the scene from up above &lt;br /&gt;The angels are gone where angels go &lt;br /&gt;Hell, i don´t know &lt;br /&gt;If these angels are real could they follow me home &lt;br /&gt;And reward me for putting my trust &lt;br /&gt;In this bed as the mark of my journey to roam &lt;br /&gt;Thru the nights of obedient lust &lt;br /&gt;I am battered to pieces by vodka and sex &lt;br /&gt;And a fondness for odious sin &lt;br /&gt;I eep making phone-calls at night to my ex &lt;br /&gt;And i wish for her scent on my skin &lt;br /&gt;Boy meet girl they fall in love &lt;br /&gt;I watch the scene from up above &lt;br /&gt;The angels are gone where angels go &lt;br /&gt;Hell, i don´t know&lt;br /&gt;&lt;br&gt;&lt;/p&gt;
</description>
    </item>
    
    <item>
      <title> Girl With The Clandestine Heart</title>
      <link>http://letraspedia.com/lyric/1140-mississippi-girl-with-the-clandestine-heart/</link>
      <pubDate>Mon, 01 Sep 2008 00:00:00 UTC</pubDate>
      <author>Enthusiastic Hugo User</author>
      <guid>http://letraspedia.com/lyric/1140-mississippi-girl-with-the-clandestine-heart/</guid>
      <description>&lt;p&gt;I used to love a girl caled mary-jane &lt;br /&gt;I used to think that people looked the same &lt;br /&gt;Without their heads on &lt;br /&gt;But then she made my sky complete &lt;br /&gt;I used to watch her fall asleep &lt;br /&gt;I used to kiss her lie the salty sea &lt;br /&gt;I used to think that we where wild and free &lt;br /&gt;So independent &lt;br /&gt;But like buildings people fall apart &lt;br /&gt;She´s the girl with the clandestine heart &lt;br /&gt;She used to tell me things i´ve never heard &lt;br /&gt;It made me raise my head just like a bird &lt;br /&gt;When it drinks water &lt;br /&gt;I swore to love her ´til the end of time &lt;br /&gt;But when i turned around she wasn´t mine &lt;br /&gt;I should´ve seen it &lt;br /&gt;I should´ve known it from the start &lt;br /&gt;She´s the girl with the clandestine heart&lt;br /&gt;&lt;br&gt;&lt;/p&gt;
</description>
    </item>
    
    <item>
      <title> Gothenburg Herbman</title>
      <link>http://letraspedia.com/lyric/1140-mississippi-gothenburg-herbman/</link>
      <pubDate>Mon, 01 Sep 2008 00:00:00 UTC</pubDate>
      <author>Enthusiastic Hugo User</author>
      <guid>http://letraspedia.com/lyric/1140-mississippi-gothenburg-herbman/</guid>
      <description>&lt;p&gt;It´s the kindness of strangers &lt;br /&gt;And the absence of harm &lt;br /&gt;With the gothenburg herbman &lt;br /&gt;And his friendly charm &lt;br /&gt;He´s got a headful of liquor &lt;br /&gt;And a fistful of grass &lt;br /&gt;And his skin is the color &lt;br /&gt;Of the white middle-class &lt;br /&gt;He do the crazy handstand &lt;br /&gt;He do the funny ape &lt;br /&gt;He do the rock´n´roll band &lt;br /&gt;He do the total fake &lt;br /&gt;He want the dolphin flip &lt;br /&gt;Adidas handball-shoe &lt;br /&gt;Around the moon and back hit &lt;br /&gt;He do the i love you &lt;br /&gt;He´s got a headful of liquor &lt;br /&gt;And a fistful of hasch &lt;br /&gt;He´s still watching the sky &lt;br /&gt;For the two-seven clash &lt;br /&gt;He is the space invader &lt;br /&gt;He´s a sex machine &lt;br /&gt;He is the caped crusader &lt;br /&gt;He´s a strangers dream &lt;br /&gt;Gothenburg herbman &lt;br /&gt;Your super-hero boyfriend &lt;br /&gt;Gothenburg herbman &lt;br /&gt;Your super-hero boyfriend &lt;br /&gt;Your super-hero boyfriend&lt;br /&gt;&lt;br&gt;&lt;/p&gt;
</description>
    </item>
    
    <item>
      <title> Lullaby For A Sleepy Girlfriend</title>
      <link>http://letraspedia.com/lyric/1140-mississippi-lullaby-for-a-sleepy-girlfriend/</link>
      <pubDate>Mon, 01 Sep 2008 00:00:00 UTC</pubDate>
      <author>Enthusiastic Hugo User</author>
      <guid>http://letraspedia.com/lyric/1140-mississippi-lullaby-for-a-sleepy-girlfriend/</guid>
      <description>&lt;p&gt;Hush now my baby &lt;br /&gt;Hush now my love &lt;br /&gt;The angels are watching &lt;br /&gt;From heaven above &lt;br /&gt;They know that i love you &lt;br /&gt;They know that it´s true &lt;br /&gt;I´ll stay here beside you &lt;br /&gt;Whatever you do &lt;br /&gt;When i wake beside you &lt;br /&gt;I feel like i shine &lt;br /&gt;I wish you forever &lt;br /&gt;And ever be mine &lt;br /&gt;A new day tomorrow &lt;br /&gt;When you open your eyes &lt;br /&gt;You let in the sunshine &lt;br /&gt;And all darkness dies&lt;br /&gt;&lt;br&gt;&lt;/p&gt;
</description>
    </item>
    
    <item>
      <title> Millenium Fever</title>
      <link>http://letraspedia.com/lyric/1140-mississippi-millenium-fever/</link>
      <pubDate>Mon, 01 Sep 2008 00:00:00 UTC</pubDate>
      <author>Enthusiastic Hugo User</author>
      <guid>http://letraspedia.com/lyric/1140-mississippi-millenium-fever/</guid>
      <description>&lt;p&gt;Millenium fever &lt;br /&gt;Everything fall apart &lt;br /&gt;Even the strongest heart, part &lt;br /&gt;In the millenium fever &lt;br /&gt;It gets better in 1000 years &lt;br /&gt;Stay in here &lt;br /&gt;Got the millenium stare &lt;br /&gt;Millenium fever &lt;br /&gt;The road remain the same &lt;br /&gt;Heal the lame, millenium shame &lt;br /&gt;The i-don´t-care fever &lt;br /&gt;Go nowhere, play with the old toys &lt;br /&gt;In the sauna with the jack-off boys &lt;br /&gt;Ugly cowboys &lt;br /&gt;There´s no need to save the world &lt;br /&gt;There´s no need to save the world &lt;br /&gt;The world is just fine &lt;br /&gt;But the people needs saving &lt;br /&gt;&amp;gt;from the turn of the time &lt;br /&gt;The millenium craving &lt;br /&gt;Millenium fever &lt;br /&gt;The sign and the descent &lt;br /&gt;The dollar, the cent, the corrupt government &lt;br /&gt;Millenium fever &lt;br /&gt;Turn the engine off, hear the sound &lt;br /&gt;Of the buzzing sky, the silent ground &lt;br /&gt;No-one around &lt;br /&gt;Millenium fever &lt;br /&gt;The anastethic scream &lt;br /&gt;Burn the mind to heal the dream or so it seem &lt;br /&gt;Millenium fever &lt;br /&gt;Don´t believe the things you see &lt;br /&gt;The crack, the smack, the lsd &lt;br /&gt;The you and me &lt;br /&gt;There´s no need to save the world&amp;hellip;&lt;br /&gt;&lt;br&gt;&lt;/p&gt;
</description>
    </item>
    
    <item>
      <title> No After, No Before</title>
      <link>http://letraspedia.com/lyric/1140-mississippi-no-after-no-before/</link>
      <pubDate>Mon, 01 Sep 2008 00:00:00 UTC</pubDate>
      <author>Enthusiastic Hugo User</author>
      <guid>http://letraspedia.com/lyric/1140-mississippi-no-after-no-before/</guid>
      <description>&lt;p&gt;She smells like vanilla &lt;br /&gt;Her mom´s from manilla &lt;br /&gt;It is dark and you walk down the street &lt;br /&gt;You´re propped full of dope &lt;br /&gt;Feel like julian cope &lt;br /&gt;And you wanna go someplace to eat &lt;br /&gt;She talks, you don´t listen &lt;br /&gt;Something ´bout her sisters &lt;br /&gt;It is fall and the trees have turned red &lt;br /&gt;And you don´t like her looks &lt;br /&gt;And she doesn´t read books &lt;br /&gt;And sometimes you just wish she was dead &lt;br /&gt;You just don´t love her anymore &lt;br /&gt;There´s no after, no before &lt;br /&gt;There is no sunshine in a fog &lt;br /&gt;And love is a place where dog eat dog &lt;br /&gt;So you start to ignore her &lt;br /&gt;&lt;br&gt;Like all the girls before her &lt;br /&gt;And you hope she will leave by herself &lt;br /&gt;But you´re stuck in a spiral &lt;br /&gt;And fear is your rival &lt;br /&gt;He shows up when you´re by yourself &lt;br /&gt;So you worry and weep &lt;br /&gt;´til you doze off to sleep &lt;br /&gt;And you dream about her face in the sky &lt;br /&gt;But you can´t make a sound &lt;br /&gt;And you´re stuck to the ground &lt;br /&gt;´cause even in dreams you can´t fly &lt;br /&gt;You just don´t love her anymore&amp;hellip;&lt;br /&gt;&lt;br&gt;&lt;/p&gt;
</description>
    </item>
    
    <item>
      <title> Projector</title>
      <link>http://letraspedia.com/lyric/1140-mississippi-projector/</link>
      <pubDate>Mon, 01 Sep 2008 00:00:00 UTC</pubDate>
      <author>Enthusiastic Hugo User</author>
      <guid>http://letraspedia.com/lyric/1140-mississippi-projector/</guid>
      <description>&lt;p&gt;I´m the projector &lt;br /&gt;And you are the silver screen &lt;br /&gt;I dwell in darkness &lt;br /&gt;You are what is seen &lt;br /&gt;And i live for you &lt;br /&gt;Live for you &lt;br /&gt;Live for a long time dear &lt;br /&gt;And it´s been so nice &lt;br /&gt;Been so nice &lt;br /&gt;Been so nice to have you here &lt;br /&gt;To have you near &lt;br /&gt;Oh, i do care &lt;br /&gt;I see your face &lt;br /&gt;Everywhere &lt;br /&gt;So i drink, drink, drink &lt;br /&gt;Drink ´til i´m beautiful &lt;br /&gt;Drink, drink, drink &lt;br /&gt;Drink ´til i´m pitiful &lt;br /&gt;&amp;amp; i remember in november &lt;br /&gt;&amp;amp; i do still &lt;br /&gt;There where hints &amp;amp; alligations &lt;br /&gt;&amp;amp; vodka &amp;amp; pills &lt;br /&gt;&amp;amp; i remember in december &lt;br /&gt;Your hand in mine &lt;br /&gt;There where heartaches &amp;amp; tootheaches &lt;br /&gt;&amp;gt;from all the warm wine &lt;br /&gt;But i live for you&amp;hellip;&lt;br /&gt;&lt;/p&gt;
</description>
    </item>
    
    <item>
      <title> The Same</title>
      <link>http://letraspedia.com/lyric/1140-mississippi-the-same/</link>
      <pubDate>Mon, 01 Sep 2008 00:00:00 UTC</pubDate>
      <author>Enthusiastic Hugo User</author>
      <guid>http://letraspedia.com/lyric/1140-mississippi-the-same/</guid>
      <description>&lt;p&gt;You might live in gothenburg &lt;br /&gt;You might live in spain &lt;br /&gt;You might add some tenderness &lt;br /&gt;Or, you might bring me pain &lt;br /&gt;Here´s another song about you &lt;br /&gt;It´s not something i want to &lt;br /&gt;It´s just something that i do &lt;br /&gt;And i, yeah, i could kiss you right now &lt;br /&gt;Wouldn´t that be a shame &lt;br /&gt;Or would it al just &lt;br /&gt;Be the same &lt;br /&gt;You might live in kansas city &lt;br /&gt;You might live in sin &lt;br /&gt;You might leave me far behind &lt;br /&gt;Or change me from within &lt;br /&gt;Here´s another song about you &lt;br /&gt;It´s not something i want to &lt;br /&gt;It´s just something that i do &lt;br /&gt;And i could kill you right now &lt;br /&gt;Wouldn´t that be a shame &lt;br /&gt;Or would it all just &lt;br /&gt;Be the same &lt;br /&gt;Be the same &lt;br /&gt;Be the same &lt;br /&gt;Never thought that i would crash and burn &lt;br /&gt;The same &lt;br /&gt;Be the same &lt;br /&gt;Never thought that i would turn &lt;br /&gt;The same &lt;br /&gt;Turn the same&lt;br /&gt;&lt;br&gt;&lt;/p&gt;
</description>
    </item>
    
    <item>
      <title> Unsignificant</title>
      <link>http://letraspedia.com/lyric/1140-mississippi-unsignificant/</link>
      <pubDate>Mon, 01 Sep 2008 00:00:00 UTC</pubDate>
      <author>Enthusiastic Hugo User</author>
      <guid>http://letraspedia.com/lyric/1140-mississippi-unsignificant/</guid>
      <description>&lt;p&gt;Me and someone had a fight &lt;br /&gt;Another lonely friday night &lt;br /&gt;The neighbours caughing thru the wall &lt;br /&gt;I´m fast awake, a late night call &lt;br /&gt;Someone says he want to kill me &lt;br /&gt;I should be scared but yet it thrills me &lt;br /&gt;That he can hate, that he can see &lt;br /&gt;A guy as unsignificant as me&lt;br /&gt;&lt;br&gt;&lt;/p&gt;
</description>
    </item>
    
    <item>
      <title> We&amp;acute;re All Gonna Die</title>
      <link>http://letraspedia.com/lyric/1140-mississippi-weacutere-all-gonna-die/</link>
      <pubDate>Mon, 01 Sep 2008 00:00:00 UTC</pubDate>
      <author>Enthusiastic Hugo User</author>
      <guid>http://letraspedia.com/lyric/1140-mississippi-weacutere-all-gonna-die/</guid>
      <description>&lt;p&gt;Your mother´s gonna die &lt;br /&gt;And you´ll be dressed in deepest black &lt;br /&gt;Your children´s gonna die &lt;br /&gt;You know they´re never coming back &lt;br /&gt;It´s such a lack &lt;br /&gt;For your worthless self &lt;br /&gt;And you want them back &lt;br /&gt;So you dream about the summer they where 12 &lt;br /&gt;Years old &lt;br /&gt;We´re all gonna die &lt;br /&gt;Sha la-la-la-la-la-la-la &lt;br /&gt;Your friend´s all gonna die &lt;br /&gt;You hide your face and shed a tear &lt;br /&gt;You´re sister´s gonna die &lt;br /&gt;And all you feel is worthless fear &lt;br /&gt;You want her near &lt;br /&gt;But she´s gone forever &lt;br /&gt;And you can´t conquer &lt;br /&gt;The pathetic little demons from your past &lt;br /&gt;Oh, what a blast &lt;br /&gt;We´re all gonna die &lt;br /&gt;Sha la-la-la-la-la-la-la&lt;br /&gt;&lt;br&gt;&lt;/p&gt;
</description>
    </item>
    
  </channel>
</rss>