<?xml version="1.0" encoding="utf-8" standalone="yes" ?>
<rss version="2.0" xmlns:atom="http://www.w3.org/2005/Atom">
  <channel>
      <title>3 Coronas on Letraspedia.com thes best lyrics page </title>
    <link>http://letraspedia.com/artist/3-coronas/</link>
    <language>en-US</language>
    <author>Enthusiastic Hugo User</author>
    <rights>Copyright (c) 2014, Enthusiastic Hugo User; all rights reserved.</rights>
    <updated>Mon, 01 Sep 2008 00:00:00 UTC</updated>
    
    <item>
      <title> A Criticarme</title>
      <link>http://letraspedia.com/lyric/3-coronas-a-criticarme/</link>
      <pubDate>Mon, 01 Sep 2008 00:00:00 UTC</pubDate>
      <author>Enthusiastic Hugo User</author>
      <guid>http://letraspedia.com/lyric/3-coronas-a-criticarme/</guid>
      <description>&lt;p&gt;A criticarme, a criticarme
&lt;br&gt;A criticarme, a criticarme
&lt;br&gt;A CriticarmeWhat?
&lt;br&gt;A CriticarmeWhat?
&lt;br&gt;A Criticarme
&lt;br&gt;
&lt;br&gt;Ellos saben criticar
&lt;br&gt;hablar mal, chismotear
&lt;br&gt;Murmurar, alegar
&lt;br&gt;Contagiar, sin parar
&lt;br&gt;pero cuando me los cruzo y los veo
&lt;br&gt;me vienen a saludar
&lt;br&gt;una sonrisa y detrás, esta la apuñalá
&lt;br&gt;cuál es tu veneno, yo pongo candela
&lt;br&gt;tu no puede andar conmigo coma mierda
&lt;br&gt;son movimientos de lengua solo viento y nada mas
&lt;br&gt;a la hora de la verdad
&lt;br&gt;salen corriendo tu lo veras
&lt;br&gt;ofendidos, resentidos
&lt;br&gt;mentirosos, impulsivos
&lt;br&gt;
&lt;br&gt;solo quieren hablar
&lt;br&gt;no saben hacer mas
&lt;br&gt;por que saben que mi estilo es oro
&lt;br&gt;ellos saben que yo puedo cambiar de estilo
&lt;br&gt;te digo mi amigo dejándolos bien locos
&lt;br&gt;como un camaleón yo cambio de cuero y de flow
&lt;br&gt;colombiano y de new york como te quedo el ojo
&lt;br&gt;a mi viene
&lt;br&gt;a mi va
&lt;br&gt;lo que me digan me da igual
&lt;br&gt;si hago algo muy pegado es muy comercial
&lt;br&gt;si hago algo muy pesado es muy underground
&lt;br&gt;no puedo entender , no puedo entender
&lt;br&gt;que lo que quieren now.!
&lt;br&gt;
&lt;br&gt;A criticarme, a criticarme
&lt;br&gt;A criticarme, a criticarme
&lt;br&gt;A CriticarmeWhat?
&lt;br&gt;A CriticarmeWhat?
&lt;br&gt;A Criticarme
&lt;br&gt;
&lt;br&gt;A criticarme, a criticarme
&lt;br&gt;A criticarme, a criticarme
&lt;br&gt;A CriticarmeWhat?
&lt;br&gt;A CriticarmeWhat?
&lt;br&gt;A Criticarme
&lt;br&gt;
&lt;br&gt;si estoy por fuera  rapeando y  mi tierra representando
&lt;br&gt;ellos se estan que quejando
&lt;br&gt;dicen que no soy del bando
&lt;br&gt;los estan mal informando
&lt;br&gt;pero mis fans estan gozando
&lt;br&gt;pa mi es lo mas importante
&lt;br&gt;lo que me llena mi tanto
&lt;br&gt;sigues hablando de mi
&lt;br&gt;que es lo que quieres decir
&lt;br&gt;si quieres mis versos, quieres mis flows
&lt;br&gt;hasta mis tres cd&amp;rsquo;s
&lt;br&gt;pero siguen soltando esa lengua
&lt;br&gt;hablando esa mierda
&lt;br&gt;no pares, no te sorprendas
&lt;br&gt;cuando te reviente esa bemba
&lt;br&gt;praaaa
&lt;br&gt;por que llegaron tres coronas mas fuertes que antes
&lt;br&gt;arrazando con todo con mas flow
&lt;br&gt;gladiadores de antes
&lt;br&gt;reales
&lt;br&gt;los falsos los tenemos en la mira
&lt;br&gt;como un sniper praka! praka!
&lt;br&gt;que se traguen ese hit
&lt;br&gt;por que no soy de alla ni de aqui
&lt;br&gt;sepanlo que eso no me afecta a mi
&lt;br&gt;rompi en paris soy colombiano y vivo en el Y.C
&lt;br&gt;a mi me respetan a donde vaya , empieza averiguar
&lt;br&gt;y es que el mundo es mi barrio y la calle mi boulevard
&lt;br&gt;
&lt;br&gt;A criticarme, a criticarme
&lt;br&gt;A criticarme, a criticarme
&lt;br&gt;A CriticarmeWhat?
&lt;br&gt;A CriticarmeWhat?
&lt;br&gt;A Criticarme
&lt;br&gt;
&lt;br&gt;A criticarme, a criticarme
&lt;br&gt;A criticarme, a criticarme
&lt;br&gt;A CriticarmeWhat?
&lt;br&gt;A CriticarmeWhat?
&lt;br&gt;A Criticarme
&lt;br&gt;
&lt;br&gt;Por que soy latino y busco plata me clasifican de mafioso
&lt;br&gt;pero joven sin corbata haciendo bien su negocio
&lt;br&gt;tengo que justificarme quieren que me calmen
&lt;br&gt;paren de jusgarme
&lt;br&gt;oye! Para cambiarmeya se
&lt;br&gt;pero la verdad siempre les arde
&lt;br&gt;ellos me miran y les fascina criticarme en las esquinas
&lt;br&gt;ya saben que
&lt;br&gt;mos as que save you pass rigth
&lt;br&gt;pass rigth tu llamada fuck es fica
&lt;br&gt;que que que paso
&lt;br&gt;con esos chismosos
&lt;br&gt;que quieren hacernos el fo
&lt;br&gt;para mi esto si es mi Glamor
&lt;br&gt;llegamo al final
&lt;br&gt;llegamo sobrados
&lt;br&gt;con flow bien combinao
&lt;br&gt;aqui que empiezen aflojarme los chavos
&lt;br&gt;mira que solito yo he guerreao
&lt;br&gt;
&lt;br&gt;Lo mio es seguro
&lt;br&gt;mi show mas duro
&lt;br&gt;mi flow maduro
&lt;br&gt;pero siguen hablando sucio omm!
&lt;br&gt;
&lt;br&gt;A criticarme, a criticarme
&lt;br&gt;A criticarme, a criticarme
&lt;br&gt;A CriticarmeWhat?
&lt;br&gt;A CriticarmeWhat?
&lt;br&gt;A Criticarme
&lt;br&gt;
&lt;br&gt;A criticarme, a criticarme
&lt;br&gt;A criticarme, a criticarme
&lt;br&gt;A CriticarmeWhat?
&lt;br&gt;A CriticarmeWhat?
&lt;br&gt;A Criticarme&lt;/p&gt;
</description>
    </item>
    
    <item>
      <title> Ahora O Nunca</title>
      <link>http://letraspedia.com/lyric/3-coronas-ahora-o-nunca/</link>
      <pubDate>Mon, 01 Sep 2008 00:00:00 UTC</pubDate>
      <author>Enthusiastic Hugo User</author>
      <guid>http://letraspedia.com/lyric/3-coronas-ahora-o-nunca/</guid>
      <description>&lt;p&gt;(coro)
&lt;br&gt;nunca paro,nunca freno,si descanso me atraso,
&lt;br&gt;llego el momento,no puedo,ahora o nunca parcero
&lt;br&gt;no resvalo,no fallo,no caigo yo sigo en el juego,
&lt;br&gt;si me quedo me muero,ahora o nunca parcero
&lt;br&gt;
&lt;br&gt;yo no me voy a parar,
&lt;br&gt;ni pa&amp;rsquo; mirar atras,
&lt;br&gt;esto es como un tren sin frenos con gran velocidad
&lt;br&gt;con malicia de indio asi fui enseñado a andar
&lt;br&gt;y así me van a respetar, asi me vas a honorar,
&lt;br&gt;yo siempre escupo sucio y venenoso,
&lt;br&gt;un flow lujoso pa&amp;rsquo; la calle asta para mafiosos,
&lt;br&gt;pa&amp;rsquo; los que les toca cargar
&lt;br&gt;los que les toca guerrear
&lt;br&gt;los que no les tiembla la mano pa&amp;rsquo; disparar,
&lt;br&gt;///pah///pah///pahpah/// asi murio el muchacho,
&lt;br&gt;lleno de balazos en brazos de sus madres llantos
&lt;br&gt;ni los santos lo protejieron de su buen encanto
&lt;br&gt;ni el fierro k kargaba el muchacho caio inmediato
&lt;br&gt;por eso mi camino esta definido,escogido,
&lt;br&gt;fue decidido que el rap ahora que morir a tiros
&lt;br&gt;banditos, niños pillos con fierros crecidos,
&lt;br&gt;al dia siguiente su anuncio,desaparecidos
&lt;br&gt;
&lt;br&gt;nunca paro,nunca freno,si descanso me atraso,
&lt;br&gt;llego el momento,no puedo,ahora o nunca parcero
&lt;br&gt;no resvalo,no fallo,no caigo yo sigo en el juego,
&lt;br&gt;si me quedo me muero,ahora o nunca parcero
&lt;br&gt;
&lt;br&gt;ahora o nunca parcero,
&lt;br&gt;voy parriba o me muero,llevo
&lt;br&gt;Hueso en el cuero,
&lt;br&gt;yo empece aqui de cero
&lt;br&gt;que me muestre del dedo me miren feo me vale el juego,
&lt;br&gt;nada nuevo en el ghetto, mas fierro y desespero,
&lt;br&gt;sea sincero,mi palabra de acero,cojo el maik y te quiero,
&lt;br&gt;primero, en el rap fui pionero,
&lt;br&gt;averigue si kieres mi mieeedo
&lt;br&gt;yo voy rompiendo en este juego,
&lt;br&gt;desde el principio del nueve ceroooooo
&lt;br&gt;dame un beat to bronx y un lapicero,
&lt;br&gt;y disparo sin miedo como un puto pistolero,
&lt;br&gt;microfono dos tornamesas la gente pendiente..
&lt;br&gt;escupa tu letra,la calle te mira de frente,
&lt;br&gt;caliente!pelao!eso pa los bravos,
&lt;br&gt;coronamos los que siguen son soldados
&lt;br&gt;
&lt;br&gt;nunca paro,nunca freno,si descanso me atraso,
&lt;br&gt;llego el momento,no puedo,ahora o nunca parcero
&lt;br&gt;no resvalo,no fallo,no caigo yo sigo en el juego,
&lt;br&gt;si me quedo me muero,ahora o nunca parcero
&lt;br&gt;
&lt;br&gt;haciendo esto me matengo
&lt;br&gt;no puedo esperar tanto tiempo
&lt;br&gt;la musica k le traemos tenemos talento,mira el ejemplo
&lt;br&gt;con promocion en la radio
&lt;br&gt;derecho bien registrados,
&lt;br&gt;yo nunca Juro en bano,
&lt;br&gt;sueno bacano en el piano,
&lt;br&gt;este mercado hispano,
&lt;br&gt;en metando demasiado,
&lt;br&gt;por eso no lo e dejado,
&lt;br&gt;buscando certificados,
&lt;br&gt;porque se lo que quiero hacer,
&lt;br&gt;que escribir, que comer,
&lt;br&gt;como vestir, permanecer
&lt;br&gt;en que investir , crecer, y ver,
&lt;br&gt;entrevistas, revistas, conciertos,giras privadas,
&lt;br&gt;viajando mas con escalas,l
&lt;br&gt;e echamos bastantes ganas,
&lt;br&gt;a lado de ratas humanas que clavan
&lt;br&gt;asta su mama te sacan la sevillana
&lt;br&gt;afilada cortan tu cara,
&lt;br&gt;olvidate del futuro, olvidate de tus panas,
&lt;br&gt;olvidate de la fama, nunca llegaras a nada,
&lt;br&gt;esta ahora nunca parcero sera el
&lt;br&gt;seyo diskero repitamelo de nuevo
&lt;br&gt;&amp;ldquo;ahora o nunca parcero&amp;rdquo;&lt;/p&gt;
</description>
    </item>
    
    <item>
      <title> Arte Callejero</title>
      <link>http://letraspedia.com/lyric/3-coronas-arte-callejero/</link>
      <pubDate>Mon, 01 Sep 2008 00:00:00 UTC</pubDate>
      <author>Enthusiastic Hugo User</author>
      <guid>http://letraspedia.com/lyric/3-coronas-arte-callejero/</guid>
      <description>&lt;p&gt;ARTE CALLEJERO
&lt;br&gt;
&lt;br&gt;P.N.O:
&lt;br&gt;We shoot the poison arrow, but never keep a fully loaded barrel
&lt;br&gt;When it comes to battle, you see the shadow the gun disparo
&lt;br&gt;Cuidado no es que me las de de malo, quiero dejar en claro mi talento es Creativo parecido a Pizarro, es el arte predominado hardcore
&lt;br&gt;Graffiti letras poéticas expresadas con honor
&lt;br&gt;No cualquiera puede dominar microphone se trata de sudor pasión y tener el don yo!
&lt;br&gt;Es la cultura una adicción segura donde se expresa la vida dura en murales
&lt;br&gt;Y también escrituras, grafitiando en los metros, grafitiando en ciudades
&lt;br&gt;Para marcar un nombre con estilo en las calles,
&lt;br&gt;Son cualidades coger micrófonos, escupir verdades romper instrumentales
&lt;br&gt;Y grafitiar inmensidades, características artísticas del break grafitero o mic
&lt;br&gt;The strike is always ready to fight, estar preparado ser un lirico estudiado
&lt;br&gt;Un pintor bien formado y dejar los críticos callados bravos
&lt;br&gt;Esto es fenomenal bestial de mis entrañas con ganas hip hop vendaval
&lt;br&gt;
&lt;br&gt;Coro:
&lt;br&gt;For my niggas still represent the real hardcore
&lt;br&gt;For my niggas still bombing in train hitting on walls
&lt;br&gt;For my niggas que tienen esto en el puro Corazón
&lt;br&gt;Yo! Puro arte callejero represento
&lt;br&gt;
&lt;br&gt;ROCCA:
&lt;br&gt;Yo represento el arte callejero, lo llevo por dentro de mi cuero
&lt;br&gt;Mira mis manos y veras la marca que dejo el micrófono
&lt;br&gt;Voy tantos años escupiendo plomo, no como aquí cuentos de nadie
&lt;br&gt;Soy veterano, en el negocio no hay quien me pare,
&lt;br&gt;Dispare su lírica compare compadre
&lt;br&gt;lo dejo en bola y lo devuelvo pa su madre
&lt;br&gt;Es puro hay que ser fuerte con la vida que escogí, vivo en apuros
&lt;br&gt;Cuantos duros caen en cuatro muros, no hay frontera ni ninguna barrera que pueda frenar mi carrera, R.A.P hasta que me muera,
&lt;br&gt;Pinto este mundo con mis versos, soy como un graffiti en las calles
&lt;br&gt;Incomprendido marginado uno de esos ilegales, si no sabes quien soy yo
&lt;br&gt;Con mi flor mi nombre se lo grabo R.O.C.C.A, rompo acá bogota parís nueva york en meta, tres coronas tal una inyección de hormonas
&lt;br&gt;sin normas, oyes mi rap y te deformas, consumo tanto hip hop que lo sudo
&lt;br&gt;Te dejo mudo, yo cargo el rap como un escudo, esta en mis venas
&lt;br&gt;Olvido sufrimiento y penas críticas ajenas apenas me prendo que te quemas
&lt;br&gt;
&lt;br&gt;Coro: x2&lt;/p&gt;
</description>
    </item>
    
    <item>
      <title> Creen Que</title>
      <link>http://letraspedia.com/lyric/3-coronas-creen-que/</link>
      <pubDate>Mon, 01 Sep 2008 00:00:00 UTC</pubDate>
      <author>Enthusiastic Hugo User</author>
      <guid>http://letraspedia.com/lyric/3-coronas-creen-que/</guid>
      <description>&lt;p&gt;Por que tienen miedo si saben que en todas las calles se encierran
&lt;br&gt;misterios
&lt;br&gt;No importan las cosas que hagan tu sabes que en todas las
&lt;br&gt;puertas hay infiernos
&lt;br&gt;Enserio si alguien aquí viene a coger la carrera de esa manera no
&lt;br&gt;quieren problemas por que no me esperan y así cara a cara
&lt;br&gt;hablamos del tema
&lt;br&gt;Primera envidia , segunda la tumba , tercera se apoderan haciendo contigo lo que ellos quieran
&lt;br&gt;
&lt;br&gt;Ellos dicen que rompes show, dicen que son puro de terror, pero
&lt;br&gt;
&lt;br&gt;cuando me ven llegar
&lt;br&gt;
&lt;br&gt;Ellos bajan la cara se apagan ya saben quien soy, cual es el
&lt;br&gt;próximo contendor para noquearlo y dejarlo sin voz
&lt;br&gt;
&lt;br&gt;pues saben que en esto yo gano respeto yo sigo siendo cerebro
&lt;br&gt;volador .. controlador así es señor no hay perdon este es mi don
&lt;br&gt;que tu no me puedes quitar no , no y nos peliamos el cinturón
&lt;br&gt;
&lt;br&gt;todo lo que tengo vino de sudor no me interesa si tienes temor
&lt;br&gt;sabes que con todo lo que ago a cualquiera yo engaño le ago daño
&lt;br&gt;como mi favor todas la personas que se meten a la zona y no
&lt;br&gt;controla sabe que seran un perdedor no me interesa si te vuelan la
&lt;br&gt;cabeza amigo vete de la mesa creo que es mejor
&lt;br&gt;
&lt;br&gt;creen que pueden confiar el destino que vino activo piensan que
&lt;br&gt;vestirse lo mismo con eso ganaran tu estilo ,no entienden que todo
&lt;br&gt;lo que ustedes hacen no tiene sentido y quieren usar otro poste y
&lt;br&gt;decir que inventan sonido , yo de esto meresco el puesto
&lt;br&gt;
&lt;br&gt;me puede entender , ya puedes saber te voy a joder te vas a caer
&lt;br&gt;no vas a volver ni vas a creer que puedes romper tu sigo ni ves ya
&lt;br&gt;sabes que lo mio viene estudiado ardiendo mercado con un alto
&lt;br&gt;grado de un bravo soldado que vino entrenado y que vino premiado
&lt;br&gt;el MC al año quieres copiarlo estilo robarlo masterisarlo para
&lt;br&gt;aplicarlo poder sacarlo hacerse.. que.. hacerse billete talento
&lt;br&gt;robardo y esos cabrones callarlos para poder bofetiarlos pero
&lt;br&gt;tambien acabarlos, ahorcarlos dejarlos en lagos ahogados
&lt;br&gt;
&lt;br&gt;tu eres el tipo que dijo que un dia queria peligro que quieres si
&lt;br&gt;sabes que tu ni siquiera has podido conmigo mantienes tu letra
&lt;br&gt;copiando mi estilo con doble sentido por eso me siento y me
&lt;br&gt;expreso violento molesto destesto que usen mi oido
&lt;br&gt;
&lt;br&gt;vete a la casa deja la peresa abre la gabeta saca la escopeta yo
&lt;br&gt;tengo la metralleta todavía la chaqueta la uso como raqueta
&lt;br&gt;buscando una nueva meta tu veras como respetas solo fumo mi
&lt;br&gt;bareta si tu quieres ser problemas no muevas a la deriva si te
&lt;br&gt;metes en la acera veras una valacera no me importa si en la esena
&lt;br&gt;una vala se te pega
&lt;br&gt;
&lt;br&gt;cualquiera que quiera la guerra ,con temas con este sistema que
&lt;br&gt;venga al mercado que estamos ahora marchando y gastando
&lt;br&gt;monedas en un sitio llamado condena tranquilo no pongas querella
&lt;br&gt;o te rompo con una botella hasta yo enterarme que no has de
&lt;br&gt;bandera
&lt;br&gt;
&lt;br&gt;creen que pueden confiar el destino que vino activo piensan que
&lt;br&gt;vestirse lo mismo con eso ganaran yu estilo ,no entienden que todo
&lt;br&gt;lo que ustedes hacen no tiene sentido y quieren usar otro poste y
&lt;br&gt;decir que inventan sonido creen que pueden confiar el destino
&lt;br&gt;que vino activo piensan que vestirse lo mismo con eso ganaran tu
&lt;br&gt;estilo ,no entienden que todo lo que ustedes hacen no tiene
&lt;br&gt;sentido y quieren usar otro poste y decir que inventan sonido&lt;/p&gt;
</description>
    </item>
    
    <item>
      <title> El Alma Al Diablo</title>
      <link>http://letraspedia.com/lyric/3-coronas-el-alma-al-diablo/</link>
      <pubDate>Mon, 01 Sep 2008 00:00:00 UTC</pubDate>
      <author>Enthusiastic Hugo User</author>
      <guid>http://letraspedia.com/lyric/3-coronas-el-alma-al-diablo/</guid>
      <description>&lt;blockquote&gt;
&lt;p&gt;ReyChesta&amp;lt;
&lt;br&gt;Eso es muy poco loco no te lo acepto
&lt;br&gt;Quiero que sepas las reglas yo pongo el precio
&lt;br&gt;Haré lo que me pidas si me suena perfecto
&lt;br&gt;Pero si no es correcto no me hables de esto
&lt;br&gt;Estoy dispuesto a hacerlo,
&lt;br&gt;Dispuesto a verlo, dispuesto a buscarlo, a amarrarlo y encenderlo
&lt;br&gt;Pero cómo así que, ¿tu quieres qué lo mate?
&lt;br&gt;Yo nunca lo he hecho aunque la pague el que la hace
&lt;br&gt;Tengo miedo y qué
&lt;br&gt;No me importa ya se
&lt;br&gt;Donde diablos vive
&lt;br&gt;Quiero que me animes, no me lo imagine, y te cree el crimen
&lt;br&gt;Guarda esto como secreto, mi pecho duele&amp;hellip;
&lt;br&gt;
&lt;br&gt;&amp;gt;Coro&amp;lt;
&lt;br&gt;Las cosas no son como piensas, el mundo sigue dando vueltas y un día pagarán las cuentas
&lt;br&gt;Cayendo en tu primera Anfeta, el diablo timbró a tu puerta, despierta&amp;hellip;
&lt;br&gt;Las cosas no son como piensas, el mundo sigue dando vueltas y un día pagarán las cuentas
&lt;br&gt;Cayendo en tu primera Anfeta, el diablo timbró a tu puerta, despierta&amp;hellip;
&lt;br&gt;
&lt;br&gt;&amp;gt;Rocca&amp;lt;
&lt;br&gt;El día buscando, la noche fumando, no estoy trabajando, me llamo Fernando
&lt;br&gt;La paso vagando, el tiempo matando, mi vida gastando en vicios y la sangre marcando
&lt;br&gt;Mi cara&amp;hellip; viviendo de robos pequeños para mantener mis vicios, gastarmelos en cosa mala
&lt;br&gt;Mi novia, pues hoy dia me llamo enfadada
&lt;br&gt;Llego a mi departamento y saco una jeringa usada
&lt;br&gt;Quemo una cuchara, como si de nada&amp;hellip;
&lt;br&gt;Se inyecta en el brazo suero y uy se me paran los pelos
&lt;br&gt;Nosé si tengo miedo o ganas pero me trama esa mala desnuda en la cama me aclama
&lt;br&gt;Quito mi camisa, cojo la jeringa, hago una sonrisa y me la inyecto con delicia&amp;hellip;
&lt;br&gt;Se desliza mi mente, el diablo entró en mi alma&amp;hellip; y mis pupilas se dilatan&amp;hellip;
&lt;br&gt;
&lt;br&gt;&amp;gt;Coro&amp;lt;
&lt;br&gt;Las cosas no son como piensas, el mundo sigue dando vueltas y un día pagarán las cuentas
&lt;br&gt;Cayendo en tu primera Anfeta, el diablo timbró a tu puerta, despierta&amp;hellip;
&lt;br&gt;No puedo frenarme, no supe salvarme, el diablo me llama pidiendome el alma&amp;hellip;
&lt;br&gt;
&lt;br&gt;&amp;gt;P.N.O.&amp;lt;
&lt;br&gt;Una niña que creció en el barrio urbano
&lt;br&gt;La ciudad de Nueva York donde crecen temprano
&lt;br&gt;Solo 13 años y empezó a gustarle a los machos
&lt;br&gt;Averiguar más del sexo para practicarlo
&lt;br&gt;Curiosidad adónde vas, tiene 15 años y le fascina el sexo oral
&lt;br&gt;No se explica por qué su forma de actuar, la gente dice que es una enfermedad
&lt;br&gt;A los 18 años lo cojió de carrera, ya le pagaban por orgías, por lo que fuera
&lt;br&gt;Noches frías que vivía de pura candela
&lt;br&gt;Pero seguía perdida con cualquiera&amp;hellip;
&lt;br&gt;
&lt;br&gt;&amp;gt;Coro&amp;lt;
&lt;br&gt;No puedo frenarme, no supe salvarme, el diablo me llama pidiendome el alma&amp;hellip;
&lt;br&gt;No puedo frenarme, no supe salvarme, el diablo me llama pidiendome el alma&amp;hellip;&lt;/p&gt;
&lt;/blockquote&gt;
</description>
    </item>
    
    <item>
      <title> El Emigrante</title>
      <link>http://letraspedia.com/lyric/3-coronas-el-emigrante/</link>
      <pubDate>Mon, 01 Sep 2008 00:00:00 UTC</pubDate>
      <author>Enthusiastic Hugo User</author>
      <guid>http://letraspedia.com/lyric/3-coronas-el-emigrante/</guid>
      <description>&lt;p&gt;tres coronas - el emigrante
&lt;br&gt;aja&amp;hellip;yeah&amp;hellip;tres coronas&amp;hellip;justo pa viajar para comer&amp;hellip;el emigrante latino.
&lt;br&gt;colombiano&amp;hellip;eso va pa todos los emigrantes latinos&amp;hellip;
&lt;br&gt;ella crecio en bogota donde no es facil donde aprendi y conoci estas
&lt;br&gt;calles si los rateros los vicios y envidiosos d mi los ke decian ke este
&lt;br&gt;rap no era para mi&amp;hellip;please&amp;hellip;vole pal extranjero en busca de dinero
&lt;br&gt;queens,new york y atrreise y lei el terreno es el mismo mierdero pero
&lt;br&gt;habia billetes estaba presente y yo le debia a mucha gente.cuentas claras caminas
&lt;br&gt;trankilo te cortan tu cara cuando tu le juegas cochino son las reglas de las calles y
&lt;br&gt;y ya estan advertidos para ke no les pase como a mi tio rodrigo..que? que resulto muerto
&lt;br&gt;y ahorcado en su habitacion por el mal pago y por lucrado no habia otra opcion ahora su familia
&lt;br&gt;lo llora sin condicion no les dejo nada nisikiera pa educacion
&lt;br&gt;
&lt;br&gt;(coro)
&lt;br&gt;soy emigrante latino, deje mi tierra mi niño el amor mio voy en busca de un destino junto al
&lt;br&gt;camino solo mi fiel me acompaña te digo (bis)
&lt;br&gt;
&lt;br&gt;creci en santo domingo en un barrio de los mas malos criado con padres de criansas para ser
&lt;br&gt;destinado mi padre parrandeando y mi madre en el estado mi deseo es estar con ellos y nunca fue
&lt;br&gt;realizado pasaron unos meses juntandose con los años me entere ke ya tenia una hermana y un
&lt;br&gt;hermano mi madre puso abogados las cuales le robaron fue como un metal de tanto gastando de
&lt;br&gt;tanto usarlo . con solo diez años de edad llegue a queens me ofreci con mucha capacidad de
&lt;br&gt;aprender a ver las cosas y no poder con los demas deportado marginado todo se te keda atras
&lt;br&gt;es verdad&amp;hellip;trabajaba para un tipo bien rico en la gran manzana se metio con un kilo de perico
&lt;br&gt;en la madrugada todo el mundo ya sabia su vida ke no hay nada y todavia su familia y sus
&lt;br&gt;amigos todavian no saben de el
&lt;br&gt;
&lt;br&gt;(coro)
&lt;br&gt;soy emigrante latino, deje mi tierra mi niño el amor mio voy en busca de un destino junto al
&lt;br&gt;camino solo mi fiel me acompaña te digo (bis)
&lt;br&gt;
&lt;br&gt;soy emigrante latino&amp;hellip;&amp;hellip;..yeah&amp;hellip;&amp;hellip;&amp;hellip;..&lt;/p&gt;
</description>
    </item>
    
    <item>
      <title> El Mundo Da Vueltas</title>
      <link>http://letraspedia.com/lyric/3-coronas-el-mundo-da-vueltas/</link>
      <pubDate>Mon, 01 Sep 2008 00:00:00 UTC</pubDate>
      <author>Enthusiastic Hugo User</author>
      <guid>http://letraspedia.com/lyric/3-coronas-el-mundo-da-vueltas/</guid>
      <description>&lt;p&gt;Yeah word up
&lt;br&gt;Tres coronas
&lt;br&gt;Triple crown one more time nigga
&lt;br&gt;Yeah 
&lt;br&gt;PNO, Rey Chesta la arma secreta
&lt;br&gt;
&lt;br&gt;Lo que pasaba, no entendía nada
&lt;br&gt;La vida la vivía sin ganas
&lt;br&gt;Buscando salidas, donde ya había entradas
&lt;br&gt;Conociendo la calle, la amistad con quien andaba,
&lt;br&gt;Mezclándome diariamente con amigos de cuadras,
&lt;br&gt;Era la gana, esa es la lana
&lt;br&gt;Mi padre, policía retirado, respetado de mucha alma,
&lt;br&gt;Pero en la calle estaba, el instinto, el vicio
&lt;br&gt;Que hizo caer preciso en abismos, sin controlarla
&lt;br&gt;Negocios, negocio, dinero, dineros
&lt;br&gt;Estaba buscado, por perros justicia y el propio caballero
&lt;br&gt;Mi padre, el hombre de hierro
&lt;br&gt;Que tanto anhelo, ese policía, era michelo
&lt;br&gt;Y yo, era el vendedero,
&lt;br&gt;Las vacaciones, las mansiones, no fueron dones
&lt;br&gt;Fueron por vender, el mismo y el puro, alcaloide
&lt;br&gt;Que te puedo decir papá,
&lt;br&gt;Tu hijo resulto siendo un narcotraficante, difícil de atrapar
&lt;br&gt;
&lt;br&gt;Yeah, Hispano Connection&amp;hellip;
&lt;br&gt;Tres Coronas niggas,
&lt;br&gt;Reinando NYC baby!
&lt;br&gt;
&lt;br&gt;Esa es la realidad, quien sabe como el mundo va rodear,
&lt;br&gt;Que porque te encuentras con tu propia sangre y mas
&lt;br&gt;Esa es la realidad, de la verdad y la posibilidad
&lt;br&gt;Para acabar con la amistad y dejarte descansado en paz
&lt;br&gt;
&lt;br&gt;Las revanchas me causan ansias,
&lt;br&gt;Solo veo venganzas, de ignorancias,
&lt;br&gt;Represarías de matanzas
&lt;br&gt;Para poder vivir y seguir y no subir a una ambulancia
&lt;br&gt;Hay que tener es suerte y esperanza
&lt;br&gt;Mi confianza, tiene una fianza que se tranca
&lt;br&gt;Y solo se arranca cuando alguien cae,
&lt;br&gt;En la trampa santa, blanca
&lt;br&gt;Como un fantasma
&lt;br&gt;Donde yo traspasare cualquier garganta
&lt;br&gt;De cualquier distancia, con mi lanza,
&lt;br&gt;En mi vida, la envidia es más pesada que una ancla
&lt;br&gt;En la fiesta, todo el mundo canta
&lt;br&gt;Por eso es que mi sustancia
&lt;br&gt;Es la lírica química, que respiran los canallas cuando fallan
&lt;br&gt;Y sucumbidos por pirañas, envueltos en telas de arañas
&lt;br&gt;La arma secreta, vivido, confundido y perdido
&lt;br&gt;Porque yo también he vivido lo mismo que vive un poco elegido!
&lt;br&gt;Yeah &amp;hellip; triple crown corona queens !!&lt;/p&gt;
</description>
    </item>
    
    <item>
      <title> El Preso</title>
      <link>http://letraspedia.com/lyric/3-coronas-el-preso/</link>
      <pubDate>Mon, 01 Sep 2008 00:00:00 UTC</pubDate>
      <author>Enthusiastic Hugo User</author>
      <guid>http://letraspedia.com/lyric/3-coronas-el-preso/</guid>
      <description>&lt;p&gt;(PNO)
&lt;br&gt;Tengo cosas q hacer gente que ver y mantener
&lt;br&gt;mi hogar al día mi familia que va ha pasar después
&lt;br&gt;i can&amp;rsquo;t be locked up tied up and knocked up
&lt;br&gt;ma clocks running so i gotta make this time up
&lt;br&gt;Yo these niggas pushing on block vendiendo the rocks
&lt;br&gt;haciendo el dinero envidiosos matando por nada
&lt;br&gt;pero me tenta me provoca
&lt;br&gt;ese dinero fácil q me hace aguar la boca y me toca pensar q yo hago ser un esclavo sin ganarme ni un centavo
&lt;br&gt;vender gramos vivir bien PERO BUSCADO
&lt;br&gt;O RESULTAR MUERTO Y HERIDO O ENCARCELADO
&lt;br&gt;YA VEZ BRABO
&lt;br&gt;la situación esta jodida no es como tu la querías y preso no voy ni por un día
&lt;br&gt;es de sobrevivir salir de esta nube gris haci poder recibir y rap es mi porvenir
&lt;br&gt;por eso te advierto intento perfecto no quiero estar preso correcto, contento (para los q me están buscando preso no puedo quedar)
&lt;br&gt;
&lt;br&gt;Coro
&lt;br&gt;
&lt;br&gt;Preso no quiero quedar
&lt;br&gt;Preso no puedo estar
&lt;br&gt;Tengo q seguir surgiendo
&lt;br&gt;No me puedo frenar
&lt;br&gt;But the temptation of the luxury y el dinero
&lt;br&gt;Camino muy por dentro
&lt;br&gt;Te lo digo soy sincero
&lt;br&gt;
&lt;br&gt;(Rey Chesta aka. El Arma Secreta)
&lt;br&gt;Si no lo sabes estos no eran mis planes
&lt;br&gt;tuve q criarme al lado de trabajo ilegales
&lt;br&gt;dueños de calles arriesgando mis carnales
&lt;br&gt;y aunque todos eran salvajes resultan en cárcel para q pasarse cosas pasan apropósito
&lt;br&gt;la mayoría de veces es altamente con deposito
&lt;br&gt;es algo lógico aquí nada es económico
&lt;br&gt;y las calles de mi barrio si q parecen zoológicos preso no puedo estar por las pertenencias mías y por el deseo de hacer realidad mis fantasías
&lt;br&gt;por el dinero q gaste en la ciudadanía
&lt;br&gt;por la madre mía y por la vida de la hija mía
&lt;br&gt;es algo terrible nada es imposible
&lt;br&gt;por q el de ser libre cualquiera te saca un calibre por lo q hiciste todo lo q tenias perdiste y dices q por q sufriste y de eso ni cuenta te diste viste
&lt;br&gt;
&lt;br&gt;Coro (2)
&lt;br&gt;
&lt;br&gt;(ROCCA)
&lt;br&gt;Preso no puedo estar prefiero la muerte arriesgar mi pellejo para cambiar mi suerte
&lt;br&gt;estoy con calambres en el estomago
&lt;br&gt;y en mi alma cargo mi esposa y mi chamaco
&lt;br&gt;mañana Tijuana con mi pana pasa la duana
&lt;br&gt;dios me acompaña me calma esa vaina me afana no no puedo fallecer así me toca a mi unir la pobreza de aquí si
&lt;br&gt;Plata consigo salgo del lío
&lt;br&gt;me voto al río nado hasta llegar al sitio
&lt;br&gt;ahí me espera la ruta PAL sueño americano
&lt;br&gt;muchos engaños prejuicios pero allá voy mi hermano con desespero en la sangre voy con el hambre
&lt;br&gt;y mi futuro tras de ese muro de alambre
&lt;br&gt;no llores mas mi cielo q va
&lt;br&gt;resale al pobre q soy q algún día cambiara
&lt;br&gt;ya llego la hora ya llego la aurora
&lt;br&gt;ah luchar ahora
&lt;br&gt;Adios mi señora
&lt;br&gt;Preso no quiero quedar, preso no puedo estar
&lt;br&gt;Tengo que seguir surgiendo, no me puedo parar
&lt;br&gt;
&lt;br&gt;Coro (hablado)
&lt;br&gt;
&lt;br&gt;Coro&lt;/p&gt;
</description>
    </item>
    
    <item>
      <title> El Trato</title>
      <link>http://letraspedia.com/lyric/3-coronas-el-trato/</link>
      <pubDate>Mon, 01 Sep 2008 00:00:00 UTC</pubDate>
      <author>Enthusiastic Hugo User</author>
      <guid>http://letraspedia.com/lyric/3-coronas-el-trato/</guid>
      <description>&lt;p&gt;Alo Poncho
&lt;br&gt;Chief que pasa?
&lt;br&gt;Entonces que parce
&lt;br&gt;Nada, acá esperando su llamada, socio
&lt;br&gt;Bueno, aquí tengo el clavo
&lt;br&gt;Listo, avíseme como es esa vaina
&lt;br&gt;Prepárese que ya vengo
&lt;br&gt;Listo, acá yo tengo todo preparado
&lt;br&gt;Eso
&lt;br&gt;
&lt;br&gt;Son las dos de la mañana,
&lt;br&gt;Ya tengo la merca en llama,
&lt;br&gt;Llama mi pana, me afana,
&lt;br&gt;Calma voy pa la manzana
&lt;br&gt;Nueva York con, gente pendiente que llegó al chief, hey!
&lt;br&gt;Viajo pesado, en la maletas carga con lo que,
&lt;br&gt;Busca mi carro blindado, por si las moscas cuidado,
&lt;br&gt;Tenga siempre a su lado el dominicano armado
&lt;br&gt;PNO ya lo sabe!, pero yo se lo repito,
&lt;br&gt;En este juego el que corona, anda despacito.
&lt;br&gt;Créame, confeccione yo mismo este producto
&lt;br&gt;Único, primer capitulo, dejar adicto al público
&lt;br&gt;Tenga las calles listas, saque las ratas deprisa
&lt;br&gt;Quiero que hasta la brisa, les comporte la noticia
&lt;br&gt;Toreo judiciales, estados y federales
&lt;br&gt;Por cielos, tierras y mares, desvisto hasta mil rivales
&lt;br&gt;Dígales que apartir de hoy todo pasa por mí
&lt;br&gt;Y el que quiera la guerra, que se prepare a morir.
&lt;br&gt;Gritos, tiros fijos, disparé en varios sitios
&lt;br&gt;Chinos, ricos, gringos, toda clase de tipos
&lt;br&gt;Infiltración de substancia ilícita, química explicita
&lt;br&gt;Después entramos en política
&lt;br&gt;Oíste, ya sabe la vuelta, aliste, afine
&lt;br&gt;Y que esa revolución se filme
&lt;br&gt;(Ponchito usted sabe ya tengo todo preparado,
&lt;br&gt;alístese, ya llego!)
&lt;br&gt;
&lt;br&gt;Chief, lo que pasa es que ya yo lo veo
&lt;br&gt;Es el deseo, lo creo y leo,
&lt;br&gt;Mas encima ya tengo los junqueos
&lt;br&gt;Tengo las filas cuadradas, se acuerda de la charlada en Cartagena que me comentaba las embarcadas,
&lt;br&gt;Ya estaba clara la conversación,
&lt;br&gt;no es de preocupación
&lt;br&gt;Tengo gente esperando distribución,
&lt;br&gt;Esta misión me tiene con presión, mi don
&lt;br&gt;Fue la razón, que mande al rey para su población.
&lt;br&gt;Perdón, pero es que él ya lo sabe,
&lt;br&gt;Esta en Santo Domingo jugando bingo con socios y compadres,
&lt;br&gt;Tiene todo cuadrado listo para ser enviado,
&lt;br&gt;Preparado Brooklyn, Queens, Bronx ya estan paradas
&lt;br&gt;Niñas lindas en cada esquina escondiendo minas,
&lt;br&gt;En sus calzones, sus medias y también sus vaginas
&lt;br&gt;En cada Telly en cada bodega
&lt;br&gt;O donde Ortega, donde siempre se ha negociado mas de una entrega,
&lt;br&gt;Ahí es el pacto, ahí es el trato,
&lt;br&gt;Policía no pase tanto, podría descargar en un cuarto
&lt;br&gt;Exacto, son segundos que cuento
&lt;br&gt;Te veo en el aeropuerto,
&lt;br&gt;Momento, tengo a rey en el otro segmento
&lt;br&gt;
&lt;br&gt;Del ghetto son mis panas
&lt;br&gt;Le Estoy devolviendo esta llamada,
&lt;br&gt;De la sala en la casa de la dominicana,
&lt;br&gt;Aquí estoy viviendo como el señor Montana
&lt;br&gt;Lleno de fama, gastando platas en las barajas
&lt;br&gt;Es cierto, el comercio esta creciendo,
&lt;br&gt;No crea que estoy mintiendo, no entiendo pero estoy vendiendo,
&lt;br&gt;Aquí P, la vida es así
&lt;br&gt;Estoy pegado en el mercado como cicatriz
&lt;br&gt;Ya tengo todo controlado, localizado
&lt;br&gt;Para ser respetado desde lo alto, hasta el barrio mas bajo
&lt;br&gt;Mi amigo Carlos, es el socio de el flaco
&lt;br&gt;Que le hace el trabajo aL GATO COLANDO
&lt;br&gt;Cuantos equivalentes y gramos pesados
&lt;br&gt;iban a ser mandados, ocultados en un barco a Santiago
&lt;br&gt;Rocca vende en Colombia, yo pago todos los gastos
&lt;br&gt;Me pagaron por robarle, un carro a la narco
&lt;br&gt;Tengo todo el dinero guardado en el banco&amp;hellip;
&lt;br&gt;(oye rey, y si te ponen el dedo)
&lt;br&gt;Me arranco, bueno te llamo a las tres
&lt;br&gt;Ya sabes, nos vemos despues 
&lt;br&gt;Amor de rey, I&amp;rsquo;m out&lt;/p&gt;
</description>
    </item>
    
    <item>
      <title> Envidias</title>
      <link>http://letraspedia.com/lyric/3-coronas-envidias/</link>
      <pubDate>Mon, 01 Sep 2008 00:00:00 UTC</pubDate>
      <author>Enthusiastic Hugo User</author>
      <guid>http://letraspedia.com/lyric/3-coronas-envidias/</guid>
      <description>&lt;p&gt;Si tu me quieres odiar, odiame mas mucho mas
&lt;br&gt;Solo te vas a matar, nunca viviras en paz
&lt;br&gt;Si tu me quieres amar, amame mas mucho mas
&lt;br&gt;Y los que esten conmigo, levanten la mano
&lt;br&gt;
&lt;br&gt;Quieren hablar irrespetar y criticar
&lt;br&gt;Tres coronas, esto y lo otro no aguanto mas
&lt;br&gt;Porque vamos pa arriba y tu te quedaste atras
&lt;br&gt;Con el mismo flow viejo y tu letra que no me da. Ja!
&lt;br&gt;No me hagas reir
&lt;br&gt;Mi voz se hace sentir
&lt;br&gt;Nunca lo vas a admitir
&lt;br&gt;Ya se todito de ti
&lt;br&gt;La envidia siempre es asi
&lt;br&gt;Un sentimiento infeliz
&lt;br&gt;Que le nace a la gente por no saber como surgir.
&lt;br&gt;Lo triste es que fumamos, gangueamos, tomamos
&lt;br&gt;Los dos, te quedaste en el charco
&lt;br&gt;Ahora es el sapo, que habla a cada rato
&lt;br&gt;Chismoso ese ingrato, ese pobre pelagato
&lt;br&gt;
&lt;br&gt;Si &amp;hellip; .
&lt;br&gt;Vine aqui, PNO, Chesta y me &amp;hellip;
&lt;br&gt;Rima de calle, detalle
&lt;br&gt;Como es que a mi me sale
&lt;br&gt;Sudada del alma, vale, dale, vamos al derrame
&lt;br&gt;Sangre ojo por ojo, diente por diente
&lt;br&gt;Bala por bala, siento por ciento,
&lt;br&gt;Sudaca prototipo en el mic : ilicito
&lt;br&gt;Como ese tipo del jibarito listo pa l delito
&lt;br&gt;Inhumana selva urbana de mala fama
&lt;br&gt;Llama a tu mama, por lana te mata mi pana sin trauma
&lt;br&gt;Naci yo en esta sabana
&lt;br&gt;Donde perro come perro y la muerte rima co parcero
&lt;br&gt;Aqui solo el diablo manda
&lt;br&gt;Fierro con fierro, te advierto mi perro no hay cielo ni infierno
&lt;br&gt;Solo mi voz que te guia en la penumbra
&lt;br&gt;El odio que me tienes te aciega y te derrumba &amp;hellip;
&lt;br&gt;Que es lo que tienes marica
&lt;br&gt;Que lo que ya hago tirita
&lt;br&gt;Te cambia la carita cuando subo en tarima
&lt;br&gt;Grita la gente me apoya
&lt;br&gt;Que sea de plata o de la olla
&lt;br&gt;Ahora abran paso que voy a &amp;hellip; mil &amp;hellip;
&lt;br&gt;
&lt;br&gt;Si me quieren envidiar
&lt;br&gt;Es por mi estilo, lo mio, mi filosofia, mi flow yo!
&lt;br&gt;(porque tienen que hablar)
&lt;br&gt;Esperen como yo hice y veanme progresar
&lt;br&gt;Si no hay flow, no hay show
&lt;br&gt;Yo soy el bakano gusano,
&lt;br&gt;En el mercado mando yo
&lt;br&gt;Mi vida esta basada en envidia, odio
&lt;br&gt;Carcel, velorio,
&lt;br&gt;Los frutos favoritos del demonio
&lt;br&gt;Nunca podras actuar como yo
&lt;br&gt;Pensar como yo
&lt;br&gt;Tratar como yo
&lt;br&gt;Triunfar como yo
&lt;br&gt;Brillar como yo,
&lt;br&gt;Pues si me oyo digame que rayos paso
&lt;br&gt;(Rey chesta)
&lt;br&gt;Yo no soy lo que usted piensa
&lt;br&gt;Mejor te mueves porque pierdo facil la paciencia
&lt;br&gt;Tu ni siquiera sabes, lo que es la delincuencia
&lt;br&gt;Y para hablarme mi compadre,
&lt;br&gt;Sabes que no tiene experiencia.
&lt;br&gt;Tu herramienta no me asusta
&lt;br&gt;(Ayyy)
&lt;br&gt;Eres de esa gente bruta
&lt;br&gt;Mejor, coge otra ruta
&lt;br&gt;(Paii)
&lt;br&gt;Porque te ves perdido, confundido
&lt;br&gt;Largate de mi camino &amp;hellip; ya!!!&lt;/p&gt;
</description>
    </item>
    
    <item>
      <title> Esta Vida</title>
      <link>http://letraspedia.com/lyric/3-coronas-de-esta-vida/</link>
      <pubDate>Mon, 01 Sep 2008 00:00:00 UTC</pubDate>
      <author>Enthusiastic Hugo User</author>
      <guid>http://letraspedia.com/lyric/3-coronas-de-esta-vida/</guid>
      <description>&lt;p&gt;De esta vida no hay que huir, mundo pequeño y es así
&lt;br&gt;El policía tiene su fin, el ladrón roba pa vivir
&lt;br&gt;De esta vida no hay que huir, mundo pequeño y es así
&lt;br&gt;El policía tiene su fin, el ladrón roba para vivir.
&lt;br&gt;
&lt;br&gt;Otro día en la semana, no puedo dormir
&lt;br&gt;Mucho lo que consumí: bazuco y marihuana
&lt;br&gt;Ofendido y señalado por la sociedad,
&lt;br&gt;Criado y educado por la calle claro esta.
&lt;br&gt;Ya ves, cual es mi camino,
&lt;br&gt;Robar la tienda al primo
&lt;br&gt;Hacer dinero fijo como te lo explico,
&lt;br&gt;Empieza desde mi mujer
&lt;br&gt;Dos hijos pero se acuesta con el don Rafael
&lt;br&gt;El mismo que he robado, pero estoy cansado
&lt;br&gt;Mi cuerpo demacrado y yo vengo armado
&lt;br&gt;Listo pa entrar y sacar, el primo desocupar la caja
&lt;br&gt;Irme a trabar, un pase antes de atracar
&lt;br&gt;El fierro lo pongo a brillar lo apunto sin piedad,
&lt;br&gt;Todos al piso pase la plata primo
&lt;br&gt;Recele al divino niño no hay muertos si hacen lo que digo
&lt;br&gt;Primo no sea agresivo
&lt;br&gt;Primo no se lo repito
&lt;br&gt;Saco el gatillo y frió quede de un tiro perdido
&lt;br&gt;Caído, medio muerto y herido
&lt;br&gt;Fue la sonrisa y el fierro del sargento
&lt;br&gt;Malparido!
&lt;br&gt;
&lt;br&gt;De esta vida no hay que huir, mundo pequeño y es así
&lt;br&gt;El policía tiene su fin, el ladrón roba pa vivir
&lt;br&gt;De esta vida no hay que huir, mundo pequeño y es así
&lt;br&gt;El policía tiene su fin, el ladrón roba para vivir
&lt;br&gt;
&lt;br&gt;Otro día mas, me despido de mi esposa
&lt;br&gt;Mis hijos no se que ira a pasar,
&lt;br&gt;Llevo 20 años en esto,
&lt;br&gt;Soy sargento ya llevo 6 criminales muertos,
&lt;br&gt;Ese es mi trabajo y hay que insistir,
&lt;br&gt;Hay que sobrevivir o si no en la calle me quiebran y?
&lt;br&gt;Tengo mas enamorados,
&lt;br&gt;Hermanos de los que he matado
&lt;br&gt;Golpeado talvez encarcelado.
&lt;br&gt;No este preocupado venga,
&lt;br&gt;Yo me tomo un trago
&lt;br&gt;Deje el mal genio a un lado
&lt;br&gt;El trabajo ya me tiene amargado
&lt;br&gt;Asesinos putas rateros patrullando en ghettos severos
&lt;br&gt;Vivo mezclado en todos ellos
&lt;br&gt;Cabrones, maricones no hay perdones
&lt;br&gt;Vivo esta vida con asco y con muchas depresiones
&lt;br&gt;Una llamada un cuerpo encontrado en la cuadra
&lt;br&gt;Niña violada despedazada ya vuelta nada
&lt;br&gt;Que vaina, me quedan 2 horas en turnos
&lt;br&gt;Voy pa donde el primo seguro
&lt;br&gt;A tomarme un trago pero en segundos,
&lt;br&gt;Pero, un individuo inquieto, apuntándole al viejo
&lt;br&gt;Sin saber que esta adentro
&lt;br&gt;Le saque el tatequieto, sin pensar un momento contento
&lt;br&gt;Lo apunte y descargue tres en su maldito pecho
&lt;br&gt;
&lt;br&gt;De esta vida no hay que huir mundo pequeño y es así
&lt;br&gt;El policía tiene su fin el ladrón roba pa vivir
&lt;br&gt;De esta vida no hay que huir mundo pequeño y es así
&lt;br&gt;El policía tiene su fin el ladrón roba para vivir&lt;/p&gt;
</description>
    </item>
    
    <item>
      <title> Falsedades</title>
      <link>http://letraspedia.com/lyric/3-coronas-falsedades/</link>
      <pubDate>Mon, 01 Sep 2008 00:00:00 UTC</pubDate>
      <author>Enthusiastic Hugo User</author>
      <guid>http://letraspedia.com/lyric/3-coronas-falsedades/</guid>
      <description>&lt;p&gt;(Rocca)
&lt;br&gt;Aja
&lt;br&gt;Tres Coronas
&lt;br&gt;Contrapunteando Falsedades
&lt;br&gt;Aja
&lt;br&gt;
&lt;br&gt;(Rocca)
&lt;br&gt;Dime que tratas de esconder tu vaina,
&lt;br&gt;Tras tu bandada, tu forro y tu banda
&lt;br&gt;Tus falsas mañas, tu panza,
&lt;br&gt;Si no eres el que mandas
&lt;br&gt;¿Dime con quién andas?
&lt;br&gt;Dime, dime lo que alcanzas
&lt;br&gt;Cuando una tanda de balas escuchas ¿dime si te ablandas?
&lt;br&gt;Ten cuidado con lo que tú dices
&lt;br&gt;Oh cuando tú pises
&lt;br&gt;Por aquí veré lo que tú finges
&lt;br&gt;Bienvenido, aquí es mi territorio
&lt;br&gt;Tropeles, cartuchos, bullas y chuzos
&lt;br&gt;Los que se aguantan no son muchos
&lt;br&gt;Soy tu cucho,
&lt;br&gt;Te enseño lo que es y cuanto lucho
&lt;br&gt;Más vale que regrese a casa te espera tu chupo
&lt;br&gt;Culicagado, sepa que leo en tus ojos
&lt;br&gt;Apenas levanto la voz y ya te salen mocos
&lt;br&gt;
&lt;br&gt;¡Qué, Qué, Qué!
&lt;br&gt;Oyes Rap en tu carro trabado
&lt;br&gt;Fumas, tomas trago y ya te crees malo
&lt;br&gt;Saque pistola veremos quién tiene bolas
&lt;br&gt;A mi nunca me impresionas,
&lt;br&gt;¿Qué harás si matas a una persona?
&lt;br&gt;Sangre por todo el piso,
&lt;br&gt;Un muerto al frente y dos heridos
&lt;br&gt;Tú en la mitad de esa mierda llorando pidiendo auxilio
&lt;br&gt;
&lt;br&gt;Yeah!
&lt;br&gt;Ya te veo ya te imagino
&lt;br&gt;Gritando como un niño, mejor cambias de camino
&lt;br&gt;
&lt;br&gt;(Coro: Rocca)
&lt;br&gt;Se las dan de malos bravos
&lt;br&gt;Andan en banda y siempre alzados
&lt;br&gt;Gritan, forman bulla por todos lados
&lt;br&gt;Pero cuando están solos caminan cagados
&lt;br&gt;Se las dan de malos bravos
&lt;br&gt;Andan en banda y siempre alzados
&lt;br&gt;Gritan, forman bulla por todos lados
&lt;br&gt;Los verdaderos caminan callados
&lt;br&gt;
&lt;br&gt;(Reychesta)
&lt;br&gt;Yo
&lt;br&gt;Tú siempre dices que eres real,
&lt;br&gt;Pero en realidad todo lo que haces es algo normal
&lt;br&gt;Yo sé de qué hablar, no eres verdadero
&lt;br&gt;Te he visto corriendo de tus amigos cuando están en peligro
&lt;br&gt;Tú no eres perfecto
&lt;br&gt;No te pongas molesto
&lt;br&gt;Tú no eres nadie ni siquiera en tus propios proyectos
&lt;br&gt;Crees que estas en la moda
&lt;br&gt;Dices que vendes droga
&lt;br&gt;Cuando nisiquiera tú has tocado una pistola
&lt;br&gt;
&lt;br&gt;¡Menzo!
&lt;br&gt;No te pases de contento
&lt;br&gt;El más callado es el más malo y tengo la prueba de esto
&lt;br&gt;Mira tu clica,
&lt;br&gt;Todavía todos practican
&lt;br&gt;Tres Coronas llegan y todo se mortifica
&lt;br&gt;Me gustaría que un día fueras enfrentado
&lt;br&gt;Por un hombre que te robe la fama de tu barrio
&lt;br&gt;Ten cuidado,
&lt;br&gt;Mejor quédate callado
&lt;br&gt;En esta agua hay pirañas y tú eres el pescado
&lt;br&gt;What!
&lt;br&gt;
&lt;br&gt;(Coro: Rocca)
&lt;br&gt;Se las dan de malos bravos
&lt;br&gt;Andan en banda y siempre alzados
&lt;br&gt;Gritan, forman bulla por todos lados
&lt;br&gt;Pero cuando están solos caminan cagados
&lt;br&gt;Se las dan de malos bravos
&lt;br&gt;Andan en banda y siempre alzados
&lt;br&gt;Gritan, forman bulla por todos lados
&lt;br&gt;Los verdaderos caminan callados
&lt;br&gt;
&lt;br&gt;(P.N.O)
&lt;br&gt;Pues no te creas mucho más
&lt;br&gt;Te conozco y no eres capaz,
&lt;br&gt;De sacarte, mostrarte
&lt;br&gt;Te ocultas detrás de un disfraz
&lt;br&gt;Eres de esos pendejos que dicen no va a pasar
&lt;br&gt;Y cuando pasa resultan dejando todo atrás
&lt;br&gt;Me acuerdas de tito,
&lt;br&gt;Ese niño bonito,
&lt;br&gt;El que quiso ser pandillito
&lt;br&gt;Y preciso cayó en ese abismo
&lt;br&gt;Es esa misma forma la que veo,
&lt;br&gt;Te leo,
&lt;br&gt;Tu jangueo
&lt;br&gt;Nunca has visto guerra o tiroteo
&lt;br&gt;Te lo advertí mijo
&lt;br&gt;Eso no fue destino, fue el camino que escogiste,
&lt;br&gt;Ahora estás arrepentido
&lt;br&gt;Asustado,por dártelas de alzado
&lt;br&gt;Te tienen amenazado
&lt;br&gt;Por hablar cosas que no han pasado
&lt;br&gt;¿Y qué va a hacer?
&lt;br&gt;¿Puede ser?
&lt;br&gt;Tu último día de vida que vas a poder parecer,
&lt;br&gt;A ese mismo falso,
&lt;br&gt;Ese mismo payaso
&lt;br&gt;Que terminó con su cara golpeada en el asfalto
&lt;br&gt;
&lt;br&gt;(Coro: Rocca)
&lt;br&gt;Se las dan de malos bravos
&lt;br&gt;Andan en banda y siempre alzados
&lt;br&gt;Gritan, forman bulla por todos lados
&lt;br&gt;Pero cuando están solos caminan cagados
&lt;br&gt;Se las dan de malos bravos
&lt;br&gt;Andan en banda y siempre alzados
&lt;br&gt;Gritan, forman bulla por todos lados
&lt;br&gt;Los verdaderos caminan callados
&lt;br&gt;
&lt;br&gt;Shhhhh&lt;/p&gt;
</description>
    </item>
    
    <item>
      <title> Filósofos De Callejones</title>
      <link>http://letraspedia.com/lyric/3-coronas-filosofos-de-callejones/</link>
      <pubDate>Mon, 01 Sep 2008 00:00:00 UTC</pubDate>
      <author>Enthusiastic Hugo User</author>
      <guid>http://letraspedia.com/lyric/3-coronas-filosofos-de-callejones/</guid>
      <description>&lt;p&gt;Youh , youh , youh , youh
&lt;br&gt;
&lt;br&gt;Hallo erupción en el bingal
&lt;br&gt;un en asalto en un banco
&lt;br&gt;desconecto la alarma
&lt;br&gt;cojo todo y me arranco
&lt;br&gt;en el micrófono soy pistolero y tiro fijo
&lt;br&gt;la violencia parió sus hijos
&lt;br&gt;pero me lo dijo
&lt;br&gt;mira pana
&lt;br&gt;en cualquier barrio
&lt;br&gt;es la misma vaina
&lt;br&gt;caña , lana , cana
&lt;br&gt;y caen las mismo mañana
&lt;br&gt;ilusiones perdidas mentiras
&lt;br&gt;penas , almas vencidas , apenas descuidas
&lt;br&gt;que se te cierran tus salidas
&lt;br&gt;todos en el mismo laberinto
&lt;br&gt;parcerito mio , bandido fino
&lt;br&gt;poeta niño del llanto latino
&lt;br&gt;químico de la reina urbana , constructor de leyenda lejana
&lt;br&gt;R-O-C-C-A en primera pagina, crónica diaria elocutor de
&lt;br&gt;calle improvisador
&lt;br&gt;colombiano con alma y dolor matador
&lt;br&gt;suelte chino , caquibino el duo ,
&lt;br&gt;del miro al pachino , tres coronas el combo asesino digo
&lt;br&gt;voy soltando mis rimas en callejones esquinas
&lt;br&gt;se que alucinas mi rap furia como las espinas
&lt;br&gt;la verdad siempre duele te coje como una etnia
&lt;br&gt;Bogota , Paris , New York
&lt;br&gt;la misma etnia
&lt;br&gt;
&lt;br&gt;yeah
&lt;br&gt;tres coronas , la etnia
&lt;br&gt;de noja maniga fla shit babyyeah
&lt;br&gt;
&lt;br&gt;pues los dos cabecillas que han corrido villas
&lt;br&gt;y varias millas
&lt;br&gt;experiencia de vida enseñando quienes quilla
&lt;br&gt;de ese juego que traicionero donde el pionero
&lt;br&gt;los verdaderos
&lt;br&gt;que marcaron esta huella en serio
&lt;br&gt;ninguna payasada , esos que hablan nada
&lt;br&gt;critican y dicen
&lt;br&gt;pero callo en carcajadas
&lt;br&gt;sonriente  , en ambientes calientes
&lt;br&gt;analíticos
&lt;br&gt;el individuo indecente
&lt;br&gt;conciente que somos hombres de negocios
&lt;br&gt;no mansitos curiosos visajosos
&lt;br&gt;pueden ser tan peligrosos
&lt;br&gt;traicioneros
&lt;br&gt;cuerpos que lanzan del tequendama
&lt;br&gt;al río Bogota , por poco resultan en cajones
&lt;br&gt;son cuestiones
&lt;br&gt;situaciones
&lt;br&gt;razones
&lt;br&gt;tres coronas
&lt;br&gt;etnia
&lt;br&gt;Filósofos de callejones
&lt;br&gt;Yeah
&lt;br&gt;
&lt;br&gt;Aquí parado con mi trono
&lt;br&gt;mayor from
&lt;br&gt;Bogota , Colombia
&lt;br&gt;Paris a New York
&lt;br&gt;con mi lírica putrefacta
&lt;br&gt;ego aquí se jacta
&lt;br&gt;batillando y gatillando
&lt;br&gt;lírica voy disparando , enemigo atravesando
&lt;br&gt;me lo voy llevando
&lt;br&gt;por que voy al mando
&lt;br&gt;muy maticas pal comando
&lt;br&gt;la canción asesina , fina y sangre latina
&lt;br&gt;conexión colombo
&lt;br&gt;kilo de lírica heroína
&lt;br&gt;escupiendo verso , sin ningún esfuerzo
&lt;br&gt;tengo mi refuerzo tapándote
&lt;br&gt;la puta boca helada
&lt;br&gt;se encuentra parchado con el rocca
&lt;br&gt;con el P.N.O aquí sigo con mi flow
&lt;br&gt;si lo hacemos las pulgas
&lt;br&gt;y la ambilla conocemos
&lt;br&gt;es mi ritmo , mi bandera
&lt;br&gt;es puro mafia guerrera , la etnia parada
&lt;br&gt;tienes carreteras , irrompiendo , irrumpiendo
&lt;br&gt;cualquier frontera
&lt;br&gt;minas quiebra patas y al acecho muchas ratas
&lt;br&gt;alebres y a las cimas , mercenario y tarima
&lt;br&gt;nadie se aproxima cuando escupo fuertes rimas
&lt;br&gt;con uno , dos , tres coronas al acecho
&lt;br&gt;se pone pecho algo dicho y algo echo
&lt;br&gt;conexión colombo
&lt;br&gt;y lace
&lt;br&gt;nuestra cuarta face
&lt;br&gt;aquí parao en la raya con mi trono
&lt;br&gt;mayor from
&lt;br&gt;Bogota , Colombia
&lt;br&gt;Paris and New York
&lt;br&gt;yeah
&lt;br&gt;
&lt;br&gt;aquí de nuevo en la tonada
&lt;br&gt;agreste la contienda
&lt;br&gt;así suena mi tropa
&lt;br&gt;soy el gordo de la etnia
&lt;br&gt;del estudio a la tarima
&lt;br&gt;bajante es mi rima
&lt;br&gt;nieve de Colombia 100 % fina
&lt;br&gt;capos en la mesa cristalina y con rueza
&lt;br&gt;se mueve así el negocio de muy alta pureza
&lt;br&gt;e la tierra de lo pablo escobar es que le hablo
&lt;br&gt;café , esmeraldas , las mujeres bellas colombianas por el mundo
&lt;br&gt;dejando una huella
&lt;br&gt;full americano con la birra en la mano
&lt;br&gt;el micrófono es candente
&lt;br&gt;para el barrio bravo
&lt;br&gt;desde América hasta Europa con una nueva tropa
&lt;br&gt;real conexiones
&lt;br&gt;P.N.O y Rocca , soy el genio y la figura
&lt;br&gt;hasta la sepultura soy un MC en la niebla
&lt;br&gt;y de calle dura , primero la tonada
&lt;br&gt;agreste la contienda
&lt;br&gt;así suena mi tropa es la malvada etnia
&lt;br&gt;Colombia y mancecible
&lt;br&gt;o jubilo inmortal en surcos de dolores
&lt;br&gt;my song termina ya&lt;/p&gt;
</description>
    </item>
    
    <item>
      <title> Habilidad</title>
      <link>http://letraspedia.com/lyric/3-coronas-habilidad/</link>
      <pubDate>Mon, 01 Sep 2008 00:00:00 UTC</pubDate>
      <author>Enthusiastic Hugo User</author>
      <guid>http://letraspedia.com/lyric/3-coronas-habilidad/</guid>
      <description>&lt;p&gt;Tengo la habilidad
&lt;br&gt;para echarte para atrás
&lt;br&gt;no te ponga a hablar más
&lt;br&gt;por que yo te callo en rap
&lt;br&gt;y su personalidad
&lt;br&gt;yo se que seria capaz
&lt;br&gt;conozco bien el background
&lt;br&gt;en el underground no estas
&lt;br&gt;
&lt;br&gt;Tengo la habilidad
&lt;br&gt;para echarte para atrás
&lt;br&gt;no te ponga a hablar más
&lt;br&gt;por que yo te callo en rap
&lt;br&gt;y su personalidad
&lt;br&gt;yo se que seria capaz
&lt;br&gt;conozco bien el background
&lt;br&gt;en el underground no estas
&lt;br&gt;
&lt;br&gt;Tu sabes
&lt;br&gt;como son los cosas dudosas
&lt;br&gt;cuando no hay ayuda
&lt;br&gt;Tu sabes
&lt;br&gt;que cada persona gloriosa se pierde en fortuna
&lt;br&gt;puede llegar a los 30
&lt;br&gt;cualquiera otro piensa
&lt;br&gt;cualquiera otro piensa
&lt;br&gt;por eso decido coger un destino tranquilo y piensa si piensas
&lt;br&gt;y pensar cuenta la lista es bien larga
&lt;br&gt;nuca recuerda quien tiene una espalda
&lt;br&gt;en cámara lenta devuelve la vaina
&lt;br&gt;y te la cuenta quien es el VAGINA
&lt;br&gt;eres el vaina influa el ci phone
&lt;br&gt;verás es para mi
&lt;br&gt;es como mi wi phone
&lt;br&gt;mato a cualquiera escribiendo una carta
&lt;br&gt;por que todos tienen una falsa alarma
&lt;br&gt;toma tus cosas
&lt;br&gt;eres idiota
&lt;br&gt;tu quieres rival y eres un shotta
&lt;br&gt;que es lo que quieres
&lt;br&gt;no te conviene
&lt;br&gt;que es lo que tu eres
&lt;br&gt;que es lo que quieres
&lt;br&gt;mi poder es como mis planes
&lt;br&gt;tu quieres venir a todos lugares
&lt;br&gt;cogiendo placeres
&lt;br&gt;cogiendo lugares
&lt;br&gt;sabiendo que en esto no tienes a nadie
&lt;br&gt;
&lt;br&gt;Tengo la habilidad
&lt;br&gt;para echarte para atrás
&lt;br&gt;no te ponga a hablar más
&lt;br&gt;por que yo te callo en rap
&lt;br&gt;y su personalidad
&lt;br&gt;yo se que seria capaz
&lt;br&gt;conozco bien el background
&lt;br&gt;en el underground no estas
&lt;br&gt;
&lt;br&gt;Tengo la habilidad
&lt;br&gt;para echarte para atrás
&lt;br&gt;no te ponga a hablar más
&lt;br&gt;por que yo te callo en rap
&lt;br&gt;y su personalidad
&lt;br&gt;yo se que seria capaz
&lt;br&gt;conozco bien el background
&lt;br&gt;en el underground no estas
&lt;br&gt;
&lt;br&gt;A veces tengo dinero para
&lt;br&gt;una infracción
&lt;br&gt;un carro rentar
&lt;br&gt;peroquiero camina
&lt;br&gt;coger el tren e irme a otro
&lt;br&gt;me gusta jalar
&lt;br&gt;me gusta janguear para poder olvidar
&lt;br&gt;que rayos , que diablos me vaya a pasar
&lt;br&gt;quien rayos me va a disparar
&lt;br&gt;me gusta cambiarel&amp;hellip;temadilema
&lt;br&gt;que quema docena y lo deja en la cera
&lt;br&gt;te suena en la vena de cualquier manera
&lt;br&gt;y como tu piensas tumbarme mi lema
&lt;br&gt;Ahora lo siento
&lt;br&gt;este es mi momento
&lt;br&gt;entro violento
&lt;br&gt;adentro del centro
&lt;br&gt;lleno todo capitulo de suspenso
&lt;br&gt;por que en el rap yo formo el evento
&lt;br&gt;
&lt;br&gt;Tengo la habilidad
&lt;br&gt;para echarte para atrás
&lt;br&gt;no te ponga a hablar más
&lt;br&gt;por que yo te callo en rap
&lt;br&gt;y su personalidad
&lt;br&gt;yo se que seria capaz
&lt;br&gt;conozco bien el background
&lt;br&gt;en el underground no estas
&lt;br&gt;
&lt;br&gt;Tengo la habilidad
&lt;br&gt;para echarte para atrás
&lt;br&gt;no te ponga a hablar más
&lt;br&gt;por que yo te callo en rap
&lt;br&gt;y su personalidad
&lt;br&gt;yo se que seria capaz
&lt;br&gt;conozco bien el background
&lt;br&gt;en el underground no estas&lt;/p&gt;
</description>
    </item>
    
    <item>
      <title> Inspiracion</title>
      <link>http://letraspedia.com/lyric/3-coronas-inspiracion/</link>
      <pubDate>Mon, 01 Sep 2008 00:00:00 UTC</pubDate>
      <author>Enthusiastic Hugo User</author>
      <guid>http://letraspedia.com/lyric/3-coronas-inspiracion/</guid>
      <description>&lt;p&gt;En mi ninez existia una inquietud de estres
&lt;br&gt;que me subia y me bajaba la sangre a los pies
&lt;br&gt;sentia lo que me decia mi madre al mantener
&lt;br&gt;toda la familia siete dias para amanecer
&lt;br&gt;tal ves toda la cuestion de conocer mi padre
&lt;br&gt;al no verlo temprano a mi lado pise a diario la calle
&lt;br&gt;el que nace, nace para vivir fue de debate,
&lt;br&gt;y el que no lo hace cuando cresca ojala que no se mate
&lt;br&gt;siento que es tarde para conocerte,
&lt;br&gt;miento, si te digo no quiero verte
&lt;br&gt;pienso, en todas las cosas del 87
&lt;br&gt;yo con 9 anos y todavia sin ver un juguete
&lt;br&gt;fueron deseos, como un tripeo
&lt;br&gt;pero desde pequeno siempre quise ver el trofeo
&lt;br&gt;era algo bien feo, pero como es el asunto
&lt;br&gt;terminar contento en esto para no sentir fondo
&lt;br&gt;
&lt;br&gt;A mi.. a mi&amp;hellip;
&lt;br&gt;la vida me inspiro, la calle me bautizo
&lt;br&gt;el odio me sorprendio, el amor me consintio
&lt;br&gt;escribir me convencio, la verdad me contento
&lt;br&gt;trabajar en eso pago, el rap me vacuno
&lt;br&gt;la gente me animo, el publico contesto
&lt;br&gt;la cosa se ensucio, cuando por celos me empujo
&lt;br&gt;el fuego se prendio, fulano se quemo
&lt;br&gt;2pac quien lo mato, bigi por que murio
&lt;br&gt;el fuego se envicio, se enloquecio y maduro
&lt;br&gt;yo segui dandole duro con pasion y con furor
&lt;br&gt;unos dicen ya paso qu&amp;rsquo; el rap ya se durmio
&lt;br&gt;pero en espanol sepalo, que apenas desperto
&lt;br&gt;apenas empezo, que ya lo critico, pero cuando oye mi flow
&lt;br&gt;que cierre la boca pirobo, y ahora mira yo
&lt;br&gt;sin reggaeton corono, con un microfono
&lt;br&gt;un hombre se revelo
&lt;br&gt;
&lt;br&gt;no.. a los 13 anos me unte del rap,
&lt;br&gt;empeze a escuchar a varios MC&amp;rsquo;s me puse a estudiar
&lt;br&gt;public enemy, Rackim cool J rap despues vino Nas, bigi y tambien Wu-Tang
&lt;br&gt;eran como Enciclopedias, y yo aprendia estrategias
&lt;br&gt;estudiaba sus leyes, hasta vestia como ellos
&lt;br&gt;mi mama me peleaba, No vistas como moreno
&lt;br&gt;subete esos jeanes, que ya casi que llegan al suelo
&lt;br&gt;pero yo no quiero, yo seguia con mi rap verdadero
&lt;br&gt;un hispano vestido de moreno todo completo
&lt;br&gt;despues llego Fat Joe, weapon, Cypress Hill en espanol and *******
&lt;br&gt;The Colombian, se puso a escribir, a escupir
&lt;br&gt;pistas por allá y aqui, mira asi, estamos&lt;/p&gt;
</description>
    </item>
    
  </channel>
</rss>