<?xml version="1.0" encoding="utf-8" standalone="yes" ?>
<rss version="2.0" xmlns:atom="http://www.w3.org/2005/Atom">
  <channel>
      <title>3destinos on Letraspedia.com thes best lyrics page </title>
    <link>http://letraspedia.com/artist/3destinos/</link>
    <language>en-US</language>
    <author>Enthusiastic Hugo User</author>
    <rights>Copyright (c) 2014, Enthusiastic Hugo User; all rights reserved.</rights>
    <updated>Mon, 01 Sep 2008 00:00:00 UTC</updated>
    
    <item>
      <title> Amame</title>
      <link>http://letraspedia.com/lyric/3destinos-amame/</link>
      <pubDate>Mon, 01 Sep 2008 00:00:00 UTC</pubDate>
      <author>Enthusiastic Hugo User</author>
      <guid>http://letraspedia.com/lyric/3destinos-amame/</guid>
      <description>&lt;p&gt;Tú llegaste a mi vida
&lt;br&gt;Y jamás imaginé
&lt;br&gt;Que podrías tu hacerme tan feliz
&lt;br&gt;
&lt;br&gt;No se como sucedió
&lt;br&gt;Pero estas tan dentro de mí
&lt;br&gt;Que me aterra el pensar vivir sin ti
&lt;br&gt;
&lt;br&gt;y los dos sabemos que el destino nos unió
&lt;br&gt;Que jamás podremos evitar esta intensa conexión
&lt;br&gt;
&lt;br&gt;Ámame, ámame
&lt;br&gt;Y dame una oportunidad de demostrarte que me amas
&lt;br&gt;Ámame, ámame
&lt;br&gt;Y acepta que nacimos para estar juntos y enamorados siempre
&lt;br&gt;
&lt;br&gt;Yo lo se y tu lo sabes
&lt;br&gt;Que eres tu quien elegí
&lt;br&gt;Para compartir la vida junto a mí
&lt;br&gt;
&lt;br&gt;Y que pase lo que pase
&lt;br&gt;Quiero verte sonreír
&lt;br&gt;Porque yo nací para hacerte feliz&lt;/p&gt;
</description>
    </item>
    
    <item>
      <title> Cada Mañana</title>
      <link>http://letraspedia.com/lyric/3destinos-cada-manana/</link>
      <pubDate>Mon, 01 Sep 2008 00:00:00 UTC</pubDate>
      <author>Enthusiastic Hugo User</author>
      <guid>http://letraspedia.com/lyric/3destinos-cada-manana/</guid>
      <description>&lt;p&gt;Hoy me siento a escribir una nueva canción
&lt;br&gt;Que refleje todo en mi interior
&lt;br&gt;Cada nota que suena va trayendo a mi mente
&lt;br&gt;Cada instante que vivo junto a ti
&lt;br&gt;
&lt;br&gt;Es como un sueño para mi
&lt;br&gt;El pensar que te he encontrado
&lt;br&gt;Y hoy estas aquí
&lt;br&gt;
&lt;br&gt;Cada mañana al despertar
&lt;br&gt;Tu mirada me hace encontrar
&lt;br&gt;La calma que necesito
&lt;br&gt;Para ser feliz junto a ti
&lt;br&gt;
&lt;br&gt;Tu completas mi vida
&lt;br&gt;Llenas mi alma de risas
&lt;br&gt;Traes brillo a mis días de ilusión
&lt;br&gt;
&lt;br&gt;Es tan facil sentirte
&lt;br&gt;Tan difícil no amarte
&lt;br&gt;Que despierto pensando
&lt;br&gt;Si es real&lt;/p&gt;
</description>
    </item>
    
    <item>
      <title> Cada Vez Que Pienso En Ti</title>
      <link>http://letraspedia.com/lyric/3destinos-cada-vez-que-pienso-en-ti/</link>
      <pubDate>Mon, 01 Sep 2008 00:00:00 UTC</pubDate>
      <author>Enthusiastic Hugo User</author>
      <guid>http://letraspedia.com/lyric/3destinos-cada-vez-que-pienso-en-ti/</guid>
      <description>&lt;p&gt;Cada vez que pienso en ti
&lt;br&gt;Me transporto a un mundo de ilusiones
&lt;br&gt;A un nuevo sentir
&lt;br&gt;
&lt;br&gt;Cada vez que pienso en ti
&lt;br&gt;Es tan real y puro sentimiento
&lt;br&gt;no puedo fingir
&lt;br&gt;
&lt;br&gt;Y ahora que encontre vagando, la razon de mi existir
&lt;br&gt;No hay tiempo que perder ya estas en mi
&lt;br&gt;Eres agua de mi fuente, eres como amanecer
&lt;br&gt;Por quien daría hasta mis huesos
&lt;br&gt;Dispuesto hasta a morir
&lt;br&gt;
&lt;br&gt;Estribillo
&lt;br&gt;
&lt;br&gt;Cada vez que pienso en ti
&lt;br&gt;No puedo evitar sentir al cielo
&lt;br&gt;Tan cerca de mi
&lt;br&gt;
&lt;br&gt;Cada vez que pienso en ti
&lt;br&gt;Agradezco a dios este regalo
&lt;br&gt;de tenerte junto a mi
&lt;br&gt;
&lt;br&gt;Se que ha  llegado el momento
&lt;br&gt;De abrir mi corazón y poder decirle al mundo
&lt;br&gt;Que también piensas en mi&lt;/p&gt;
</description>
    </item>
    
    <item>
      <title> En Esta Historia</title>
      <link>http://letraspedia.com/lyric/3destinos-en-esta-historia/</link>
      <pubDate>Mon, 01 Sep 2008 00:00:00 UTC</pubDate>
      <author>Enthusiastic Hugo User</author>
      <guid>http://letraspedia.com/lyric/3destinos-en-esta-historia/</guid>
      <description>&lt;p&gt;Este es el momento de sentarnos y decirte la verdad
&lt;br&gt;Hace poco tiempo un encuentro termino la falsedad
&lt;br&gt;De este amor
&lt;br&gt;Que vivimos tu y yo
&lt;br&gt;
&lt;br&gt;Como describir el sentimiento sin tener que lastimar
&lt;br&gt;Como explicarte con palabras que no siento nada mas
&lt;br&gt;Que este amor que llego a mi interior
&lt;br&gt;Y tal vez se me ocurrió esta canción
&lt;br&gt;Que resume mi pensar y mi razón
&lt;br&gt;
&lt;br&gt;En esta Historia que robo mi corazón&lt;/p&gt;
</description>
    </item>
    
    <item>
      <title> Lo Siento</title>
      <link>http://letraspedia.com/lyric/3destinos-lo-siento/</link>
      <pubDate>Mon, 01 Sep 2008 00:00:00 UTC</pubDate>
      <author>Enthusiastic Hugo User</author>
      <guid>http://letraspedia.com/lyric/3destinos-lo-siento/</guid>
      <description>&lt;p&gt;Hoy desperté
&lt;br&gt;Y vi que nada andaba bien
&lt;br&gt;Ya no soy yo quien deja aroma en tu piel
&lt;br&gt;
&lt;br&gt;Hoy comprendí que tú no eres para mí
&lt;br&gt;Y ya no hay nada que me diga que hoy es como ayer
&lt;br&gt;Y ahora eres tu la que me pide volver.
&lt;br&gt;
&lt;br&gt;Lo siento pero todo termino y aunque me duele me
&lt;br&gt;resigno a tu adiós.
&lt;br&gt;Entiende lo nuestro solo fue un error
&lt;br&gt;Solo has de cuenta que esto no sucedió
&lt;br&gt;
&lt;br&gt;Un día mas tu ausencia no me va a matar
&lt;br&gt;Solo pretendo que me dejes en paz
&lt;br&gt;Todo te di y al fin de cuentas te perdí pero persistes
&lt;br&gt;no te alcanza con verme sufrir.
&lt;br&gt;Mi corazón es fuerte volverás
&lt;br&gt;
&lt;br&gt;Lo siento, pero todo termino
&lt;br&gt;Y aunque me duele me resigno a tu adiós
&lt;br&gt;Entiende, lo nuestro solo fue un error
&lt;br&gt;Solo has de cuenta que esto no sucedió&lt;/p&gt;
</description>
    </item>
    
    <item>
      <title> No Te Alejes De Mi</title>
      <link>http://letraspedia.com/lyric/3destinos-no-te-alejes-de-mi/</link>
      <pubDate>Mon, 01 Sep 2008 00:00:00 UTC</pubDate>
      <author>Enthusiastic Hugo User</author>
      <guid>http://letraspedia.com/lyric/3destinos-no-te-alejes-de-mi/</guid>
      <description>&lt;p&gt;Quiero decirte que te extraño
&lt;br&gt;Que es imposible no pensar en ti
&lt;br&gt;Estás presente todo el tiempo
&lt;br&gt;Tu amor me eleva hasta al cielo y voy
&lt;br&gt;No podria estar sin ti
&lt;br&gt;Y quedarme entre tus besos
&lt;br&gt;Sin perderme en cada abrazo mi amor
&lt;br&gt;
&lt;br&gt;No te alejes de mi
&lt;br&gt;Que se va la vida
&lt;br&gt;No te alejes de mi
&lt;br&gt;Se abrirá una herida
&lt;br&gt;Si no estás junto a mi
&lt;br&gt;
&lt;br&gt;To empezó como un juego
&lt;br&gt;Y poco a poco fue creciendo nuestro amor
&lt;br&gt;Hoy te regalo mis canciones
&lt;br&gt;Princesa de mis emociones
&lt;br&gt;No podría estar sin ti
&lt;br&gt;Y quedarme entre tus besos
&lt;br&gt;Sin perderme en cada abrazo mi amor
&lt;br&gt;
&lt;br&gt;No te alejes de mi
&lt;br&gt;Que se va la vida
&lt;br&gt;No te alejes de mi
&lt;br&gt;Se abrirá una herida
&lt;br&gt;Si no estás junto a mi
&lt;br&gt;
&lt;br&gt;Prisionero de tus sueños quiero ser
&lt;br&gt;Serás mi tesoro, te cuidaré
&lt;br&gt;Por siempre&amp;hellip;&lt;/p&gt;
</description>
    </item>
    
    <item>
      <title> Solo Pensarte</title>
      <link>http://letraspedia.com/lyric/3destinos-solo-pensarte/</link>
      <pubDate>Mon, 01 Sep 2008 00:00:00 UTC</pubDate>
      <author>Enthusiastic Hugo User</author>
      <guid>http://letraspedia.com/lyric/3destinos-solo-pensarte/</guid>
      <description>&lt;p&gt;Pensando me encuentro a diario
&lt;br&gt;Y se me acaba el calendario
&lt;br&gt;Es rutina que me gusta
&lt;br&gt;Un pensamiento que me asusta
&lt;br&gt;
&lt;br&gt;Con tus ojos es mas fácil
&lt;br&gt;Si con ellos miraría
&lt;br&gt;Pasaría el tiempo soñando
&lt;br&gt;Una vida junto a ti
&lt;br&gt;
&lt;br&gt;Mírame, y sabré que no me miento a mi mismo
&lt;br&gt;Háblame y diré que estoy en el paraíso
&lt;br&gt;Bésame y tendré el mejor escalofrío
&lt;br&gt;Tócame y sabré que aun existe el calor del amor
&lt;br&gt;
&lt;br&gt;Pensando me encuentro a diario
&lt;br&gt;Recordando mil ternuras
&lt;br&gt;Ya no existe amargura
&lt;br&gt;que me haga doler mas
&lt;br&gt;
&lt;br&gt;Solo pienso muy profundo
&lt;br&gt;Solo me queda un segundo
&lt;br&gt;Para que puedas volver
&lt;br&gt;Y yo no muera en este mundo
&lt;br&gt;
&lt;br&gt;Nuestro segundo sin reloj
&lt;br&gt;
&lt;br&gt;Mírame, y sabré que no me miento a mi mismo
&lt;br&gt;Háblame y diré que estoy en el paraíso
&lt;br&gt;Bésame y tendré el mejor escalofrío
&lt;br&gt;Tócame y sabré que aun existe el calor del amor
&lt;br&gt;
&lt;br&gt;Mírame, y sabré que no me miento a mi mismo
&lt;br&gt;Háblame y diré que estoy en el paraíso
&lt;br&gt;Bésame y tendré el mejor escalofrío
&lt;br&gt;Tócame y sabré que aun existe el calor del amor&lt;/p&gt;
</description>
    </item>
    
    <item>
      <title> Te Invito A Soñar</title>
      <link>http://letraspedia.com/lyric/3destinos-te-invito-a-sonar/</link>
      <pubDate>Mon, 01 Sep 2008 00:00:00 UTC</pubDate>
      <author>Enthusiastic Hugo User</author>
      <guid>http://letraspedia.com/lyric/3destinos-te-invito-a-sonar/</guid>
      <description>&lt;p&gt;Quiero imaginarme bajo un cielo azul
&lt;br&gt;Donde todo pase donde todo cambie
&lt;br&gt;Sin mirar el tiempo sin mirar atrás
&lt;br&gt;Buscando el camino hacia mis sueños
&lt;br&gt;
&lt;br&gt;Sientiendome dueño de mi vida
&lt;br&gt;Libre y sin temores ya no quiero esperar mas
&lt;br&gt;
&lt;br&gt;Ven te invito a soñar
&lt;br&gt;No mires atrás no existe nada imposible
&lt;br&gt;Si tu puedes creer lo puedes lograr
&lt;br&gt;Cambiar solo depende de ti
&lt;br&gt;
&lt;br&gt;Todo en esta vida es aprender a continuar
&lt;br&gt;A pesar de los errores y fracasos
&lt;br&gt;Para un poco y mira a tu alrededor
&lt;br&gt;Y podrás sentir lo que has logrado
&lt;br&gt;
&lt;br&gt;Busca ser el dueño de tu vida
&lt;br&gt;Unete al destino y déjate llevar
&lt;br&gt;
&lt;br&gt;Ven te invito a soñar
&lt;br&gt;No mires atrás no existe nada imposible
&lt;br&gt;Si tu puedes creer lo puedes lograr
&lt;br&gt;Cambiar solo depende de ti
&lt;br&gt;
&lt;br&gt;Animate
&lt;br&gt;Arriesgate a ser feliz.
&lt;br&gt;
&lt;br&gt;Ven te invito a soñar
&lt;br&gt;No mires atrás no existe nada imposible
&lt;br&gt;Si tu puedes creer lo puedes lograr
&lt;br&gt;Cambiar solo depende de ti
&lt;br&gt;te invito a soñar
&lt;br&gt;No mires atrás no existe nada imposible
&lt;br&gt;Si tu puedes creer lo puedes lograr
&lt;br&gt;Cambiar solo depende
&lt;br&gt;solo depende de ti&lt;/p&gt;
</description>
    </item>
    
    <item>
      <title> Ya Es Tarde</title>
      <link>http://letraspedia.com/lyric/3destinos-ya-es-tarde/</link>
      <pubDate>Mon, 01 Sep 2008 00:00:00 UTC</pubDate>
      <author>Enthusiastic Hugo User</author>
      <guid>http://letraspedia.com/lyric/3destinos-ya-es-tarde/</guid>
      <description>&lt;p&gt;Ha pasado tanto tiempo desde aquel momento
&lt;br&gt;En que se juraron por última vez volverse a ver
&lt;br&gt;Fueron tantas las promesas que pronto murieron
&lt;br&gt;Cuando ella se fue dejando ese silencio en su interior
&lt;br&gt;
&lt;br&gt;Y hoy sueñan retroceder el tiempo
&lt;br&gt;Para darse una nueva oportunidad
&lt;br&gt;
&lt;br&gt;Es tarde, ya es muy tarde
&lt;br&gt;El tiempo supo enfriar la esperanza entre los dos
&lt;br&gt;Y es tarde, ya es muy tarde
&lt;br&gt;ahora el tiempo les reprocha el no haber luchado por este amor
&lt;br&gt;
&lt;br&gt;Algo tan inexplicable, algo tan intenso
&lt;br&gt;Que al final de cuentas quedo en el recuerdo solo dolor
&lt;br&gt;Fueron tantas madrugadas de arrepentimientos
&lt;br&gt;Por haber dejado que decida el miedo, fue así
&lt;br&gt;
&lt;br&gt;Y hoy sueñan retroceder el tiempo
&lt;br&gt;Para darse una nueva oportunidad
&lt;br&gt;
&lt;br&gt;Es tarde, ya es muy tarde
&lt;br&gt;El tiempo supo enfriar la esperanza entre los dos
&lt;br&gt;Y es tarde, ya es muy tarde
&lt;br&gt;ahora el tiempo les reprocha el no haber luchado por este amor
&lt;br&gt;
&lt;br&gt;Hoy la vida les enseña que es mejor seguir
&lt;br&gt;Que arrojarse al abismo de sufrir
&lt;br&gt;Y rendirse cuando llega el verdadero amor
&lt;br&gt;Es renunciar a amar.&lt;/p&gt;
</description>
    </item>
    
    <item>
      <title>Jame Atrás</title>
      <link>http://letraspedia.com/lyric/3destinos-dejame-atras/</link>
      <pubDate>Mon, 01 Sep 2008 00:00:00 UTC</pubDate>
      <author>Enthusiastic Hugo User</author>
      <guid>http://letraspedia.com/lyric/3destinos-dejame-atras/</guid>
      <description>&lt;p&gt;Déjame decirte algunas cosas
&lt;br&gt;Antes de poder decirte adiós
&lt;br&gt;Déjame ser quien te olvide
&lt;br&gt;
&lt;br&gt;Solo quiero una despedida
&lt;br&gt;Llena de recuerdos del ayer
&lt;br&gt;Déjame ir, lo hago por ti
&lt;br&gt;
&lt;br&gt;Si la vida te cruzo en mi camino
&lt;br&gt;Y ninguno de los dos nos decidimos
&lt;br&gt;Solo queda separarnos y olvidar
&lt;br&gt;
&lt;br&gt;Dame una noche para darte mi cariño
&lt;br&gt;Dame una vida para poderte olvidar
&lt;br&gt;Dame una razón para odiarte y así poder olvidarte
&lt;br&gt;Solo dame una razón para no amarte
&lt;br&gt;
&lt;br&gt;Dame motivos para hacerlo mas fácil
&lt;br&gt;Dame la clave para poder ser feliz
&lt;br&gt;Ya que sin ti no seré el mismo, seré un loco sin sentidos
&lt;br&gt;Tu no entiendes ya no quiero lastimarte
&lt;br&gt;Déjame atrás
&lt;br&gt;
&lt;br&gt;Déjame ahogar esta esperanza
&lt;br&gt;De poder vivir con tu calor
&lt;br&gt;Déjame ser quien te olvide
&lt;br&gt;
&lt;br&gt;Solo quedarán bellos momentos
&lt;br&gt;Y vacías noches de dolor
&lt;br&gt;Déjame ir, lo hago por ti&lt;/p&gt;
</description>
    </item>
    
  </channel>
</rss>