<?xml version="1.0" encoding="utf-8" standalone="yes" ?>
<rss version="2.0" xmlns:atom="http://www.w3.org/2005/Atom">
  <channel>
      <title>2karas on Letraspedia.com thes best lyrics page </title>
    <link>http://letraspedia.com/artist/2karas/</link>
    <language>en-US</language>
    <author>Enthusiastic Hugo User</author>
    <rights>Copyright (c) 2014, Enthusiastic Hugo User; all rights reserved.</rights>
    <updated>Mon, 01 Sep 2008 00:00:00 UTC</updated>
    
    <item>
      <title> Erase Una Vez</title>
      <link>http://letraspedia.com/lyric/2karas-erase-una-vez/</link>
      <pubDate>Mon, 01 Sep 2008 00:00:00 UTC</pubDate>
      <author>Enthusiastic Hugo User</author>
      <guid>http://letraspedia.com/lyric/2karas-erase-una-vez/</guid>
      <description>&lt;p&gt;Érase una vez un cuento, yo no intento q lo sea,
&lt;br&gt;
&lt;br&gt;vive dentro de tu sueños, mudo, dudo q me creas,
&lt;br&gt;
&lt;br&gt;vuelan, como libélulas, perduran para siempre,
&lt;br&gt;
&lt;br&gt;se alimentan de la fe desnuda de un niño corriente,
&lt;br&gt;
&lt;br&gt;sonriente, sin ninguna duda, sudan de los grandes,
&lt;br&gt;
&lt;br&gt;porque nacen con la mente en otra parte,
&lt;br&gt;
&lt;br&gt;donde crece el arte, el aire se respira,
&lt;br&gt;
&lt;br&gt;huele a rosas, chocolate,
&lt;br&gt;
&lt;br&gt;y el paisaje es tan bonito q nadie puede olvidarse,
&lt;br&gt;
&lt;br&gt;carpe diem es la ley y enamorarse también,
&lt;br&gt;
&lt;br&gt;aquí no hay nadie, sólo tu mente decide que hacer,
&lt;br&gt;
&lt;br&gt;no hay nada q temer, q perder q te retiene,
&lt;br&gt;
&lt;br&gt;porque el tiempo se detiene y te mantiene como siempre,
&lt;br&gt;
&lt;br&gt;quien quiera puede volar, rozar la esfera,
&lt;br&gt;
&lt;br&gt;dar la vuelta al sistema solar hasta encontrarla a ella,
&lt;br&gt;
&lt;br&gt;luchar contra toda fiera q interfiera en mi camino,
&lt;br&gt;
&lt;br&gt;para rescatar princesas en castillos de arena perdidos,
&lt;br&gt;
&lt;br&gt;vivo entre los árboles, amándoles, soy parte del entorno,
&lt;br&gt;
&lt;br&gt;como gnomos, duendes, animales q duermen en su lomo,
&lt;br&gt;
&lt;br&gt;conozco a todos, todas sus historias,
&lt;br&gt;
&lt;br&gt;yo les cuento mis canciones si me llega la memoria,
&lt;br&gt;
&lt;br&gt;y no hay horas, dólares, collares, valoran la flora,
&lt;br&gt;
&lt;br&gt;igual q las personas q afloran, les van a enamorar,
&lt;br&gt;
&lt;br&gt;y aquí me quedo, es lo q quiero, desde luego es mi lugar,
&lt;br&gt;
&lt;br&gt;entre mis sueños y el empeño de jamás despertar,
&lt;br&gt;
&lt;br&gt;
&lt;br&gt;
&lt;br&gt;en mi mundo me siento lleno,
&lt;br&gt;
&lt;br&gt;vivo dentro de mi cuento, reino de los sueños, suelo de cemento,
&lt;br&gt;
&lt;br&gt;en un lugar q yo mismo invento,
&lt;br&gt;
&lt;br&gt;una historia más, mi nunca jamás, este es mi lugar perfecto,
&lt;br&gt;
&lt;br&gt;en mi mundo me siento lleno,
&lt;br&gt;
&lt;br&gt;no hay soledad, mis pensamientos me llevan al cielo,
&lt;br&gt;
&lt;br&gt;en un lugar q yo mismo invento,
&lt;br&gt;
&lt;br&gt;una historia más, mi nunca jamás, este es mi lugar perfecto,
&lt;br&gt;
&lt;br&gt;
&lt;br&gt;
&lt;br&gt;érase una vez en un mundo de magia y fantasía,
&lt;br&gt;
&lt;br&gt;hallaba la felicidad en el jardín de la alegría,
&lt;br&gt;
&lt;br&gt;un día decidí explorar más allá de cualquier frontera,
&lt;br&gt;
&lt;br&gt;donde quizá el tiempo espera, donde no existan barreras,
&lt;br&gt;
&lt;br&gt;viviré en un cuento, tal vez en una historia de disney,
&lt;br&gt;
&lt;br&gt;cual país de las maravillas exista pero sin ley,
&lt;br&gt;
&lt;br&gt;el laberinto de los hobbits, aquí los árboles andan,
&lt;br&gt;
&lt;br&gt;duendes, elfos eternos, volaré a nunca jamás sin alas,
&lt;br&gt;
&lt;br&gt;las estrellas se apagan detrás de nuestro horizonte,
&lt;br&gt;
&lt;br&gt;la luna es de cristal y el sol de hierro aunque se esconde,
&lt;br&gt;
&lt;br&gt;como siempre los pequeños detalles son los q valen,
&lt;br&gt;
&lt;br&gt;polvos mágicos, son los q al caer hacen q me levante,
&lt;br&gt;
&lt;br&gt;una historia interminable, nacida de un espejismo,
&lt;br&gt;
&lt;br&gt;porque aquí las nubes te atrapan cuando caes a un abismo,
&lt;br&gt;
&lt;br&gt;el cielo, puedo llegar a alcanzar un dragón blanco,
&lt;br&gt;
&lt;br&gt;me lleva mucho más allá del mar,
&lt;br&gt;
&lt;br&gt;de montañas nevadas y ríos cristalizados,
&lt;br&gt;
&lt;br&gt;mucho más allá del recuerdo olvidado,
&lt;br&gt;
&lt;br&gt;una pared de hielo cubre las hierbas y flores,
&lt;br&gt;
&lt;br&gt;las esconde bajo un manto transparente hasta q el tiempo mejore,
&lt;br&gt;
&lt;br&gt;un mundo único, quiero cabalgar sobre unicornios,
&lt;br&gt;
&lt;br&gt;intercambiar palabras con faunos, vivir siendo un crío,
&lt;br&gt;
&lt;br&gt;encogerme como una ninfa, es mi matrix personal,
&lt;br&gt;
&lt;br&gt;porque mi fantasía en sueños se convierte en realidad,
&lt;br&gt;
&lt;br&gt;he visto príncipes azules q se convierten en ranas,
&lt;br&gt;
&lt;br&gt;cisnes con un plumaje increíble al extender sus alas,
&lt;br&gt;
&lt;br&gt;un espejo de cristal q todo sabe,
&lt;br&gt;
&lt;br&gt;en este mundo buscar tu propia felicidad es la clave,
&lt;br&gt;
&lt;br&gt;el tiempo se detiene,
&lt;br&gt;
&lt;br&gt;aquí el tic tac ya no se oye,
&lt;br&gt;
&lt;br&gt;porque el infinito aquí es tan real como blancanieves,
&lt;br&gt;
&lt;br&gt;soy ese q quiere vivir en un sueño contigo,
&lt;br&gt;
&lt;br&gt;y acabo en un mundo raro, a lo tim burton, sin amigos,
&lt;br&gt;
&lt;br&gt;salto y siento q vuelo,
&lt;br&gt;
&lt;br&gt;el edén está más cerca, ya puedo sentir el cielo,
&lt;br&gt;
&lt;br&gt;es mágico, visitar lugares inexistentes,
&lt;br&gt;
&lt;br&gt;porque aquí dentro al miedo se le hace frente,
&lt;br&gt;
&lt;br&gt;en mi libreta vivo historias q jamás viviré,
&lt;br&gt;
&lt;br&gt;pero estoy seguro q mientras duerma las soñaré,
&lt;br&gt;
&lt;br&gt;y eso me basta para ser feliz,
&lt;br&gt;
&lt;br&gt;evadirme de este mundo hace q cicatrice mi cicatriz,
&lt;br&gt;
&lt;br&gt;aunque este cerrada a veces sigue doliendo la herida,
&lt;br&gt;
&lt;br&gt;pero aquí dentro me cura la magia y la fantasía,
&lt;br&gt;
&lt;br&gt;un pegaso me eleva a lo más alto, es mágico,
&lt;br&gt;
&lt;br&gt;porque esta ilusión nace del reflejo de un charco,
&lt;br&gt;
&lt;br&gt;vivir para esperar un fin? prefiero dormir para siempre,
&lt;br&gt;
&lt;br&gt;como bella durmiente, a mi q nadie me despierte,
&lt;br&gt;
&lt;br&gt;en mis sueños perfectos me guía un camino d migas,
&lt;br&gt;
&lt;br&gt;me pregunto si cruzara el arco iris a dónde me llevaría?
&lt;br&gt;
&lt;br&gt;voy con ellos, el cantar de los jilgueros,
&lt;br&gt;
&lt;br&gt;la magia de las luciérnagas, no hay hadas en mi cuento,
&lt;br&gt;
&lt;br&gt;arpas con cuerdas en el filo de un alfil,
&lt;br&gt;
&lt;br&gt;erase una vez la historia de un niño con un final feliz,
&lt;br&gt;
&lt;br&gt;
&lt;br&gt;
&lt;br&gt;en mi mundo me siento lleno,
&lt;br&gt;
&lt;br&gt;vivo dentro de mi cuento, reino de los sueños, suelo de cemento,
&lt;br&gt;
&lt;br&gt;en un lugar q yo mismo invento,
&lt;br&gt;
&lt;br&gt;una historia más, mi nunca jamás, este es mi lugar perfecto,
&lt;br&gt;
&lt;br&gt;en mi mundo me siento lleno,
&lt;br&gt;
&lt;br&gt;no hay soledad, mis pensamientos me llevan al cielo,
&lt;br&gt;
&lt;br&gt;en un lugar q yo mismo invento,
&lt;br&gt;
&lt;br&gt;una historia más, mi nunca jamás, este es mi lugar perfecto,
&lt;br&gt;
&lt;br&gt;
&lt;br&gt;me paso el día a lo medieval, en un mural eterno de cristal,
&lt;br&gt;
&lt;br&gt;pintando taks, con sirenas cantándome raps,
&lt;br&gt;
&lt;br&gt;pa seducirme,
&lt;br&gt;
&lt;br&gt;pero tengo un angel en el hombro, follando con un demonio,
&lt;br&gt;
&lt;br&gt;y yo miro para evadirme, para olvidarme desto,
&lt;br&gt;
&lt;br&gt;de un globo del mundo transformao en estercolero,
&lt;br&gt;
&lt;br&gt;donde el malo siempre esta primero,
&lt;br&gt;
&lt;br&gt;donde la luna no os cuenta nada de nada,
&lt;br&gt;
&lt;br&gt;mira al cielo como un lobo en un valle habitao por hadas,
&lt;br&gt;
&lt;br&gt;y por lagrimas q se convirtieron en ángeles,
&lt;br&gt;
&lt;br&gt;por hablar más me sentí bien, sin ti me sentí en cárceles,
&lt;br&gt;
&lt;br&gt;va bien no crees? si las cosas cambian bastante,
&lt;br&gt;
&lt;br&gt;y el diamante en bruto no es mas q una cárcel sin alambre,
&lt;br&gt;
&lt;br&gt;las princesas en las torres tiran largas cabelleras,
&lt;br&gt;
&lt;br&gt;pero en la realidad princesas se tiran y acaban muertas,
&lt;br&gt;
&lt;br&gt;porque no existen los príncipes, tan sólo existen sapos,
&lt;br&gt;
&lt;br&gt;q no besarás jamás porque te dan mucho asco,
&lt;br&gt;
&lt;br&gt;no descubrirás nada chaval, te doy el mundo,
&lt;br&gt;
&lt;br&gt;yo me quedo acá al final de mi cueva haciendo algo absurdo,
&lt;br&gt;
&lt;br&gt;y como siempre, y q se rían de mi si quieren, q son hienas,
&lt;br&gt;
&lt;br&gt;pero no les llena nada con un boli en las yemas,
&lt;br&gt;
&lt;br&gt;
&lt;br&gt;
&lt;br&gt;en mi mundo me siento lleno,
&lt;br&gt;
&lt;br&gt;en un lugar q yo mismo invento,
&lt;br&gt;
&lt;br&gt;en mi mundo me siento lleno,
&lt;br&gt;
&lt;br&gt;en un lugar q yo mismo invento,
&lt;br&gt;
&lt;br&gt;en mi mundo me siento lleno,
&lt;br&gt;
&lt;br&gt;en un lugar q yo mismo invento&amp;hellip;.&lt;/p&gt;
</description>
    </item>
    
  </channel>
</rss>