<?xml version="1.0" encoding="utf-8" standalone="yes" ?>
<rss version="2.0" xmlns:atom="http://www.w3.org/2005/Atom">
  <channel>
      <title>18 Kilates on Letraspedia.com thes best lyrics page </title>
    <link>http://letraspedia.com/artist/18-kilates/</link>
    <language>en-US</language>
    <author>Enthusiastic Hugo User</author>
    <rights>Copyright (c) 2014, Enthusiastic Hugo User; all rights reserved.</rights>
    <updated>Mon, 01 Sep 2008 00:00:00 UTC</updated>
    
    <item>
      <title>A La Espera De Una Rosa</title>
      <link>http://letraspedia.com/lyric/18-kilates-a-la-espera-de-una-rosa/</link>
      <pubDate>Mon, 01 Sep 2008 00:00:00 UTC</pubDate>
      <author>Enthusiastic Hugo User</author>
      <guid>http://letraspedia.com/lyric/18-kilates-a-la-espera-de-una-rosa/</guid>
      <description>&lt;p&gt;Por favor,
&lt;br&gt;Por favor ya no le ruegues no le insistas
&lt;br&gt;Ya no intentes detenerla y es en vano la perdiste para siempre
&lt;br&gt;Y es muy tarde el tren de espera ha llegado
&lt;br&gt;Su equipaje lo ha montado iba repleto de traiciones y tristezas
&lt;br&gt;Cuantas noches impaciente esperando
&lt;br&gt;que le dieras un poquito una migaja de tu amor
&lt;br&gt;Y ella callaba simulaba con paciencia esperando
&lt;br&gt;que cambiaras pero todo fue peor
&lt;br&gt;Olvidaste los detalles mas sencillos,
&lt;br&gt;su fecha mas importante no le diste el valor
&lt;br&gt;A la espera de una rosa aunque marchita pero nunca esta llego
&lt;br&gt;Y aunque te quiera
&lt;br&gt;No la persigas deja que intente aliviar su dolor
&lt;br&gt;Sabes que es Buena, noble y sencilla
&lt;br&gt;Tu destrozaste su buen Corazon
&lt;br&gt;Deja que cante
&lt;br&gt;Deja que baile
&lt;br&gt;Deja que intente
&lt;br&gt;Aliviar su dolor
&lt;br&gt;
&lt;br&gt;Me imagino,
&lt;br&gt;Me imagino que tu envidia se despierta
&lt;br&gt;hoy la has visto en una fiesta de coctel
&lt;br&gt;y yo se que te ha dolido
&lt;br&gt;Encontrarla tan distinta te confunde
&lt;br&gt;adornada de un vestido y un perfume que hoy atraen tu tristeza
&lt;br&gt;su mirada de desprecio te doblega
&lt;br&gt;aquel orgullo varonil que de nada te sirvio
&lt;br&gt;y quisiera regresar aquel pasado
&lt;br&gt;y tener algun instante de ese amor que se murio
&lt;br&gt;hoy la angustia te acompana
&lt;br&gt;y te castiga por que ni siquiera ella se despidio
&lt;br&gt;Otros brazos se la llevan otros besos
&lt;br&gt;le borraron su dolor
&lt;br&gt;
&lt;br&gt;Y aunque te quiera
&lt;br&gt;No la persigas deja que intente aliviar su dolor
&lt;br&gt;Sabes que es buena noble y sencilla
&lt;br&gt;Tu destrozaste su buen Corazon
&lt;br&gt;Deja que cante
&lt;br&gt;Deja que baile
&lt;br&gt;Deja que intente
&lt;br&gt;Aliviar su dolor
&lt;br&gt;
&lt;br&gt;Y aunque te quiera
&lt;br&gt;No la persigas deja que intente aliviar su dolor
&lt;br&gt;Sabes que es buena noble y sencilla
&lt;br&gt;Tu destrozaste su buen Corazon
&lt;br&gt;Deja que cante
&lt;br&gt;Deja que baile
&lt;br&gt;Deja que intente
&lt;br&gt;Aliviar su dolor&lt;/p&gt;
</description>
    </item>
    
    <item>
      <title>Adios Muñeca</title>
      <link>http://letraspedia.com/lyric/18-kilates-adios-muneca/</link>
      <pubDate>Mon, 01 Sep 2008 00:00:00 UTC</pubDate>
      <author>Enthusiastic Hugo User</author>
      <guid>http://letraspedia.com/lyric/18-kilates-adios-muneca/</guid>
      <description>&lt;p&gt;Un minuto nada mas antes de irte
&lt;br&gt;solo quedece un minuto nada mas
&lt;br&gt;lo se lo se es algo tarde si muy tarde si te vas
&lt;br&gt;como estas segura tu de que lo amas
&lt;br&gt;como sabes que no es solo un hombre mas
&lt;br&gt;no se lo se la que no miente y si mientes donde iras
&lt;br&gt;adios muñeca adios
&lt;br&gt;si en este viaje no hay regreso
&lt;br&gt;y antes de irte por favor no me niegues
&lt;br&gt;el sabor del ultimo beso de amor.
&lt;br&gt;
&lt;br&gt;Tu tenias mas amor entre mis brazos
&lt;br&gt;del que nadie puede darte ya veras
&lt;br&gt;mujer mujer que mala suerte
&lt;br&gt;no tenerte nunca mas.
&lt;br&gt;como estas segura tu de que lo amas
&lt;br&gt;como sabes que no es solo un hombre mas
&lt;br&gt;no se lo se la que no miente y si mientes donde iras
&lt;br&gt;adios muñeca adios
&lt;br&gt;si en este viaje no hay regreso
&lt;br&gt;y antes de irte por favor no me niegues
&lt;br&gt;el sabor del ultimo beso de amor.&lt;/p&gt;
</description>
    </item>
    
    <item>
      <title>Asi Es El Amor</title>
      <link>http://letraspedia.com/lyric/18-kilates-asi-es-el-amor/</link>
      <pubDate>Mon, 01 Sep 2008 00:00:00 UTC</pubDate>
      <author>Enthusiastic Hugo User</author>
      <guid>http://letraspedia.com/lyric/18-kilates-asi-es-el-amor/</guid>
      <description>&lt;p&gt;Hey! ¡Hola!
&lt;br&gt;- Hola ayer era mi amiga si hoy sos mi novia queria decirte que jamas pense que llegaria este si ayer me prometite que nunca medejaria amor
&lt;br&gt;-Hace días que te quería saludar pero siempre traes tu me atrapaste con la mirada
&lt;br&gt;encendido ¿Te gusta mucho la música?
&lt;br&gt;- ¡Si! ¡Muchísimo!
&lt;br&gt;- Si me dejas ser tu amigo, te prestaría mi colección de álbumes
&lt;br&gt;y te llevaría a algunos conciertos. Yo también amo la música
&lt;br&gt;¿Qué te parece?
&lt;br&gt;- ¡Gracias! Hablamos luego, tengo prisa y me tengo que ir.
&lt;br&gt;- ¿Como te llamas?
&lt;br&gt;
&lt;br&gt;Desde que te conocí hubo un antes y un después
&lt;br&gt;Desde que te vi llegar mi corazón sintió algo especial
&lt;br&gt;y no he podido olvidar, no he conseguido descansar y he regresado
&lt;br&gt;muchas veces y no te he vuelto a encontrar.
&lt;br&gt;
&lt;br&gt;Ya a todos pregunté y no he hallado quien te conozca jamás, dicen
&lt;br&gt;que a lo mejor no eres de aquí, que te debo olvidar y que hago con
&lt;br&gt;el corazón y cómo olvido este amor, pregunto cada noche en
&lt;br&gt;oración si de nuevo hablaremos Tu y Yo.
&lt;br&gt;
&lt;br&gt;Así de extraño es el amor, te arrebata el corazón, no tiene tiempo ni
&lt;br&gt;lugar, no sabes cuando llegará y cuando toca tu puerta, hagas lo
&lt;br&gt;que hagas el siempre entra&amp;hellip; Así es el amor.
&lt;br&gt;
&lt;br&gt;Han pasado tres años desde que la vi, por causa del trabajo lejos
&lt;br&gt;me moví y aunque estaba ocupado debo confesar que de vez en
&lt;br&gt;cuando en ella vuelvo a pensar.
&lt;br&gt;
&lt;br&gt;Y esta tarde salí por un café y no pude creer a quien me encontré,
&lt;br&gt;ella estaba allí en el atardecer, navegaba con su iPad en el internet.
&lt;br&gt;¿Será ella realmente? Yo me pregunté y los lentes lentamente me
&lt;br&gt;quité, poco a poco a su mesa me acerqué, ella me miró a los ojos
&lt;br&gt;yo la miré.
&lt;br&gt;Mírame bien dime si me recuerdas, anhelaba este momento con
&lt;br&gt;todas mis fuerzas, yo te habría esperado en la vida entera, yo iría al
&lt;br&gt;fin del mundo si contigo fuera.
&lt;br&gt;
&lt;br&gt;Así de extraño es el amor, te arrebata el corazón, no tiene tiempo ni
&lt;br&gt;lugar, no sabes cuando llegará y cuando toca tu puerta, hagas lo
&lt;br&gt;que hagas el siempre entra&amp;hellip; Así es el amor.
&lt;br&gt;
&lt;br&gt;- Me da mucho gusto volver a verte.
&lt;br&gt;- También a mí.
&lt;br&gt;- ¡De verdad! Por que la última vez te fuiste muy rápido y no pudimos
&lt;br&gt;ni hablar. ¿Donde has estado?
&lt;br&gt;- Mis padres se mudaron y tuve que cambiarme de escuela.
&lt;br&gt;- Hmmm&amp;hellip; Ya veo, realmente me encantaría ser tu amigo y
&lt;br&gt;conocerte más.
&lt;br&gt;- Hehehe, ¡Claro! ¿Por que no?
&lt;br&gt;
&lt;br&gt;Así de extraño es el amor, (es el amor)
&lt;br&gt;te arrebata el corazón, (y te arrebata el corazón)
&lt;br&gt;no tiene tiempo ni lugar, no sabes cuando llegará (viene del alma)
&lt;br&gt;y cuando toca tu puerta, ( y te atrapa)
&lt;br&gt;hagas lo que hagas (el)
&lt;br&gt;el siempre (el) entra&amp;hellip; Así es el amor.
&lt;br&gt;
&lt;br&gt;Y viene del alma y te atrapa el corazón.&lt;/p&gt;
</description>
    </item>
    
    <item>
      <title>Ay Amor</title>
      <link>http://letraspedia.com/lyric/18-kilates-ay-amor/</link>
      <pubDate>Mon, 01 Sep 2008 00:00:00 UTC</pubDate>
      <author>Enthusiastic Hugo User</author>
      <guid>http://letraspedia.com/lyric/18-kilates-ay-amor/</guid>
      <description>&lt;p&gt;Siempre desee estar contigo y hoy mi sueño se ha cumplido
&lt;br&gt;Soñé decirte que te quiero y que por ti tocaría el cielo
&lt;br&gt;Ame tu voz y tu sonrisa te ame despacio y de prisa
&lt;br&gt;Detrás de ti para mirarte no me atreví a  saludarte
&lt;br&gt;
&lt;br&gt;Eso es parte de lo yo hice por ti y no me arrepiento
&lt;br&gt;Daría mi vida porque fueras muy feliz y no es puro cuento
&lt;br&gt;Solo te pido que comprendas amor lo que por ti siento es mucho
&lt;br&gt;mas que una simple ilusión es por un sentimiento
&lt;br&gt;
&lt;br&gt;Ay amor ay amor como me gusta imaginarme junto a ti
&lt;br&gt;Ay amor ay amor daría mi vida porque  fueras muy feliz
&lt;br&gt;
&lt;br&gt;Eso es parte de lo que yo hice por ti y no me arrepiento
&lt;br&gt;Daría mi vida por que fueras muy feliz y no es puro cuento
&lt;br&gt;
&lt;br&gt;Solo te pido que comprendas amor lo que por ti siento es mucho
&lt;br&gt;mas que una simple ilusión es por un sentimiento
&lt;br&gt;Ay amor ay amor como me gusta imaginarme junto a ti
&lt;br&gt;Ay amor ay amor daría mi vida porque  fueras muy feliz
&lt;br&gt;
&lt;br&gt;Ay amor ay amor como me gusta imaginarme junto a ti
&lt;br&gt;Ay amor ay amor daría mi vida porque  fueras muy feliz
&lt;br&gt;
&lt;br&gt;Ay amor
&lt;br&gt;
&lt;br&gt;18 Kilates&lt;/p&gt;
</description>
    </item>
    
    <item>
      <title>Ay Amor (en Ingles)</title>
      <link>http://letraspedia.com/lyric/18-kilates-ay-amor-en-ingles/</link>
      <pubDate>Mon, 01 Sep 2008 00:00:00 UTC</pubDate>
      <author>Enthusiastic Hugo User</author>
      <guid>http://letraspedia.com/lyric/18-kilates-ay-amor-en-ingles/</guid>
      <description>&lt;p&gt;Always want to be with you and now my dream has been fulfilled
&lt;br&gt;I dreamed you tell qe qiero qe and you touch the sky
&lt;br&gt;Love your voice and smile you love slowly and in a hurry
&lt;br&gt;To look behind you I did not dare to greet
&lt;br&gt;
&lt;br&gt;That&amp;rsquo;s part of what you and I did x I do not regret
&lt;br&gt;Would my life were mui feliz qe x i is not pure tale
&lt;br&gt;I ask only love rioja qe qe understand you feel it is much
&lt;br&gt;mas qe a simple illusion is a feeling
&lt;br&gt;
&lt;br&gt;Ay amor ay amor together as I like to imagine yourself
&lt;br&gt;Ay amor ay would love my life x qe mui were happy
&lt;br&gt;
&lt;br&gt;That&amp;rsquo;s part of what I did qe x you and I do not regret
&lt;br&gt;Would my life were mui feliz qe x i is not pure tale
&lt;br&gt;
&lt;br&gt;I ask only love rioja qe qe understand you feel it is much
&lt;br&gt;mas qe a simple illusion is a feeling
&lt;br&gt;Ay amor ay amor together as I like to imagine yourself
&lt;br&gt;Ay amor ay would love my life x qe mui were happy
&lt;br&gt;
&lt;br&gt;Ay amor ay amor together as I like to imagine yourself
&lt;br&gt;Ay amor ay would love my life x qe mui were happy
&lt;br&gt;
&lt;br&gt;Ay amor
&lt;br&gt;18 Kilates&lt;/p&gt;
</description>
    </item>
    
    <item>
      <title>Cada Mañana</title>
      <link>http://letraspedia.com/lyric/18-kilates-cada-manana/</link>
      <pubDate>Mon, 01 Sep 2008 00:00:00 UTC</pubDate>
      <author>Enthusiastic Hugo User</author>
      <guid>http://letraspedia.com/lyric/18-kilates-cada-manana/</guid>
      <description>&lt;p&gt;cada mañana al despertar,
&lt;br&gt;abro los ojos y recuerdo tu sonrisa
&lt;br&gt;y esa cara tan bonita que
&lt;br&gt;me a llegado a enamorar.
&lt;br&gt;y no consigo que tu notes que te miro
&lt;br&gt;y que de amor por ti suspiro
&lt;br&gt;
&lt;br&gt;corazon te entrego,aunque no deba
&lt;br&gt;y sin dudarlo te daria mi vida entera
&lt;br&gt;cada mañana al despertar
&lt;br&gt;anhelo que mis sueños se hagan realidad
&lt;br&gt;
&lt;br&gt;para que quiero un corazon, si no te tengo
&lt;br&gt;yo solo quiero que tu
&lt;br&gt;escuches lo que siento
&lt;br&gt;
&lt;br&gt;ojitos color cafe,tan dulce como la miel
&lt;br&gt;y tu mirada que me llega a enloquecer
&lt;br&gt;tus labios quiero tener
&lt;br&gt;y esa sonrisa que me lleva a querer
&lt;br&gt;seria tan magico acariciar tu piel.
&lt;br&gt;
&lt;br&gt;daria mi vida por saber
&lt;br&gt;como serian nuestras noches y los dias
&lt;br&gt;a mi lado tu estarias.
&lt;br&gt;se que a tu lado puedo ser,esa persona
&lt;br&gt;que contigo dormiria,y nunca te dejaria.
&lt;br&gt;
&lt;br&gt;corazon te entrego,aunque no deba
&lt;br&gt;y sin dudarlo te daria mi vida entera
&lt;br&gt;cada mañana al despertar
&lt;br&gt;anhelo que mis sueños se hagan realidad
&lt;br&gt;
&lt;br&gt;para que quiero un corazon, si no te tengo
&lt;br&gt;yo solo quiero que tu
&lt;br&gt;escuches lo que siento
&lt;br&gt;
&lt;br&gt;ojitos color cafe,tan dulce como la miel
&lt;br&gt;y tu mirada que me llega a enloquecer
&lt;br&gt;tus labios quiero tener
&lt;br&gt;y esa sonrisa que me lleva a querer
&lt;br&gt;seria tan magico acariciar tu piel.
&lt;br&gt;(BIS)&lt;/p&gt;
</description>
    </item>
    
    <item>
      <title>Cenizas</title>
      <link>http://letraspedia.com/lyric/18-kilates-cenizas/</link>
      <pubDate>Mon, 01 Sep 2008 00:00:00 UTC</pubDate>
      <author>Enthusiastic Hugo User</author>
      <guid>http://letraspedia.com/lyric/18-kilates-cenizas/</guid>
      <description>&lt;p&gt;Ya se murio nuestro amor
&lt;br&gt;Ya se murio nuestro amor
&lt;br&gt;Ya se murio nuestro amor
&lt;br&gt;oh!! nonononono!!!!
&lt;br&gt;
&lt;br&gt;La cenizas dijeron good bye
&lt;br&gt;pero eso para ti fue una surprice
&lt;br&gt;por que sabias que te amaba
&lt;br&gt;y por ti mi vida daba
&lt;br&gt;jamas imaginaste un bye bye!!
&lt;br&gt;
&lt;br&gt;Te da verguenza observarme y
&lt;br&gt;mirarme a la cara
&lt;br&gt;¿Por que si supuestamente tu no has
&lt;br&gt;hecho nada?
&lt;br&gt;
&lt;br&gt;Da la cara
&lt;br&gt;y acepta que conmigo fuistes mala
&lt;br&gt;que por otro en las noches
&lt;br&gt;tu me cambiabas
&lt;br&gt;
&lt;br&gt;Pero yo le doy gracias a Dios
&lt;br&gt;que te olvide
&lt;br&gt;(yo te olvide)
&lt;br&gt;tu recuerdo de mi mente lo borre
&lt;br&gt;otra mujer llego a mi vida
&lt;br&gt;y te lo juro ahora soy feliz
&lt;br&gt;beybe!!
&lt;br&gt;
&lt;br&gt;La cenizas dijeron good bye
&lt;br&gt;pero eso para ti fue una surprice
&lt;br&gt;por que sabias que te amaba
&lt;br&gt;y por ti mi vida daba
&lt;br&gt;jamas imaginaste un bye bye!!
&lt;br&gt;
&lt;br&gt;Ya se murio nuestro amor
&lt;br&gt;Ya se murio nuestro amor
&lt;br&gt;Ya se murio nuestro amor
&lt;br&gt;oh!! nonononono!!!!
&lt;br&gt;
&lt;br&gt;Kilates!!!
&lt;br&gt;
&lt;br&gt;No se como yo me enamore de ti
&lt;br&gt;si tu amor por mi no era intenso
&lt;br&gt;yo que tanto sufria
&lt;br&gt;y se puede encontrar las cosas
&lt;br&gt;que contigo sonrei
&lt;br&gt;
&lt;br&gt;De cierto modo
&lt;br&gt;tu nunca apreciastes este amor
&lt;br&gt;beibi no se quien te amara como yo
&lt;br&gt;
&lt;br&gt;La cenizas dijeron good bye
&lt;br&gt;pero eso para ti fue una surprice
&lt;br&gt;por que sabias que te amaba
&lt;br&gt;y por ti mi vida daba
&lt;br&gt;jamas imaginaste un bye bye!!
&lt;br&gt;
&lt;br&gt;Ya se murio nuestro amor
&lt;br&gt;Ya se murio nuestro amor
&lt;br&gt;Ya se murio nuestro amor
&lt;br&gt;oh!! nonononono!!!!
&lt;br&gt;
&lt;br&gt;Kilates!!!
&lt;br&gt;
&lt;br&gt;La cenizas dijeron good bye
&lt;br&gt;pero eso para ti fue una surprice
&lt;br&gt;por que sabias que te amaba
&lt;br&gt;y por ti mi vida daba
&lt;br&gt;jamas imaginaste un bye bye!!
&lt;br&gt;
&lt;br&gt;Ya se murio nuestro amor
&lt;br&gt;Ya se murio nuestro amor
&lt;br&gt;Ya se murio nuestro amor
&lt;br&gt;oh!! nonononono!!!!
&lt;br&gt;(x4)
&lt;br&gt;&lt;/p&gt;
</description>
    </item>
    
    <item>
      <title>Cenizas (en Ingles)</title>
      <link>http://letraspedia.com/lyric/18-kilates-cenizas-en-ingles/</link>
      <pubDate>Mon, 01 Sep 2008 00:00:00 UTC</pubDate>
      <author>Enthusiastic Hugo User</author>
      <guid>http://letraspedia.com/lyric/18-kilates-cenizas-en-ingles/</guid>
      <description>&lt;p&gt;Since our love died
&lt;br&gt;Since our love died
&lt;br&gt;Since our love died
&lt;br&gt;oh! nonononono!
&lt;br&gt;
&lt;br&gt;Ash said good bye
&lt;br&gt;but this one was for you surprice
&lt;br&gt;that I knew you loved
&lt;br&gt;and gave my life for you
&lt;br&gt;never imagined a bye bye!
&lt;br&gt;
&lt;br&gt;We observed and ashamed
&lt;br&gt;look at her face
&lt;br&gt;Why if your not supposed to have
&lt;br&gt;done anything?
&lt;br&gt;
&lt;br&gt;Da Face
&lt;br&gt;and agrees with me that were bad
&lt;br&gt;that by another in the evening
&lt;br&gt;you change me
&lt;br&gt;
&lt;br&gt;But I thank God
&lt;br&gt;you forget
&lt;br&gt;(I forget)
&lt;br&gt;your memory erased from my mind
&lt;br&gt;another woman came into my life
&lt;br&gt;and I swear I&amp;rsquo;m happy now
&lt;br&gt;beybe!
&lt;br&gt;
&lt;br&gt;Ash said good bye
&lt;br&gt;but this one was for you surprice
&lt;br&gt;that I knew you loved
&lt;br&gt;and gave my life for you
&lt;br&gt;never imagined a bye bye!
&lt;br&gt;
&lt;br&gt;Since our love died
&lt;br&gt;Since our love died
&lt;br&gt;Since our love died
&lt;br&gt;oh! nonononono!
&lt;br&gt;
&lt;br&gt;Kilates!
&lt;br&gt;
&lt;br&gt;I do not know how I love thee
&lt;br&gt;if your love for me was not intense
&lt;br&gt;I much suffering
&lt;br&gt;and you can find things
&lt;br&gt;that you smiled
&lt;br&gt;
&lt;br&gt;In a way
&lt;br&gt;your love never apreciastes
&lt;br&gt;beibi not who you love like me
&lt;br&gt;
&lt;br&gt;Ash said good bye
&lt;br&gt;but this one was for you surprice
&lt;br&gt;that I knew you loved
&lt;br&gt;and gave my life for you
&lt;br&gt;never imagined a bye bye!
&lt;br&gt;
&lt;br&gt;Since our love died
&lt;br&gt;Since our love died
&lt;br&gt;Since our love died
&lt;br&gt;oh! nonononono!
&lt;br&gt;
&lt;br&gt;Kilates!
&lt;br&gt;
&lt;br&gt;Ash said good bye
&lt;br&gt;but this one was for you surprice
&lt;br&gt;Did you know that you loved
&lt;br&gt;and gave my life for you
&lt;br&gt;never imagined a bye bye!
&lt;br&gt;
&lt;br&gt;Since our love died
&lt;br&gt;Since our love died
&lt;br&gt;Since our love died
&lt;br&gt;oh! nonononono!
&lt;br&gt;(x4)&lt;/p&gt;
</description>
    </item>
    
    <item>
      <title>Chapatin</title>
      <link>http://letraspedia.com/lyric/18-kilates-chapatin/</link>
      <pubDate>Mon, 01 Sep 2008 00:00:00 UTC</pubDate>
      <author>Enthusiastic Hugo User</author>
      <guid>http://letraspedia.com/lyric/18-kilates-chapatin/</guid>
      <description>&lt;p&gt;Si no podes dormir..
&lt;br&gt;anda a ver a chapatin wachinn
&lt;br&gt;
&lt;br&gt;que levante las manos los que viven a pastillas..
&lt;br&gt;que se mate todo aquel el vive de manija
&lt;br&gt;que fue lo que mi doctor me ha reseteado un
&lt;br&gt;que bueno que chapatin me receto algo para dormir
&lt;br&gt;gracias a esa receta hoy mi sueño se concreta
&lt;br&gt;
&lt;br&gt;mira que toy piola..
&lt;br&gt;que asta duermo bien la siesta
&lt;br&gt;gracias a esa receta hoy mi sueño se concreta
&lt;br&gt;mira que toy piola..
&lt;br&gt;que asta duermo bien la siesta
&lt;br&gt;que asta duermo bien la siesta
&lt;br&gt;
&lt;br&gt;y si no podes dormir llama a
&lt;br&gt;0088 doctor chapatin&lt;/p&gt;
</description>
    </item>
    
    <item>
      <title>Chica De Novela</title>
      <link>http://letraspedia.com/lyric/18-kilates-chica-de-novela/</link>
      <pubDate>Mon, 01 Sep 2008 00:00:00 UTC</pubDate>
      <author>Enthusiastic Hugo User</author>
      <guid>http://letraspedia.com/lyric/18-kilates-chica-de-novela/</guid>
      <description>&lt;p&gt;Imparables
&lt;br&gt;18 kilates..
&lt;br&gt;eeeuuooee
&lt;br&gt;
&lt;br&gt;Eres chica de novela
&lt;br&gt;todos a ti te velan
&lt;br&gt;cuando bailas y demuestras
&lt;br&gt;esa pose de estrella bella
&lt;br&gt;&amp;hellip;&amp;hellip;&amp;hellip;&amp;hellip;&amp;hellip;&amp;hellip;&amp;hellip;&amp;hellip;
&lt;br&gt;Eres chica de novela
&lt;br&gt;todos a ti te velan
&lt;br&gt;cuando bailas y demuestras
&lt;br&gt;esa pose de estrella bella
&lt;br&gt;&amp;hellip;&amp;hellip;&amp;hellip;&amp;hellip;&amp;hellip;&amp;hellip;&amp;hellip;&amp;hellip;..
&lt;br&gt;Me haces perder el control
&lt;br&gt;cuando ella entra al show
&lt;br&gt;la pista toma atención, sexy
&lt;br&gt;te apoderas sin dar tregua
&lt;br&gt;&amp;hellip;&amp;hellip;&amp;hellip;&amp;hellip;&amp;hellip;&amp;hellip;&amp;hellip;&amp;hellip;..
&lt;br&gt;Me haces perder el control
&lt;br&gt;cuando ella entra al show
&lt;br&gt;la pista toma atención, sexy
&lt;br&gt;te apoderas sin dar tregua
&lt;br&gt;&amp;hellip;&amp;hellip;&amp;hellip;&amp;hellip;&amp;hellip;&amp;hellip;&amp;hellip;&amp;hellip;..
&lt;br&gt;En la disco se mueve
&lt;br&gt;sabiendo que la desean
&lt;br&gt;con sus sexy movimiento
&lt;br&gt;quiere que todos la vean
&lt;br&gt;&amp;hellip;&amp;hellip;&amp;hellip;&amp;hellip;&amp;hellip;&amp;hellip;&amp;hellip;&amp;hellip;.
&lt;br&gt;Brillando luces de neón
&lt;br&gt;como si fuera un diamante
&lt;br&gt;señorita usted es la mas elegante
&lt;br&gt;&amp;hellip;&amp;hellip;&amp;hellip;&amp;hellip;&amp;hellip;&amp;hellip;&amp;hellip;&amp;hellip;.
&lt;br&gt;Esta creciendo es una diva
&lt;br&gt;ya me siento envuelto
&lt;br&gt;morena su perfume armani
&lt;br&gt;desde lejos lo siento
&lt;br&gt;&amp;hellip;&amp;hellip;&amp;hellip;&amp;hellip;&amp;hellip;&amp;hellip;&amp;hellip;.
&lt;br&gt;Lo presiento es un acierto
&lt;br&gt;Otra copa y terminamos
&lt;br&gt;en par en mi apartamento
&lt;br&gt;&amp;hellip;&amp;hellip;&amp;hellip;&amp;hellip;&amp;hellip;&amp;hellip;&amp;hellip;..
&lt;br&gt;Bailando la conocí
&lt;br&gt;su cuerpo quiero sentir
&lt;br&gt;usted será para miii
&lt;br&gt;Yo paa tii
&lt;br&gt;como la noche en el fil
&lt;br&gt;No quiero que llegue el fin
&lt;br&gt;chica de novela
&lt;br&gt;no hay nadie con quien la compare
&lt;br&gt;&amp;hellip;&amp;hellip;&amp;hellip;&amp;hellip;&amp;hellip;&amp;hellip;&amp;hellip;..
&lt;br&gt;Me haces perder el control
&lt;br&gt;cuando ella entra al show
&lt;br&gt;la pista toma atención, sexy
&lt;br&gt;te apoderas sin dar tregua
&lt;br&gt;&amp;hellip;&amp;hellip;&amp;hellip;&amp;hellip;&amp;hellip;&amp;hellip;&amp;hellip;&amp;hellip;..
&lt;br&gt;Me haces perder el control
&lt;br&gt;cuando ella entra al show
&lt;br&gt;la pista toma atención, sexy
&lt;br&gt;te apoderas sin dar tregua
&lt;br&gt;&amp;hellip;&amp;hellip;&amp;hellip;&amp;hellip;&amp;hellip;&amp;hellip;&amp;hellip;&amp;hellip;..
&lt;br&gt;Ven que quiero tenerte
&lt;br&gt;me muero por ser el que
&lt;br&gt;te quite la ropa
&lt;br&gt;y te vuelva loca
&lt;br&gt;&amp;hellip;&amp;hellip;&amp;hellip;&amp;hellip;&amp;hellip;&amp;hellip;&amp;hellip;..
&lt;br&gt;No puedo dejar de escapar
&lt;br&gt;es nuestro destino
&lt;br&gt;sigue mi camino
&lt;br&gt;mi camino mami
&lt;br&gt;&amp;hellip;&amp;hellip;&amp;hellip;&amp;hellip;&amp;hellip;&amp;hellip;&amp;hellip;..
&lt;br&gt;Es la nueva sensación
&lt;br&gt;intenta verla en acción
&lt;br&gt;final pero elegante
&lt;br&gt;le gusta llamar la atención
&lt;br&gt;&amp;hellip;&amp;hellip;&amp;hellip;&amp;hellip;&amp;hellip;&amp;hellip;&amp;hellip;&amp;hellip;..
&lt;br&gt;Le meto presión,
&lt;br&gt;pierdo el control
&lt;br&gt;morena su movimiento
&lt;br&gt;me tiene mal el corazón
&lt;br&gt;&amp;hellip;&amp;hellip;&amp;hellip;&amp;hellip;&amp;hellip;&amp;hellip;&amp;hellip;&amp;hellip;..
&lt;br&gt;Sonrisa a la mona lisa
&lt;br&gt;me eriza el cuerpo pero cuando
&lt;br&gt;me toca la piel se me eriza
&lt;br&gt;&amp;hellip;&amp;hellip;&amp;hellip;&amp;hellip;&amp;hellip;&amp;hellip;&amp;hellip;&amp;hellip;
&lt;br&gt;la miro me mira y
&lt;br&gt;quedo hipnotizado
&lt;br&gt;no perdamos mas el tiempo
&lt;br&gt;mami vamos para otro lado
&lt;br&gt;&amp;hellip;&amp;hellip;&amp;hellip;&amp;hellip;&amp;hellip;&amp;hellip;&amp;hellip;&amp;hellip;.
&lt;br&gt;Bailando la conocí
&lt;br&gt;su cuerpo quiero sentir
&lt;br&gt;usted será para miii
&lt;br&gt;Yo paa tiii
&lt;br&gt;como la noche en el fil
&lt;br&gt;No quiero que llegue el fin
&lt;br&gt;chica de novela
&lt;br&gt;no hay nadie con quien la compare
&lt;br&gt;&amp;hellip;&amp;hellip;&amp;hellip;&amp;hellip;&amp;hellip;&amp;hellip;&amp;hellip;&amp;hellip;&amp;hellip;
&lt;br&gt;Eres chica de novela
&lt;br&gt;todos a ti te velan
&lt;br&gt;cuando bailas y demuestras
&lt;br&gt;esa pose de estrella bella
&lt;br&gt;&amp;hellip;&amp;hellip;&amp;hellip;&amp;hellip;&amp;hellip;&amp;hellip;&amp;hellip;&amp;hellip;
&lt;br&gt;Eres chica de novela
&lt;br&gt;todos a ti te velan
&lt;br&gt;cuando bailas y demuestras
&lt;br&gt;esa pose de estrella bella
&lt;br&gt;&amp;hellip;&amp;hellip;&amp;hellip;&amp;hellip;&amp;hellip;&amp;hellip;&amp;hellip;&amp;hellip;
&lt;br&gt;Me haces perder el control
&lt;br&gt;cuando ella entra al show
&lt;br&gt;la pista toma atención, sexy
&lt;br&gt;te apoderas sin dar tregua
&lt;br&gt;&amp;hellip;&amp;hellip;&amp;hellip;&amp;hellip;&amp;hellip;&amp;hellip;&amp;hellip;&amp;hellip;..
&lt;br&gt;Me haces perder el control
&lt;br&gt;cuando ella entra al show
&lt;br&gt;la pista toma atención, sexy
&lt;br&gt;te apoderas sin dar tregua
&lt;br&gt;&amp;hellip;&amp;hellip;&amp;hellip;&amp;hellip;&amp;hellip;&amp;hellip;&amp;hellip;&amp;hellip;..
&lt;br&gt;Nuevamente Dakos music
&lt;br&gt;Marcando el camino a seguir
&lt;br&gt;En lo musical
&lt;br&gt;Es lo que muchos quieren en este genero
&lt;br&gt;Ya lo saben
&lt;br&gt;Good Bye
&lt;br&gt;&amp;hellip;&amp;hellip;&amp;hellip;&amp;hellip;&amp;hellip;&amp;hellip;&amp;hellip;&amp;hellip;&amp;hellip;&lt;/p&gt;
</description>
    </item>
    
    <item>
      <title>Chica Del Este</title>
      <link>http://letraspedia.com/lyric/18-kilates-chica-del-este/</link>
      <pubDate>Mon, 01 Sep 2008 00:00:00 UTC</pubDate>
      <author>Enthusiastic Hugo User</author>
      <guid>http://letraspedia.com/lyric/18-kilates-chica-del-este/</guid>
      <description>&lt;p&gt;haaaaay es amor
&lt;br&gt;aiaiaiaiai es amor, es amor
&lt;br&gt;
&lt;br&gt;estaba yo mui triste
&lt;br&gt;cuando ella aparecio
&lt;br&gt;sus ojos ke fasinan
&lt;br&gt;me cautibaron
&lt;br&gt;
&lt;br&gt;mis amigos dicen
&lt;br&gt;ke soy un soñador
&lt;br&gt;ke solo al mirarme
&lt;br&gt;ella me coquisto
&lt;br&gt;
&lt;br&gt;solamente a ella
&lt;br&gt;le dare todo mi amor
&lt;br&gt;solamente a ella
&lt;br&gt;le dare todo mi amor
&lt;br&gt;
&lt;br&gt;solo se cocecha
&lt;br&gt;lo ke se planto
&lt;br&gt;por eso me dicen
&lt;br&gt;ke soy un soñador
&lt;br&gt;
&lt;br&gt;le dije morena
&lt;br&gt;seras para mi
&lt;br&gt;ella es la mujer
&lt;br&gt;mas bonita del este
&lt;br&gt;
&lt;br&gt;estatus yo no tengo
&lt;br&gt;soy uno cualkira
&lt;br&gt;apesar de la envidia
&lt;br&gt;ke existe afuera
&lt;br&gt;por esa mujer
&lt;br&gt;voy hasta la guerra
&lt;br&gt;
&lt;br&gt;haaaaay es amor
&lt;br&gt;aiaiaiai es amor, es amor
&lt;br&gt;haaaaay es amor
&lt;br&gt;aiaiaiai es amor, es amor
&lt;br&gt;
&lt;br&gt;
&lt;br&gt;(ya conoces este ritmo
&lt;br&gt;claro kilates!)
&lt;br&gt;
&lt;br&gt;
&lt;br&gt;estaba yo mui triste
&lt;br&gt;cuando ella aparecio
&lt;br&gt;sus ojos ke fasinan
&lt;br&gt;me cautibaron
&lt;br&gt;
&lt;br&gt;mis amigos dicen
&lt;br&gt;ke soy un soñador
&lt;br&gt;ke solo al mirarme
&lt;br&gt;ella me coquisto
&lt;br&gt;
&lt;br&gt;solamente a ella
&lt;br&gt;le dare todo mi amor
&lt;br&gt;solamente a ella
&lt;br&gt;le dare todo mi amor
&lt;br&gt;
&lt;br&gt;solo se cocecha
&lt;br&gt;lo ke se planto
&lt;br&gt;por eso me dicen
&lt;br&gt;ke soy un soñador
&lt;br&gt;
&lt;br&gt;le dije morena
&lt;br&gt;seras para mi
&lt;br&gt;ella es la mujer
&lt;br&gt;mas bonita del este
&lt;br&gt;
&lt;br&gt;estatus yo no tengo
&lt;br&gt;soy uno cualkira
&lt;br&gt;apesar de la envidia
&lt;br&gt;ke existe afuera
&lt;br&gt;por esa mujer
&lt;br&gt;voy hasta la guerra
&lt;br&gt;
&lt;br&gt;haaaaay es amor
&lt;br&gt;aiaiaiai es amor, es amor
&lt;br&gt;haaaaay es amor
&lt;br&gt;aiaiaiai es amor, es amor
&lt;br&gt;haaaaay es amor
&lt;br&gt;aiaiaiai es amor, es amor&lt;/p&gt;
</description>
    </item>
    
    <item>
      <title>Chica Del Este (en Ingles)</title>
      <link>http://letraspedia.com/lyric/18-kilates-chica-del-este-en-ingles/</link>
      <pubDate>Mon, 01 Sep 2008 00:00:00 UTC</pubDate>
      <author>Enthusiastic Hugo User</author>
      <guid>http://letraspedia.com/lyric/18-kilates-chica-del-este-en-ingles/</guid>
      <description>&lt;p&gt;haaaaay is love
&lt;br&gt;aiaiaiaiai is love is love
&lt;br&gt;
&lt;br&gt;I was sad mui
&lt;br&gt;when she appeared
&lt;br&gt;Eye fasinan ke
&lt;br&gt;I cautibaron
&lt;br&gt;
&lt;br&gt;my friends say
&lt;br&gt;ke&amp;rsquo;m a dreamer
&lt;br&gt;ke only to look
&lt;br&gt;She coquisto
&lt;br&gt;
&lt;br&gt;it only
&lt;br&gt;I will give you all my love
&lt;br&gt;it only
&lt;br&gt;I will give you all my love
&lt;br&gt;
&lt;br&gt;only cocecha
&lt;br&gt;rioja ke is planto
&lt;br&gt;so tell me
&lt;br&gt;ke&amp;rsquo;m a dreamer
&lt;br&gt;
&lt;br&gt;I told her brunette
&lt;br&gt;you will be my
&lt;br&gt;she is the woman
&lt;br&gt;more of this beautiful
&lt;br&gt;
&lt;br&gt;I have no status
&lt;br&gt;I am a cualkira
&lt;br&gt;in spite of envy
&lt;br&gt;ke out there
&lt;br&gt;by that woman
&lt;br&gt;I go to war
&lt;br&gt;
&lt;br&gt;haaaaay is love
&lt;br&gt;aiaiaiai is love is love
&lt;br&gt;haaaaay is love
&lt;br&gt;aiaiaiai is love is love
&lt;br&gt;
&lt;br&gt;(you already know this rhythm
&lt;br&gt;clear carats!)
&lt;br&gt;
&lt;br&gt;I was sad mui
&lt;br&gt;when she appeared
&lt;br&gt;Eye fasinan ke
&lt;br&gt;I cautibaron
&lt;br&gt;
&lt;br&gt;my friends say
&lt;br&gt;ke&amp;rsquo;m a dreamer
&lt;br&gt;ke only to look
&lt;br&gt;She coquisto
&lt;br&gt;
&lt;br&gt;it only
&lt;br&gt;I will give you all my love
&lt;br&gt;it only
&lt;br&gt;I will give you all my love
&lt;br&gt;
&lt;br&gt;only cocecha
&lt;br&gt;rioja ke is planto
&lt;br&gt;so tell me
&lt;br&gt;ke&amp;rsquo;m a dreamer
&lt;br&gt;
&lt;br&gt;I told her brunette
&lt;br&gt;you will be my
&lt;br&gt;she is the woman
&lt;br&gt;more of this beautiful
&lt;br&gt;
&lt;br&gt;I have no status
&lt;br&gt;I am a cualkira
&lt;br&gt;in spite of envy
&lt;br&gt;ke out there
&lt;br&gt;by that woman
&lt;br&gt;I go to war
&lt;br&gt;
&lt;br&gt;haaaaay is love
&lt;br&gt;aiaiaiai is love is love
&lt;br&gt;haaaaay is love
&lt;br&gt;aiaiaiai is love is love
&lt;br&gt;haaaaay is love
&lt;br&gt;aiaiaiai is love is love&lt;/p&gt;
</description>
    </item>
    
    <item>
      <title>Chica Del Este (en Italiano)</title>
      <link>http://letraspedia.com/lyric/18-kilates-chica-del-este-en-italiano/</link>
      <pubDate>Mon, 01 Sep 2008 00:00:00 UTC</pubDate>
      <author>Enthusiastic Hugo User</author>
      <guid>http://letraspedia.com/lyric/18-kilates-chica-del-este-en-italiano/</guid>
      <description>&lt;p&gt;Haaaaay è amore
&lt;br&gt;aiaiaiaiai è l&amp;rsquo;amore è amore
&lt;br&gt;
&lt;br&gt;Ero triste mui
&lt;br&gt;quando è apparsa
&lt;br&gt;Eye fasinan ke
&lt;br&gt;I cautibaron
&lt;br&gt;
&lt;br&gt;i miei amici dicono
&lt;br&gt;ke&amp;rsquo;m un sognatore
&lt;br&gt;ke solo a guardare
&lt;br&gt;Ha coquisto
&lt;br&gt;
&lt;br&gt;solo
&lt;br&gt;A te darò tutto il mio amore
&lt;br&gt;solo
&lt;br&gt;A te darò tutto il mio amore
&lt;br&gt;
&lt;br&gt;solo cocecha
&lt;br&gt;ke si è piantato
&lt;br&gt;così mi dicono
&lt;br&gt;ke&amp;rsquo;m un sognatore
&lt;br&gt;
&lt;br&gt;Ho raccontato la sua bruna
&lt;br&gt;voi sarete il mio
&lt;br&gt;lei è la donna
&lt;br&gt;più di questa bella
&lt;br&gt;
&lt;br&gt;Non ho alcuna stato
&lt;br&gt;Sono un cualkira
&lt;br&gt;nonostante l&amp;rsquo;invidia
&lt;br&gt;ke là fuori
&lt;br&gt;da quella donna
&lt;br&gt;Vado alla guerra
&lt;br&gt;
&lt;br&gt;haaaaay è amore
&lt;br&gt;aiaiaiai è l&amp;rsquo;amore è amore
&lt;br&gt;haaaaay è amore
&lt;br&gt;aiaiaiai è l&amp;rsquo;amore è amore
&lt;br&gt;
&lt;br&gt;(che già si conosce questo ritmo
&lt;br&gt;chiara carati!)
&lt;br&gt;
&lt;br&gt;Ero triste mui
&lt;br&gt;quando è apparsa
&lt;br&gt;Eye fasinan ke
&lt;br&gt;I cautibaron
&lt;br&gt;
&lt;br&gt;i miei amici dicono
&lt;br&gt;ke&amp;rsquo;m un sognatore
&lt;br&gt;ke solo a guardare
&lt;br&gt;Ha coquisto
&lt;br&gt;
&lt;br&gt;solo
&lt;br&gt;A te darò tutto il mio amore
&lt;br&gt;solo
&lt;br&gt;A te darò tutto il mio amore
&lt;br&gt;
&lt;br&gt;solo cocecha
&lt;br&gt;ke si è piantato
&lt;br&gt;così mi dicono
&lt;br&gt;ke&amp;rsquo;m un sognatore
&lt;br&gt;
&lt;br&gt;Ho raccontato la sua bruna
&lt;br&gt;voi sarete il mio
&lt;br&gt;lei è la donna
&lt;br&gt;più di questa bella
&lt;br&gt;
&lt;br&gt;Non ho alcuna stato
&lt;br&gt;Sono un cualkira
&lt;br&gt;nonostante l&amp;rsquo;invidia
&lt;br&gt;ke là fuori
&lt;br&gt;da quella donna
&lt;br&gt;Vado alla guerra
&lt;br&gt;
&lt;br&gt;haaaaay è amore
&lt;br&gt;aiaiaiai è l&amp;rsquo;amore è amore
&lt;br&gt;haaaaay è amore
&lt;br&gt;aiaiaiai è l&amp;rsquo;amore è amore
&lt;br&gt;haaaaay è amore
&lt;br&gt;aiaiaiai è l&amp;rsquo;amore è amore&lt;/p&gt;
</description>
    </item>
    
    <item>
      <title>Chica Especial</title>
      <link>http://letraspedia.com/lyric/18-kilates-chica-especial/</link>
      <pubDate>Mon, 01 Sep 2008 00:00:00 UTC</pubDate>
      <author>Enthusiastic Hugo User</author>
      <guid>http://letraspedia.com/lyric/18-kilates-chica-especial/</guid>
      <description>&lt;p&gt;Estoy enamorado tambien ilusionado
&lt;br&gt;de este bello amor que nace en mi,
&lt;br&gt;si tu sintieras lo que estoy sintiendo por ti
&lt;br&gt;te entregarias por completo,
&lt;br&gt;&amp;amp; ahora que por fin te tengo aqui
&lt;br&gt;me tienda la vos para decirte lo que siento yo
&lt;br&gt;por ti .. mi amor todo lo que siento yo por ti.
&lt;br&gt;
&lt;br&gt;Tu eres mi chica especial
&lt;br&gt;con la que siempre quiero estar
&lt;br&gt;apareciste en mis sueños &amp;amp; no quiero despertar.
&lt;br&gt;Tu eres mi chica especial la que mi corazon quiere amar,
&lt;br&gt;para toda la eternidad.
&lt;br&gt;
&lt;br&gt;Tu eres mi chica especial
&lt;br&gt;con la que siempre quiero estar
&lt;br&gt;apareciste en mis sueños &amp;amp; no quiero despertar.
&lt;br&gt;Tu eres mi chica especial la que mi corazon quiere amar,
&lt;br&gt;toda la vida.
&lt;br&gt;
&lt;br&gt;Hay dime como un loco va buscando por el mundo
&lt;br&gt;algun amor divino algun amor profundo,
&lt;br&gt;pero sinceramente chica escuchame 1 segundo,
&lt;br&gt;que si no estas aqui me siento moribundo.
&lt;br&gt;chica especial donde sea que tu vallas yo ire
&lt;br&gt;chica especial juro que siempre a tu lado estare
&lt;br&gt;
&lt;br&gt;Chica especial en mi late de amar yo te enviare
&lt;br&gt;chica especial no me dejes, que morire ..
&lt;br&gt;por ti .. mi amor
&lt;br&gt;solamente vente junto a mi
&lt;br&gt;
&lt;br&gt;Tu eres mi chica especial
&lt;br&gt;con la que siempre quiero estar
&lt;br&gt;apareciste en mis sueños &amp;amp; no quiero despertar.
&lt;br&gt;Tu eres mi chica especial la que mi corazon quiere amar,
&lt;br&gt;para toda la eternidad.
&lt;br&gt;
&lt;br&gt;Tu eres mi chica especial
&lt;br&gt;con la que siempre quiero estar
&lt;br&gt;apareciste en mis sueños &amp;amp; no quiero despertar.
&lt;br&gt;Tu eres mi chica especial la que mi corazon quiere amar,
&lt;br&gt;toda la vida.
&lt;br&gt;
&lt;br&gt;18 KILATES &amp;#9834;
&lt;br&gt;
&lt;br&gt;&lt;a href=&#34;http://www.facebook.com/Micccccaela1&#34;&gt;http://www.facebook.com/Micccccaela1&lt;/a&gt;&lt;/p&gt;
</description>
    </item>
    
    <item>
      <title>Como Duele</title>
      <link>http://letraspedia.com/lyric/18-kilates-como-duele/</link>
      <pubDate>Mon, 01 Sep 2008 00:00:00 UTC</pubDate>
      <author>Enthusiastic Hugo User</author>
      <guid>http://letraspedia.com/lyric/18-kilates-como-duele/</guid>
      <description>&lt;p&gt;Eras todo para mi
&lt;br&gt;te di mi vida y senti
&lt;br&gt;todo tu amor por completo
&lt;br&gt;y me volviste a mentir
&lt;br&gt;
&lt;br&gt;oh noo.. !
&lt;br&gt;
&lt;br&gt;A Mentir..
&lt;br&gt;
&lt;br&gt;oh noo.. !
&lt;br&gt;
&lt;br&gt;Mi alma despertó
&lt;br&gt;y mi corazón te dijo adios
&lt;br&gt;no puedo soportar esta terrible desepción
&lt;br&gt;como perdonarte, con el tu me engañaste
&lt;br&gt;si el es mi hermano
&lt;br&gt;no puedo perdonarte
&lt;br&gt;
&lt;br&gt;Voy a olvidarme
&lt;br&gt;de lo que causaste
&lt;br&gt;no sabes el daño
&lt;br&gt;que a mi corazón dejaste
&lt;br&gt;
&lt;br&gt;Como duele aceptar que me engañaste
&lt;br&gt;como sufro y no puedo consolarme
&lt;br&gt;solo pienso en lo mal que me pagaste
&lt;br&gt;es demasiado el dolor..
&lt;br&gt;
&lt;br&gt;&amp;ldquo;DAKOS MUSIC..
&lt;br&gt;Otra Vez
&lt;br&gt;Un Nivel Más
&lt;br&gt;Como Tantos del Género&amp;rdquo;
&lt;br&gt;
&lt;br&gt;Dejaste mi vida
&lt;br&gt;y mi corazón partido en dos
&lt;br&gt;busco la manera o quizá la explicación
&lt;br&gt;de como perdonarte
&lt;br&gt;con el tu me engañaste, si el es mi hermano
&lt;br&gt;no puedo perdonarte
&lt;br&gt;
&lt;br&gt;Voy a olvidarme
&lt;br&gt;de lo que causaste
&lt;br&gt;no sabes el daño
&lt;br&gt;que a mi corazón dejaste
&lt;br&gt;
&lt;br&gt;Como duele aceptar que me engañaste
&lt;br&gt;como sufro y no puedo consolarme
&lt;br&gt;solo pienso en lo mal que me pagaste
&lt;br&gt;es demasiado el dolor..
&lt;br&gt;
&lt;br&gt;Voy a olvidarme
&lt;br&gt;de lo que causaste
&lt;br&gt;no sabes el daño
&lt;br&gt;que a mi corazón dejaste
&lt;br&gt;
&lt;br&gt;Como duele aceptar que me engañaste
&lt;br&gt;como sufro y no puedo consolarme
&lt;br&gt;solo pienso en lo mal que me pagaste
&lt;br&gt;es demasiado el dolor..&lt;/p&gt;
</description>
    </item>
    
  </channel>
</rss>