<?xml version="1.0" encoding="utf-8" standalone="yes" ?>
<rss version="2.0" xmlns:atom="http://www.w3.org/2005/Atom">
  <channel>
      <title>18 El Ritmo De La Calle Rdc on Letraspedia.com thes best lyrics page </title>
    <link>http://letraspedia.com/artist/18-el-ritmo-de-la-calle-rdc/</link>
    <language>en-US</language>
    <author>Enthusiastic Hugo User</author>
    <rights>Copyright (c) 2014, Enthusiastic Hugo User; all rights reserved.</rights>
    <updated>Mon, 01 Sep 2008 00:00:00 UTC</updated>
    
    <item>
      <title> 17</title>
      <link>http://letraspedia.com/lyric/18-el-ritmo-de-la-calle-rdc-17/</link>
      <pubDate>Mon, 01 Sep 2008 00:00:00 UTC</pubDate>
      <author>Enthusiastic Hugo User</author>
      <guid>http://letraspedia.com/lyric/18-el-ritmo-de-la-calle-rdc-17/</guid>
      <description>&lt;p&gt;17 acabas de cumplir
&lt;br&gt;y mientras otra vida se apaga
&lt;br&gt;con 17 aprendes a vivir.
&lt;br&gt;
&lt;br&gt;Sin que nadie te diga nada
&lt;br&gt;yo solo soñaba con cantar
&lt;br&gt;mientras los muchachos bailaban el ritmo de la calle.
&lt;br&gt;
&lt;br&gt;17 veces moriría por ti
&lt;br&gt;y luego volvería a repetir
&lt;br&gt;para estar contigo mas veces
&lt;br&gt;con 17 yo te perdí.
&lt;br&gt;
&lt;br&gt;Una nueva vida empieza para ti
&lt;br&gt;y después de cada noche amanece
&lt;br&gt;17, 17 con 17 yo te perdí.&lt;/p&gt;
</description>
    </item>
    
    <item>
      <title> 18 La Serie</title>
      <link>http://letraspedia.com/lyric/18-el-ritmo-de-la-calle-rdc-18-la-serie/</link>
      <pubDate>Mon, 01 Sep 2008 00:00:00 UTC</pubDate>
      <author>Enthusiastic Hugo User</author>
      <guid>http://letraspedia.com/lyric/18-el-ritmo-de-la-calle-rdc-18-la-serie/</guid>
      <description>&lt;p&gt;18 LA SERIE
&lt;br&gt;
&lt;br&gt;Se que el baile es mi vida, y la musica mi guia
&lt;br&gt;Enredando en la noche, disfrutando dia a dia
&lt;br&gt;Voy cuidando de mi gente, confidente de secretos
&lt;br&gt;Y de amores inocentes, que se vuelven turbulentos
&lt;br&gt;
&lt;br&gt;ESTRIBILLO
&lt;br&gt;Dicen lo que pienso
&lt;br&gt;Pero nadie se interesa por saber lo que deseo
&lt;br&gt;Viven al respecto
&lt;br&gt;Pero nadie se interesa por saber que es lo que sueño
&lt;br&gt;Yo intento demostrar
&lt;br&gt;Cuanto he aprendido ya
&lt;br&gt;Y si mi vida es tropezar
&lt;br&gt;Me quiero equivocar
&lt;br&gt;Y quien no quiera que no mire
&lt;br&gt;Que yo decido lo que sigue
&lt;br&gt;
&lt;br&gt;Voy jugando por la vida, reclamando que es mia
&lt;br&gt;Decidiendo quien me lleve, disfrutando cada dia
&lt;br&gt;Y quien quiera conocerme, que me lleve de amuleto
&lt;br&gt;Que recorere su mundo, como si fuera un reto
&lt;br&gt;
&lt;br&gt;ESTRIBILLO
&lt;br&gt;
&lt;br&gt;Nadie me dira que hacer
&lt;br&gt;Nadie me dira con quien yo salgo
&lt;br&gt;Nadie me dira cundo volver
&lt;br&gt;Nadie conducira mis pasos
&lt;br&gt;REPETIR (3 veces)
&lt;br&gt;
&lt;br&gt;ESTIBILLO
&lt;br&gt;
&lt;br&gt;CON 18
&lt;br&gt;CON18
&lt;br&gt;CON 18&lt;/p&gt;
</description>
    </item>
    
    <item>
      <title> Acaso No Lo Ves</title>
      <link>http://letraspedia.com/lyric/18-el-ritmo-de-la-calle-rdc-acaso-no-lo-ves/</link>
      <pubDate>Mon, 01 Sep 2008 00:00:00 UTC</pubDate>
      <author>Enthusiastic Hugo User</author>
      <guid>http://letraspedia.com/lyric/18-el-ritmo-de-la-calle-rdc-acaso-no-lo-ves/</guid>
      <description>&lt;p&gt;Me pregunto una y otra vez
&lt;br&gt;que es lo que tu sientes
&lt;br&gt;si dentro de ti se esconde ese duende que grita mi nombre sin parar
&lt;br&gt;me pregunto si cuando estas triste es porque me estrañas
&lt;br&gt;si cuando sonries es porque me amas
&lt;br&gt;si cuando despiertas tu piensas en mi.
&lt;br&gt;
&lt;br&gt;I me pregunto si no te das cuenta
&lt;br&gt;que eres especial i que lo eres todo
&lt;br&gt;me pregunto si acaso estas ciego
&lt;br&gt;o te aces el tonto que no sabe nada
&lt;br&gt;o tal vez tu no lo ves
&lt;br&gt;Acaso no lo ves
&lt;br&gt;que cuando tu me faltas yo me vuelvo loca
&lt;br&gt;que con tu presencia me siento mejor
&lt;br&gt;que no esixte nada
&lt;br&gt;que grite mas fuerte como los latidos de mi corazon
&lt;br&gt;acaso no lo ves como me pongo roja
&lt;br&gt;cuando desayuno no te digo adios
&lt;br&gt;que por ti daria mi alma asta al diablo
&lt;br&gt;acaso no lo ves&amp;hellip; acaso no lo ves..
&lt;br&gt;
&lt;br&gt;Me pregunto una y otra vez si estaremos juntos
&lt;br&gt;a que hora en que minuto
&lt;br&gt;de que dia de que mes
&lt;br&gt;me pregunto si tu eres el tren indicado
&lt;br&gt;el que yo siempre e esperado
&lt;br&gt;el que yo siempre espere.
&lt;br&gt;
&lt;br&gt;I me pregunto si no te das cuenta
&lt;br&gt;que eres especial i que lo eres todo
&lt;br&gt;me pregunto si acaso estas ciego
&lt;br&gt;o te aces el tonto que no sabe nada
&lt;br&gt;o tal vez tu no lo ves
&lt;br&gt;Acaso no lo ves
&lt;br&gt;que cuando tu me faltas yo me vuelvo loca
&lt;br&gt;que con tu presencia me siento mejor
&lt;br&gt;que no esixte nada
&lt;br&gt;que grite mas fuerte como los latidos de mi corazon
&lt;br&gt;acaso no lo ves como me pongo roja
&lt;br&gt;cuando desayuno no te digo adios
&lt;br&gt;que por ti daria mi alma asta al diablo
&lt;br&gt;acaso no lo ves&amp;hellip; acaso no lo ves..
&lt;br&gt;(BIS)&lt;/p&gt;
</description>
    </item>
    
    <item>
      <title> Dulce Condena</title>
      <link>http://letraspedia.com/lyric/18-el-ritmo-de-la-calle-rdc-dulce-condena/</link>
      <pubDate>Mon, 01 Sep 2008 00:00:00 UTC</pubDate>
      <author>Enthusiastic Hugo User</author>
      <guid>http://letraspedia.com/lyric/18-el-ritmo-de-la-calle-rdc-dulce-condena/</guid>
      <description>&lt;p&gt;Cada vez que toco un poco fondo,
&lt;br&gt;cada vez que el tiempo vuela,
&lt;br&gt;un recuerdo más que pasajero,
&lt;br&gt;otra ilusión que llega,
&lt;br&gt;cada corazón merece una oportunidad&amp;hellip;
&lt;br&gt;
&lt;br&gt;Estan perdida sola en medio de la ciudad,
&lt;br&gt;soy la que lo piensa por los dos,
&lt;br&gt;hasta que sale el sol;
&lt;br&gt;
&lt;br&gt;Cada sensación es sentir vulgar,
&lt;br&gt;una sola cosa, un solo lugar,
&lt;br&gt;un recuerdo más que pasajero,
&lt;br&gt;será como empezar otra vez de cero,
&lt;br&gt;cada corazón merece una oportunidad&amp;hellip;
&lt;br&gt;
&lt;br&gt;Estan perdida sola en medio de la ciudad,
&lt;br&gt;soy la que lo piensa por los dos,
&lt;br&gt;hasta que sale el sol;
&lt;br&gt;
&lt;br&gt;No importa el problema,
&lt;br&gt;importa la solución,
&lt;br&gt;me quedo con lo poco que queda entero en el corazón;
&lt;br&gt;me gustan los problemas,
&lt;br&gt;no existe otra explicación,
&lt;br&gt;esta si es una dulce condena,
&lt;br&gt;una dulce relación.
&lt;br&gt;
&lt;br&gt;Cada sensación es sentir vulgar,
&lt;br&gt;una sola cosa, un solo lugar,
&lt;br&gt;un recuerdo más que pasajero,
&lt;br&gt;será como empezar otra vez de cero,
&lt;br&gt;cada corazón merece una oportunidad&amp;hellip;
&lt;br&gt;
&lt;br&gt;Estan perdida sola en medio de la ciudad,
&lt;br&gt;soy la que lo piensa por los dos,
&lt;br&gt;hasta que sale el sol;
&lt;br&gt;
&lt;br&gt;Soy la que lo piensa por los dos,
&lt;br&gt;hasta que sale el sol&amp;hellip;
&lt;br&gt;
&lt;br&gt;No importa el problema,
&lt;br&gt;importa la solución,
&lt;br&gt;me quedo con lo poco que queda entero en el corazón;
&lt;br&gt;me gustan los problemas,
&lt;br&gt;no existe otra explicación,
&lt;br&gt;esta si es una dulce condena,
&lt;br&gt;una dulce relación.
&lt;br&gt;
&lt;br&gt;No importa el problema,
&lt;br&gt;importa la solución,
&lt;br&gt;me quedo con lo poco que queda entero en el corazón;
&lt;br&gt;me gustan los problemas,
&lt;br&gt;no existe otra explicación,
&lt;br&gt;esta si es una dulce condena,
&lt;br&gt;una dulce relación&amp;hellip;&amp;hellip;&lt;/p&gt;
</description>
    </item>
    
    <item>
      <title> El Ritmo De La Calle</title>
      <link>http://letraspedia.com/lyric/18-el-ritmo-de-la-calle-rdc-el-ritmo-de-la-calle/</link>
      <pubDate>Mon, 01 Sep 2008 00:00:00 UTC</pubDate>
      <author>Enthusiastic Hugo User</author>
      <guid>http://letraspedia.com/lyric/18-el-ritmo-de-la-calle-rdc-el-ritmo-de-la-calle/</guid>
      <description>&lt;p&gt;Sé que el baile es mi vida
&lt;br&gt;y la música mi guía
&lt;br&gt;enredando en la noche,
&lt;br&gt;disfrutando día a día.
&lt;br&gt;
&lt;br&gt;Voy cuidando de mi gente,
&lt;br&gt;confidente de secretos
&lt;br&gt;y de amores inocentes,
&lt;br&gt;que se vuelven turbulentos.
&lt;br&gt;
&lt;br&gt;Dicen lo que pienso,
&lt;br&gt;pero nadie se interesa por saber lo que deseo,
&lt;br&gt;viven con respeto
&lt;br&gt;pero nadie se interesa por saber qué es lo que sueño.
&lt;br&gt;
&lt;br&gt;Yo intento demostrar
&lt;br&gt;cuánto he aprendido ya,
&lt;br&gt;si vivir es tropezar,
&lt;br&gt;me quiero equivocar.
&lt;br&gt;
&lt;br&gt;Y quien no quiera que no mire,
&lt;br&gt;yo decido lo que sigue.
&lt;br&gt;Voy jugando con la vida,
&lt;br&gt;reclamando que es mía,
&lt;br&gt;decidiendo quién me quiere,
&lt;br&gt;disfrutando cada día
&lt;br&gt;y quien quiera conocerme que me llene de amuletos,
&lt;br&gt;que recorreré su mundo como si fuera un reto.
&lt;br&gt;
&lt;br&gt;Dicen lo que pienso,
&lt;br&gt;pero nadie se interesa por saber lo que deseo,
&lt;br&gt;viven con respeto
&lt;br&gt;pero nadie se interesa por saber qué es lo que sueño.
&lt;br&gt;
&lt;br&gt;Yo intento demostrar
&lt;br&gt;cuánto he aprendido ya,
&lt;br&gt;si vivir es tropezar,
&lt;br&gt;me quiero equivocar
&lt;br&gt;
&lt;br&gt;.
&lt;br&gt;
&lt;br&gt;Y quien no quiera que no mire,
&lt;br&gt;yo decido lo que sigue.
&lt;br&gt;
&lt;br&gt;Nadie me dirá qué hacer,
&lt;br&gt;nadie me dirá con quién yo salgo,
&lt;br&gt;nadie me dirá cuándo volver,
&lt;br&gt;nadie conducirá mis pasos.
&lt;br&gt;
&lt;br&gt;Nadie me dirá qué hacer,
&lt;br&gt;nadie me dirá con quién yo salgo,
&lt;br&gt;nadie me dirá cuándo volver,
&lt;br&gt;nadie conducirá mis pasos.
&lt;br&gt;
&lt;br&gt;Nadie me dirá qué hacer,
&lt;br&gt;nadie me dirá con quién yo salgo,
&lt;br&gt;nadie me dirá cuándo volver,
&lt;br&gt;nadie conducirá mis pasos.
&lt;br&gt;
&lt;br&gt;Dicen lo que pienso,
&lt;br&gt;pero nadie se interesa por saber lo que deseo,
&lt;br&gt;viven con respeto
&lt;br&gt;pero nadie se interesa por saber qué es lo que sueño.
&lt;br&gt;
&lt;br&gt;Yo intento demostrar
&lt;br&gt;cuánto he aprendido ya,
&lt;br&gt;si vivir es tropezar,
&lt;br&gt;me quiero equivocar.
&lt;br&gt;
&lt;br&gt;Con dieciocho
&lt;br&gt;Con dieciocho
&lt;br&gt;Con dieciocho&lt;/p&gt;
</description>
    </item>
    
    <item>
      <title> Enganchada A Ti</title>
      <link>http://letraspedia.com/lyric/18-el-ritmo-de-la-calle-rdc-enganchada-a-ti/</link>
      <pubDate>Mon, 01 Sep 2008 00:00:00 UTC</pubDate>
      <author>Enthusiastic Hugo User</author>
      <guid>http://letraspedia.com/lyric/18-el-ritmo-de-la-calle-rdc-enganchada-a-ti/</guid>
      <description>&lt;p&gt;Nuestra unión  dio vida a una historia sin final
&lt;br&gt;donde desempeñas la parte principal
&lt;br&gt;me siento con tal pasión que no vio defectos
&lt;br&gt;que no toquen en el mi corazón
&lt;br&gt;te imagino te sueño
&lt;br&gt;te pienso te recuerdo
&lt;br&gt;ya te echo de menos
&lt;br&gt;
&lt;br&gt;Engancha a ti hasta los huesos
&lt;br&gt;soy adicta a tus besos
&lt;br&gt;enganchada&amp;hellip; enganchada a ti
&lt;br&gt;
&lt;br&gt;Voy coleccionando tus abrazos, tus besos
&lt;br&gt;nos vamos fundiendo cuerpo con cuerpo
&lt;br&gt;eres mi felicidad me aces tanto bien
&lt;br&gt;lo nuestro no es ciencia es mucho mas que fe.
&lt;br&gt;
&lt;br&gt;Te imagino, te sueño, te pienso, te recuerdo,
&lt;br&gt;ya te echo de menos
&lt;br&gt;
&lt;br&gt;Engancha a ti asta los huesos
&lt;br&gt;soy adicta a tus besos
&lt;br&gt;enganchada&amp;hellip; enganchada a ti
&lt;br&gt;(BIS 2)&lt;/p&gt;
</description>
    </item>
    
    <item>
      <title> Enganchado A Ti</title>
      <link>http://letraspedia.com/lyric/18-el-ritmo-de-la-calle-rdc-enganchado-a-ti/</link>
      <pubDate>Mon, 01 Sep 2008 00:00:00 UTC</pubDate>
      <author>Enthusiastic Hugo User</author>
      <guid>http://letraspedia.com/lyric/18-el-ritmo-de-la-calle-rdc-enganchado-a-ti/</guid>
      <description>&lt;p&gt;Nuestra union  de o vida a una historia sin final
&lt;br&gt;donde desempeñas la parte principal
&lt;br&gt;me siento con tal pasion que no habio defectos
&lt;br&gt;que no toque en el corazon
&lt;br&gt;la imagino que sueño
&lt;br&gt;que pienso del recuerdo
&lt;br&gt;ya te exo de menos
&lt;br&gt;
&lt;br&gt;Engancha a ti hasta los huesos
&lt;br&gt;soi adicta a tus besos
&lt;br&gt;enganchada&amp;hellip; enganchada a ti
&lt;br&gt;
&lt;br&gt;Voi colecionando tus abrazos, tus besos
&lt;br&gt;nos vamos fundiendo cuerpo con cuerpo
&lt;br&gt;eres mi felizidad me aces tanto bn
&lt;br&gt;lo nuestro no es ciencia es muxo mas que fe.
&lt;br&gt;
&lt;br&gt;Te imagino, te sueño, te pienso, te recuerdo,
&lt;br&gt;ya te exo de menos
&lt;br&gt;
&lt;br&gt;Engancha a ti asta los huesos
&lt;br&gt;soi adicta a tus besos
&lt;br&gt;enganchada&amp;hellip; enganchada a ti
&lt;br&gt;(BIS 2)&lt;/p&gt;
</description>
    </item>
    
    <item>
      <title> Instintos Naturales</title>
      <link>http://letraspedia.com/lyric/18-el-ritmo-de-la-calle-rdc-instintos-naturales/</link>
      <pubDate>Mon, 01 Sep 2008 00:00:00 UTC</pubDate>
      <author>Enthusiastic Hugo User</author>
      <guid>http://letraspedia.com/lyric/18-el-ritmo-de-la-calle-rdc-instintos-naturales/</guid>
      <description>&lt;p&gt;Aunque el fuego kema i no lo notas aunke las peqenyas cosas ia no estan
&lt;br&gt;aunke las pasiones sean pasajeras i tal como bienen se van
&lt;br&gt;sigo teniendo ganas de ti no es bueno ni malo el deseo no puntua
&lt;br&gt;i creo qe te enganyaria si algun dia prometiera  qe de ti me escaparia
&lt;br&gt;
&lt;br&gt;sabes tu controlas mis intintos naturales
&lt;br&gt;i me clavas agijones con detalle es impedonable
&lt;br&gt;creces si algun dia no kieres caliente aun sabiendo qe tus son compleces
&lt;br&gt;
&lt;br&gt;sabes tu controlas mis intintos naturales
&lt;br&gt;i me clavas agijones con detalle es impedonable
&lt;br&gt;creces si algun dia no kieres caliente aun sabiendo qe tus son compleces
&lt;br&gt;
&lt;br&gt;Creces&amp;hellip;Crecess&amp;hellip;&lt;/p&gt;
</description>
    </item>
    
    <item>
      <title> Nos Vamos A Encontrar</title>
      <link>http://letraspedia.com/lyric/18-el-ritmo-de-la-calle-rdc-nos-vamos-a-encontrar/</link>
      <pubDate>Mon, 01 Sep 2008 00:00:00 UTC</pubDate>
      <author>Enthusiastic Hugo User</author>
      <guid>http://letraspedia.com/lyric/18-el-ritmo-de-la-calle-rdc-nos-vamos-a-encontrar/</guid>
      <description>&lt;p&gt;Tengo ganas de empezar a volar
&lt;br&gt;de descubrir el mundo y hacer todos mis sueños realidad
&lt;br&gt;Voy por la vida buscando mi verdad
&lt;br&gt;abrir todas las puertas y no dar ni un solo paso atrás
&lt;br&gt;Tengo fuerzas
&lt;br&gt;Me siento un huracán
&lt;br&gt;Que soy capaz de todo
&lt;br&gt;No hay nada que me pueda parar
&lt;br&gt;
&lt;br&gt;Hay veces que voy a tropezar
&lt;br&gt;pero nunca dejaré de andar
&lt;br&gt;
&lt;br&gt;Siempre encuentro razones para amar
&lt;br&gt;sentimientos que no puedo explicar
&lt;br&gt;no hay momento que deje de soñar
&lt;br&gt;Siempre encuentro razones para amar
&lt;br&gt;sentimientos que nacen sin pensar
&lt;br&gt;no hay momento que deje de soñar
&lt;br&gt;Que tú y yo nos vamos a encontrar
&lt;br&gt;
&lt;br&gt;Hay tantas cosas que quiero descubrir
&lt;br&gt;muchas historias que aun tengo que vivir
&lt;br&gt;No habrá tormentas que puedan contra mí
&lt;br&gt;mis ilusiones las voy, las voy a conseguir
&lt;br&gt;
&lt;br&gt;Hay veces que voy a tropezar
&lt;br&gt;pero nunca dejaré de andar
&lt;br&gt;
&lt;br&gt;Siempre encuentro razones para amar
&lt;br&gt;sentimientos que no puedo explicar
&lt;br&gt;No hay momento que deje de soñar
&lt;br&gt;Siempre encuentro razones para amar
&lt;br&gt;sentimientos que nacen sin pensar
&lt;br&gt;No hay momento que deje de soñar&lt;/p&gt;
</description>
    </item>
    
    <item>
      <title> Te Vas</title>
      <link>http://letraspedia.com/lyric/18-el-ritmo-de-la-calle-rdc-te-vas/</link>
      <pubDate>Mon, 01 Sep 2008 00:00:00 UTC</pubDate>
      <author>Enthusiastic Hugo User</author>
      <guid>http://letraspedia.com/lyric/18-el-ritmo-de-la-calle-rdc-te-vas/</guid>
      <description>&lt;p&gt;Te vas
&lt;br&gt;No das, no das ninguna explicación
&lt;br&gt;Te vas
&lt;br&gt;No se, no se motivo ni razón
&lt;br&gt;Quizás te vas porque no sientas más amor
&lt;br&gt;O es que sin más ya no te late el corazón
&lt;br&gt;
&lt;br&gt;Tan solo te pido que hables y que me digas el por qué
&lt;br&gt;Yo no comprendo que te marches después de tanto que te amé
&lt;br&gt;
&lt;br&gt;No&amp;hellip;
&lt;br&gt;
&lt;br&gt;Te vas
&lt;br&gt;No se si volverás
&lt;br&gt;No quiero verte más
&lt;br&gt;Todo mi corazón se llena de dolor
&lt;br&gt;Te vas
&lt;br&gt;No se si volverás
&lt;br&gt;La verdad, me da igual
&lt;br&gt;Lo nuestro se acabó y ya no hay marcha atrás
&lt;br&gt;
&lt;br&gt;Te vas
&lt;br&gt;No das, no das ninguna explicación
&lt;br&gt;Te vas
&lt;br&gt;No se, no se motivo ni razón
&lt;br&gt;Quizás te vas porque no sientas más amor
&lt;br&gt;O es que sin más ya no te late el corazón
&lt;br&gt;
&lt;br&gt;Es que tu te vas
&lt;br&gt;Todo lo que fue ya es pasado
&lt;br&gt;Yo te veo marchar
&lt;br&gt;Es que no puedo evitar el llanto
&lt;br&gt;Es que tu te vas
&lt;br&gt;Yo te veo marchar
&lt;br&gt;
&lt;br&gt;Es que tu te vas&amp;hellip;
&lt;br&gt;
&lt;br&gt;Te vas
&lt;br&gt;No se si volverás
&lt;br&gt;No quiero verte más
&lt;br&gt;Todo mi corazón se llena de dolor
&lt;br&gt;Te vas
&lt;br&gt;No se si volverás
&lt;br&gt;La verdad, me da igual
&lt;br&gt;Lo nuestro se acabó y ya no hay marcha atrás
&lt;br&gt;
&lt;br&gt;Te vas
&lt;br&gt;No das, no das ninguna explicación
&lt;br&gt;Te vas
&lt;br&gt;No se, no se motivo ni razón&lt;/p&gt;
</description>
    </item>
    
    <item>
      <title> Tus Pasos Por El Mundo</title>
      <link>http://letraspedia.com/lyric/18-el-ritmo-de-la-calle-rdc-tus-pasos-por-el-mundo/</link>
      <pubDate>Mon, 01 Sep 2008 00:00:00 UTC</pubDate>
      <author>Enthusiastic Hugo User</author>
      <guid>http://letraspedia.com/lyric/18-el-ritmo-de-la-calle-rdc-tus-pasos-por-el-mundo/</guid>
      <description>&lt;p&gt;Donde vas con tanta prisa;
&lt;br&gt;¿donde crees que puedes llegar?
&lt;br&gt;
&lt;br&gt;A las estrellas que de niños,
&lt;br&gt;los dos soñamos con alcanzar&amp;hellip;
&lt;br&gt;
&lt;br&gt;Ahora no me necesitas,
&lt;br&gt;ni piensas en mí&amp;hellip;
&lt;br&gt;
&lt;br&gt;Y yo solo vivo por ti:
&lt;br&gt;
&lt;br&gt;Cuando las primeras luces,
&lt;br&gt;te deslumbren y no puedas ver&amp;hellip;
&lt;br&gt;
&lt;br&gt;Y las miradas de la gente,
&lt;br&gt;de repente te asusten&amp;hellip;
&lt;br&gt;
&lt;br&gt;Tu tal vez no me recuerdes,
&lt;br&gt;ni pienses en mí&amp;hellip;
&lt;br&gt;
&lt;br&gt;Y yo solo vivo por ti:
&lt;br&gt;
&lt;br&gt;Y yo, te seguiré,
&lt;br&gt;saltando por el mundo&amp;hellip;
&lt;br&gt;Sintiendo que te vas,
&lt;br&gt;y ya no volverás&amp;hellip;
&lt;br&gt;
&lt;br&gt;Después te pediré,
&lt;br&gt;el beso más profundo;
&lt;br&gt;y tu me lo darás,
&lt;br&gt;me lo darás; ya lo verás&amp;hellip;
&lt;br&gt;Que todo saldrá bien!
&lt;br&gt;
&lt;br&gt;Y cuando te des la vuelta,
&lt;br&gt;y no tengas a donde ir&amp;hellip;
&lt;br&gt;
&lt;br&gt;Yo te seguiré mirando,
&lt;br&gt;a tu lado cerca de ti&amp;hellip;
&lt;br&gt;
&lt;br&gt;Y si tu me reconcoces
&lt;br&gt;y piensas en mi&amp;hellip;
&lt;br&gt;Yo caminaré junto a ti&amp;hellip;
&lt;br&gt;
&lt;br&gt;Al fin te seguiré,
&lt;br&gt;cantando pr el mundo&amp;hellip;
&lt;br&gt;Sintiendo que te vas,
&lt;br&gt;y ya no volverás&amp;hellip;
&lt;br&gt;
&lt;br&gt;Después te pediré,
&lt;br&gt;el beso más profundo;
&lt;br&gt;y tu me lo darás,
&lt;br&gt;me lo darás; ya lo verás&amp;hellip;
&lt;br&gt;Que todo saldrá bien!&lt;/p&gt;
</description>
    </item>
    
    <item>
      <title>Bí Darme Cuenta</title>
      <link>http://letraspedia.com/lyric/18-el-ritmo-de-la-calle-rdc-debi-darme-cuenta/</link>
      <pubDate>Mon, 01 Sep 2008 00:00:00 UTC</pubDate>
      <author>Enthusiastic Hugo User</author>
      <guid>http://letraspedia.com/lyric/18-el-ritmo-de-la-calle-rdc-debi-darme-cuenta/</guid>
      <description>&lt;p&gt;Debí darme cuenta:
&lt;br&gt;de que las estrellas no traen suerte, al desaparecer&amp;hellip;
&lt;br&gt;Debí suponerme: que los deseos són tran fragiles,
&lt;br&gt;se pueden romper&amp;hellip;
&lt;br&gt;Debí despertarme: a sueños dificiles de recordar,
&lt;br&gt;y que estabas ahí&amp;hellip;
&lt;br&gt;Debí levantarme: aun tenia fuerzas para reaccionar,
&lt;br&gt;por Tííí&amp;hellip;
&lt;br&gt;
&lt;br&gt;Noooooooo&amp;hellip; no me estiras, no me abrigas, no, no, no&amp;hellip;
&lt;br&gt;Se hiela el corazón!
&lt;br&gt;
&lt;br&gt;Noooooooo&amp;hellip;. No me curas, mis locuras, no, no, no&amp;hellip;
&lt;br&gt;Y pierdo la razón!
&lt;br&gt;
&lt;br&gt;Herida de bala; una guerra que nunca se acaba, no deja de doler&amp;hellip;
&lt;br&gt;El que no se apaga; llevo mi neurosis siempre a cuestas,
&lt;br&gt;y voy a enloquecer&amp;hellip;
&lt;br&gt;Debí darme cuenta: decidí quererte y se me atragantó; el invierno&amp;hellip;
&lt;br&gt;Quisiera decirte; que nunca tan rojo tuve el corazón, por Tííí&amp;hellip;
&lt;br&gt;
&lt;br&gt;Noooooooo&amp;hellip; no me estiras, no me abrigas, no, no, no&amp;hellip;
&lt;br&gt;Se hiela el corazón!
&lt;br&gt;
&lt;br&gt;Noooooooo&amp;hellip;. No me curas, mis locuras, no, no, no&amp;hellip;
&lt;br&gt;Y pierdo la razón!
&lt;br&gt;
&lt;br&gt;Soy una muñeca rota, en un baile de solteras,
&lt;br&gt;ando por la cuerda floja&amp;hellip;
&lt;br&gt;Soy una muñeca rota, ando por la cuerda flojaaaaaaaaaa&amp;hellip;
&lt;br&gt;
&lt;br&gt;Noooooooo&amp;hellip; no me estiras, no me abrigas, no, no, no&amp;hellip;
&lt;br&gt;Se hiela el corazón!
&lt;br&gt;
&lt;br&gt;Noooooooo&amp;hellip;. No me curas, mis locuras, no, no, no&amp;hellip;
&lt;br&gt;Y pierdo la razón!
&lt;br&gt;
&lt;br&gt;Noooooooo&amp;hellip; no me estiras, no me abrigas, no, no, no&amp;hellip;
&lt;br&gt;Se hiela el corazón!
&lt;br&gt;
&lt;br&gt;Noooooooo&amp;hellip;. No me curas, mis locuras, no, no, no&amp;hellip;
&lt;br&gt;Y pierdo la razón!&lt;/p&gt;
</description>
    </item>
    
  </channel>
</rss>