<?xml version="1.0" encoding="utf-8" standalone="yes" ?>
<rss version="2.0" xmlns:atom="http://www.w3.org/2005/Atom">
  <channel>
      <title>2 Contra 1 on Letraspedia.com thes best lyrics page </title>
    <link>http://letraspedia.com/artist/2-contra-1/</link>
    <language>en-US</language>
    <author>Enthusiastic Hugo User</author>
    <rights>Copyright (c) 2014, Enthusiastic Hugo User; all rights reserved.</rights>
    <updated>Mon, 01 Sep 2008 00:00:00 UTC</updated>
    
    <item>
      <title> 142 Dias</title>
      <link>http://letraspedia.com/lyric/2-contra-1-142-dias/</link>
      <pubDate>Mon, 01 Sep 2008 00:00:00 UTC</pubDate>
      <author>Enthusiastic Hugo User</author>
      <guid>http://letraspedia.com/lyric/2-contra-1-142-dias/</guid>
      <description>&lt;p&gt;Con solo verte mi mundo cambia de color
&lt;br&gt;Cuando te escucho
&lt;br&gt;no se describir la emocion
&lt;br&gt;cuando hablamos de noche
&lt;br&gt;antes de ir a dormir
&lt;br&gt;me dejas sonriendo y todo el
&lt;br&gt;dia pensando en ti
&lt;br&gt;
&lt;br&gt;Se que ests lejos hoy pues
&lt;br&gt;yo tambien lo estoy
&lt;br&gt;142 dias faltan para verte
&lt;br&gt;y cuento cada segundo..
&lt;br&gt;porque te adoro!
&lt;br&gt;
&lt;br&gt;woooO!!
&lt;br&gt;
&lt;br&gt;Quiero tenerte&amp;hellip;
&lt;br&gt;hoy maana y por siempre
&lt;br&gt;Eres perfecta..
&lt;br&gt;no sales de mi mente!
&lt;br&gt;
&lt;br&gt;Cada cosa que haces me pone feliz
&lt;br&gt;me tienes distraido y todo el
&lt;br&gt;dia pensando en ti!
&lt;br&gt;Se que ests lejos hoy pues
&lt;br&gt;yo tambien lo estoy
&lt;br&gt;142 dias faltan para verte &amp;hellip;
&lt;br&gt;y cuento cada segundo..
&lt;br&gt;porque te adoro!
&lt;br&gt;
&lt;br&gt;Y a veces me pongo triste
&lt;br&gt;porque estas muy lejos
&lt;br&gt;y ya me haces falta&amp;hellip;
&lt;br&gt;y miro tu foto&amp;hellip;
&lt;br&gt;y se borra la distancia&amp;hellip;
&lt;br&gt;
&lt;br&gt;(wooooo)
&lt;br&gt;Se que ests lejos hoy pues
&lt;br&gt;yo tambien lo estoy
&lt;br&gt;142 dias faltan para verte
&lt;br&gt;Se que ests lejos hoy pues
&lt;br&gt;yo tambien lo estoy
&lt;br&gt;142 dias faltan para verte
&lt;br&gt;
&lt;br&gt;y cuento cada segundo..
&lt;br&gt;porque te adoro!&lt;/p&gt;
</description>
    </item>
    
    <item>
      <title> Querer A Medias</title>
      <link>http://letraspedia.com/lyric/2-contra-1-querer-a-medias/</link>
      <pubDate>Mon, 01 Sep 2008 00:00:00 UTC</pubDate>
      <author>Enthusiastic Hugo User</author>
      <guid>http://letraspedia.com/lyric/2-contra-1-querer-a-medias/</guid>
      <description>&lt;p&gt;Querer a Medias&amp;hellip;
&lt;br&gt;
&lt;br&gt;Hubo un tiempo talvez en que no pensé q nunca
&lt;br&gt;Me podría pasar pero estaba equivocado
&lt;br&gt;Por que una vez más me dejas enamorado
&lt;br&gt;Por que una vez más me arrancas el corazón y te vas.
&lt;br&gt;
&lt;br&gt;&lt;em&gt;Dejando todo atrás&lt;/em&gt;
&lt;br&gt;
&lt;br&gt;Nunca voy a aprender querer a medias no es querer
&lt;br&gt;Y yo te digo que te amo pero ya no lo sientes
&lt;br&gt;Yo te di mi corazón
&lt;br&gt;Talvez ya no lo quieres pero me lo robaste
&lt;br&gt;Devuélvemelo.
&lt;br&gt;
&lt;br&gt;A ver explícame como se siente estar triste
&lt;br&gt;Vamos explícame si entiendes lo que me hiciste
&lt;br&gt;Yo me voy a reír cuando ya te quedes sola
&lt;br&gt;Si te dejan llorando no me llames no me va a importar.
&lt;br&gt;
&lt;br&gt;&lt;em&gt;Deje ya todo atrás&lt;/em&gt;
&lt;br&gt;
&lt;br&gt;Nunca voy a aprender querer a medias no es querer
&lt;br&gt;Y yo te digo que te amo pero ya no lo sientes
&lt;br&gt;Yo te di mi corazón
&lt;br&gt;Talvez ya no lo quieres pero me lo robaste
&lt;br&gt;Devuélvemelo.
&lt;br&gt;
&lt;br&gt;Nunca voy a aprender querer a medias no es querer
&lt;br&gt;Y yo te digo que te amo pero ya no lo sientes
&lt;br&gt;Yo te di mi corazón
&lt;br&gt;Talvez ya no lo quieres pero me lo robaste
&lt;br&gt;
&lt;br&gt;Nunca voy a aprender querer a medias no es querer
&lt;br&gt;Y yo te digo que te amo pero ya no lo sientes
&lt;br&gt;Yo te di mi corazón
&lt;br&gt;Talvez ya no lo quieres pero me lo robaste
&lt;br&gt;Devuélvemelo.
&lt;br&gt;
&lt;br&gt;Nunca voy a aprender querer a medias no es querer
&lt;br&gt;Y yo te digo que te amo pero ya no lo sientes
&lt;br&gt;Yo te di mi corazón
&lt;br&gt;Talvez ya no lo quieres pero me lo robaste
&lt;br&gt;Devuélvemelo.&lt;/p&gt;
</description>
    </item>
    
    <item>
      <title> Rolleando Fuerte</title>
      <link>http://letraspedia.com/lyric/2-contra-1-rolleando-fuerte/</link>
      <pubDate>Mon, 01 Sep 2008 00:00:00 UTC</pubDate>
      <author>Enthusiastic Hugo User</author>
      <guid>http://letraspedia.com/lyric/2-contra-1-rolleando-fuerte/</guid>
      <description>&lt;p&gt;Sentado en mi casa usando MySpace
&lt;br&gt;buscando una chica para hacerle el MyWay
&lt;br&gt;Alfa, BM, Maseratti eso no tengo
&lt;br&gt;Pero si te montas en mi Hyundai yo te entretengo
&lt;br&gt;Sweater Peludo
&lt;br&gt;Fama y Fortuna
&lt;br&gt;Mira como se refleja en mi grill Azul la luna
&lt;br&gt;
&lt;br&gt;wouwo wouwo
&lt;br&gt;Manos al Aire
&lt;br&gt;wouwo wouwo
&lt;br&gt;Marica el que no salte
&lt;br&gt;
&lt;br&gt;Vamos a tomar mucha cerveza
&lt;br&gt;Vamos por tequila y me bailas en la mesa
&lt;br&gt;No me importa lo que tu me digas
&lt;br&gt;Hoy voy a besar a todas tus amigas
&lt;br&gt;
&lt;br&gt;na na na na na na na na na na na na
&lt;br&gt;
&lt;br&gt;[Chicas cantan]
&lt;br&gt;Venimos a bailar sin la ropa puesta
&lt;br&gt;
&lt;br&gt;[Todos]
&lt;br&gt;2contra1 apoya esa propuesta!
&lt;br&gt;L.E.G.O. con 2contra1 Rolleando
&lt;br&gt;Somos imparables tu mejor te vas quitando
&lt;br&gt;Salgo en la radio
&lt;br&gt;
&lt;br&gt;[como a la 1]
&lt;br&gt;Soy millonario excentrico y me voy para la luna!
&lt;br&gt;
&lt;br&gt;wouwo wouwo
&lt;br&gt;Manos al Aire
&lt;br&gt;wouwo wouwo
&lt;br&gt;Marica el que no salte
&lt;br&gt;
&lt;br&gt;Vamos a tomar mucha cerveza
&lt;br&gt;Vamos por tequila y me bailas en la mesa
&lt;br&gt;No me importa lo que tu me digas
&lt;br&gt;Hoy voy a besar a todas tus amigas
&lt;br&gt;
&lt;br&gt;na na na na na na na na na na na na
&lt;br&gt;
&lt;br&gt;Soooo
&lt;br&gt;
&lt;br&gt;We are gonna bring it loud man we&amp;rsquo;re not gonna take it back
&lt;br&gt;all the boys n all the girls who don&amp;rsquo;t like it make me laugh
&lt;br&gt;if you&amp;rsquo;re looking for some trouble that&amp;rsquo;s exactly what i got
&lt;br&gt;with my boys we&amp;rsquo;re 2-c-1 and all the girls can hollaback
&lt;br&gt;wuuuuuuuu
&lt;br&gt;
&lt;br&gt;Vamos a tomar mucha cerveza
&lt;br&gt;Vamos por tequila y me bailas en la mesa
&lt;br&gt;No me importa lo que tu me digas
&lt;br&gt;Hoy voy a besar a todas tus amigas
&lt;br&gt;(nanana nanana nanana nanana)
&lt;br&gt;Vamos a tomar mucha cerveza
&lt;br&gt;Vamos por tequila y me bailas en la mesa
&lt;br&gt;No me importa lo que tu me digas
&lt;br&gt;Hoy voy a besar a todas tus amigas
&lt;br&gt;(nanana nanana nanana nanana)&lt;/p&gt;
</description>
    </item>
    
  </channel>
</rss>