<?xml version="1.0" encoding="utf-8" standalone="yes" ?>
<rss version="2.0" xmlns:atom="http://www.w3.org/2005/Atom">
  <channel>
      <title>1 on Letraspedia.com thes best lyrics page </title>
    <link>http://letraspedia.com/artist/1/</link>
    <language>en-US</language>
    <author>Enthusiastic Hugo User</author>
    <rights>Copyright (c) 2014, Enthusiastic Hugo User; all rights reserved.</rights>
    <updated>Mon, 01 Sep 2008 00:00:00 UTC</updated>
    
    <item>
      <title> Ansiedad-zamorales</title>
      <link>http://letraspedia.com/lyric/1-ansiedad-zamorales/</link>
      <pubDate>Mon, 01 Sep 2008 00:00:00 UTC</pubDate>
      <author>Enthusiastic Hugo User</author>
      <guid>http://letraspedia.com/lyric/1-ansiedad-zamorales/</guid>
      <description>&lt;p&gt;SI PUDIERA CAMBIARLE A MI HISTORIA
&lt;br&gt;LO HARIA SIN DUDAR
&lt;br&gt;REGRESARIA EN MI RELOJ LAS HORAS
&lt;br&gt;TE BORRARIA DE MI MEMORIA
&lt;br&gt;ME HICISTE TANTO MAL
&lt;br&gt;QUISIERA OLVIDARME DEL TIEMPO QUE TU LADO PERDI
&lt;br&gt;HABER CAMINADO MAS LENTO
&lt;br&gt;NO HABER LLEGADO EN EL PRECISO
&lt;br&gt;MOMENTO EN QUE TE CONOCI
&lt;br&gt;POR QUE LLEVO TATUADO EN EL ALMA
&lt;br&gt;UN MAL RECUERDO DE TI
&lt;br&gt;POR QUE A TU LADO APRENDI CUANTO DUELE
&lt;br&gt;YA NO QUIERO VIVIR&amp;hellip;
&lt;br&gt;
&lt;br&gt;CORO:
&lt;br&gt;ANSIEDAD
&lt;br&gt;ME SIGUE A TODAS PARTES NO ME DEJA EN PAZ
&lt;br&gt;SOY PRESO DEL RECUERDO Y NO PUEDO ESCAPAR
&lt;br&gt;POR MAS QUE LO HE INTENTADO NO PUEDO OLVIDARTE
&lt;br&gt;
&lt;br&gt;EL DOLOR
&lt;br&gt;ME CUBRE CADA ESPACIO DEL CORAZON
&lt;br&gt;ME LLEVA DE LA MANO LA DESILUSION
&lt;br&gt;MIS DIAS SON OSCUROS YA NO BRILLA EL SOL
&lt;br&gt;HAY QUE INJUSTO FUE AMOR
&lt;br&gt;
&lt;br&gt;POR QUE LLEVO TATUADO EN EL ALMA
&lt;br&gt;UN MAL RECUERDO DE TI
&lt;br&gt;POR QUE A TU LADO APRENDI CUANTO DUELE
&lt;br&gt;YA NO QUIERO VIVIR&amp;hellip;
&lt;br&gt;
&lt;br&gt;CORO:
&lt;br&gt;ANSIEDAD
&lt;br&gt;ME SIGUE A TODAS PARTES NO ME DEJA EN PAZ
&lt;br&gt;SOY PRESO DEL RECUERDO Y NO PUEDO ESCAPAR
&lt;br&gt;POR MAS QUE LO HE INTENTADO NO PUEDO OLVIDARTE
&lt;br&gt;
&lt;br&gt;EL DOLOR
&lt;br&gt;ME CUBRE CADA ESPACIO DEL CORAZON
&lt;br&gt;ME LLEVA DE LA MANO LA DESILUSION
&lt;br&gt;MIS DIAS SON OSCUROS YA NO BRILLA EL SOL
&lt;br&gt;HAY QUE INJUSTO FUE AMOR&lt;/p&gt;
</description>
    </item>
    
    <item>
      <title> Cada Vez</title>
      <link>http://letraspedia.com/lyric/1-cada-vez/</link>
      <pubDate>Mon, 01 Sep 2008 00:00:00 UTC</pubDate>
      <author>Enthusiastic Hugo User</author>
      <guid>http://letraspedia.com/lyric/1-cada-vez/</guid>
      <description>&lt;p&gt;Pierdo la noción del tiempo
&lt;br&gt;Cada instante que te encuentras junto a mí
&lt;br&gt;Llevo en mi pensamiento
&lt;br&gt;Aquel momento en que te conocí
&lt;br&gt;Créeme que te quiero más y más
&lt;br&gt;Eres mi sueño convertido en realidad
&lt;br&gt;La verdad no te dejo de pensar,
&lt;br&gt;Eres mi vida,
&lt;br&gt;Eres mi todo.
&lt;br&gt;
&lt;br&gt;Cada vez que yo me pierdo tu me sabes bien guiar,
&lt;br&gt;Eres mi luz del sol, entre la oscuridad,
&lt;br&gt;Cada vez que estás conmigo no me falta nada más,
&lt;br&gt;El amor que me das, nadie me lo dará,
&lt;br&gt;Por ti, soy feliz.
&lt;br&gt;
&lt;br&gt;La verdad no te dejo de pensar,
&lt;br&gt;Eres mi vida,
&lt;br&gt;Eres mi todo.
&lt;br&gt;
&lt;br&gt;Cada vez que yo me pierdo tu me sabes bien guiar,
&lt;br&gt;Eres mi luz del sol, entre la oscuridad,
&lt;br&gt;Cada vez que estás conmigo no me falta nada más,
&lt;br&gt;El amor que me das, nadie me lo dará,
&lt;br&gt;Por ti, soy feliz.&lt;/p&gt;
</description>
    </item>
    
    <item>
      <title> Como Quisiera Decirle</title>
      <link>http://letraspedia.com/lyric/1-como-quisiera-decirle/</link>
      <pubDate>Mon, 01 Sep 2008 00:00:00 UTC</pubDate>
      <author>Enthusiastic Hugo User</author>
      <guid>http://letraspedia.com/lyric/1-como-quisiera-decirle/</guid>
      <description>&lt;p&gt;Estoy perdiendo la calma,
&lt;br&gt;A esto ya no  le llamo vida,
&lt;br&gt;La amo y no puedo decirle nada,
&lt;br&gt;Mis palabras no encuentran la salida,
&lt;br&gt;Tengo tanto miedo a enfrentarla,
&lt;br&gt;Si la ofendo no se qué pasaría,
&lt;br&gt;Y tal vez si no le digo nada,
&lt;br&gt;Al menos seguirá siendo mi amiga.
&lt;br&gt;
&lt;br&gt;Pero como quisiera decirle,
&lt;br&gt;Que tenemos que ser más que amigos,
&lt;br&gt;Que no puedo sacarla de mi alma,
&lt;br&gt;Y que amarla se ha vuelto un castigo,
&lt;br&gt;Pero como quisiera decirle,
&lt;br&gt;Pues tal vez ella sienta lo mismo,
&lt;br&gt;Si me espero y la pierdo para siempre,
&lt;br&gt;Que crueldad de este miedo maldito.
&lt;br&gt;
&lt;br&gt;Pero como quisiera decirle,
&lt;br&gt;Que tenemos que ser más que amigos,
&lt;br&gt;Que no puedo sacarla de mi alma,
&lt;br&gt;Y que amarla se ha vuelto un castigo,
&lt;br&gt;Pero como quisiera decirle,
&lt;br&gt;Pues tal vez ella sienta lo mismo,
&lt;br&gt;Si me espero y la pierdo para siempre,
&lt;br&gt;Que crueldad de este miedo maldito.&lt;/p&gt;
</description>
    </item>
    
    <item>
      <title> Cuando Se Acaba El Amor</title>
      <link>http://letraspedia.com/lyric/1-cuando-se-acaba-el-amor/</link>
      <pubDate>Mon, 01 Sep 2008 00:00:00 UTC</pubDate>
      <author>Enthusiastic Hugo User</author>
      <guid>http://letraspedia.com/lyric/1-cuando-se-acaba-el-amor/</guid>
      <description>&lt;p&gt;Si aun no te ha pasado
&lt;br&gt;un día entenderás que tarde o temprano a ti llegara,
&lt;br&gt;como si fuera magia es algo especial es parte de la vida
&lt;br&gt;pero hay veces que lastima, cuando se acaba el amor es una
&lt;br&gt;pesadilla es un golpe al corazón que mata la alegría
&lt;br&gt;cuando se acaba el amor se acaba la ilusión,
&lt;br&gt;se pierde la esperanza solo queda el dolor
&lt;br&gt;cuando se acaba el amor!
&lt;br&gt;
&lt;br&gt;Me dices que lo olvide
&lt;br&gt;que se me pasara fue parte de mi vida que pronto se me va
&lt;br&gt;cuando se acaba el amor es una pesadilla, un golpe al corazón
&lt;br&gt;que mata la alegría, cuando se acaba el amor,
&lt;br&gt;se acaba la ilusión, se pierde la esperanza solo queda el dolor,
&lt;br&gt;cuando se acaba el amor!&lt;/p&gt;
</description>
    </item>
    
    <item>
      <title> Duele Quererte</title>
      <link>http://letraspedia.com/lyric/1-duele-quererte/</link>
      <pubDate>Mon, 01 Sep 2008 00:00:00 UTC</pubDate>
      <author>Enthusiastic Hugo User</author>
      <guid>http://letraspedia.com/lyric/1-duele-quererte/</guid>
      <description>&lt;p&gt;Aquel momento en que te vi por vez primera,
&lt;br&gt;No se borra de mi mente aunque quisiera,
&lt;br&gt;Son muy pocas las horas que no pienso en ti,
&lt;br&gt;Tu sonrisa cambiaba todo en mí,
&lt;br&gt;Si supieras que me duele no tenerte,
&lt;br&gt;Porque me he ido enamorando lentamente,
&lt;br&gt;No imaginas lo que siento sinceramente,
&lt;br&gt;Cuando escucho tu nombre entre la gente,
&lt;br&gt;Me siento ahogar
&lt;br&gt;Porque yo sé que tu eres de él,
&lt;br&gt;Ayúdame.
&lt;br&gt;
&lt;br&gt;Duele quererte
&lt;br&gt;No sabes lo que me haces,
&lt;br&gt;Es que no puedo ni verte,
&lt;br&gt;Tu presencia me hace mal,
&lt;br&gt;Como me duele quererte,
&lt;br&gt;Hoy me miras llorando,
&lt;br&gt;Porque he aceptado mi suerte,
&lt;br&gt;Creo que esta vez me tocara perder.
&lt;br&gt;
&lt;br&gt;Me siento ahogar
&lt;br&gt;Porque yo sé que tu eres de él,
&lt;br&gt;Ayúdame.
&lt;br&gt;
&lt;br&gt;Duele quererte
&lt;br&gt;No sabes lo que me haces,
&lt;br&gt;Es que no puedo ni verte,
&lt;br&gt;Tu presencia me hace mal,
&lt;br&gt;Como me duele quererte,
&lt;br&gt;Hoy me miras llorando,
&lt;br&gt;Porque he aceptado mi suerte,
&lt;br&gt;Creo que esta vez me tocara perder.
&lt;br&gt;
&lt;br&gt;Duele quererte,
&lt;br&gt;Como me duele quererte.&lt;/p&gt;
</description>
    </item>
    
    <item>
      <title> Díganle</title>
      <link>http://letraspedia.com/lyric/1-diganle/</link>
      <pubDate>Mon, 01 Sep 2008 00:00:00 UTC</pubDate>
      <author>Enthusiastic Hugo User</author>
      <guid>http://letraspedia.com/lyric/1-diganle/</guid>
      <description>&lt;p&gt;Me dicen,
&lt;br&gt;Mis amigos que la han visto,
&lt;br&gt;Que ella se ve muy tranquila,
&lt;br&gt;Que goza de lleno su vida,
&lt;br&gt;Creo que ya me olvido,
&lt;br&gt;Ese era mi temor.
&lt;br&gt;
&lt;br&gt;Me cuentan que aún no la han visto llorando,
&lt;br&gt;Que en su alma no refleja heridas,
&lt;br&gt;Que no se ve arrepentida,
&lt;br&gt;Como olvidarla yo,
&lt;br&gt;Si no tengo el valor,
&lt;br&gt;Ni siquiera para enfrentarla,
&lt;br&gt;Escuchar de ella unas palabras,
&lt;br&gt;Que le harían tanto bien al alma.
&lt;br&gt;
&lt;br&gt;Díganle
&lt;br&gt;Si la ven llorando,
&lt;br&gt;Y si la ven llorando,
&lt;br&gt;Díganle que aquí no hay culpa,
&lt;br&gt;Que la extraño un poco más que nunca,
&lt;br&gt;Que no soporto más a esta soledad,
&lt;br&gt;Y si la ven llorando,
&lt;br&gt;Díganle que el tiempo no cura,
&lt;br&gt;Que a su paso deja amargura,
&lt;br&gt;Y que regrese ya,
&lt;br&gt;Que regrese ya.
&lt;br&gt;
&lt;br&gt;Ni siquiera para enfrentarla,
&lt;br&gt;Escuchar de ella unas palabras,
&lt;br&gt;Que le harían tanto bien al alma.
&lt;br&gt;
&lt;br&gt;Díganle
&lt;br&gt;Si la ven llorando,
&lt;br&gt;Y si la ven llorando,
&lt;br&gt;Díganle que aquí no hay culpa,
&lt;br&gt;Que la extraño un poco más que nunca,
&lt;br&gt;Que no soporto más a esta soledad,
&lt;br&gt;Y si la ven llorando,
&lt;br&gt;Díganle que el tiempo no cura,
&lt;br&gt;Que a su paso deja amargura,
&lt;br&gt;Y que regrese ya,
&lt;br&gt;Que regrese ya.
&lt;br&gt;Díganle&lt;/p&gt;
</description>
    </item>
    
    <item>
      <title> Este Dolor</title>
      <link>http://letraspedia.com/lyric/1-este-dolor/</link>
      <pubDate>Mon, 01 Sep 2008 00:00:00 UTC</pubDate>
      <author>Enthusiastic Hugo User</author>
      <guid>http://letraspedia.com/lyric/1-este-dolor/</guid>
      <description>&lt;p&gt;Háblame,
&lt;br&gt;Que estoy muriendo amor,
&lt;br&gt;Es un tormento,
&lt;br&gt;El no saber de ti.
&lt;br&gt;
&lt;br&gt;Cúlpame,
&lt;br&gt;Vida castígame,
&lt;br&gt;Haz lo que quieras,
&lt;br&gt;Pero regresa a mí.
&lt;br&gt;
&lt;br&gt;Esta inmensa soledad,
&lt;br&gt;Ha llegado a congelar,
&lt;br&gt;Todo mi interior.
&lt;br&gt;
&lt;br&gt;Es inútil intentar,
&lt;br&gt;Y tratar de olvidar,
&lt;br&gt;Lo que somos tú y yo.
&lt;br&gt;
&lt;br&gt;Este dolor nos está matando a los dos,
&lt;br&gt;Porque tú también sabes,
&lt;br&gt;Que nuestro amor no se acabo.
&lt;br&gt;
&lt;br&gt;Necesito sentir,
&lt;br&gt;Esas caricias de ti,
&lt;br&gt;Sólo contigo estoy completo,
&lt;br&gt;Sin ti no puedo ser feliz.
&lt;br&gt;
&lt;br&gt;Esta inmensa soledad,
&lt;br&gt;Ha llegado a congelar,
&lt;br&gt;Todo mi interior.
&lt;br&gt;
&lt;br&gt;Es inútil intentar,
&lt;br&gt;Y tratar de olvidar,
&lt;br&gt;Lo que somos tú y yo.
&lt;br&gt;
&lt;br&gt;Este dolor nos está matando a los dos,
&lt;br&gt;Porque tú también sabes,
&lt;br&gt;Que nuestro amor no se acabo.
&lt;br&gt;
&lt;br&gt;Necesito sentir,
&lt;br&gt;Esas caricias de ti,
&lt;br&gt;Sólo contigo estoy completo,
&lt;br&gt;Sin ti no puedo ser feliz.
&lt;br&gt;
&lt;br&gt;Este dolor nos está matando a los dos,
&lt;br&gt;Porque tú también sabes,
&lt;br&gt;Que nuestro amor no se acabo.
&lt;br&gt;
&lt;br&gt;Necesito sentir,
&lt;br&gt;Esas caricias de ti,
&lt;br&gt;Sólo contigo estoy completo,
&lt;br&gt;Sin ti no puedo ser feliz.&lt;/p&gt;
</description>
    </item>
    
    <item>
      <title> Jamás Imagine</title>
      <link>http://letraspedia.com/lyric/1-jamas-imagine/</link>
      <pubDate>Mon, 01 Sep 2008 00:00:00 UTC</pubDate>
      <author>Enthusiastic Hugo User</author>
      <guid>http://letraspedia.com/lyric/1-jamas-imagine/</guid>
      <description>&lt;p&gt;Sé que aún me quieres,
&lt;br&gt;Que todavía, me buscas en tu soledad,
&lt;br&gt;También sé, que te arrepientes, que no me olvidas,
&lt;br&gt;Y que quisieras regresar.
&lt;br&gt;
&lt;br&gt;Lo que nunca imagine,
&lt;br&gt;Volver a verte en mi camino,
&lt;br&gt;Otra vez.
&lt;br&gt;
&lt;br&gt;Sé que no te ha ido bien,
&lt;br&gt;Desde que no estás conmigo,
&lt;br&gt;Lo sé.
&lt;br&gt;
&lt;br&gt;Y yo,
&lt;br&gt;Ya te olvidé,
&lt;br&gt;Lleno el vacío que dejaste, alguien que en verdad me ama,
&lt;br&gt;El dolor contigo se fue,
&lt;br&gt;Ya no hay más llanto en mi mirada,
&lt;br&gt;Ahora yo no quiero nada,
&lt;br&gt;La verdad que Jamás imagine ver tu mirada,
&lt;br&gt;Pidiendo perdón.
&lt;br&gt;
&lt;br&gt;Sé que no te ha ido bien,
&lt;br&gt;Desde que no estás conmigo.
&lt;br&gt;
&lt;br&gt;Y yo,
&lt;br&gt;Ya te olvidé,
&lt;br&gt;Lleno el vacío que dejaste alguien que en verdad me ama,
&lt;br&gt;El dolor,
&lt;br&gt;Contigo se fue,
&lt;br&gt;Ya no hay mas llanto en mi mirada,
&lt;br&gt;Ahora yo no quiero nada,
&lt;br&gt;La verdad que jamás imagine ver tu mirada,
&lt;br&gt;Pidiendo perdón.&lt;/p&gt;
</description>
    </item>
    
    <item>
      <title> Me Enamore</title>
      <link>http://letraspedia.com/lyric/1-me-enamore/</link>
      <pubDate>Mon, 01 Sep 2008 00:00:00 UTC</pubDate>
      <author>Enthusiastic Hugo User</author>
      <guid>http://letraspedia.com/lyric/1-me-enamore/</guid>
      <description>&lt;p&gt;Con una mirada mil palabras sin decirme nada
&lt;br&gt;te metiste dentro de mi alma
&lt;br&gt;Y vives en mi pensamiento
&lt;br&gt;Tu dulce mirada me provoca y me lleva a la cima
&lt;br&gt;Ahora se lo que se siente amor a primera vista.
&lt;br&gt;
&lt;br&gt;Es que en tus ojos hay palabras que me llegan
&lt;br&gt;Que me dicen que tu alma es pura y buena.
&lt;br&gt;
&lt;br&gt;Coro:
&lt;br&gt;Me enamore perdidamente de tus ojos
&lt;br&gt;En tu mirada hay algo que me vuelve loco
&lt;br&gt;Robarte un beso es ta muy claro desde ahora
&lt;br&gt;Te daré rosas para ver si te enamoras.
&lt;br&gt;Me enamore y todavía no te conozco
&lt;br&gt;Que pensaras si te declaro y te propongo
&lt;br&gt;Que seas mi novia y que por ti lo dejo todo
&lt;br&gt;Lo dejo todo, lo dejo todo.
&lt;br&gt;
&lt;br&gt;Es que en tus ojos hay palabras que me llegan
&lt;br&gt;Que me dicen que tu alma es pura y Buena.
&lt;br&gt;
&lt;br&gt;Coro:
&lt;br&gt;Me enamore perdidamente de tus ojos
&lt;br&gt;En tu mirada hay algo que me vuelve loco
&lt;br&gt;Robarte un beso es ta muy claro desde ahora
&lt;br&gt;Te daré rosas para ver si te enamoras.
&lt;br&gt;Me enamore y todavía no te conozco
&lt;br&gt;Que pensaras si te declaro y te propongo
&lt;br&gt;Que seas mi novia y que por ti lo dejo todo
&lt;br&gt;Lo dejo todo, lo dejo todo.
&lt;br&gt;
&lt;br&gt;Que pensaras si te confieso que en mi sueño
&lt;br&gt;Siempre estas tu y que quisiera ser tu dueño .
&lt;br&gt;
&lt;br&gt;Coro:
&lt;br&gt;Me enamore perdidamente de tus ojos
&lt;br&gt;En tu mirada hay algo que me vuelve loco
&lt;br&gt;Robarte un beso es ta muy claro desde ahora
&lt;br&gt;Te daré rosas para ver si te enamoras.
&lt;br&gt;Me enamore y todavía no te conozco
&lt;br&gt;Que pensaras si te declaro y te propongo
&lt;br&gt;Que seas mi novia y que por ti lo dejo todo
&lt;br&gt;Lo dejo todo, lo dejo todo.lo dejo todo..lo dejo todo amor&amp;hellip;por ti lo dejo todo&lt;/p&gt;
</description>
    </item>
    
    <item>
      <title> Me Lastimas</title>
      <link>http://letraspedia.com/lyric/1-me-lastimas/</link>
      <pubDate>Mon, 01 Sep 2008 00:00:00 UTC</pubDate>
      <author>Enthusiastic Hugo User</author>
      <guid>http://letraspedia.com/lyric/1-me-lastimas/</guid>
      <description>&lt;p&gt;Oolo
&lt;br&gt;Estos son los reales
&lt;br&gt;
&lt;br&gt;J.Flow
&lt;br&gt;Llevando a otro nivel
&lt;br&gt;
&lt;br&gt;Oolo
&lt;br&gt;El estilo Urbano peruano
&lt;br&gt;Oolo el astro, J-Flow, Gitano
&lt;br&gt;The Real Flow
&lt;br&gt;Los chamaquitos que están metiendo duro
&lt;br&gt;Ok
&lt;br&gt;
&lt;br&gt;Oolo
&lt;br&gt;Porque me lastimas tanto
&lt;br&gt;Si yo mucho te amo
&lt;br&gt;Porque me haces sufrir
&lt;br&gt;Si sabes que, solo vivo para ti
&lt;br&gt;Dime porque me hieres
&lt;br&gt;Oh acaso ya no me quieres
&lt;br&gt;Oh No ves que me duele
&lt;br&gt;Que me trates así
&lt;br&gt;Ooooh
&lt;br&gt;Que me trates asiiii.
&lt;br&gt;
&lt;br&gt;J.Flow
&lt;br&gt;Dime porque lastimas a mi pobre corazón
&lt;br&gt;Si lo único que hizo fue entregarte su amor
&lt;br&gt;Porque me pagas con dolor
&lt;br&gt;Te lo pido por favor, calma ya este dolor
&lt;br&gt;A caso no ves que yo te amo
&lt;br&gt;Pero el amarte me hace mucho daño
&lt;br&gt;Solamente quería ser feliz
&lt;br&gt;Pero ya lo ves lo único que logre es ser infeliz
&lt;br&gt;Ser infeliz.
&lt;br&gt;
&lt;br&gt;Oolo
&lt;br&gt;No me hagas llorar, eso me pone mal
&lt;br&gt;Y siento que ya no puedo. Que ya no puedo respirar
&lt;br&gt;Porque me lastimas tanto
&lt;br&gt;Si yo mucho te amo
&lt;br&gt;Porque me haces sufrir
&lt;br&gt;Si sabes que solo vivo para ti
&lt;br&gt;Dime porque me hieres
&lt;br&gt;Oh acaso ya no me quieres
&lt;br&gt;Oh No ves que me duele
&lt;br&gt;Que me trates así.
&lt;br&gt;
&lt;br&gt;Gitano
&lt;br&gt;Me duele tanto que me lastimes el corazón
&lt;br&gt;O uno
&lt;br&gt;No juegues conmigo y dime si lo que sientes es amor
&lt;br&gt;
&lt;br&gt;J.Flow
&lt;br&gt;Yo quiero saber que es lo que sientes
&lt;br&gt;Oh si el amor se termino pa siempre
&lt;br&gt;Dime si esta situación va a cambiar
&lt;br&gt;Oh si todo va a seguir igual
&lt;br&gt;Es que ya no puedo soportar, tanto sufrimiento
&lt;br&gt;Que me mata y me consume a fuego lento
&lt;br&gt;Adiós pero lo siento, esto se va terminar bye bye.
&lt;br&gt;
&lt;br&gt;Oolo
&lt;br&gt;Amor no me lastimes mas que mi corazón no puede
&lt;br&gt;Soportar tanto sufrimiento
&lt;br&gt;Oolo el astro.
&lt;br&gt;
&lt;br&gt;J.Flow
&lt;br&gt;J.Flow ya tu sabes la nueva melodía el que conquista a tu corazón.
&lt;br&gt;
&lt;br&gt;Gitano
&lt;br&gt;Gitano el del Flow Urbano.
&lt;br&gt;
&lt;br&gt;Oolo
&lt;br&gt;Este es nuestro primer sencillo y humilde tema
&lt;br&gt;Para todos ustedes directamente desde L.A.M.A.S
&lt;br&gt;Dj Gárg0l@
&lt;br&gt;Millenium Records&lt;/p&gt;
</description>
    </item>
    
    <item>
      <title> Nadie Se Muere De Amor</title>
      <link>http://letraspedia.com/lyric/1-nadie-se-muere-de-amor/</link>
      <pubDate>Mon, 01 Sep 2008 00:00:00 UTC</pubDate>
      <author>Enthusiastic Hugo User</author>
      <guid>http://letraspedia.com/lyric/1-nadie-se-muere-de-amor/</guid>
      <description>&lt;p&gt;No te engañes corazón, esa mujer no te quiere,
&lt;br&gt;Pues no tiene sentimientos  y eso a ti no te conviene, corazón, no te conviene
&lt;br&gt;Si tú no sabes de amor y te engañan fácilmente,
&lt;br&gt;Busca una nueva ilusión y veras que es diferente, corazón, que es diferente
&lt;br&gt;
&lt;br&gt;Comprenderás, que puedes vivir sin ella,
&lt;br&gt;Que no hay razón, para ponerte a sufrir,
&lt;br&gt;Vas a notar, que esa mujer no es tan bella,
&lt;br&gt;y otro querer,  puede hacerte más feliz
&lt;br&gt;
&lt;br&gt;No te engañes corazón, esa mujer no te quiere,
&lt;br&gt;Déjala que siga sola, que de amor, nadie se muere, corazón, nadie se muere
&lt;br&gt;
&lt;br&gt;Pregones
&lt;br&gt;Coro: Nadie se muere por amor, nadie se muere
&lt;br&gt;Es que aprendí, y es mi primera experiencia, siempre esa ha sido mi ciencia
&lt;br&gt;Coro: Nadie se muere por amor, nadie se muere
&lt;br&gt;Seguir buscando por el mundo, y tener mucha paciencia
&lt;br&gt;Coro: Nadie se muere por amor, nadie se muere
&lt;br&gt;Y después que uno vive 20 desengaños, QUE importa uno más
&lt;br&gt;Coro: Nadie se muere por amor, nadie se muere
&lt;br&gt;Ya de amor nadie se muere, para escoger hay mujeres y más mujeres
&lt;br&gt;
&lt;br&gt;Coro: ya ese amor me traicionó, mujeres como tú no quiero yo
&lt;br&gt;Yo sé, que tú vas a sufrir, cuando te hagan, lo que tú me hiciste a mí
&lt;br&gt;Coro: ya ese amor me traicionó, mujeres como tú no quiero yo
&lt;br&gt;Mujeres traicioneras, oye, no tienen perdón de dios
&lt;br&gt;Coro: ya ese amor me traicionó, mujeres como tú no quiero yo
&lt;br&gt;Perversa, permíteme escapar, de esta condena
&lt;br&gt;(Solo sax barítono)
&lt;br&gt;
&lt;br&gt;Por tu mal comportamiento
&lt;br&gt;Coro: Mujeres como tú no quiero yo
&lt;br&gt;Lo que me hiciste sufrir,
&lt;br&gt;Coro: Mujeres como tú no quiero yo
&lt;br&gt;Por ser mala y traicionera,
&lt;br&gt;Coro: Mujeres como tú no quiero yo
&lt;br&gt;Yo tengo la que yo quiero,
&lt;br&gt;Coro: Mujeres como tú no quiero yo&lt;/p&gt;
</description>
    </item>
    
    <item>
      <title> No Puedo Dar Amor</title>
      <link>http://letraspedia.com/lyric/1-no-puedo-dar-amor/</link>
      <pubDate>Mon, 01 Sep 2008 00:00:00 UTC</pubDate>
      <author>Enthusiastic Hugo User</author>
      <guid>http://letraspedia.com/lyric/1-no-puedo-dar-amor/</guid>
      <description>&lt;p&gt;Esa mirada,
&lt;br&gt;La conozco ya muy bien,
&lt;br&gt;Sé que me hiciste mal,
&lt;br&gt;No es necesario hablar.
&lt;br&gt;
&lt;br&gt;Fui todo un tonto,
&lt;br&gt;Me enamore de una infeliz,
&lt;br&gt;Mataste mi corazón,
&lt;br&gt;Hoy me pides compasión.
&lt;br&gt;
&lt;br&gt;Ya me he convencido que no me haces falta,
&lt;br&gt;Vete ya muy lejos quiero ver tu espalda.
&lt;br&gt;
&lt;br&gt;Porque no puedo dar amor,
&lt;br&gt;No puedo dar amor así.
&lt;br&gt;
&lt;br&gt;Si estás aquí me llenas de ilusiones,
&lt;br&gt;Y luego juegas con mis emociones,
&lt;br&gt;Dime porque siempre te vas,
&lt;br&gt;Cuando te necesito más.
&lt;br&gt;
&lt;br&gt;Porque no puedo dar amor,
&lt;br&gt;No puedo dar amor así.
&lt;br&gt;
&lt;br&gt;Tú bien sabes que te di la vida,
&lt;br&gt;Pues hoy me marcho no te merecías,
&lt;br&gt;Tanto tiempo,
&lt;br&gt;Que perdí junto a ti.
&lt;br&gt;
&lt;br&gt;Ya me he convencido que no me haces falta,
&lt;br&gt;Vete ya muy lejos quiero ver tu espalda.
&lt;br&gt;
&lt;br&gt;Porque no puedo dar amor,
&lt;br&gt;No puedo dar amor así.
&lt;br&gt;
&lt;br&gt;Si estás aquí me llenas de ilusiones,
&lt;br&gt;Y luego juegas con mis emociones,
&lt;br&gt;Dime porque siempre te vas,
&lt;br&gt;Cuando te necesito más.
&lt;br&gt;
&lt;br&gt;Porque no puedo dar amor,
&lt;br&gt;No puedo dar amor así.
&lt;br&gt;
&lt;br&gt;Tú bien sabes que te di la vida,
&lt;br&gt;Pues hoy me marcho no te merecías,
&lt;br&gt;Tanto tiempo,
&lt;br&gt;Que perdí junto a ti.
&lt;br&gt;
&lt;br&gt;Junto a ti.&lt;/p&gt;
</description>
    </item>
    
    <item>
      <title> Si Vuelves A Besarme Asi</title>
      <link>http://letraspedia.com/lyric/1-si-vuelves-a-besarme-asi/</link>
      <pubDate>Mon, 01 Sep 2008 00:00:00 UTC</pubDate>
      <author>Enthusiastic Hugo User</author>
      <guid>http://letraspedia.com/lyric/1-si-vuelves-a-besarme-asi/</guid>
      <description>&lt;p&gt;Si vuelves a besarme así no voy a responder
&lt;br&gt;tu amor me tiene loko rendido a tus pies,
&lt;br&gt;si vuelves a decirte amor me lo voy a creer,
&lt;br&gt;es demasiada dicha para alguien como yo,
&lt;br&gt;
&lt;br&gt;si vuelves a besarme así mi amor no abra regreso
&lt;br&gt;Contigo ya en las nubes me quedare a vivir
&lt;br&gt;si vuelves a decirme adiós jamás estarás sola
&lt;br&gt;aunque no este contigo siempre estar en ti&amp;hellip;
&lt;br&gt;
&lt;br&gt;Si vuelves a decirte amor me lo voy a creer
&lt;br&gt;es demasiada dicha para alguien como yo
&lt;br&gt;si vuelves a besarme si mi amor no abra regreso
&lt;br&gt;contigo ya en las nubes me quedare a vivir
&lt;br&gt;
&lt;br&gt;si vuelves a decirme adiós jamás estarás sola
&lt;br&gt;aunque no esté contigo siempre estaré en ti
&lt;br&gt;si vuelves a besarme así si vuelves a besarme así si vuelves a besarme así&lt;/p&gt;
</description>
    </item>
    
  </channel>
</rss>