<?xml version="1.0" encoding="utf-8" standalone="yes" ?>
<rss version="2.0" xmlns:atom="http://www.w3.org/2005/Atom">
  <channel>
      <title>2 German Latinos on Letraspedia.com thes best lyrics page </title>
    <link>http://letraspedia.com/artist/2-german-latinos/</link>
    <language>en-US</language>
    <author>Enthusiastic Hugo User</author>
    <rights>Copyright (c) 2014, Enthusiastic Hugo User; all rights reserved.</rights>
    <updated>Mon, 01 Sep 2008 00:00:00 UTC</updated>
    
    <item>
      <title> Viva La Droga Electronica</title>
      <link>http://letraspedia.com/lyric/2-german-latinos-viva-la-droga-electronica/</link>
      <pubDate>Mon, 01 Sep 2008 00:00:00 UTC</pubDate>
      <author>Enthusiastic Hugo User</author>
      <guid>http://letraspedia.com/lyric/2-german-latinos-viva-la-droga-electronica/</guid>
      <description>&lt;p&gt;Viva la droga electronica
&lt;br&gt;(Que) viva !
&lt;br&gt;Viva la musica electronica
&lt;br&gt;Viva !, Viva !
&lt;br&gt;Viva la droga electronica
&lt;br&gt;Viva !, Viva !
&lt;br&gt;(Que) Viva !
&lt;br&gt;Viva !, Viva !
&lt;br&gt;
&lt;br&gt;Viva la musica electronica
&lt;br&gt;Viva la droga electronica
&lt;br&gt;Viva la musica electronica
&lt;br&gt;Viva la droga electronica
&lt;br&gt;
&lt;br&gt;Viva la droga
&lt;br&gt;Viva la muerte
&lt;br&gt;Viva el amor
&lt;br&gt;Viva la suerte
&lt;br&gt;Viva la droga
&lt;br&gt;Viva la muerte
&lt;br&gt;Viva el amor
&lt;br&gt;Viva la suerte
&lt;br&gt;
&lt;br&gt;(Que) Viva !
&lt;br&gt;Viva !
&lt;br&gt;(Que) viva !
&lt;br&gt;Viva !&lt;/p&gt;
</description>
    </item>
    
  </channel>
</rss>