<?xml version="1.0" encoding="utf-8" standalone="yes" ?>
<rss version="2.0" xmlns:atom="http://www.w3.org/2005/Atom">
  <channel>
      <title>2pac Ft. Eric Williams on Letraspedia.com thes best lyrics page </title>
    <link>http://letraspedia.com/artist/2pac-ft/index.-eric-williams/</link>
    <language>en-US</language>
    <author>Enthusiastic Hugo User</author>
    <rights>Copyright (c) 2014, Enthusiastic Hugo User; all rights reserved.</rights>
    <updated>Mon, 01 Sep 2008 00:00:00 UTC</updated>
    
    <item>
      <title> Do For Love</title>
      <link>http://letraspedia.com/lyric/2pac-ft-eric-williams-do-for-love/</link>
      <pubDate>Mon, 01 Sep 2008 00:00:00 UTC</pubDate>
      <author>Enthusiastic Hugo User</author>
      <guid>http://letraspedia.com/lyric/2pac-ft-eric-williams-do-for-love/</guid>
      <description>&lt;p&gt;Turn it up loud&lt;br /&gt;Hahaha, ahahaha, hey man&lt;br /&gt;You a little sucker for love, right?&lt;br /&gt;Word up, hahahahaha&lt;br /&gt;&lt;br /&gt;I shoulda seen&lt;br /&gt;You was trouble right from the starrrrt, taught me so many lessons&lt;br /&gt;How not to mess with broken hearts, so many questions&lt;br /&gt;When this began we was the perfect match, perhaps&lt;br /&gt;We had some problems but we workin at it, and now&lt;br /&gt;The arguments are gettin loud, i wanna say&lt;br /&gt;But i can&amp;rsquo;t help from walkin out just a little way&lt;br /&gt;Just take my hand and understand, if you could see&lt;br /&gt;I never planned to be a man it just wasn&amp;rsquo;t me&lt;br /&gt;But now i&amp;rsquo;m searchin for commitment, in other arms&lt;br /&gt;I wanna shelter you from harm, don&amp;rsquo;t be alarmed&lt;br /&gt;Your attitude was the cause, you got me stressin&lt;br /&gt;Soon as i open up the door with your jealous questions&lt;br /&gt;Like where can i be you&amp;rsquo;re killin me with your jealousy&lt;br /&gt;Now my ambition&amp;rsquo;s to be free&lt;br /&gt;I can&amp;rsquo;t breathe, cause soon as i leave, it&amp;rsquo;s like a trap&lt;br /&gt;I hear you callin me to come back, i&amp;rsquo;m a sucka for love&lt;br /&gt;&amp;hellip; that&amp;rsquo;s right, sucka for love&lt;br /&gt;&lt;br /&gt;Chorus: eric williams&lt;br /&gt;&lt;br /&gt;What you won&amp;rsquo;t do, do for love&lt;br /&gt;You tried everything, but you don&amp;rsquo;t give up&lt;br /&gt;(repeat 2x)&lt;br /&gt;&lt;br /&gt;Just when i thought i broke away and i&amp;rsquo;m fellin happy&lt;br /&gt;You try to trap me say you pregnant and guess who the daddy&lt;br /&gt;Don&amp;rsquo;t wanna fall for it, but in this case what could i do?  so now i&amp;rsquo;m back&lt;br /&gt;To makin promises to you, tryin to keep it true&lt;br /&gt;What if i&amp;rsquo;m wrong, a trick to keep me on and on&lt;br /&gt;Tryin to be strong and in the process, keep you goin&lt;br /&gt;I&amp;rsquo;m bout to lose my composure, i&amp;rsquo;m gettin close&lt;br /&gt;To packin up and leavin notes, and gettin ghost&lt;br /&gt;Tell me who knows, a peaceful place where i can go&lt;br /&gt;To clear my head i&amp;rsquo;m feelin low, losin control&lt;br /&gt;My heart is sayin leave, oh what a tangle web we weave&lt;br /&gt;When we conspire to conceive, and now&lt;br /&gt;You gettin calls at the house, guess you cheatin&lt;br /&gt;That&amp;rsquo;s all i need to hear cause i&amp;rsquo;m leavin, i&amp;rsquo;m out the do&amp;rsquo;&lt;br /&gt;Never no more will you see me, this is the end&lt;br /&gt;Cause now i know you&amp;rsquo;ve been cheatin, i&amp;rsquo;m a sucka for love&lt;br /&gt;&amp;hellip; damn, sucka for love&amp;hellip; sucka for love&lt;br /&gt;&amp;hellip; sucka for love&lt;br /&gt;&lt;br /&gt;Chorus&lt;br /&gt;&lt;br /&gt;&lt;br&gt;Now he left you with scars, tears on your pillow and you still stay&lt;br /&gt;As you sit and pray, hoping the beatings&amp;rsquo;ll go away&lt;br /&gt;It wasn&amp;rsquo;t always a hit and run relationship&lt;br /&gt;It use to be love, happieness and companionship&lt;br /&gt;Remember when i treated you good&lt;br /&gt;I moved you up to hills, out the ills of the ghetto hood&lt;br /&gt;Me and you a happy home, when it was on&lt;br /&gt;I had a love to call my own&lt;br /&gt;I shoulda seen you was trouble but i was lost, trapped in your eyes&lt;br /&gt;Preoccupied with gettin tossed, no need to lie&lt;br /&gt;You had a man and i knew it, you told me&lt;br /&gt;Don&amp;rsquo;t worry bout it we can do it now i&amp;rsquo;m under pressure&lt;br /&gt;Make a decision cause i&amp;rsquo;m waitin, when i&amp;rsquo;m alone&lt;br /&gt;I&amp;rsquo;m on the phone havin secret conversations, huh&lt;br /&gt;I wanna take your misery, replace it with happiness&lt;br /&gt;But i need your faith in me, i&amp;rsquo;m a sucka for love&lt;br /&gt;&amp;hellip; sucka for love, know you ain&amp;rsquo;t right g but yet i&amp;rsquo;ma sucka for love&lt;br /&gt;&lt;br /&gt;Chorus&lt;br /&gt;&lt;br /&gt;&amp;hellip; i&amp;rsquo;ma sucka for love, sucka for love&lt;br /&gt;&amp;hellip; sucka for love&lt;br /&gt;&lt;br /&gt;Chorus&lt;br /&gt;&lt;br /&gt;Chorus&lt;br /&gt;&lt;br&gt;&lt;/p&gt;
</description>
    </item>
    
  </channel>
</rss>