<?xml version="1.0" encoding="utf-8" standalone="yes" ?>
<rss version="2.0" xmlns:atom="http://www.w3.org/2005/Atom">
  <channel>
      <title>2 4 Family on Letraspedia.com thes best lyrics page </title>
    <link>http://letraspedia.com/artist/2-4-family/</link>
    <language>en-US</language>
    <author>Enthusiastic Hugo User</author>
    <rights>Copyright (c) 2014, Enthusiastic Hugo User; all rights reserved.</rights>
    <updated>Mon, 01 Sep 2008 00:00:00 UTC</updated>
    
    <item>
      <title> Lean On Me</title>
      <link>http://letraspedia.com/lyric/2-4-family-lean-on-me/</link>
      <pubDate>Mon, 01 Sep 2008 00:00:00 UTC</pubDate>
      <author>Enthusiastic Hugo User</author>
      <guid>http://letraspedia.com/lyric/2-4-family-lean-on-me/</guid>
      <description>&lt;p&gt;Sometimes in our lives, we all have pain, we all have sorrow.&lt;br /&gt;But if we are wise, we know that there&amp;rsquo;s always tomorrow.&lt;br /&gt;Lean on me, when you&amp;rsquo;re not strong and i&amp;rsquo;ll be your friend.&lt;br /&gt;I&amp;rsquo;ll help you carry on,&lt;br /&gt;For it won&amp;rsquo;t be long &amp;lsquo;til i&amp;rsquo;m gonna need&lt;br /&gt;Somebody to lean on.&lt;br /&gt;Please swallow your pride, if have things you need to borrow.&lt;br /&gt;For no one can fill those needs that you won&amp;rsquo;t let show.&lt;br /&gt;&lt;br /&gt;You just call on me brother when you need a hand.&lt;br /&gt;We all need somebody to lean on.&lt;br /&gt;I just might have a problem that you&amp;rsquo;ll understand.&lt;br /&gt;We all need somebody to lean on.&lt;br /&gt;&lt;br /&gt;Lean on me when you&amp;rsquo;t not strong, and i&amp;rsquo;ll be your friend. i&amp;rsquo;ll help you carry on, for it won&amp;rsquo;t be long &amp;lsquo;til i&amp;rsquo;m gonna&amp;rsquo; need somebody to lean on. you just call on me brother if you need a friend.&lt;br /&gt;We all need somebody to lean on.&lt;br /&gt;I just might have a problem that you&amp;rsquo;ll understand.&lt;br /&gt;We all need somebody to lean on.&lt;br /&gt;&lt;br /&gt;If there is a load you have to bear that you can&amp;rsquo;t carry.&lt;br /&gt;I&amp;rsquo;m right up the road, i&amp;rsquo;ll share your load if you just call me.&lt;br /&gt;&lt;br /&gt;Call me ( if you need a friend)&lt;br /&gt;Call me&lt;br /&gt;&lt;br&gt;&lt;/p&gt;
</description>
    </item>
    
    <item>
      <title> Lean On Me - Deutsche Version</title>
      <link>http://letraspedia.com/lyric/2-4-family-lean-on-me-deutsche-version/</link>
      <pubDate>Mon, 01 Sep 2008 00:00:00 UTC</pubDate>
      <author>Enthusiastic Hugo User</author>
      <guid>http://letraspedia.com/lyric/2-4-family-lean-on-me-deutsche-version/</guid>
      <description>&lt;p&gt;Manchmal in unserem leben, haben wir alle schmerzen,&lt;br /&gt;Haben wir alle sorgen.&lt;br /&gt;&lt;br /&gt;Aber wenn wir weise sind, wissen wir,&lt;br /&gt;&lt;br /&gt;Dass es immer ein morgen gibt.&lt;br /&gt;&lt;br /&gt;Verlass dich auf mich, wenn du nicht stark bist&lt;br /&gt;Und ich werde dein freund sein.&lt;br /&gt;Ich werde dir helfen, weiter zu machen,&lt;br /&gt;Denn es wird nicht lange dauern, bis ich jemanden brauche&lt;br /&gt;Auf den ich mich verlassen kann.&lt;br /&gt;&lt;br /&gt;Bitte schlucke deinen stolz herunter,&lt;br /&gt;Sollte ich sachen haben, die du dir borgen musst.&lt;br /&gt;Denn niemand kann dir diese bed&amp;uuml;rfnisse erf&amp;uuml;llern,&lt;br /&gt;Wenn du sie nicht zeigst.&lt;br /&gt;&lt;br /&gt;Ruf mich einfach, bruder, wenn du hilfe brauchst.&lt;br /&gt;Wir alle brauchen jemanden, auf den wir uns verlassen k&amp;ouml;nnen.&lt;br /&gt;Ich k&amp;ouml;nnte ja auch ein problem haben, das du verstehst&lt;br /&gt;Wir alle brauchen jemanden, auf den wir uns verlassen k&amp;ouml;nnen.&lt;br /&gt;&lt;br /&gt;Verlass dich auf mich, wenn du nicht stark bist,&lt;br /&gt;Und ich werde dein freund sein.&lt;br /&gt;Ich werde dir helfen, weiter zu machen.&lt;br /&gt;Denn es wird nicht lange dauern, bis ich jemanden brauche&lt;br /&gt;Auf den ich mich verlassen kann.&lt;br /&gt;&lt;br /&gt;Ruf mich einfach an bruder, wenn du einen freund brauchst.&lt;br /&gt;Wir alle brauchen jemanden, auf den wir uns verlassen k&amp;ouml;nnen.&lt;br /&gt;Ich k&amp;ouml;nnte ja auch ein problem haben, das du verstehst.&lt;br /&gt;Wir alle brauchen jemanden, auf den wir uns verlassen k&amp;ouml;nnen.&lt;br /&gt;&lt;br /&gt;Wenn du eine b&amp;uuml;rde tragen musst, die du nicht tragen kannst,&lt;br /&gt;K&amp;ouml;nnte ich genau um die ecke sein.&lt;br /&gt;Und ich werde dir helfen, deine b&amp;uuml;rde zu tragen,&lt;br /&gt;Wenn du mich einfach rufst.&lt;br /&gt;&lt;br /&gt;&lt;br&gt;Ruf mich (wenn du einen freund brauchst)&lt;br /&gt;Ruf mich&lt;br /&gt;&lt;br&gt;&lt;/p&gt;
</description>
    </item>
    
    <item>
      <title> Take Me Home</title>
      <link>http://letraspedia.com/lyric/2-4-family-take-me-home/</link>
      <pubDate>Mon, 01 Sep 2008 00:00:00 UTC</pubDate>
      <author>Enthusiastic Hugo User</author>
      <guid>http://letraspedia.com/lyric/2-4-family-take-me-home/</guid>
      <description>&lt;p&gt;Intro j.d.:&lt;br /&gt;When i look up in the sky, i sometimes ask myself why&lt;br /&gt;All i wish is you´d be there, and when i´m looking down that road&lt;br /&gt;Life is such a heavy load, how i wish that you´d be there&lt;br /&gt;&lt;br /&gt;Rap ezzie:&lt;br /&gt;Ooo-aaah, remember when you had nothing i was out buzzin,&lt;br /&gt;From 9 to 5 try to make a little somethin´ somethin´&lt;br /&gt;Qucik cash, breaking catz for the cream&lt;br /&gt;Bring home the bank and split to half between my man and me&lt;br /&gt;&lt;br&gt;No one i come thru , always trusted and rule the limited things i do&lt;br /&gt;A ghetto dream come tru&lt;br /&gt;Rap jazz:&lt;br /&gt;Yo, i´m out here makin´ runs with you on my mind,&lt;br /&gt;Try to get some papers to cover up the hard time&lt;br /&gt;Of the past when i was kickng a brothers ass for it&lt;br /&gt;And i would bring it if i make it back&lt;br /&gt;Just like ´clef but i´ll be gone ´til december&lt;br /&gt;I send this with love to make sure that you´ll remember&lt;br /&gt;Chorus:&lt;br /&gt;Take me home, to the place i belong, know you´ll always be there&lt;br /&gt;All the things we can share (aha, aha)&lt;br /&gt;Take me home, to the place i belong, know you´ll always be there&lt;br /&gt;All the things we can share&lt;br /&gt;Ain´t got no time for no games (that´s right)&lt;br /&gt;(share the love we have)&lt;br /&gt;Ain´t got no time for no games&lt;br /&gt;Rap jazz:&lt;br /&gt;So take me away like hell gone, word is born&lt;br /&gt;Need to get away to go back to where i come from&lt;br /&gt;So just call me poltergaist, cause i´m ghost&lt;br /&gt;I´m all wrapped up, shipp it uo like it´s press post&lt;br /&gt;Rap ezzie:&lt;br /&gt;No, no, no young lady, don´t flow with those that come shady&lt;br /&gt;So don´t play me dum baby&lt;br /&gt;Wanna be like reason 2, then i´ll be like easin 2, like see ya boo!&lt;br /&gt;Chorus:&lt;br /&gt;Take me home, to the place i belong, know you´ll always be there&lt;br /&gt;All the things we can share (aha)&lt;br /&gt;Take me home, to the place i belong, know you´ll always be there&lt;br /&gt;All the things we can share (make sure that you remember)&lt;br /&gt;Bridge:&lt;br /&gt;All the things that we can share,&lt;br /&gt;Yes i´ll know you´re always there&lt;br /&gt;Take me to the place i belong&lt;br /&gt;All the things that we can share(we share) ,&lt;br /&gt;Yes i´ll know you´re always there (be there)&lt;br /&gt;Take me to the place i belong&lt;br /&gt;Ain´t got no time for no games&lt;br /&gt;(take me home)&lt;br /&gt;Ain´t got no time for no games&lt;br /&gt;Rap jazz:&lt;br /&gt;Ey, yo! take me back to the place i love,&lt;br /&gt;Emma girl ´cause she´s tight like ice upon a glove&lt;br /&gt;Rap ezzie:&lt;br /&gt;Uh, uh, shining star that is what my man is, love me like he loves his car&lt;br /&gt;Priceless, money can´t buy this, funny how this hole dispies this,&lt;br /&gt;Just realised it´s childish, ´cause he stayes behind this&lt;br /&gt;Rap jazz:&lt;br /&gt;Yo, that´s right, i really miss your, honey, style&lt;br /&gt;Especially your style, finess, and your pretty smile&lt;br /&gt;Take me home, to the place i belong, know you´ll always be there&lt;br /&gt;All the things we can share (aha)&lt;br /&gt;Take me home, to the place i belong, know you´ll always be there&lt;br /&gt;All the things we can share&lt;br /&gt;All the things that we can share(we share) , yes i´ll know you´re always&lt;br /&gt; there (be there)&lt;br /&gt;Take me to the place i belong&lt;br /&gt;All the things that we can share, yes i´ll know you´re always there&lt;br /&gt;Take me to the place i belong (make sure that you remember)&lt;br /&gt;Outro j.d:&lt;br /&gt;When i look up in the sky, i sometimes ask myself why&lt;br /&gt;All i wish is you´d be there, and when i´m looking down that road&lt;br /&gt;Life is such a heavy load, how i wish that you´d be there&lt;br /&gt;&lt;br&gt;&lt;/p&gt;
</description>
    </item>
    
  </channel>
</rss>