<?xml version="1.0" encoding="utf-8" standalone="yes" ?>
<rss version="2.0" xmlns:atom="http://www.w3.org/2005/Atom">
  <channel>
      <title>0 Men on Letraspedia.com thes best lyrics page </title>
    <link>http://letraspedia.com/artist/0-men/</link>
    <language>en-US</language>
    <author>Enthusiastic Hugo User</author>
    <rights>Copyright (c) 2014, Enthusiastic Hugo User; all rights reserved.</rights>
    <updated>Mon, 01 Sep 2008 00:00:00 UTC</updated>
    
    <item>
      <title> 20th Century</title>
      <link>http://letraspedia.com/lyric/0-men-20th-century/</link>
      <pubDate>Mon, 01 Sep 2008 00:00:00 UTC</pubDate>
      <author>Enthusiastic Hugo User</author>
      <guid>http://letraspedia.com/lyric/0-men-20th-century/</guid>
      <description>&lt;p&gt;In the Beginning
&lt;br&gt;There Was no Light
&lt;br&gt;No Teenage Heaven Or Hell
&lt;br&gt;No Songs Or Voices Came From Across the Outlands
&lt;br&gt;Where Oceans Are Meant to Be &amp;ndash; Where Oceans Are Meant to Be
&lt;br&gt;
&lt;br&gt;Oh My God, I Feel So Alone &amp;ndash; Some Million Lightyears Far
&lt;br&gt;From Home
&lt;br&gt;How About You Living in the 20th Century
&lt;br&gt;
&lt;br&gt;You Can Halt Your Car to Get Your Tickets to the Starlite
&lt;br&gt; Skies, You Know&amp;hellip;
&lt;br&gt;Ev&amp;rsquo;rybody Wants to Come Home (What a Dream)
&lt;br&gt;So, If You Don&amp;rsquo;t Mind,
&lt;br&gt;Will You Join Me?
&lt;br&gt;On My Way Through the Eye
&lt;br&gt;Up to the Light
&lt;br&gt;Into the World&amp;hellip;&lt;/p&gt;
</description>
    </item>
    
    <item>
      <title> 5 Years</title>
      <link>http://letraspedia.com/lyric/0-men-5-years/</link>
      <pubDate>Mon, 01 Sep 2008 00:00:00 UTC</pubDate>
      <author>Enthusiastic Hugo User</author>
      <guid>http://letraspedia.com/lyric/0-men-5-years/</guid>
      <description>&lt;p&gt;Pushing Through the Market Square
&lt;br&gt;So Many Mothers Sighing
&lt;br&gt;News Had Just Come Over, We Had Five Years Left to Cry In
&lt;br&gt;News Guy Wept and Told Us, Earth Was Really Dying
&lt;br&gt;Cried So Much, His Face Was Wet, Then I Knew, He Was Not Lying
&lt;br&gt;
&lt;br&gt;I Heard Telephones, Opera House, Favorite Melodies
&lt;br&gt;I Saw Boys, Toys, Electric Irons and Tv&amp;rsquo;s
&lt;br&gt;My Brain Hurt Like a Warehouse, It Had no Room to Spare
&lt;br&gt;I Had to Cram So Many Things to Store, Everything in There
&lt;br&gt;And All the Fat-skinny People, and All the Tall-short People
&lt;br&gt;And All the Nobody People, and All the Somebody People
&lt;br&gt;I Never Thought I&amp;rsquo;d Need So Many People
&lt;br&gt;
&lt;br&gt;A Girl of My Age Went Off Her Head, Hit Some Tiny Children
&lt;br&gt;If the Black Hadn&amp;rsquo;t A-pulled Her Off, I Think She Would
&lt;br&gt;Have Killed Them
&lt;br&gt;A Soldier With a Broken Arm
&lt;br&gt;Fixed His Stare to the Wheels of a Cadillac
&lt;br&gt;A Cop Knelt and Kissed the Feet of a Priest
&lt;br&gt;And a Queer Threw Up At the Sight of That
&lt;br&gt;
&lt;br&gt;I Think I Saw You in An Icecream Parlour
&lt;br&gt;Drinking Milkshakes Cold and Long
&lt;br&gt;Smiling and Waving and Looking So Fine
&lt;br&gt;I Don&amp;rsquo;t Think You Knew You Were in This Song
&lt;br&gt;And It Was Cold and It Raind, So I Felt Like An Actor
&lt;br&gt;And I Thought of Ma and I Wanted to Get Back There
&lt;br&gt;Your Face, Your Race, the Way That You Talk
&lt;br&gt;I Kiss You, You&amp;rsquo;re Beautiful, I Want You to Walk
&lt;br&gt;
&lt;br&gt;We&amp;rsquo;ve Got Five Years, Stuck On My Eyes, We&amp;rsquo;ve Got Five
&lt;br&gt; Years, What a Surprise
&lt;br&gt;We&amp;rsquo;ve Got Five Years, My Brain Hurts a Lot, We&amp;rsquo;ve Got
&lt;br&gt;Five Years, That&amp;rsquo;s All We&amp;rsquo;ve Got
&lt;br&gt;We&amp;rsquo;ve Got Five Years&amp;hellip;&lt;/p&gt;
</description>
    </item>
    
    <item>
      <title> A Victory Of Love</title>
      <link>http://letraspedia.com/lyric/0-men-a-victory-of-love/</link>
      <pubDate>Mon, 01 Sep 2008 00:00:00 UTC</pubDate>
      <author>Enthusiastic Hugo User</author>
      <guid>http://letraspedia.com/lyric/0-men-a-victory-of-love/</guid>
      <description>&lt;p&gt;Waiting For a Change in the Weather
&lt;br&gt;I&amp;rsquo;m Waiting For a Shift in the Air,
&lt;br&gt;Could We Get It Together - Ever -
&lt;br&gt;Hoping For Your Return
&lt;br&gt;Hoping For Your Sweet, Sweet Return
&lt;br&gt;
&lt;br&gt;Hello - Is This Heaven Calling?
&lt;br&gt;Hello - Hello
&lt;br&gt;Is Somebody There?
&lt;br&gt;She Must Be Somewhere
&lt;br&gt;And Then She Says
&lt;br&gt;Hello - Hello - Hello
&lt;br&gt;She&amp;rsquo;s Really An Angel -
&lt;br&gt;She Stands in the Sunshine
&lt;br&gt;She&amp;rsquo;s Closing Her Eyes -
&lt;br&gt;She&amp;rsquo;s Starting to Dream
&lt;br&gt;She&amp;rsquo;s Pulling the Strings
&lt;br&gt;She&amp;rsquo;s Dreaming a Strange Dream
&lt;br&gt;Where Nothing Is Grey -
&lt;br&gt;Then She Takes Me Away
&lt;br&gt;And She&amp;rsquo;s Pulling the Strings
&lt;br&gt;When She&amp;rsquo;s Playing With Love
&lt;br&gt;
&lt;br&gt;She&amp;rsquo;s Playing With Love, Hello - Hello
&lt;br&gt;Counting - I Count Every Second
&lt;br&gt;And I&amp;rsquo;m Standing
&lt;br&gt;I Stand in the Rain,
&lt;br&gt;I Walk Up That Lane
&lt;br&gt;Which Leads to the Sunshine
&lt;br&gt;She Stands in the Sunshine
&lt;br&gt;She&amp;rsquo;s Closing Her Eyes
&lt;br&gt;Then She Takes Me Away
&lt;br&gt;And She&amp;rsquo;s Pulling the Strings
&lt;br&gt;When She&amp;rsquo;s Playing With Love
&lt;br&gt;
&lt;br&gt;She&amp;rsquo;s Playing With Love
&lt;br&gt;Hello - Hello&lt;/p&gt;
</description>
    </item>
    
    <item>
      <title> About A Heart</title>
      <link>http://letraspedia.com/lyric/0-men-about-a-heart/</link>
      <pubDate>Mon, 01 Sep 2008 00:00:00 UTC</pubDate>
      <author>Enthusiastic Hugo User</author>
      <guid>http://letraspedia.com/lyric/0-men-about-a-heart/</guid>
      <description>&lt;p&gt;There&amp;rsquo;s a Doubt in My Heart
&lt;br&gt;And It&amp;rsquo;s Sinking Deep Inside of Me
&lt;br&gt;It&amp;rsquo;s the Way That You Talk
&lt;br&gt;It&amp;rsquo;s in the Way You&amp;rsquo;re Touching Me
&lt;br&gt;When I Look Into Your Eyes
&lt;br&gt;You&amp;rsquo;re a Million Miles Away From Me
&lt;br&gt;And There&amp;rsquo;s Nothing I Can Do
&lt;br&gt;There&amp;rsquo;s Nothing Left to Say
&lt;br&gt;You&amp;rsquo;ll Break My Heart, There&amp;rsquo;s Nothing Left to Say
&lt;br&gt;You&amp;rsquo;ll Break My Heart,there&amp;rsquo;s Nothing I Can Do
&lt;br&gt;You&amp;rsquo;ll Break My Heart&amp;hellip;
&lt;br&gt;Rip It Off and Watch It Fall..
&lt;br&gt;Will You Go - Will You Stay
&lt;br&gt;Is There Any Chance For Me to Keep You Here
&lt;br&gt;By My Side - Or Is My Fate Already Sealed
&lt;br&gt;Is There Anybody Else
&lt;br&gt;Or Am I Still the Only One
&lt;br&gt;If It&amp;rsquo;s So Then I Don&amp;rsquo;t Care
&lt;br&gt;Just Waiting For the Blow to Come
&lt;br&gt;You See, There&amp;rsquo;s Nothing I Can Do
&lt;br&gt;You&amp;rsquo;ll Break My Heart (In Any Case) There&amp;rsquo;s Nothing Left to Say
&lt;br&gt;(You&amp;rsquo;ll Break My Heart&amp;hellip;)
&lt;br&gt;Rip It Off and Watch It Fall&amp;hellip;
&lt;br&gt;You&amp;rsquo;ll Break My Heart, There&amp;rsquo;s Nothing Left to Say
&lt;br&gt;You&amp;rsquo;ll Break My Heart,there&amp;rsquo;s Nothing I Can Do
&lt;br&gt;You&amp;rsquo;ll Break My Heart, Rip It Off, Rip It Off
&lt;br&gt;You&amp;rsquo;ll Break My Heart&amp;hellip;&lt;/p&gt;
</description>
    </item>
    
    <item>
      <title> Aint It Strange</title>
      <link>http://letraspedia.com/lyric/0-men-aint-it-strange/</link>
      <pubDate>Mon, 01 Sep 2008 00:00:00 UTC</pubDate>
      <author>Enthusiastic Hugo User</author>
      <guid>http://letraspedia.com/lyric/0-men-aint-it-strange/</guid>
      <description>&lt;p&gt;Ain&amp;rsquo;t It Strange That We Destroy
&lt;br&gt;What We Embrace
&lt;br&gt;And We Leave
&lt;br&gt;What We Seek
&lt;br&gt;It&amp;rsquo;s Such a Shame
&lt;br&gt;Ain&amp;rsquo;t It Strange That We Smile
&lt;br&gt;When We Cry
&lt;br&gt;And no One Knows Why We Are Here
&lt;br&gt;And Where We Going to
&lt;br&gt;Ain&amp;rsquo;t It Strange
&lt;br&gt;We Could Be, We Could Be So Good Together
&lt;br&gt;Ain&amp;rsquo;t It Strange That We Share What We Hate
&lt;br&gt;That We Break What We Love
&lt;br&gt;It&amp;rsquo;s Such a Shame
&lt;br&gt;Ain&amp;rsquo;t It Strange When We Pray, We Betray Anyway
&lt;br&gt;And no One Knows What We Are For
&lt;br&gt;Why We&amp;rsquo;re So Tough
&lt;br&gt;When We&amp;rsquo;re So Fragile
&lt;br&gt;Ain&amp;rsquo;t It Strange
&lt;br&gt;Ain&amp;rsquo;t It Strange, Still We Could Fall Into a Dream, I&amp;rsquo;d Wish no One
&lt;br&gt;Will Catch That Fall
&lt;br&gt;For We Could Fall For Love, Life Is But a Dream, Life Is But a Dream
&lt;br&gt;All the Tears in the World Not in Vain For the Pain Is Gone, the
&lt;br&gt;Shame Is Washed Away
&lt;br&gt;When We&amp;rsquo;re All One, Life Is But a Dream, Life Is But a Dream
&lt;br&gt;It&amp;rsquo;s Hard to Believe After Thousands of Years
&lt;br&gt;The World Is Still Drowning in Blood and Tears
&lt;br&gt;We&amp;rsquo;ve Been Quite Advanced But Again We Fail
&lt;br&gt;It Is Dog Eats Dog On the Ratrace Trail
&lt;br&gt;It Is Getting Too Much and We&amp;rsquo;re Getting Nowhere
&lt;br&gt;While Hatred and Fear Is All That We Share
&lt;br&gt;I Can&amp;rsquo;t Take It no More When I&amp;rsquo;m Watching the News
&lt;br&gt;We Must Stick Together Or We&amp;rsquo;re Bound to Lose&lt;/p&gt;
</description>
    </item>
    
    <item>
      <title> All In The Golden Afternoon</title>
      <link>http://letraspedia.com/lyric/0-men-all-in-the-golden-afternoon/</link>
      <pubDate>Mon, 01 Sep 2008 00:00:00 UTC</pubDate>
      <author>Enthusiastic Hugo User</author>
      <guid>http://letraspedia.com/lyric/0-men-all-in-the-golden-afternoon/</guid>
      <description>&lt;p&gt;All in the Golden Afternoon Full Leisurely We Glide
&lt;br&gt;For Both Our Oars, With Little Skill, By Little Arms Are Plied
&lt;br&gt;While Little Hands Make Vain Pretence Our Wanderings to Guide
&lt;br&gt;Our Wanderings to Guide
&lt;br&gt;
&lt;br&gt;Ah, Cruel Three! in Such An Hour, Beneath Such Dreamy Weather
&lt;br&gt;To Beg a Tale of Breath Too Weak to Stir the Tiniest Feather
&lt;br&gt;Yet What Can One Poor Voice Avail, Against Three Tongues Together
&lt;br&gt;Against Three Tongues Together
&lt;br&gt;
&lt;br&gt;Anon, to Sudden Silence Won, in Fancy They Pursue
&lt;br&gt;The Dream Child Moving Through a Land of Wonders Wild and New
&lt;br&gt;In Friendly Chat With Bird Or Beast&amp;ndash;and Half Believe It True
&lt;br&gt;And Half Believe It True
&lt;br&gt;
&lt;br&gt;And Ever, As the Story Drained the Wells of Fancy Dry
&lt;br&gt;And Faintly Strove That Weary One to Put the Subject By
&lt;br&gt;The Next Time&amp;ndash;&amp;ldquo;It Is Next Time&amp;rdquo; the Happy Voices Cry!
&lt;br&gt;The Happy Voices Cry!
&lt;br&gt;
&lt;br&gt;Thus Grew the Tale of Wonderland, Thus Slowly One By One
&lt;br&gt;Its Quaint Events Were Hammered Out&amp;ndash;and Now the Tale Is Done
&lt;br&gt;And Home We Steer
&lt;br&gt;A Merry Crew
&lt;br&gt;Beneath the Setting Sun&lt;/p&gt;
</description>
    </item>
    
    <item>
      <title> And As For Love</title>
      <link>http://letraspedia.com/lyric/0-men-and-as-for-love/</link>
      <pubDate>Mon, 01 Sep 2008 00:00:00 UTC</pubDate>
      <author>Enthusiastic Hugo User</author>
      <guid>http://letraspedia.com/lyric/0-men-and-as-for-love/</guid>
      <description>&lt;p&gt;That I Denied One Time Too Many
&lt;br&gt;She Left Me At the Break of Day
&lt;br&gt;When I Awoke She Seemed Still Spinning in My Head
&lt;br&gt;But She Was Gone, the Capsule Empty and Her Body Dead
&lt;br&gt;Was All She&amp;rsquo;d Left Behind Without a Last Adieu
&lt;br&gt;Sometimes I Wonder If She&amp;rsquo;d Left a Hundred Years Ago
&lt;br&gt;To Start Anew We Need to Be Strangers From Now On
&lt;br&gt;And As For Love We Need to Be Strangers From Now On
&lt;br&gt;And I Remember When She Came Into My Life
&lt;br&gt;It Didn&amp;rsquo;t Count Who She Was Or What I Was Like
&lt;br&gt;I Never Meant to Hurt Her But She Never Did
&lt;br&gt;Her Name Was Love, Her Bodies Infinite
&lt;br&gt;And Now She Is Gone, the Capsule Empty and Her Body Dead
&lt;br&gt;Sometimes I Wonder If She&amp;rsquo;d Left a Hundred Years Ago
&lt;br&gt;To Start Anew We Need to Be Strangers From Now On
&lt;br&gt;And As For Love We Need to Be Strangers From Now On&amp;hellip;&lt;/p&gt;
</description>
    </item>
    
    <item>
      <title> Ans I Wonder</title>
      <link>http://letraspedia.com/lyric/0-men-ans-i-wonder/</link>
      <pubDate>Mon, 01 Sep 2008 00:00:00 UTC</pubDate>
      <author>Enthusiastic Hugo User</author>
      <guid>http://letraspedia.com/lyric/0-men-ans-i-wonder/</guid>
      <description>&lt;p&gt;I&amp;rsquo;m Going Out, I Don&amp;rsquo;t Know Why, There&amp;rsquo;s no Need At All
&lt;br&gt;A Kind of Turbulence Outside and I Can&amp;rsquo;t Resist the Call
&lt;br&gt;I Hear a Siren, I Might Be Late, Fire Flickers On a Barricade
&lt;br&gt;A Piece of Smack Melts in My Brain As I Watch the Police Deploy
&lt;br&gt;And I Wonder
&lt;br&gt;
&lt;br&gt;Did Not Expect to Meet You Here in the Middle of the Fights
&lt;br&gt;I Should Have Known, You Got It All, You Wanna Burn Tonight
&lt;br&gt;Out in the Riots You Looked Somehow Devine
&lt;br&gt;You Gotta Kill a Cop Sometime
&lt;br&gt;A Random Motion That&amp;rsquo;s What You Are, These Days Are So Bizarre
&lt;br&gt;
&lt;br&gt;And I Wonder to See Your Face in a Place Like This
&lt;br&gt;Reflecting the Flames
&lt;br&gt;
&lt;br&gt;You See the Market There Across the Square
&lt;br&gt;It&amp;rsquo;s Closing Time But All the Doors Are Broken
&lt;br&gt;Why Don&amp;rsquo;t We Step Inside, It&amp;rsquo;s Free For Everyone, You See
&lt;br&gt;It&amp;rsquo;s Paradise, Well Alright
&lt;br&gt;
&lt;br&gt;And I Wonder to See Your Face in a Place Like This
&lt;br&gt;Reflecting the Flames&lt;/p&gt;
</description>
    </item>
    
    <item>
      <title> Anyway</title>
      <link>http://letraspedia.com/lyric/0-men-anyway/</link>
      <pubDate>Mon, 01 Sep 2008 00:00:00 UTC</pubDate>
      <author>Enthusiastic Hugo User</author>
      <guid>http://letraspedia.com/lyric/0-men-anyway/</guid>
      <description>&lt;p&gt;Welcome
&lt;br&gt;Or Should I Say Goodbye
&lt;br&gt;It&amp;rsquo;s a Question How Close We Are Apart
&lt;br&gt;Are You Going Back Home After This Show
&lt;br&gt;Or Leaving For the Wild
&lt;br&gt;And When You Passing the Wardrobe
&lt;br&gt;What Will You Take
&lt;br&gt;Your Worn Out Hat of Hopes
&lt;br&gt;Or Someone Else&amp;rsquo;s Attractive Furs to Make It Through
&lt;br&gt;The Playgrounds of Your Life
&lt;br&gt;
&lt;br&gt;All Is Shown
&lt;br&gt;All Shut Down
&lt;br&gt;All the World Is Gone
&lt;br&gt;All the Pieces Came Together
&lt;br&gt;Finally
&lt;br&gt;But Not Too Late
&lt;br&gt;All Is Shown
&lt;br&gt;All Shut Down
&lt;br&gt;All the World Is Gone
&lt;br&gt;Just Pretend That I&amp;rsquo;m Not There
&lt;br&gt;Make Your Choice
&lt;br&gt;I Love You Anyway
&lt;br&gt;Just Make Your Choice
&lt;br&gt;Pretend That I&amp;rsquo;m Not There
&lt;br&gt;All the World Is Gone
&lt;br&gt;All the World Is Gone
&lt;br&gt;Just Take It
&lt;br&gt;Just Take It
&lt;br&gt;And You&amp;rsquo;ll Make It
&lt;br&gt;Alright, Yeah
&lt;br&gt;Ride On
&lt;br&gt;Ride On&lt;/p&gt;
</description>
    </item>
    
    <item>
      <title> Apollo</title>
      <link>http://letraspedia.com/lyric/0-men-apollo/</link>
      <pubDate>Mon, 01 Sep 2008 00:00:00 UTC</pubDate>
      <author>Enthusiastic Hugo User</author>
      <guid>http://letraspedia.com/lyric/0-men-apollo/</guid>
      <description>&lt;p&gt;Show Me a Place That Ain&amp;rsquo;t Hell
&lt;br&gt;If There&amp;rsquo;s Space, Give Me Room to Breathe
&lt;br&gt;That Is All That I Need
&lt;br&gt;For This Body Can&amp;rsquo;t Fail
&lt;br&gt;And If Music Be the Food of Love
&lt;br&gt;Play On, Give Me Excess of It
&lt;br&gt;Let It All Out!
&lt;br&gt;Please Let Me Out of Here
&lt;br&gt;
&lt;br&gt;And I Shall Rise From the Ashes
&lt;br&gt;Grow Like a Rose From the Ruins
&lt;br&gt;There Must Be Light in the Darkness
&lt;br&gt;Hope At the End of the Night
&lt;br&gt;Yes, I&amp;rsquo;ve Been Trying All My Life to Get to Heaven
&lt;br&gt;But Awoke in the Eye of a Storm
&lt;br&gt;But I Shall Rise From the Ashes
&lt;br&gt;Grow From the Ruins
&lt;br&gt;And Return Back Home
&lt;br&gt;
&lt;br&gt;This Is the Call From the Gaols
&lt;br&gt;Coming Up to the Prisoners of Pleasure
&lt;br&gt;Drunk On the Blood of the Next Generations
&lt;br&gt;And I&amp;rsquo;ve Been Through Many Strange Confusions
&lt;br&gt;Splitting Myself Into Too Many Faces
&lt;br&gt;Now the Mirror Is Broken, I Can See the Worms Behind
&lt;br&gt;
&lt;br&gt;But I Shall Rise From the Ashes&amp;hellip;
&lt;br&gt;
&lt;br&gt;You May Well Have Your Ways of Triumph
&lt;br&gt;You May Well Have Your Ways of Truth
&lt;br&gt;Just Gimme Some Room to Breathe
&lt;br&gt;
&lt;br&gt;That&amp;rsquo;s All That I Need
&lt;br&gt;That&amp;rsquo;s All That I Need, Me and My Strange Friends
&lt;br&gt;Take My Hand and I&amp;rsquo;ll Take You Out of Here
&lt;br&gt;
&lt;br&gt;We All Belong to the Grand Astral Body
&lt;br&gt;And There&amp;rsquo;s You Behind These Legendary Curtains
&lt;br&gt;Take My Hand Before You Wither in the Crowd
&lt;br&gt;I&amp;rsquo;ll Take You Out of Here
&lt;br&gt;Take My Hands, Take My Hands
&lt;br&gt;
&lt;br&gt;This Is the End of the Show
&lt;br&gt;I Don&amp;rsquo;t Know, Was I Wrong, Was I Right?
&lt;br&gt;Oh, Love, I Don&amp;rsquo;t Know,
&lt;br&gt;I Wasn&amp;rsquo;t Perfect For Sure
&lt;br&gt;But Now I Feel Like a New-born Baby
&lt;br&gt;Lying in the Dew of the Morning,
&lt;br&gt;Laughing At the Sky, Like a Brave New Apollo
&lt;br&gt;
&lt;br&gt;And I Shall Rise From the Ashes
&lt;br&gt;Grow Like a Rose From the Ruins
&lt;br&gt;There Must Be Light in the Darkness
&lt;br&gt;Hope At the End of the Night
&lt;br&gt;Yes, I&amp;rsquo;ve Been Trying All My Life to Get to Heaven
&lt;br&gt;But Awoke in the Eye of a Storm
&lt;br&gt;But I Shall Rise From the Ashes
&lt;br&gt;Grow From the Ruins
&lt;br&gt;And Return Back Home
&lt;br&gt;Back Home&lt;/p&gt;
</description>
    </item>
    
    <item>
      <title> Apollo (portugues)</title>
      <link>http://letraspedia.com/lyric/0-men-apollo-portugues/</link>
      <pubDate>Mon, 01 Sep 2008 00:00:00 UTC</pubDate>
      <author>Enthusiastic Hugo User</author>
      <guid>http://letraspedia.com/lyric/0-men-apollo-portugues/</guid>
      <description>&lt;p&gt;Mostre-me um lugar que não seja inferno
&lt;br&gt;se houver um espaço, Dê-me o quarto respirar
&lt;br&gt;que é tudo que eu necessito
&lt;br&gt;para este corpo não posso falhar
&lt;br&gt;e se a música for o alimento do jogo
&lt;br&gt;do amor sobre, Dê-me que o excesso dele
&lt;br&gt;deixou-o todo para fora!
&lt;br&gt;Deixe-me por favor fora de aqui
&lt;br&gt;e eu levantar-me-ei das cinzas
&lt;br&gt;cresço como uma Rosa das ruínas
&lt;br&gt;lá devo ser claro na esperança
&lt;br&gt;da escuridão no fim da noite
&lt;br&gt;sim, Eu tenho tentado toda minha vida começar ao ceu
&lt;br&gt;mas acordei no olho de uma tempestade
&lt;br&gt;mas eu levantar-me-ei das cinzas
&lt;br&gt;cresço das ruínas
&lt;br&gt;e o retorno para trás lar
&lt;br&gt;isto é a chamada do Gaols
&lt;br&gt;que vem até os prisioneiros do prazer
&lt;br&gt;bebidos no sangue das gerações seguintes
&lt;br&gt;e eu tenho sido com muito Confusions estranho
&lt;br&gt;que racha-se eu mesmo em caras demais
&lt;br&gt;agora que o espelho é quebrado, Eu posso ver os sem-fins atrás de
&lt;br&gt;mas eu levantar-me-ei das cinzas
&lt;br&gt;Você pode jorrar tem suas maneiras do triunfo que
&lt;br&gt;você pode jorrar tem suas maneiras da verdade
&lt;br&gt;Gimme justo algum quarto respirar
&lt;br&gt;que é tudo que eu necessito
&lt;br&gt;aquele sou tudo que eu necessito, Eu e meus amigos estranhos
&lt;br&gt;fazem exame de minha mão e eu farei exame de você fora aqui
&lt;br&gt;dos nós que todos pertencem ao corpo Astral grande
&lt;br&gt;e há você atrás da tomada legendária destas
&lt;br&gt;cortinas minha mão antes que você Wither na multidão
&lt;br&gt;eu farei exame de você fora de aqui
&lt;br&gt;faço exame de minhas mãos, Faça exame de minhas mãos que
&lt;br&gt;este é o fim da mostra
&lt;br&gt;eu não sei, Era eu trato injustamente, Era eu direito?
&lt;br&gt;Oh, Amor, Eu não sei,
&lt;br&gt;Eu não era perfeito para certo
&lt;br&gt;mas agora eu sinto como um bebê recém-nascido
&lt;br&gt;que encontra-se no orvalho da manhã,
&lt;br&gt;Rindo do céu, Como um Apollo e mim
&lt;br&gt;novos bravos levantar-se-á das cinzas
&lt;br&gt;cresce como uma Rosa das ruínas
&lt;br&gt;deve estar claro na esperança
&lt;br&gt;da escuridão no fim da noite
&lt;br&gt;sim, Eu tenho tentado toda minha vida começar ao ceu
&lt;br&gt;mas acordei no olho de uma tempestade
&lt;br&gt;mas eu levantar-me-ei das cinzas
&lt;br&gt;cresço das ruínas
&lt;br&gt;e retorno para trás o repouso
&lt;br&gt;traseiro lar&lt;/p&gt;
</description>
    </item>
    
    <item>
      <title> Around The Universe</title>
      <link>http://letraspedia.com/lyric/0-men-around-the-universe/</link>
      <pubDate>Mon, 01 Sep 2008 00:00:00 UTC</pubDate>
      <author>Enthusiastic Hugo User</author>
      <guid>http://letraspedia.com/lyric/0-men-around-the-universe/</guid>
      <description>&lt;p&gt;There´s a Man Waving His Hat
&lt;br&gt;At a Starting Aeroplane
&lt;br&gt;On a Faded Photograph From Long Ago
&lt;br&gt;And I Wondered Who He Was
&lt;br&gt;And Who Was On the Plane
&lt;br&gt;And Where the Flight Was Going To
&lt;br&gt;
&lt;br&gt;And I Felt Kind of Homesick
&lt;br&gt;Although You Were With Me
&lt;br&gt;
&lt;br&gt;Save a Prayer, a Prayer For Me
&lt;br&gt;When Will I Ever Come Back Again?
&lt;br&gt;Save a Prayer, a Prayer For Me
&lt;br&gt;When Will I Ever - Come Back - Come Back Again?
&lt;br&gt;
&lt;br&gt;When the Circle Is Fullfilled
&lt;br&gt;And the Planes Are Coming Back
&lt;br&gt;I Will Be There to Welcome You Home
&lt;br&gt;Then It Will Be My Turn
&lt;br&gt;And Nothing Shall Be Left
&lt;br&gt;But Memories and Fading Photographs
&lt;br&gt;
&lt;br&gt;You See, I&amp;rsquo;m On My Way
&lt;br&gt;Some Have to Go - Some Have to Stay
&lt;br&gt;
&lt;br&gt;Save a Prayer, a Prayer For Me
&lt;br&gt;When Will I Ever Come Back Again?
&lt;br&gt;Save a Prayer, a Prayer For Me
&lt;br&gt;When Will I Ever - Come Back - Come Back Again?
&lt;br&gt;
&lt;br&gt;When Will I Ever Cope With Love?
&lt;br&gt;When Will I Ever Learn?
&lt;br&gt;And I Feel I Have to Go
&lt;br&gt;To Where I do Not Know, to Where I do Not Know&amp;hellip;
&lt;br&gt;
&lt;br&gt;Save a Prayer&amp;hellip;&lt;/p&gt;
</description>
    </item>
    
    <item>
      <title> Ascencion Day</title>
      <link>http://letraspedia.com/lyric/0-men-ascencion-day/</link>
      <pubDate>Mon, 01 Sep 2008 00:00:00 UTC</pubDate>
      <author>Enthusiastic Hugo User</author>
      <guid>http://letraspedia.com/lyric/0-men-ascencion-day/</guid>
      <description>&lt;p&gt;These Are the Days of Evil Perfection
&lt;br&gt;This Is the World of Torture and Fame
&lt;br&gt;This Is the Age of Most Vicious Infection
&lt;br&gt;These Are the Times of Terror and Pain
&lt;br&gt;Let Them Inside and They&amp;rsquo;ll Build You a Nightmare
&lt;br&gt;Show Them, You Fool, It&amp;rsquo;ll Not Be in Vein
&lt;br&gt;Here Is Your Costume of Deepest Surrender
&lt;br&gt;These Are the Times of Terror and Pain
&lt;br&gt;
&lt;br&gt;I Wanna Ride On the Crest of Sensation
&lt;br&gt;I Wanna Scream in the Whirlpools of Love
&lt;br&gt;I Wanna Drown in a Climax of Thunder
&lt;br&gt;I Wanna Be With the Fools in the Storm
&lt;br&gt;
&lt;br&gt;Do What You Want and Then Die When You Want to
&lt;br&gt;We&amp;rsquo;re Gonna Walk On the Blood of the Meek
&lt;br&gt;We&amp;rsquo;re Gonna Sail Through the Oceans of Wonder
&lt;br&gt;We&amp;rsquo;re Gonna Live in the Dreams That We Seek
&lt;br&gt;
&lt;br&gt;Send in the Parasite Clowns On Their Horses
&lt;br&gt;Send in Those Idiots and Let Them Advance
&lt;br&gt;Send in the Monsters of Your Own Creation
&lt;br&gt;Send Them All in and Give Them a Chance
&lt;br&gt;
&lt;br&gt;We&amp;rsquo;re Gonna Dance to the Sweetest of Music
&lt;br&gt;We&amp;rsquo;re Gonna Play With the Whores in the Rain
&lt;br&gt;We&amp;rsquo;ll Dissipate the Lord&amp;rsquo;s Last Temptations
&lt;br&gt;All in the Cross-fire of Torture and Fame
&lt;br&gt;
&lt;br&gt;I Wanna Ride On the Crest of Sensation
&lt;br&gt;We&amp;rsquo;re Gonna Live in the Dreams That We Seek
&lt;br&gt;We&amp;rsquo;re Gonna Live in the Dreams That We Seek&lt;/p&gt;
</description>
    </item>
    
    <item>
      <title> Astral Body</title>
      <link>http://letraspedia.com/lyric/0-men-astral-body/</link>
      <pubDate>Mon, 01 Sep 2008 00:00:00 UTC</pubDate>
      <author>Enthusiastic Hugo User</author>
      <guid>http://letraspedia.com/lyric/0-men-astral-body/</guid>
      <description>&lt;p&gt;Into This World We&amp;rsquo;re Thrown
&lt;br&gt;A Lifeform Without a Home
&lt;br&gt;Clowns in a Circus Called the Material World
&lt;br&gt;Gods Without Immortality, Nothing to Lose
&lt;br&gt;Nothing to Gain, Nothing to Keep
&lt;br&gt;Shepherds of Dreams, We Are What We Are
&lt;br&gt;
&lt;br&gt;Lovers, Losers, Loners, Leapers, Liars
&lt;br&gt;The Meaning of Life and I Want to Touch
&lt;br&gt;Your Astral Body !!!
&lt;br&gt;We Are What We Are
&lt;br&gt;Oh, We&amp;rsquo;re So Full of Light, Don&amp;rsquo;t Let It Die
&lt;br&gt;And I Want to Touch Your Astral Body !!!
&lt;br&gt;
&lt;br&gt;And If I Put Pennies On Your Eyes Or Pyramids
&lt;br&gt;On Your Grave, Mysteries Mountain High
&lt;br&gt;The Day I Have to Go
&lt;br&gt;But Before I Leave, I Just Want to Feel Love !!!
&lt;br&gt;I Want to Touch Somebody Else Than Me
&lt;br&gt;
&lt;br&gt;We Are What We Are&amp;hellip;&lt;/p&gt;
</description>
    </item>
    
    <item>
      <title> Because Of You</title>
      <link>http://letraspedia.com/lyric/0-men-because-of-you/</link>
      <pubDate>Mon, 01 Sep 2008 00:00:00 UTC</pubDate>
      <author>Enthusiastic Hugo User</author>
      <guid>http://letraspedia.com/lyric/0-men-because-of-you/</guid>
      <description>&lt;p&gt;Oh, I Want to Know I Want to Go
&lt;br&gt;Through That Situation Again, I&amp;rsquo;d Like to Catch
&lt;br&gt;That Something in Your Eyes It Thrilled Me Once Again
&lt;br&gt;That Gentle Touch I Can&amp;rsquo;t Describe
&lt;br&gt;It&amp;rsquo;s Like a Reflection of the Moon On the Water
&lt;br&gt;Don&amp;rsquo;t Let It Go, Because of You the Earth Stood Still
&lt;br&gt;Just Do It Again
&lt;br&gt;
&lt;br&gt;Burn, Burn Away, Sacred Letters, Ragged Backdrops
&lt;br&gt;I Don&amp;rsquo;t Care, the Certainty of Death,
&lt;br&gt;The Boring Rituals of Life They Seem So Far
&lt;br&gt;I Don&amp;rsquo;t Care For My Life, I Just Live For Your Love
&lt;br&gt;That Is Because of What You Do,just Do It Again
&lt;br&gt;Because of You the Earth Stood Still
&lt;br&gt;Just Do It Again&lt;/p&gt;
</description>
    </item>
    
  </channel>
</rss>