<?xml version="1.0" encoding="utf-8" standalone="yes" ?>
<rss version="2.0" xmlns:atom="http://www.w3.org/2005/Atom">
  <channel>
      <title>3am on Letraspedia.com thes best lyrics page </title>
    <link>http://letraspedia.com/artist/3am/</link>
    <language>en-US</language>
    <author>Enthusiastic Hugo User</author>
    <rights>Copyright (c) 2014, Enthusiastic Hugo User; all rights reserved.</rights>
    <updated>Mon, 01 Sep 2008 00:00:00 UTC</updated>
    
    <item>
      <title> Días Grises</title>
      <link>http://letraspedia.com/lyric/3am-dias-grises/</link>
      <pubDate>Mon, 01 Sep 2008 00:00:00 UTC</pubDate>
      <author>Enthusiastic Hugo User</author>
      <guid>http://letraspedia.com/lyric/3am-dias-grises/</guid>
      <description>&lt;p&gt;(Moisés)
&lt;br&gt;Hoy abro los ojos
&lt;br&gt;Y veo la distancia
&lt;br&gt;Que me aleja de ti
&lt;br&gt;Fue capaz de hacerme sentir
&lt;br&gt;Que yo estuve preso
&lt;br&gt;Y envuelto en la rabia
&lt;br&gt;Que me hizo sufrir
&lt;br&gt;Y hoy tú ya no estás junto a mí
&lt;br&gt;
&lt;br&gt;(Afi)
&lt;br&gt;Hoy no estás aquí
&lt;br&gt;El reflejo del espejo me recuerda que no estás junto a mí
&lt;br&gt;Mi silencio y tus palabras las que no quise oír
&lt;br&gt;Los fantasmas de esta noche me recuerdan a ti
&lt;br&gt;
&lt;br&gt;(Moisés)
&lt;br&gt;Tú Nunca hiciste el esfuerzo de luchar junto mí
&lt;br&gt;Eran días grises que podían morir
&lt;br&gt;Tú Nunca hiciste el esfuerzo de luchar junto a mí
&lt;br&gt;Eran días grises que podían morir
&lt;br&gt;
&lt;br&gt;(Afi)
&lt;br&gt;Eran días grises que tenían que pasar
&lt;br&gt;Cada nuevo amanecer nos daba otra oportunidad
&lt;br&gt;De seguir, de luchar, de las diferencias superar
&lt;br&gt;En cambio cada día nos hundíamos más y más
&lt;br&gt;Yo sé que todo cambio que no era como antes
&lt;br&gt;Cuando estar juntos era lo mejor ya fuese un instante, constante
&lt;br&gt;Y notar la diferencia hoy de tocarte
&lt;br&gt;Verte tan cerca pero sentirte tan distante
&lt;br&gt;El desenlace, consecuencias obvias de este juego
&lt;br&gt;El error, la soberbia que ambos teníamos dentro
&lt;br&gt;Cómo pensar que de esta saldríamos ilesos
&lt;br&gt;Si el corazón era protagonista del evento
&lt;br&gt;El nudo, ya sabes, las discusiones diarias
&lt;br&gt;Cada día más agrio, saludar cada mañana
&lt;br&gt;Despertar a tu lado y no sentir más esa magia
&lt;br&gt;Y pensar que todo comenzó por tu orgullo y mi rabia
&lt;br&gt;
&lt;br&gt;(Moisés)
&lt;br&gt;Tú Nunca hiciste el esfuerzo de luchar junto mí
&lt;br&gt;Eran días grises que podían morir
&lt;br&gt;Tú Nunca hiciste el esfuerzo de luchar junto a mí
&lt;br&gt;Eran días grises que podían morir
&lt;br&gt;Morir, morir No, no, no.
&lt;br&gt;
&lt;br&gt;(Afi)
&lt;br&gt;Hoy me toca caminar solo en la oscuridad
&lt;br&gt;Recordando el pasado todo era felicidad
&lt;br&gt;Pero son solo recuerdos que hoy ya no volverán
&lt;br&gt;Solo el frío de esta noche me podría acompañar
&lt;br&gt;Este final era algo que no lo vi venir
&lt;br&gt;Ahora el odio y el rencor se adueñaron ya de mí
&lt;br&gt;Las peleas, tu orgullo compitiendo contra mí
&lt;br&gt;Ese estúpido dilema que solo era un día gris
&lt;br&gt;
&lt;br&gt;(Moisés)
&lt;br&gt;Y ahora busco olvidar esos recuerdos
&lt;br&gt;Que en un pasado a mí me mantuvieron preso
&lt;br&gt;(Afi)
&lt;br&gt;Y he decidido salir
&lt;br&gt;Y aunque lo llames huir
&lt;br&gt;No hay elección para mí
&lt;br&gt;Voy a olvidarme de ti
&lt;br&gt;(Moisés)
&lt;br&gt;Y ahora busco olvidar esos recuerdos
&lt;br&gt;Que en un pasado a mí me mantuvieron preso
&lt;br&gt;(Afi)
&lt;br&gt;Voy a olvidarme de ti
&lt;br&gt;Voy a olvidarme de ti
&lt;br&gt;Lo juro
&lt;br&gt;Voy a olvidarme de ti
&lt;br&gt;
&lt;br&gt;(Moisés)
&lt;br&gt;Hoy abro los ojos
&lt;br&gt;Y veo la distancia
&lt;br&gt;Que me aleja ya de ti&lt;/p&gt;
</description>
    </item>
    
  </channel>
</rss>