<?xml version="1.0" encoding="utf-8" standalone="yes" ?>
<rss version="2.0" xmlns:atom="http://www.w3.org/2005/Atom">
  <channel>
      <title>2pac Featuring Jon B. on Letraspedia.com thes best lyrics page </title>
    <link>http://letraspedia.com/artist/2pac-featuring-jon-b/index./</link>
    <language>en-US</language>
    <author>Enthusiastic Hugo User</author>
    <rights>Copyright (c) 2014, Enthusiastic Hugo User; all rights reserved.</rights>
    <updated>Mon, 01 Sep 2008 00:00:00 UTC</updated>
    
    <item>
      <title> R U Still Down?</title>
      <link>http://letraspedia.com/lyric/2pac-featuring-jon-b-r-u-still-down/</link>
      <pubDate>Mon, 01 Sep 2008 00:00:00 UTC</pubDate>
      <author>Enthusiastic Hugo User</author>
      <guid>http://letraspedia.com/lyric/2pac-featuring-jon-b-r-u-still-down/</guid>
      <description>&lt;p&gt;Chorus&lt;br /&gt;girl it&amp;#39;s alright now&lt;br /&gt;cause it&amp;#39;s there in your eyes&lt;br /&gt;yeah i can see that you want me&lt;br /&gt;by the way that you smile&lt;br /&gt;are you still down for me&lt;br /&gt;Jon b.&lt;br /&gt;Left once again at home&lt;br /&gt;another noght on your own&lt;br /&gt;ain&amp;#39;t no fun in loving&lt;br /&gt;if you&amp;#39;re loving alone&lt;br /&gt;how does it feel to be useless&lt;br /&gt;oh no can you recall how&lt;br /&gt;close we use to be then&lt;br /&gt;can you still remember those feelings again&lt;br /&gt;seems like everytime i see you&lt;br /&gt;there&amp;#39;s a tear in your eye&lt;br /&gt;time to make some decisions&lt;br /&gt;or go dying inside&lt;br /&gt;Tupac&lt;br /&gt;Tell&amp;#39;em all call me a fool&lt;br /&gt;but i&amp;#39;m stuck in this love thang&lt;br /&gt;plus i&amp;#39;m overheatin&amp;#39; from the rush&lt;br /&gt;our tongues touch&lt;br /&gt;kissin feelin fireworks&lt;br /&gt;watch the sky&lt;br /&gt;i make you smile&lt;br /&gt;but you&amp;#39;d rather have&lt;br /&gt;what makes you cry&lt;br /&gt;say goodbye and leave now&lt;br /&gt;with my heart on my sleeve&lt;br /&gt;memories what i found is you&lt;br /&gt;still care (still care) you had feelings&lt;br /&gt;and they&amp;#39;re still there baby&lt;br /&gt;girl keep it real here&lt;br /&gt;are you still down&lt;br /&gt;Chorus&lt;br /&gt;girl it&amp;#39;s alright now&lt;br /&gt;cause it&amp;#39;s there in your eyes&lt;br /&gt;yeah i can see that you want me&lt;br /&gt;by the way that you smile&lt;br /&gt;are you still down for me (repeat)&lt;br /&gt;Jon b.&lt;br /&gt;Remember that evening&lt;br /&gt;i knew that you were too scared&lt;br /&gt;to go all the way&lt;br /&gt;but you did it to please me&lt;br /&gt;crying it was raining&lt;br /&gt;when you gave&lt;br /&gt;&lt;br&gt;&lt;/p&gt;
</description>
    </item>
    
  </channel>
</rss>