<?xml version="1.0" encoding="utf-8" standalone="yes" ?>
<rss version="2.0" xmlns:atom="http://www.w3.org/2005/Atom">
  <channel>
      <title>2 X on Letraspedia.com thes best lyrics page </title>
    <link>http://letraspedia.com/artist/2-x/</link>
    <language>en-US</language>
    <author>Enthusiastic Hugo User</author>
    <rights>Copyright (c) 2014, Enthusiastic Hugo User; all rights reserved.</rights>
    <updated>Mon, 01 Sep 2008 00:00:00 UTC</updated>
    
    <item>
      <title> A Romper La Calma</title>
      <link>http://letraspedia.com/lyric/2-x-a-romper-la-calma/</link>
      <pubDate>Mon, 01 Sep 2008 00:00:00 UTC</pubDate>
      <author>Enthusiastic Hugo User</author>
      <guid>http://letraspedia.com/lyric/2-x-a-romper-la-calma/</guid>
      <description>&lt;p&gt;Ahora si&amp;hellip;&lt;br /&gt;Ahhhhhhhhhhhhhhh!!! uh!&lt;br /&gt;Y nos vemos de nuevo en el purgatorio&lt;br /&gt;Aquí rezando y transpirando odio&lt;br /&gt;Con mis letras yo te sigo castigando ¡ah!&lt;br /&gt;Y rima a rima yo te voy matando&lt;br /&gt;Y para que pagar má penas en esta condena&lt;br /&gt;Mira&lt;br /&gt;La libertad nunca llega&lt;br /&gt;Y patea golpea, patea golpea con más fuerza&lt;br /&gt;Al enemigo que está tra la puerta&lt;br /&gt;Esperando al acecho el momento en el trecho&lt;br /&gt;¡perfecto! para atacarte directo al cerebro&lt;br /&gt;&lt;br /&gt;Y meterte más mierda de la que te han metido&lt;br /&gt;Y luego te preguntas por que te han mentido&lt;br /&gt;Y maldice te sigue bendice tu rabia&lt;br /&gt;Que ya es hora de dar la batalla&lt;br /&gt;Siente en tu mente el lamento que surge&lt;br /&gt;Escúchalo para que este te ayude,&lt;br /&gt;Porque es el único que sirve para&lt;br /&gt;Poder seguir, para que así a tu enemigo hacer&lt;br /&gt;Sufrir y tener preparada y listas todas tus armas&lt;br /&gt;Ya es la hora de romper la calma.&lt;br /&gt;&lt;br /&gt;A romper la calma, a romper la calmaaaaa &amp;hellip;&lt;br /&gt;&lt;br /&gt;2x pateando cráneos ya esta aquí&lt;br /&gt;&lt;br /&gt;Y seguimos le damos vamos en el momento&lt;br /&gt;Cuando estamos presentes! ¡atención! 2x&lt;br /&gt;No te miente siempre sigue latente en el&lt;br /&gt;Lamento de la gente que se traspasa por mis&lt;br /&gt;Venas y no pasa la pena que se&lt;br /&gt;Acumula en mi cabeza que ni se me queda&lt;br /&gt;Y no me deja ¡libre! en este mundo de mierda&lt;br /&gt;Pero para eso estamos unidos y nos&lt;br /&gt;Quedamos fusionados en nuestro mundo cuyo&lt;br /&gt;Emblema lema es siempre seguros con el puño&lt;br /&gt;Duro sin pasar apuros 2x aquí estuvo con su&lt;br /&gt;Estilo duro entragando lo suyo&lt;br /&gt;Paah! mis palabras son mis balas&lt;br /&gt;Siempre van dirigidas con la mira cara a cara&lt;br /&gt;Ya ¡basta! de buscar una solución&lt;br /&gt;Es hora de que salgamos a salvar nuestra&lt;br /&gt;Nación ponte atento a la rima y la mente&lt;br /&gt;Preparada que ahora nunca mas me escupirán&lt;br /&gt;A la cara y no se limpiarán mas los pies sobre&lt;br /&gt;Mi alma esta es la hora de romper la calma&lt;br /&gt;&lt;br /&gt;A romper la calma , a romper la calma &amp;hellip;.&lt;br /&gt;Y la conchetumare!!!&lt;br /&gt;&lt;br&gt;&lt;/p&gt;
</description>
    </item>
    
    <item>
      <title> La Fuerza Policial</title>
      <link>http://letraspedia.com/lyric/2-x-la-fuerza-policial/</link>
      <pubDate>Mon, 01 Sep 2008 00:00:00 UTC</pubDate>
      <author>Enthusiastic Hugo User</author>
      <guid>http://letraspedia.com/lyric/2-x-la-fuerza-policial/</guid>
      <description>&lt;p&gt;Uh!&lt;br /&gt;Que te pasa!&lt;br /&gt;Vam&amp;rsquo;o a hablar, vam&amp;rsquo;o a hablar de la fuerza policial&lt;br /&gt;Y su gran, gran influencia e impunidad&lt;br /&gt;Yo estoy, tu estás, estamos en una plaza&lt;br /&gt;¡con una caja de vino pasándolo la raja!&lt;br /&gt;De repente llegan con su prepotencia&lt;br /&gt;Nos tratan de echar, nos tratan de indecentes&lt;br /&gt;Por la fuerza (fuerzaaaa!), te dicen que te vayas&lt;br /&gt;Cuando en realidad tu no estás haciendo nada&lt;br /&gt;Y que pasa, que pasa si no quieres abandonar&lt;br /&gt;Al furgón al furgón vamos todos a parar&lt;br /&gt;Y adentro (adentro) nos pegan&lt;br /&gt;Nos insultan, nos maltratan y al final nos sueltan&lt;br /&gt;&lt;br /&gt;Abuso de poder, abuso de poder&lt;br /&gt;Golpe a golpe imponiendo la ley&lt;br /&gt;&lt;br /&gt;Ya no se me ocurre como llamarlos&lt;br /&gt;Cerdos asquerosos o malditos bastardos&lt;br /&gt;Lo único que sé, es que estoy encabronado&lt;br /&gt;Y que de ahora en adelante solo podre odiarlos&lt;br /&gt;Y hasta cuando , hasta cuando seguiré&lt;br /&gt;Aguantando toda esta mierda que anda por doquier&lt;br /&gt;Lo que sé, yo sé, lo que si haré&lt;br /&gt;Será seguir cantando por que así descargaré&lt;br /&gt;Toda esta mierda que está dentro de mi&lt;br /&gt;Todo el odio que tengo hacia tí&lt;br /&gt;Y ya no en cuentro rimas para tanto disgusto&lt;br /&gt;No encuentro rimas para tanto abuso&lt;br /&gt;Ellos estan para la seguridad social&lt;br /&gt;Y no para maltratar a la sociedad&lt;br /&gt;&lt;br /&gt;Que pasa con mi gente que le pega a mi gente&lt;br /&gt;Y por que mi gente no se defiende&lt;br /&gt;&lt;br /&gt;Abuso de poder, abuso de poder&lt;br /&gt;Golpe a golpe imponiendo la ley&lt;br /&gt;&lt;br /&gt;Viva chile conchemimare&lt;br /&gt;&lt;br&gt;&lt;/p&gt;
</description>
    </item>
    
    <item>
      <title> Pachamama</title>
      <link>http://letraspedia.com/lyric/2-x-pachamama/</link>
      <pubDate>Mon, 01 Sep 2008 00:00:00 UTC</pubDate>
      <author>Enthusiastic Hugo User</author>
      <guid>http://letraspedia.com/lyric/2-x-pachamama/</guid>
      <description>&lt;p&gt;Patria iños sin gracia cultura que pasa
&lt;br&gt;gente de barrio familia y casa
&lt;br&gt;de boca a boca pasa la tradicion
&lt;br&gt;que viene de generacion en generacion
&lt;br&gt;controoooooooool!
&lt;br&gt;que corre por nuestra vena digo el corazon
&lt;br&gt;musica de mi tiera demente rierra morena que estalla
&lt;br&gt;cansada de absorver tanta sangre derramada
&lt;br&gt;gritos de guerras de vidas pasadas
&lt;br&gt;siento el orgullo alto como una araucaria
&lt;br&gt;que crece recta y erecta hacia el cielo hasta donde le
&lt;br&gt;emprende su majestuoso vuelo
&lt;br&gt;y velo como planea mirando el piso el dia en que el
&lt;br&gt;universo a ti te hizo
&lt;br&gt;
&lt;br&gt;pachamama los indios emblemas
&lt;br&gt;pachamama decendencia que quema
&lt;br&gt;pachamama no vieron luchando
&lt;br&gt;pachamama por este suelo santo
&lt;br&gt;
&lt;br&gt;300 años no pasan en bano aqui a mi lado reyes que
&lt;br&gt;lucharon codo a codo mano a mano
&lt;br&gt;siente la precenia de tu presendencia
&lt;br&gt;el poder que ejerce en tu conciencia toda la fuerza de
&lt;br&gt;una raza indomable combustible altamente inflamable
&lt;br&gt;energia que dentro de tu cuerpo arde
&lt;br&gt;potencia que te da tu tierra madre
&lt;br&gt;
&lt;br&gt;sangre tierra raza esta es tu patria
&lt;br&gt;sangre tierra raza no se tranza
&lt;br&gt;sangre tierra raza esta es tu patria
&lt;br&gt;fuerza vital que te da tu pacha
&lt;br&gt;sangre tierra raza esta es tu patria
&lt;br&gt;sangre tierra raza no se tranza
&lt;br&gt;sangre tierra raza esta es tu patria
&lt;br&gt;fuerza vital que te da tu pacha
&lt;br&gt;
&lt;br&gt;pachamama !!
&lt;br&gt;pachamama !!
&lt;br&gt;
&lt;br&gt;espero que no confundas nazismo con patriotismo por
&lt;br&gt;que no es lo mismo yo te hablo de una politica ide
&lt;br&gt;ideal no falsa catolica yo te hablo de un sentimiento
&lt;br&gt;real el amor a la pacha no lo puedes evitar hijo de
&lt;br&gt;una madre patria solo hay una mitad hijo del agua
&lt;br&gt;arrollo en tu cuna que como la luna alumbra en la
&lt;br&gt;obscuridad y eso le hizo ver la luz a tu caminar, hoy
&lt;br&gt;le rendimos culto a nuestra pacha con mis hermanos
&lt;br&gt;celebramos la raza ritmo fuerte de una rima que no
&lt;br&gt;falla como huaso weno pa la palla que sin querer fuera
&lt;br&gt;evitas mi frontera esta es tu tierra aqui y donde sea
&lt;br&gt;
&lt;br&gt;sangre tierra raza esta es tu patria
&lt;br&gt;sangre tierra raza no se tranza
&lt;br&gt;sangre tierra raza esta es tu patria
&lt;br&gt;fuerza vital que te da tu pacha
&lt;br&gt;sangre tierra raza esta es tu patria
&lt;br&gt;sangre tierra raza no se tranza
&lt;br&gt;sangre tierra raza esta es tu patria
&lt;br&gt;fuerza vital que te da tu pacha
&lt;br&gt;
&lt;br&gt;pachamama !!
&lt;br&gt;pachamama !!
&lt;br&gt;pachamama !!
&lt;br&gt;pachamama !!&lt;/p&gt;
</description>
    </item>
    
    <item>
      <title> Pateando Craneos</title>
      <link>http://letraspedia.com/lyric/2-x-pateando-craneos/</link>
      <pubDate>Mon, 01 Sep 2008 00:00:00 UTC</pubDate>
      <author>Enthusiastic Hugo User</author>
      <guid>http://letraspedia.com/lyric/2-x-pateando-craneos/</guid>
      <description>&lt;p&gt;Atención, atención, 2x en cuestión&lt;br /&gt;Seguimos dándole duro sin vacilación&lt;br /&gt;Atacando con sentido, con dialecto directo&lt;br /&gt;Hacemos lo que queremos entregamos lo nuestro&lt;br /&gt;Esto ya es mío y lo llevo en mi sangre&lt;br /&gt;Corre por mis venas, ya no hay quién me salve&lt;br /&gt;Porque no hay cura para mi enfermedad&lt;br /&gt;2x ya está aqui y llegó sin piedad&lt;br /&gt;&lt;br /&gt;Mi nombre es adx con la x bien marcada&lt;br /&gt;Traigo la rima fuerte que te agarra a patadas&lt;br /&gt;Y con mi vista rápido mira fijo al enemig&lt;br /&gt;Apunto a su mente y aprieto el gatillo&lt;br /&gt;Yo canto a la vardad digo mi realidad&lt;br /&gt;Y no me abra&amp;rsquo;i los ojos&lt;br /&gt;Porque yo te los abro más&lt;br /&gt;&lt;br /&gt;2x&lt;br /&gt;&lt;br /&gt;2x pateando craneos&lt;br /&gt;&lt;br /&gt;La x es por la decendencia&lt;br /&gt;Incógnita indígena que se estima decencia&lt;br /&gt;Somos el producto de un tercer mundo decadente&lt;br /&gt;Es crítico pá los latinos al presente&lt;br /&gt;Vamos salta salta mueve tu cabeza&lt;br /&gt;Aclama la queja escucha lo que te deja 2x&lt;br /&gt;Sin poner objeción a ninguna situación&lt;br /&gt;2x ya está aquí y llegó sin compasión&lt;br /&gt;2x&lt;br /&gt;&lt;br /&gt;2x pateando craneos&lt;br /&gt;&lt;br /&gt;Y no pemsamos cambiar nuestra forma de tocar&lt;br /&gt;Si es que no te gusta aguantate no más&lt;br /&gt;Vamos a seguir 2x don&amp;rsquo;t stop&lt;br /&gt;Seguiremos dándole duro&lt;br /&gt;Te guste o no&lt;br /&gt;2x&lt;br /&gt;&lt;br&gt;&lt;/p&gt;
</description>
    </item>
    
  </channel>
</rss>