<?xml version="1.0" encoding="utf-8" standalone="yes" ?>
<rss version="2.0" xmlns:atom="http://www.w3.org/2005/Atom">
  <channel>
      <title>38 Special on Letraspedia.com thes best lyrics page </title>
    <link>http://letraspedia.com/artist/38-special/</link>
    <language>en-US</language>
    <author>Enthusiastic Hugo User</author>
    <rights>Copyright (c) 2014, Enthusiastic Hugo User; all rights reserved.</rights>
    <updated>Mon, 01 Sep 2008 00:00:00 UTC</updated>
    
    <item>
      <title> 20th Century Fox</title>
      <link>http://letraspedia.com/lyric/38-special-20th-century-fox/</link>
      <pubDate>Mon, 01 Sep 2008 00:00:00 UTC</pubDate>
      <author>Enthusiastic Hugo User</author>
      <guid>http://letraspedia.com/lyric/38-special-20th-century-fox/</guid>
      <description>&lt;p&gt;She claimed to travel in her own Lear jet
&lt;br&gt;When in fact she arrived in a powder blue Corvette
&lt;br&gt;She only stays in the plush hotels
&lt;br&gt;She loves her daddy&amp;rsquo;s cash
&lt;br&gt;&amp;lsquo;Cause it spends so well
&lt;br&gt;Just watch the way she walks
&lt;br&gt;She&amp;rsquo;s got a double barrel figure
&lt;br&gt;Watch her body talk
&lt;br&gt;Chorus:
&lt;br&gt;
&lt;br&gt;She&amp;rsquo;s a twentieth century fox, oh watch her walk
&lt;br&gt;She&amp;rsquo;s a twentieth century fox, talk that talk
&lt;br&gt;She got designer jeans, so tight &amp;lsquo;n blue
&lt;br&gt;Break out in a sweat when she looks at you
&lt;br&gt;
&lt;br&gt;She loves lights, cameras and action
&lt;br&gt;To the boys on the set, she&amp;rsquo;s the star attraction
&lt;br&gt;[Más Letras en es.mp3lyrics.org/b11]
&lt;br&gt;Just watch the way she walks
&lt;br&gt;She&amp;rsquo;s got it all up front
&lt;br&gt;Just watch her body talk
&lt;br&gt;
&lt;br&gt;Chorus
&lt;br&gt;She got designer jeans, so tight &amp;lsquo;n blue
&lt;br&gt;Break out in a sweat when she looks at you
&lt;br&gt;She loves lights, cameras and action
&lt;br&gt;To the boys on the set, she&amp;rsquo;s the star attraction
&lt;br&gt;Just watch the way she walks
&lt;br&gt;She&amp;rsquo;s got a double barrel figure
&lt;br&gt;Just watch her body talk
&lt;br&gt;
&lt;br&gt;Chorus
&lt;br&gt;
&lt;br&gt;She&amp;rsquo;s a twentieth century fox, oh
&lt;br&gt;watch her walk, watch her walk
&lt;br&gt;She&amp;rsquo;s a twentieth century fox, talk that talk
&lt;br&gt;(Walk that walk, talk that talk)
&lt;br&gt;Twentieth century fox, she&amp;rsquo;s a twentieth century fox
&lt;br&gt;Twentieth century fox, twentieth century fox&lt;/p&gt;
</description>
    </item>
    
    <item>
      <title> After The Fire Is Gone</title>
      <link>http://letraspedia.com/lyric/38-special-after-the-fire-is-gone/</link>
      <pubDate>Mon, 01 Sep 2008 00:00:00 UTC</pubDate>
      <author>Enthusiastic Hugo User</author>
      <guid>http://letraspedia.com/lyric/38-special-after-the-fire-is-gone/</guid>
      <description>&lt;p&gt;You never know what the moment
&lt;br&gt;means till it&amp;rsquo;s finally gone
&lt;br&gt;You burned so fast, you put out the
&lt;br&gt;flame, tell me, what went wrong?
&lt;br&gt;How do you get back to the heat of yesterday?
&lt;br&gt;How do you live feelin&amp;rsquo; like you&amp;rsquo;re dying more each day?
&lt;br&gt;After the Fire Is Gone
&lt;br&gt;After the Fire is Gone
&lt;br&gt;
&lt;br&gt;You had the whole world at your
&lt;br&gt;feet and you stood so tall
&lt;br&gt;You played the game one too many
&lt;br&gt;times, now you&amp;rsquo;ve lost it a
&lt;br&gt;What got you started now is a million miles away
&lt;br&gt;You wake up only to find that
&lt;br&gt;you&amp;rsquo;re a little bit too late
&lt;br&gt;After the Fire is Gone
&lt;br&gt;After the Fire is Gone
&lt;br&gt;
&lt;br&gt;(Bridge)
&lt;br&gt;World keeps turnin&amp;rsquo;, life keeps burnin&amp;rsquo;
&lt;br&gt;After the Fire is Gone
&lt;br&gt;World keeps rollin&amp;rsquo; on and on and on and on and on &amp;hellip;..
&lt;br&gt;After the Fire is Gone
&lt;br&gt;
&lt;br&gt;It&amp;rsquo;s gone, it&amp;rsquo;s gone, it&amp;rsquo;s gone, it&amp;rsquo;s gone&amp;hellip;..
&lt;br&gt;After the Fire is Gone.
&lt;br&gt;
&lt;br&gt;(Repeat)&lt;/p&gt;
</description>
    </item>
    
    <item>
      <title> Against The Night</title>
      <link>http://letraspedia.com/lyric/38-special-against-the-night/</link>
      <pubDate>Mon, 01 Sep 2008 00:00:00 UTC</pubDate>
      <author>Enthusiastic Hugo User</author>
      <guid>http://letraspedia.com/lyric/38-special-against-the-night/</guid>
      <description>&lt;p&gt;A light on your shoulder,
&lt;br&gt;Cool as ice and bright as lightnin&amp;rsquo;
&lt;br&gt;Thunder in your eyes,
&lt;br&gt;Talk to me and tell me
&lt;br&gt;I&amp;rsquo;m in deeper every move.
&lt;br&gt;&amp;lsquo;Till I&amp;rsquo;m almost lost in you.
&lt;br&gt;Can you feel the way
&lt;br&gt;That I can&amp;rsquo;t hold back,
&lt;br&gt;There&amp;rsquo;s no limit to
&lt;br&gt;What love can do.
&lt;br&gt;
&lt;br&gt;Girl, it&amp;rsquo;s only
&lt;br&gt;You and me against the night.
&lt;br&gt;In the shadows,
&lt;br&gt;Finding love could save your life.
&lt;br&gt;In a world of strangers,
&lt;br&gt;The lovers will survive.
&lt;br&gt;It&amp;rsquo;s all that we have,
&lt;br&gt;You and me against the night.
&lt;br&gt;
&lt;br&gt;We should be movin&amp;rsquo;,
&lt;br&gt;Like a thief time
&lt;br&gt;steals your chances.
&lt;br&gt;Now we got the fire,
&lt;br&gt;But you wonder how long can we
&lt;br&gt;Keep the spark alive.
&lt;br&gt;If it takes us through the night.
&lt;br&gt;Then it&amp;rsquo;s all that I need
&lt;br&gt;And I won&amp;rsquo;t take less,
&lt;br&gt;For the moment I know you&amp;rsquo;re mine.
&lt;br&gt;
&lt;br&gt;Girl, it&amp;rsquo;s only
&lt;br&gt;You and me against the night.
&lt;br&gt;In the shadows,
&lt;br&gt;Finding love can save your life.
&lt;br&gt;In a world of strangers,
&lt;br&gt;The lovers will survive.
&lt;br&gt;It&amp;rsquo;s all that we have,
&lt;br&gt;You and me against the night.
&lt;br&gt;
&lt;br&gt;Lead Break
&lt;br&gt;
&lt;br&gt;Can we keep the spark alive?
&lt;br&gt;&amp;lsquo;Cause it takes us
&lt;br&gt;Through the night.
&lt;br&gt;Then it&amp;rsquo;s all that I
&lt;br&gt;need, And I won&amp;rsquo;t take
&lt;br&gt;less,
&lt;br&gt;For the moment I know you&amp;rsquo;re mine,
&lt;br&gt;You&amp;rsquo;re mine, yeah.
&lt;br&gt;Girl, it&amp;rsquo;s only
&lt;br&gt;You and me against the night.
&lt;br&gt;In the shadows,
&lt;br&gt;Finding love can save your life.
&lt;br&gt;In a world of strangers,
&lt;br&gt;The lovers will survive.
&lt;br&gt;It&amp;rsquo;s all that we have,
&lt;br&gt;You and me against the night.
&lt;br&gt;You and me against the night.
&lt;br&gt;Against the night&lt;/p&gt;
</description>
    </item>
    
    <item>
      <title> Around And Around</title>
      <link>http://letraspedia.com/lyric/38-special-around-and-around/</link>
      <pubDate>Mon, 01 Sep 2008 00:00:00 UTC</pubDate>
      <author>Enthusiastic Hugo User</author>
      <guid>http://letraspedia.com/lyric/38-special-around-and-around/</guid>
      <description>&lt;p&gt;They say the joint was rockin&amp;rsquo;
&lt;br&gt;a goin&amp;rsquo; &amp;lsquo;round and round
&lt;br&gt;Yeah reelin&amp;rsquo; and a rockin&amp;rsquo;
&lt;br&gt;What a crazy sound
&lt;br&gt;But you never stopped rockin&amp;rsquo;
&lt;br&gt;Till the moon went down
&lt;br&gt;
&lt;br&gt;Though it sounds so sweet
&lt;br&gt;I hadda take me a chance
&lt;br&gt;I rose out of my seat
&lt;br&gt;I just had to dance
&lt;br&gt;Started movin&amp;rsquo; my feet
&lt;br&gt;Yeah clappin&amp;rsquo; my hands, Alright
&lt;br&gt;
&lt;br&gt;But you kept on rockin&amp;rsquo;
&lt;br&gt;Going &amp;lsquo;Round and around
&lt;br&gt;Yeah reelin&amp;rsquo; and a rockin&amp;rsquo;
&lt;br&gt;What a crazy sound
&lt;br&gt;But you never stopped rockin&amp;rsquo;
&lt;br&gt;Till the moon went down
&lt;br&gt;
&lt;br&gt;I said Twelve o&amp;rsquo;clock
&lt;br&gt;I say the place as packed
&lt;br&gt;The front doors was locked
&lt;br&gt;I say the place was packed
&lt;br&gt;When the police knocked
&lt;br&gt;Both doors flew back
&lt;br&gt;
&lt;br&gt;Chorus twice&lt;/p&gt;
</description>
    </item>
    
    <item>
      <title> Back Alley Sally</title>
      <link>http://letraspedia.com/lyric/38-special-back-alley-sally/</link>
      <pubDate>Mon, 01 Sep 2008 00:00:00 UTC</pubDate>
      <author>Enthusiastic Hugo User</author>
      <guid>http://letraspedia.com/lyric/38-special-back-alley-sally/</guid>
      <description>&lt;p&gt;Back Alley Sally,
&lt;br&gt;When you gonna come my way?
&lt;br&gt;It&amp;rsquo;s over here, bouncin&amp;rsquo; baby,
&lt;br&gt;I been waitin&amp;rsquo; for you night and day
&lt;br&gt;You got a crew all shook up,
&lt;br&gt;How long&amp;rsquo;s it gonna take for you to give it up?
&lt;br&gt;Back Alley Sally, I can play your game
&lt;br&gt;
&lt;br&gt;Back Alley Sally, I know I&amp;rsquo;m just a crazy fool
&lt;br&gt;I have never never met a woman
&lt;br&gt;Awoman quite like you
&lt;br&gt;You got, I swear you got those crazy eyes,
&lt;br&gt;Kind-a like to take a man by surprise
&lt;br&gt;Back Alley Sally, I love to watch you move
&lt;br&gt;
&lt;br&gt;Well I know you like to tease and show your stuff
&lt;br&gt;Oo, baby, I&amp;rsquo;m callin&amp;rsquo; your bluff
&lt;br&gt;Come a little closer, let&amp;rsquo;s get on down
&lt;br&gt;We&amp;rsquo;ll drink my whiskey, tear up the town
&lt;br&gt;Back Alley Sally, tell me what you want to do
&lt;br&gt;I got to be back up
&lt;br&gt;I got to leave here soon
&lt;br&gt;
&lt;br&gt;You got, I swear you got those crazy eyes,
&lt;br&gt;Kind-a like to take a man by surprise
&lt;br&gt;Back Alley Sally, I love to watch you move
&lt;br&gt;
&lt;br&gt;Well I know you like to tease and show your stuff
&lt;br&gt;Oo, baby, I&amp;rsquo;m callin&amp;rsquo; your bluff
&lt;br&gt;Now don&amp;rsquo;t think I&amp;rsquo;m just messin&amp;rsquo; around,
&lt;br&gt;You&amp;rsquo;re the cream of the crop,
&lt;br&gt;You&amp;rsquo;re my kind of gal.
&lt;br&gt;Back Alley Sally, is that the kind of game you play,
&lt;br&gt;I got to pay your price if I want you to stay.
&lt;br&gt;Back Alley Sally,
&lt;br&gt;I got to pay your price if I want you to stay.&lt;/p&gt;
</description>
    </item>
    
    <item>
      <title> Back Door Stranger</title>
      <link>http://letraspedia.com/lyric/38-special-back-door-stranger/</link>
      <pubDate>Mon, 01 Sep 2008 00:00:00 UTC</pubDate>
      <author>Enthusiastic Hugo User</author>
      <guid>http://letraspedia.com/lyric/38-special-back-door-stranger/</guid>
      <description>&lt;p&gt;Take my chances, rather go to jail
&lt;br&gt;Than see the eyes of a coward runnin&amp;rsquo; loose and well
&lt;br&gt;He don&amp;rsquo;t care, he couldn&amp;rsquo;t give a damn
&lt;br&gt;Deprived of his victim, he&amp;rsquo;s a ruthless man
&lt;br&gt;He waits in the shadows &amp;lsquo;til the man is gone
&lt;br&gt;He moves to the door, now she&amp;rsquo;s all alone
&lt;br&gt;Far as you could see, that&amp;rsquo;s her only way
&lt;br&gt;She fears for her life and what her family would say
&lt;br&gt;
&lt;br&gt;(Chorus)
&lt;br&gt;Back door stranger
&lt;br&gt;A fair warning he&amp;rsquo;s out tonight
&lt;br&gt;A back door stranger
&lt;br&gt;We gotta stop him if the chance is right
&lt;br&gt;
&lt;br&gt;You read in the paper, most any day
&lt;br&gt;&amp;lsquo;Bout back door stranger and his evil ways
&lt;br&gt;The law can&amp;rsquo;t judge because he pleads insane
&lt;br&gt;It&amp;rsquo;s a sign of the times that we got to change
&lt;br&gt;You ask my opinion, he ain&amp;rsquo;t half a man
&lt;br&gt;He&amp;rsquo;s as cold as a snake about to strike again
&lt;br&gt;It&amp;rsquo;s a slap in the face that we tolerate
&lt;br&gt;The pain that he causes worries us grey
&lt;br&gt;
&lt;br&gt;(Chorus)
&lt;br&gt;
&lt;br&gt;Take my chances, rather go to jail
&lt;br&gt;Than see the eyes of a coward runnin&amp;rsquo; loose and well
&lt;br&gt;He don&amp;rsquo;t care, he couldn&amp;rsquo;t give a damn
&lt;br&gt;Deprived of his victim, he&amp;rsquo;s a ruthless man
&lt;br&gt;You ask my opinion, got to make a stand
&lt;br&gt;He&amp;rsquo;s cold as a snake, gonna strike again
&lt;br&gt;It&amp;rsquo;s a slap in the face that we tolerate
&lt;br&gt;The pain that he causes, it worries us grey
&lt;br&gt;
&lt;br&gt;(Chorus Twice)&lt;/p&gt;
</description>
    </item>
    
    <item>
      <title> Back On The Track</title>
      <link>http://letraspedia.com/lyric/38-special-back-on-the-track/</link>
      <pubDate>Mon, 01 Sep 2008 00:00:00 UTC</pubDate>
      <author>Enthusiastic Hugo User</author>
      <guid>http://letraspedia.com/lyric/38-special-back-on-the-track/</guid>
      <description>&lt;p&gt;Bad reputation, seems to be my style
&lt;br&gt;I&amp;rsquo;ve been categorized as a little wild
&lt;br&gt;The police took my photograph
&lt;br&gt;A hunted boy runnin&amp;rsquo; from his past
&lt;br&gt;Some even called me the devil&amp;rsquo;s child
&lt;br&gt;
&lt;br&gt;At seventeen, I was on my own
&lt;br&gt;Had the clothes on my back, from a broken home
&lt;br&gt;Slapped in the face &amp;lsquo;til my daddy got straight
&lt;br&gt;I knew it was time to run
&lt;br&gt;
&lt;br&gt;(Chorus)
&lt;br&gt;Now I&amp;rsquo;m back, back on the track again
&lt;br&gt;I&amp;rsquo;m back, I&amp;rsquo;m holdin&amp;rsquo; my own, I&amp;rsquo;m leadin&amp;rsquo; the pack
&lt;br&gt;I&amp;rsquo;m back, from a shattered home and a living hell
&lt;br&gt;I&amp;rsquo;m back, back on the track
&lt;br&gt;
&lt;br&gt;First indication, of trouble&amp;rsquo;s up ahead
&lt;br&gt;I saw the flashing blues, I saw the color red
&lt;br&gt;A big commotion at the friendly store
&lt;br&gt;Found a poor man robbed and a kid at the door
&lt;br&gt;&amp;ldquo;Guilty as charged&amp;rdquo;, or so the judge said
&lt;br&gt;
&lt;br&gt;I was sent to school to try to learn a trade
&lt;br&gt;But when the schoolboys laughed I became enraged
&lt;br&gt;I prayed to god that&amp;rsquo;s the last mistake I&amp;rsquo;d made
&lt;br&gt;
&lt;br&gt;(Chorus)
&lt;br&gt;
&lt;br&gt;Bad reputation freedom&amp;rsquo;s my desire
&lt;br&gt;I tried to clear my name, I came under fire
&lt;br&gt;A bad situation was a way of life
&lt;br&gt;With a cutthoat laywer given bad advice
&lt;br&gt;The only hope I had was a proven liar
&lt;br&gt;
&lt;br&gt;It was win or lose, out to clean the slate
&lt;br&gt;It was some big news when I made the break
&lt;br&gt;And I ran for years to avoid the state
&lt;br&gt;Another chance I was forced to take
&lt;br&gt;
&lt;br&gt;Now I&amp;rsquo;m back, back on the track again
&lt;br&gt;I&amp;rsquo;m back, I&amp;rsquo;m holdin&amp;rsquo; my own, I&amp;rsquo;m leadin&amp;rsquo; the pack
&lt;br&gt;I&amp;rsquo;m back, from a shattered home and a living hell
&lt;br&gt;I&amp;rsquo;m back, back on the track again
&lt;br&gt;I&amp;rsquo;m back, back on the track again
&lt;br&gt;I&amp;rsquo;m back, I&amp;rsquo;m back on the track again&lt;/p&gt;
</description>
    </item>
    
    <item>
      <title> Back To Paradise</title>
      <link>http://letraspedia.com/lyric/38-special-back-to-paradise/</link>
      <pubDate>Mon, 01 Sep 2008 00:00:00 UTC</pubDate>
      <author>Enthusiastic Hugo User</author>
      <guid>http://letraspedia.com/lyric/38-special-back-to-paradise/</guid>
      <description>&lt;p&gt;Grab your coat honey grab your hat
&lt;br&gt;This train is leavin&amp;rsquo; an it ain&amp;rsquo;t comin&amp;rsquo; back.
&lt;br&gt;Don&amp;rsquo;t need a ticket can&amp;rsquo;t you understand,
&lt;br&gt;You&amp;rsquo;re on your way to the promised land.
&lt;br&gt;It&amp;rsquo;s overdue, but now the time is right, yeah.
&lt;br&gt;It&amp;rsquo;s up to you, to make it real, so take me
&lt;br&gt;
&lt;br&gt;Take me back to paradise, ooh
&lt;br&gt;Take me back to paradise, ooh
&lt;br&gt;
&lt;br&gt;Old Saint Peter at the pearly gate,
&lt;br&gt;Sayin&amp;rsquo; &amp;ldquo;Hurry up boy or you&amp;rsquo;re gonna be late.&amp;rdquo;
&lt;br&gt;Take your mind off your worries for a moment or two,
&lt;br&gt;You gotta rock to the rhythm, it ain&amp;rsquo;t hard to do.
&lt;br&gt;Cause what you see, I know you&amp;rsquo;re gonna like, yeah.
&lt;br&gt;It&amp;rsquo;s up to you, to make it real, to take me,
&lt;br&gt;
&lt;br&gt;
&lt;br&gt;Take me back to paradise
&lt;br&gt;Take me back to paradise (paradise) oh yeah.
&lt;br&gt;
&lt;br&gt;Ooh, an when it&amp;rsquo;s outta reach, it&amp;rsquo;s just another beach
&lt;br&gt;In another town.
&lt;br&gt;So get your feet back on the ground.
&lt;br&gt;You worked all your life, you ain&amp;rsquo;t satisfied
&lt;br&gt;With a thing you&amp;rsquo;ve found.
&lt;br&gt;When will you realize it&amp;rsquo;ll come around?
&lt;br&gt;
&lt;br&gt;Pack your bags baby, get your things.
&lt;br&gt;You&amp;rsquo;ll never know what tomorrow brings.
&lt;br&gt;Mind yourself and watch what you say,
&lt;br&gt;Before you know, you&amp;rsquo;ll be on your way.
&lt;br&gt;It&amp;rsquo;s overdue, but now the time is right, yeah.
&lt;br&gt;It&amp;rsquo;s up to you, to make it real, so take me
&lt;br&gt;
&lt;br&gt;Take me back to paradise, paradise, uh huh
&lt;br&gt;Take me back to paradise, ooh
&lt;br&gt;Won&amp;rsquo;t you take me back to paradise.&lt;/p&gt;
</description>
    </item>
    
    <item>
      <title> Back Where You Belong</title>
      <link>http://letraspedia.com/lyric/38-special-back-where-you-belong/</link>
      <pubDate>Mon, 01 Sep 2008 00:00:00 UTC</pubDate>
      <author>Enthusiastic Hugo User</author>
      <guid>http://letraspedia.com/lyric/38-special-back-where-you-belong/</guid>
      <description>&lt;p&gt;38 special - back where you belong &lt;br /&gt;i heard you asking,..how i&amp;#39;m feeling &lt;br /&gt;guess i&amp;#39;ll play it day by day &lt;br /&gt;i&amp;#39;m still around now, my heart is healing, &lt;br /&gt;but something&amp;#39;s never gonna change &lt;br /&gt;cuz now i know,.love ain&amp;#39;t easy to find &lt;br /&gt;i let you go,..now i&amp;#39;m changing my mind &lt;br /&gt;(chorus) &lt;br /&gt;i know that love,..it don&amp;#39;t come easy &lt;br /&gt;took so long, it&amp;#39;s been hard to find &lt;br /&gt;and so love, you must believe me,.. &lt;br /&gt;ain&amp;#39;t  no one else in the way,.i know i was wrong, &lt;br /&gt;i want you back where you belong. &lt;br /&gt;want you back where you belong. &lt;br /&gt;back where you belong. &lt;br /&gt;I played around now,.i&amp;#39;ve done some dealing &lt;br /&gt;i found that love&amp;#39;s should be with you &lt;br /&gt;and so you&amp;#39;re gone now, my head is reeling &lt;br /&gt;don&amp;#39;t wanna be with someone new &lt;br /&gt;And so i know,..there&amp;#39;s a feeling inside,.. &lt;br /&gt;because i know what i&amp;#39;m leaving behind &lt;br /&gt;(chorus) &lt;br /&gt;&lt;em&gt;instrumental&lt;/em&gt; &lt;br /&gt;I guess in time, i&amp;#39;ll stop and think it over,. &lt;br /&gt;everything that we&amp;#39;ve been through &lt;br /&gt;this heart of mine will  never find another &lt;br /&gt;to love me just the way you do. &lt;br /&gt;(repeat first verse) &lt;br /&gt;(repeat chorus) &lt;br /&gt;(repeat chorus)&lt;br /&gt;&lt;br&gt;&lt;/p&gt;
</description>
    </item>
    
    <item>
      <title> Bad Looks Good On  You</title>
      <link>http://letraspedia.com/lyric/38-special-bad-looks-good-on-you/</link>
      <pubDate>Mon, 01 Sep 2008 00:00:00 UTC</pubDate>
      <author>Enthusiastic Hugo User</author>
      <guid>http://letraspedia.com/lyric/38-special-bad-looks-good-on-you/</guid>
      <description>&lt;p&gt;All day youre havin&amp;rsquo; to play the good girl
&lt;br&gt;And you never be letting your guard down
&lt;br&gt;But when the nighttime calls you to a different world
&lt;br&gt;You turn your attitude around
&lt;br&gt;
&lt;br&gt;With just a little bit of intimate danger
&lt;br&gt;And a lot of genuine mystery
&lt;br&gt;When the musics jumpin&amp;rsquo; it starts to change ya
&lt;br&gt;You got your tight red dress, high heeled shoes
&lt;br&gt;And a new barbed-wire tattoo&amp;hellip;baby
&lt;br&gt;Bad looks good on you
&lt;br&gt;
&lt;br&gt;It&amp;rsquo;s not like your shakin it for the first time
&lt;br&gt;Only a fool wouldnt realize
&lt;br&gt;And the way you move&amp;rsquo;s about to blow my mind
&lt;br&gt;Youve got me wild-eyed and hypnotized
&lt;br&gt;
&lt;br&gt;With just a little bit of intimate danger
&lt;br&gt;And a lot of genuine mystery
&lt;br&gt;When the musics jumpin&amp;rsquo; it starts to change ya
&lt;br&gt;Im mesmerized by the way you move
&lt;br&gt;Keep doin&amp;rsquo; the things you do
&lt;br&gt;Bad looks good on you
&lt;br&gt;
&lt;br&gt;Underneath your angel face
&lt;br&gt;There hidden in a darker place
&lt;br&gt;A place where only you can go and no one else can see
&lt;br&gt;And as the darkness starts to fall
&lt;br&gt;Your inner voice begins to call
&lt;br&gt;A wilder spirit trying to break free&lt;/p&gt;
</description>
    </item>
    
    <item>
      <title> Bone Against Steel</title>
      <link>http://letraspedia.com/lyric/38-special-bone-against-steel/</link>
      <pubDate>Mon, 01 Sep 2008 00:00:00 UTC</pubDate>
      <author>Enthusiastic Hugo User</author>
      <guid>http://letraspedia.com/lyric/38-special-bone-against-steel/</guid>
      <description>&lt;p&gt;Rollin&amp;#39; out to vegas &lt;br /&gt;On an eastbound outta l.a. &lt;br /&gt;I met a roughneck man who hailed from alabama &lt;br /&gt;His eyes had a lot to say &lt;br /&gt;And his name was rufus champion &lt;br /&gt;They call that train the desert wind &lt;br /&gt;And it blew like a mutha that day &lt;br /&gt;Thru the joshua trees &lt;br /&gt;We were battin&amp;#39; the breeze &lt;br /&gt;About our rock&amp;#39;n roll heros &lt;br /&gt;Dead or alive &lt;br /&gt;Chorus: &lt;br /&gt;Out across that night did we sail &lt;br /&gt;Bone against steel against the rail &lt;br /&gt;Boats against the stream &lt;br /&gt;Cutting against the grain &lt;br /&gt;Kept on rollin&amp;#39; &lt;br /&gt;Bone against steel &lt;br /&gt;As the moon rose in the window &lt;br /&gt;Rufus began his tale &lt;br /&gt;About an oil rig near the gulf coast &lt;br /&gt;Puttin&amp;#39; man against metal &lt;br /&gt;In a classic work-place accident &lt;br /&gt;He told how the drill commenced to shakin&amp;#39; &lt;br /&gt;The platform started to rock &lt;br /&gt;The chain began breaking &lt;br /&gt;They were straight out of luck &lt;br /&gt;And then the sky kinda lite up &lt;br /&gt;Just like a lightnin&amp;#39; bolt had struck &lt;br /&gt;Chorus: &lt;br /&gt;Workmen&amp;#39;s compensation don&amp;#39;t compensate for much &lt;br /&gt;With the doctors and lawyers and the irs and such &lt;br /&gt;You can break up the bone &lt;br /&gt;But the spirit just won&amp;#39;t bust &lt;br /&gt;When is bone against steel &lt;br /&gt;With casino lights up a shimmering &lt;br /&gt;We made that vegas stop &lt;br /&gt;And we laughed away our blues &lt;br /&gt;Now here&amp;#39;s the good news &lt;br /&gt;Rufus walks off heels a kickin&amp;#39; &lt;br /&gt;With his baby right by his side &lt;br /&gt;And as they waltzed on out of view &lt;br /&gt;We were back up to speed &lt;br /&gt;And clean outta sight &lt;br /&gt;Double chorus:&lt;br /&gt;&lt;br&gt;&lt;/p&gt;
</description>
    </item>
    
    <item>
      <title> Breakin Loose</title>
      <link>http://letraspedia.com/lyric/38-special-breakin-loose/</link>
      <pubDate>Mon, 01 Sep 2008 00:00:00 UTC</pubDate>
      <author>Enthusiastic Hugo User</author>
      <guid>http://letraspedia.com/lyric/38-special-breakin-loose/</guid>
      <description>&lt;p&gt;It was the typical blues, it was more bad news
&lt;br&gt;I was walkin&amp;rsquo; down a dirty street
&lt;br&gt;Saw a man, I knew some years before
&lt;br&gt;On the corner where the losers meet
&lt;br&gt;He had rags on his back, as a matter of fact
&lt;br&gt;Had a cold look on his face
&lt;br&gt;He was standin&amp;rsquo; in line, groanin&amp;rsquo; words to the kind
&lt;br&gt;As I passed I could hear him say, he said&amp;hellip;&amp;hellip;
&lt;br&gt;
&lt;br&gt;Don&amp;rsquo;t live your life by the dollar sign
&lt;br&gt;Live life to the limit, that&amp;rsquo;s the bottom line
&lt;br&gt;No guarantees what tomorrow will bring
&lt;br&gt;Be the best at what you are, it&amp;rsquo;s
&lt;br&gt;all a little insane&amp;gt;
&lt;br&gt;
&lt;br&gt;Breakin&amp;rsquo; loose, breakin&amp;rsquo; the chain
&lt;br&gt;You never know what the future will bring
&lt;br&gt;Breakin&amp;rsquo; loose, breakin&amp;rsquo; the spell
&lt;br&gt;I tried a part, now I&amp;rsquo;m playin&amp;rsquo; it well
&lt;br&gt;
&lt;br&gt;[Más Letras en es.mp3lyrics.org/jlm]
&lt;br&gt;Professional man, had the world in his hands
&lt;br&gt;He arrived in the finest cars
&lt;br&gt;He posted up his lifetime success
&lt;br&gt;Every night at his favorite bar
&lt;br&gt;He got off the track, he never looked back
&lt;br&gt;He&amp;rsquo;s an upper class renegade
&lt;br&gt;Now he ain&amp;rsquo;t got a dime, just his peace of mind
&lt;br&gt;And he knows that he&amp;rsquo;s got it made
&lt;br&gt;
&lt;br&gt;Breakin&amp;rsquo; loose, breakin&amp;rsquo; the chain
&lt;br&gt;You never know what the future will bring
&lt;br&gt;Breakin&amp;rsquo; loose, breakin&amp;rsquo; the spell
&lt;br&gt;I tried a part, now I&amp;rsquo;m playin&amp;rsquo; it well
&lt;br&gt;Breakin&amp;rsquo; loose, emotional bruise
&lt;br&gt;That&amp;rsquo;s enough, It&amp;rsquo;s time to go through
&lt;br&gt;Breakin&amp;rsquo; loose, cut the line
&lt;br&gt;It don&amp;rsquo;t matter what your money can buy
&lt;br&gt;
&lt;br&gt;Breakin&amp;rsquo; loose, breakin&amp;rsquo; the chain
&lt;br&gt;You never know what the future will bring
&lt;br&gt;Breakin&amp;rsquo; loose, breakin&amp;rsquo; the spell
&lt;br&gt;I tried a part, now I&amp;rsquo;m playin&amp;rsquo; it well
&lt;br&gt;Breakin&amp;rsquo; loose, emotional bruise
&lt;br&gt;The house on the hill, in a financial noose
&lt;br&gt;Breakin&amp;rsquo; loose, cut the line
&lt;br&gt;It don&amp;rsquo;t matter what your money can buy&lt;/p&gt;
</description>
    </item>
    
    <item>
      <title> Bring It On</title>
      <link>http://letraspedia.com/lyric/38-special-bring-it-on/</link>
      <pubDate>Mon, 01 Sep 2008 00:00:00 UTC</pubDate>
      <author>Enthusiastic Hugo User</author>
      <guid>http://letraspedia.com/lyric/38-special-bring-it-on/</guid>
      <description>&lt;p&gt;I been betrayed, cause I been away.
&lt;br&gt;Why can&amp;rsquo;t you ever see it my way?
&lt;br&gt;C&amp;rsquo;mon baby, you know what I mean.
&lt;br&gt;I been eleven years doin&amp;rsquo; long hard work,
&lt;br&gt;We&amp;rsquo;re finally getting&amp;rsquo; what we deserve.
&lt;br&gt;I said, C&amp;rsquo;mon baby, I&amp;rsquo;m not to blame.
&lt;br&gt;
&lt;br&gt;I said a one night stand takes
&lt;br&gt;a certain kind of man,
&lt;br&gt;But we do it.
&lt;br&gt;It&amp;rsquo;s a hell of way, you learn
&lt;br&gt;to live for the day,
&lt;br&gt;If you choose it.
&lt;br&gt;That&amp;rsquo;s why I say now,
&lt;br&gt;Take it from me, it&amp;rsquo;s not like it seems,
&lt;br&gt;Someday I&amp;rsquo;ll give ya all that you need.
&lt;br&gt;But a tense word, baby, you
&lt;br&gt;just gotta believe.
&lt;br&gt;
&lt;br&gt;I said a one night stand takes
&lt;br&gt;a certain kind of man,
&lt;br&gt;But we do it.
&lt;br&gt;You know I&amp;rsquo;m not much at home,
&lt;br&gt;We live that danger zone,
&lt;br&gt;But you knew it.
&lt;br&gt;
&lt;br&gt;That&amp;rsquo;s why I say,
&lt;br&gt;Bring it on.
&lt;br&gt;Bring it on.
&lt;br&gt;I&amp;rsquo;ll deal with trouble when I get home.
&lt;br&gt;Bring it on.
&lt;br&gt;Bring it on.
&lt;br&gt;I&amp;rsquo;d rather fight it than
&lt;br&gt;go it alone. Growl
&lt;br&gt;
&lt;br&gt;Lead Break
&lt;br&gt;
&lt;br&gt;The jealousy&amp;rsquo;s got you too blind to see.
&lt;br&gt;It ain&amp;rsquo;t fair what you&amp;rsquo;re doin&amp;rsquo; to me.
&lt;br&gt;I say, c&amp;rsquo;mon baby, I&amp;rsquo;m tired
&lt;br&gt;of tryin&amp;rsquo; to please.
&lt;br&gt;Lonely nights and cocaine highs,
&lt;br&gt;If that don&amp;rsquo;t getcha then
&lt;br&gt;you&amp;rsquo;ll pay the price.
&lt;br&gt;C&amp;rsquo;mon baby, that&amp;rsquo;s all a part of me.
&lt;br&gt;
&lt;br&gt;I say one night stands take a
&lt;br&gt;certain kind of man,
&lt;br&gt;But we do it.
&lt;br&gt;Lord, how we do it.
&lt;br&gt;I&amp;rsquo;m not much at home, we
&lt;br&gt;live that danger zone,
&lt;br&gt;
&lt;br&gt;That&amp;rsquo;s why I say,
&lt;br&gt;Bring it on.
&lt;br&gt;Bring it on.
&lt;br&gt;I&amp;rsquo;ll deal with trouble when I get home.
&lt;br&gt;Bring it on.
&lt;br&gt;Bring it on.
&lt;br&gt;I&amp;rsquo;d rather fight it than go it alone.
&lt;br&gt;Bring it on.
&lt;br&gt;Bring it on.
&lt;br&gt;I&amp;rsquo;ll deal with trouble when I get home.
&lt;br&gt;Bring it on, (Bring it on)
&lt;br&gt;Bring it on.
&lt;br&gt;I&amp;rsquo;d rather fight it than go it alone.
&lt;br&gt;Bring it on.&lt;/p&gt;
</description>
    </item>
    
    <item>
      <title> Burning Bridges</title>
      <link>http://letraspedia.com/lyric/38-special-burning-bridges/</link>
      <pubDate>Mon, 01 Sep 2008 00:00:00 UTC</pubDate>
      <author>Enthusiastic Hugo User</author>
      <guid>http://letraspedia.com/lyric/38-special-burning-bridges/</guid>
      <description>&lt;p&gt;You haven&amp;#39;t changed much &lt;br /&gt;From the last time i saw you &lt;br /&gt;You look so new to these old eyes &lt;br /&gt;So much water&amp;#39;s gone over the bridge &lt;br /&gt;That burned between you and i &lt;br /&gt;I&amp;#39;ve avoided nostalgia ignored the sentimental &lt;br /&gt;Tried to cut myself off from much of the past &lt;br /&gt;All that macho and all that bravado &lt;br /&gt;Makes me wanna laugh makes me wanna laugh &lt;br /&gt;We do what it takes to keep on pushin&amp;#39; &lt;br /&gt;We do what it takes to survive &lt;br /&gt;But seeing you now here at this moment &lt;br /&gt;Don&amp;#39;t it make you wonder &lt;br /&gt;Chorus i: &lt;br /&gt;Why&amp;#39;d we wanna burn those bridges &lt;br /&gt;Why&amp;#39;d we wanna light such a flame &lt;br /&gt;Ain&amp;#39;t no way to stay warm at the fire &lt;br /&gt;Of burning bridges burning bridges &lt;br /&gt;I&amp;#39;ve made some adjustments &lt;br /&gt;Worked out some problems &lt;br /&gt;Nearly drove myself crazy with things i can&amp;#39;t change &lt;br /&gt;But all that&amp;#39;s history little darlin&amp;#39; &lt;br /&gt;And it&amp;#39;s good to see you smile &lt;br /&gt;Just good to see you smile again &lt;br /&gt;You got what it takes to keep on pushin&amp;#39; &lt;br /&gt;You got what it takes to survive &lt;br /&gt;But seeing you now here at this moment &lt;br /&gt;Don&amp;#39;t it make me wonder &lt;br /&gt;Chorus ii: &lt;br /&gt;Why&amp;#39;d we wanna burn those bridges &lt;br /&gt;Why&amp;#39;d we wanna light such a flame &lt;br /&gt;Ain&amp;#39;t no way to stay warm at the fire &lt;br /&gt;Of burning bridges &lt;br /&gt;Why&amp;#39;d we wanna cry such a river &lt;br /&gt;Why&amp;#39;d we wanna sswim that distant shores &lt;br /&gt;There ain&amp;#39;t nothing to see in the light &lt;br /&gt;Of burning bridges &lt;br /&gt;I&amp;#39;m thinkin&amp;#39; that we could start over &lt;br /&gt;But rebuilding bridges takes time &lt;br /&gt;Time to heal time to forgive &lt;br /&gt;Let live and forget &lt;br /&gt;You haven&amp;#39;t changed much from the last time i saw you &lt;br /&gt;You look so new to these old eyes &lt;br /&gt;So much water&amp;#39;s gone over the bridge so much water &lt;br /&gt;Chorus ii: &lt;br /&gt;Burning bridges burning bridges burning bridges&lt;br /&gt;&lt;br&gt;&lt;/p&gt;
</description>
    </item>
    
    <item>
      <title> Canged By Love</title>
      <link>http://letraspedia.com/lyric/38-special-canged-by-love/</link>
      <pubDate>Mon, 01 Sep 2008 00:00:00 UTC</pubDate>
      <author>Enthusiastic Hugo User</author>
      <guid>http://letraspedia.com/lyric/38-special-canged-by-love/</guid>
      <description>&lt;p&gt;I have seen the full moon breakin&amp;rsquo;
&lt;br&gt;From behind the raging storm
&lt;br&gt;Saw a rainbow in the makin&amp;rsquo;
&lt;br&gt;Watched my baby being born
&lt;br&gt;But I never saw the seventh wonder
&lt;br&gt;Watched a hawk turn to a dove
&lt;br&gt;&amp;lsquo;till I saw a cold heart&amp;hellip;.
&lt;br&gt;Changed By Love.
&lt;br&gt;Now I&amp;rsquo;m Changed By Love.
&lt;br&gt;
&lt;br&gt;I have been a disbeliever
&lt;br&gt;A doubting Thomas in my time
&lt;br&gt;Did he walk upon the water?
&lt;br&gt;Did the water turn to wine?
&lt;br&gt;I threw my head back to the thunder
&lt;br&gt;Asked for proof from high above
&lt;br&gt;And then I saw a family
&lt;br&gt;Changed By Love.
&lt;br&gt;Now I&amp;rsquo;m Changed By Love.
&lt;br&gt;
&lt;br&gt;(Bridge)
&lt;br&gt;Now we will open our hearts
&lt;br&gt;Put an end to this madness, my friend
&lt;br&gt;If we hold on to each other
&lt;br&gt;and walk side by side
&lt;br&gt;There&amp;rsquo;s no battle on earth
&lt;br&gt;we can&amp;rsquo;t
&lt;br&gt;win&amp;hellip;&amp;hellip;..together
&lt;br&gt;
&lt;br&gt;From a father to a daughter
&lt;br&gt;From a mother to a son
&lt;br&gt;Let their love shine up to Heaven
&lt;br&gt;Let it shine for everyone
&lt;br&gt;Whisper to a hopeless stranger
&lt;br&gt;Tie a message to a dove
&lt;br&gt;Let him fly into a future
&lt;br&gt;Changed By Love.
&lt;br&gt;
&lt;br&gt;(Refrain)
&lt;br&gt;Whisper to a hopeless stranger
&lt;br&gt;Tie a message to a dove
&lt;br&gt;Send him off into a future
&lt;br&gt;Changed By Love.
&lt;br&gt;&amp;hellip;now we&amp;rsquo;re Changed By Love&amp;hellip;..
&lt;br&gt;
&lt;br&gt;Now the Heavens
&lt;br&gt;surrendered the answer to
&lt;br&gt;me
&lt;br&gt;I&amp;rsquo;m Changed By Love.
&lt;br&gt;
&lt;br&gt;(Repeat)&lt;/p&gt;
</description>
    </item>
    
  </channel>
</rss>