<?xml version="1.0" encoding="utf-8" standalone="yes" ?>
<rss version="2.0" xmlns:atom="http://www.w3.org/2005/Atom">
  <channel>
      <title>11 Finger on Letraspedia.com thes best lyrics page </title>
    <link>http://letraspedia.com/artist/11-finger/</link>
    <language>en-US</language>
    <author>Enthusiastic Hugo User</author>
    <rights>Copyright (c) 2014, Enthusiastic Hugo User; all rights reserved.</rights>
    <updated>Mon, 01 Sep 2008 00:00:00 UTC</updated>
    
    <item>
      <title> Drag You Down</title>
      <link>http://letraspedia.com/lyric/11-finger-drag-you-down/</link>
      <pubDate>Mon, 01 Sep 2008 00:00:00 UTC</pubDate>
      <author>Enthusiastic Hugo User</author>
      <guid>http://letraspedia.com/lyric/11-finger-drag-you-down/</guid>
      <description>&lt;p&gt;It&amp;rsquo;s biting it&amp;rsquo;s teething it&amp;rsquo;s biting i&amp;rsquo;m bleeding&lt;br /&gt;It&amp;rsquo;s calling it&amp;rsquo;s crawling it&amp;rsquo;s calling and i&amp;rsquo;m falling&lt;br /&gt;The perfect sound of middle ground&lt;br /&gt;Pull me under before i try to drag you down&lt;br /&gt;Someone has to pull me under before&lt;br /&gt;I try to drag you down&lt;br /&gt;They&amp;rsquo;re fighting they&amp;rsquo;re growing they&amp;rsquo;re fighting and i&amp;rsquo;m growing&lt;br /&gt;I&amp;rsquo;m biting i&amp;rsquo;m teething i&amp;rsquo;m bleeding&lt;br /&gt;&lt;br&gt;&lt;/p&gt;
</description>
    </item>
    
    <item>
      <title> Hypnotize</title>
      <link>http://letraspedia.com/lyric/11-finger-hypnotize/</link>
      <pubDate>Mon, 01 Sep 2008 00:00:00 UTC</pubDate>
      <author>Enthusiastic Hugo User</author>
      <guid>http://letraspedia.com/lyric/11-finger-hypnotize/</guid>
      <description>&lt;p&gt;Hold on so nervously
&lt;br&gt;To me and my drink
&lt;br&gt;I wish it was cooling me
&lt;br&gt;But so far, has not been good
&lt;br&gt;Its been shitty
&lt;br&gt;And I feel awkward, as I should
&lt;br&gt;This club has got to be
&lt;br&gt;The most pretentious thing
&lt;br&gt;Since I thought you and me
&lt;br&gt;Well I am imagining
&lt;br&gt;A dark lit place
&lt;br&gt;Or your place or my place
&lt;br&gt;
&lt;br&gt;Well Im not paralyzed
&lt;br&gt;But, I seem to be struck by you
&lt;br&gt;I want to make you move
&lt;br&gt;Because youre standing still
&lt;br&gt;If your body matches
&lt;br&gt;What your eyes can do
&lt;br&gt;Youll probably move right through
&lt;br&gt;Me on my way to you
&lt;br&gt;
&lt;br&gt;I hold out for one more drink
&lt;br&gt;Before I think
&lt;br&gt;Im looking too desperately
&lt;br&gt;But so far has not been fun
&lt;br&gt;I should just stay home
&lt;br&gt;If one thing really means one
&lt;br&gt;This club will hopefully
&lt;br&gt;Be closed in three weeks
&lt;br&gt;That would be cool with me
&lt;br&gt;Well Im still imagining
&lt;br&gt;A dark lit place
&lt;br&gt;Or your place or my place
&lt;br&gt;
&lt;br&gt;Well, Im not paralyzed
&lt;br&gt;But, I seem to be struck by you
&lt;br&gt;I want to make you move
&lt;br&gt;Because youre standing still
&lt;br&gt;If your body matches
&lt;br&gt;What your eyes can do
&lt;br&gt;Youll probably move right through
&lt;br&gt;Me on my way to you
&lt;br&gt;
&lt;br&gt;Well, Im not paralyzed
&lt;br&gt;But, I seem to be struck by you
&lt;br&gt;I want to make you move
&lt;br&gt;Because youre standing still
&lt;br&gt;If your body matches
&lt;br&gt;What your eyes can do
&lt;br&gt;Youll probably move right through
&lt;br&gt;Me on my way to you
&lt;br&gt;
&lt;br&gt;Im not paralyzed
&lt;br&gt;But, I seem to be struck by you
&lt;br&gt;I want to make you move
&lt;br&gt;Because youre standing still
&lt;br&gt;If your body matches
&lt;br&gt;What your eyes can do
&lt;br&gt;Youll probably move right through
&lt;br&gt;Me on my way to you
&lt;br&gt;
&lt;br&gt;Youll probably move right through
&lt;br&gt;Me on my way to you
&lt;br&gt;
&lt;br&gt;Youll probably move right through
&lt;br&gt;Me on my way to you&lt;/p&gt;
</description>
    </item>
    
    <item>
      <title> Sick Of It All</title>
      <link>http://letraspedia.com/lyric/11-finger-sick-of-it-all/</link>
      <pubDate>Mon, 01 Sep 2008 00:00:00 UTC</pubDate>
      <author>Enthusiastic Hugo User</author>
      <guid>http://letraspedia.com/lyric/11-finger-sick-of-it-all/</guid>
      <description>&lt;p&gt;Are the sins getting staler&lt;br /&gt;Does every moment move past you&lt;br /&gt;Or does it feel like forever&lt;br /&gt;And shouldn&amp;rsquo;t you be laughing too?&lt;br /&gt;Take a look how they found you&lt;br /&gt;Take a look what they&amp;rsquo;ve done to you now&lt;br /&gt;What was it they wanted&lt;br /&gt;Sullen and haunted?&lt;br /&gt;If only you saw it coming&lt;br /&gt;How far down would you fall&lt;br /&gt;If you never came up again&lt;br /&gt;&amp;lsquo;cause you&amp;rsquo;re so sick of it all&lt;br /&gt;And you want to change everything&lt;br /&gt;Just how deep will you go&lt;br /&gt;To see through it all?&lt;br /&gt;If you could consume her&lt;br /&gt;Would you say you were finding your way out?&lt;br /&gt;Is anything coming clearer&lt;br /&gt;Smashing your mirror?&lt;br /&gt;Still you can see you&amp;rsquo;re guilty&lt;br /&gt;Coming closer my composure turning&lt;br /&gt;Inside out in her&lt;br /&gt;Calling home all alone&lt;br /&gt;You can call i won&amp;rsquo;t answer&lt;br /&gt;Any question in my head&lt;br /&gt;Remains until you feel the same&lt;br /&gt;Never telling how i felt is all i ever cared about&lt;br /&gt;&lt;br&gt;&lt;/p&gt;
</description>
    </item>
    
  </channel>
</rss>