<?xml version="1.0" encoding="utf-8" standalone="yes" ?>
<rss version="2.0" xmlns:atom="http://www.w3.org/2005/Atom">
  <channel>
      <title>10nin Matsuri on Letraspedia.com thes best lyrics page </title>
    <link>http://letraspedia.com/artist/10nin-matsuri/</link>
    <language>en-US</language>
    <author>Enthusiastic Hugo User</author>
    <rights>Copyright (c) 2014, Enthusiastic Hugo User; all rights reserved.</rights>
    <updated>Mon, 01 Sep 2008 00:00:00 UTC</updated>
    
    <item>
      <title> Dancing Natsu Matsuri</title>
      <link>http://letraspedia.com/lyric/10nin-matsuri-dancing-natsu-matsuri/</link>
      <pubDate>Mon, 01 Sep 2008 00:00:00 UTC</pubDate>
      <author>Enthusiastic Hugo User</author>
      <guid>http://letraspedia.com/lyric/10nin-matsuri-dancing-natsu-matsuri/</guid>
      <description>&lt;p&gt;Ah!
&lt;br&gt;Kuraba no DJ niichan wa
&lt;br&gt;Bunshaka rekodo kosutero
&lt;br&gt;Matsuri no kisetsu ni nata nara
&lt;br&gt;Naze daka inakani kaechao
&lt;br&gt;
&lt;br&gt;Zachi de uwasa no gaichan mo
&lt;br&gt;Pararpara nanzo wo kateita
&lt;br&gt;Matsuri no kisetsu ni nattanara
&lt;br&gt;Ji mo toni kaette yukata ni kigaete
&lt;br&gt;
&lt;br&gt;Odorimasu
&lt;br&gt;nihon no matsuri
&lt;br&gt;Washoi washoi washoi washoi
&lt;br&gt;Odorimasu
&lt;br&gt;
&lt;br&gt;Bunshaka bunshaka washoi washoi
&lt;br&gt;Parapara parapara washoi washoi
&lt;br&gt;Bunshaka bunshaka washoi washoi
&lt;br&gt;Parapara parapara washoi washoi
&lt;br&gt;
&lt;br&gt;Ah!
&lt;br&gt;Are you ready?
&lt;br&gt;A here we go
&lt;br&gt;Everybody body
&lt;br&gt;A yoi yoi
&lt;br&gt;
&lt;br&gt;Washoi washoi (washoi washoi)
&lt;br&gt;Washoi washoi (washoi washoi)
&lt;br&gt;Washoi washoi washoi washoi washoi washoi washoi washoi
&lt;br&gt;Sosore danshingu
&lt;br&gt;Natsu matsuri washoi
&lt;br&gt;
&lt;br&gt;Ah! ah!
&lt;br&gt;Fui hari abushiba abushiba
&lt;br&gt;Dokorisha dokorisha
&lt;br&gt;Abushiba aushiba
&lt;br&gt;
&lt;br&gt;Fui hari abushiba abushiba
&lt;br&gt;Dokorisha dokorisha
&lt;br&gt;Abushiba aushiba
&lt;br&gt;
&lt;br&gt;Odorimasu
&lt;br&gt;keiki ga ii ne (yoisho)
&lt;br&gt;Washoi washoi washoi washoi
&lt;br&gt;Odorimasu
&lt;br&gt;
&lt;br&gt;Washoi washoi (washoi washoi)
&lt;br&gt;Washoi washoi (washoi washoi)
&lt;br&gt;Washoi washoi washoi washoi washoi washoi washoi washoi
&lt;br&gt;
&lt;br&gt;Washoi washoi (washoi washoi)
&lt;br&gt;Washoi washoi (washoi washoi)
&lt;br&gt;Washoi washoi washoi washoi washoi washoi washoi washoi
&lt;br&gt;
&lt;br&gt;Sosore danshingu
&lt;br&gt;natsu matsuri
&lt;br&gt;washoi
&lt;br&gt;
&lt;br&gt;Natsu matsuri washoi&lt;/p&gt;
</description>
    </item>
    
    <item>
      <title> Summer! Reggae Rainbow</title>
      <link>http://letraspedia.com/lyric/10nin-matsuri-summer-reggae-rainbow/</link>
      <pubDate>Mon, 01 Sep 2008 00:00:00 UTC</pubDate>
      <author>Enthusiastic Hugo User</author>
      <guid>http://letraspedia.com/lyric/10nin-matsuri-summer-reggae-rainbow/</guid>
      <description>&lt;p&gt;Hei!
&lt;br&gt;Ban bari ari buruburubanban
&lt;br&gt;Hei!
&lt;br&gt;Oyo yo yo
&lt;br&gt;
&lt;br&gt;Kono natsu ga kyonen yori mo tanoshii no wa
&lt;br&gt;Nandeka tte nandeka tte kangaeteta
&lt;br&gt;
&lt;br&gt;Kaigan wo sandaru de osanpo shitara
&lt;br&gt;Suna ga ippai suna ga ippai haitte kita
&lt;br&gt;
&lt;br&gt;Nee ude wo kunde ii desu ka?
&lt;br&gt;Choppiri choppiri amaete mimashita
&lt;br&gt;
&lt;br&gt;Hei!
&lt;br&gt;Banbari bari burururubanba
&lt;br&gt;Hei!
&lt;br&gt;Oyo yo yo
&lt;br&gt;
&lt;br&gt;Summer reggae rainbow ssummer reggae rainbow
&lt;br&gt;Kyuu ni anata umi made hashiridasu kara
&lt;br&gt;
&lt;br&gt;Sumner reggae rainbow, summer reggae rainbow
&lt;br&gt;Sugu ato wo oikakete sukkoronda
&lt;br&gt;
&lt;br&gt;Summer reggae rainbow, summer reggae rainbow
&lt;br&gt;Mushou ni hara ga tatte koronda mama yo
&lt;br&gt;
&lt;br&gt;Summer reggae rainbow, summer reggae rainbow
&lt;br&gt;Anata sokkou hashitte kite watashi zenbu dakiageta
&lt;br&gt;
&lt;br&gt;Yohou doori yuugata wa ame ga futta
&lt;br&gt;Jama shinaide jama shinai tooriame
&lt;br&gt;
&lt;br&gt;Kitai doori sono ato wa kirei na yuuyake
&lt;br&gt;Futari narande chiheisen wo nagametetara
&lt;br&gt;
&lt;br&gt;Sugoku kirei nanairo no
&lt;br&gt;Dekkai dekkai niji no kakehashi ga&amp;hellip;
&lt;br&gt;
&lt;br&gt;Samaa regee reinboo samaa regee reinboo
&lt;br&gt;Mawari mirya nandaka ii funiki!
&lt;br&gt;
&lt;br&gt;Summer reggae rainbow, summer reggae rainbow
&lt;br&gt;Doushiyou doushiyou muudo zenkai!
&lt;br&gt;
&lt;br&gt;Summer reggae rainbow, summer reggae rainbow
&lt;br&gt;Sharan raranraa rararara uta wo utatta
&lt;br&gt;
&lt;br&gt;Summer reggae rainbow, summer reggae rainbow
&lt;br&gt;Anata chotto fukure gao damatte me wo tojiyou ka na&amp;hellip;
&lt;br&gt;
&lt;br&gt;Summer reggae rainbow, summer reggae rainbow
&lt;br&gt;Mawari mirya nandaka ii funiki!
&lt;br&gt;
&lt;br&gt;Summer reggae rainbow, summer reggae rainbow
&lt;br&gt;Doushiyou doushiyou muudo zenkai!
&lt;br&gt;
&lt;br&gt;Summer raggae rainbow, summer reggae rainbow
&lt;br&gt;Sharan raranraa rararara raran raranraaran&amp;hellip;
&lt;br&gt;
&lt;br&gt;Sharan raranraaran sharan raranraaran
&lt;br&gt;Sharan raranraa rararara raran raranraaran
&lt;br&gt;
&lt;br&gt;Sharan raranraaran sharan raranraaran
&lt;br&gt;Sharan raranraa rararara raran raranraaran
&lt;br&gt;
&lt;br&gt;Sharan raranraaran sharan raranraaran
&lt;br&gt;Sharan raranraa rararara raran raranraaran
&lt;br&gt;Sharan raranraa ranraa ranraaran&lt;/p&gt;
</description>
    </item>
    
  </channel>
</rss>