<?xml version="1.0" encoding="utf-8" standalone="yes" ?>
<rss version="2.0" xmlns:atom="http://www.w3.org/2005/Atom">
  <channel>
      <title>1118 on Letraspedia.com thes best lyrics page </title>
    <link>http://letraspedia.com/artist/1118/</link>
    <language>en-US</language>
    <author>Enthusiastic Hugo User</author>
    <rights>Copyright (c) 2014, Enthusiastic Hugo User; all rights reserved.</rights>
    <updated>Mon, 01 Sep 2008 00:00:00 UTC</updated>
    
    <item>
      <title>A Love Of Convenience</title>
      <link>http://letraspedia.com/lyric/1118-a-love-of-convenience/</link>
      <pubDate>Mon, 01 Sep 2008 00:00:00 UTC</pubDate>
      <author>Enthusiastic Hugo User</author>
      <guid>http://letraspedia.com/lyric/1118-a-love-of-convenience/</guid>
      <description>&lt;p&gt;It&amp;#39;s good to see you again &lt;br /&gt;yea, that&amp;#39;s what i said &lt;br /&gt;it&amp;#39;s good to see you again &lt;br /&gt;and don&amp;#39;t pretend&amp;hellip;.. &lt;br /&gt;(chorus) &lt;br /&gt;that you wanted me &lt;br /&gt;and everything that comes with me just being me &lt;br /&gt;and i don&amp;#39;t care &lt;br /&gt;about anything, except time spent on your street &lt;br /&gt;why won&amp;#39;t this stop &lt;br /&gt;or maybe start is what we really want this to be &lt;br /&gt;i need you now &lt;br /&gt;more than anything, in due time &lt;br /&gt;Over and under my skin &lt;br /&gt;it&amp;#39;s good to see you again &lt;br /&gt;convenience only gave us the night &lt;br /&gt;it&amp;#39;s good to see you again &lt;br /&gt;over and under, under and over again &lt;br /&gt;over and under &lt;br /&gt;(talking, &amp;quot; i could have left you know. i could have gone without your voice&amp;quot;) &lt;br /&gt;Why can&amp;#39;t i see&amp;hellip;&amp;hellip;. &lt;br /&gt;(chorus) &lt;br /&gt;that you wanted me &lt;br /&gt;and everything that comes with me just being me &lt;br /&gt;and i don&amp;#39;t care &lt;br /&gt;about anything, except time spent on your street &lt;br /&gt;why won&amp;#39;t this stop &lt;br /&gt;or maybe start is what we really want this to be &lt;br /&gt;i need you now &lt;br /&gt;more than anything, in due&amp;hellip; &lt;br /&gt;I know, i see you &lt;br /&gt;there, under there &lt;br /&gt;i know, i see you &lt;br /&gt;here, over here, i (4x) &lt;br /&gt;(said no to virginia, waiting for tonight) (3x)&lt;br /&gt;&lt;br&gt;&lt;/p&gt;
</description>
    </item>
    
    <item>
      <title>A Walk Around Inside My Head</title>
      <link>http://letraspedia.com/lyric/1118-a-walk-around-inside-my-head/</link>
      <pubDate>Mon, 01 Sep 2008 00:00:00 UTC</pubDate>
      <author>Enthusiastic Hugo User</author>
      <guid>http://letraspedia.com/lyric/1118-a-walk-around-inside-my-head/</guid>
      <description>&lt;p&gt;Take a day &lt;br /&gt;and walk around inside my head &lt;br /&gt;but you can stay &lt;br /&gt;as long as you want &lt;br /&gt;until you feel pressured to say &lt;br /&gt;whichever this and that&amp;#39;s will fail without no play &lt;br /&gt;If you want it &lt;br /&gt;you can have it &lt;br /&gt;pressures there &lt;br /&gt;just go away &lt;br /&gt;i really want you &lt;br /&gt;but i can&amp;#39;t have you &lt;br /&gt;straighten your life out &lt;br /&gt;do what you wanna &lt;br /&gt;just go away &lt;br /&gt;everyday &lt;br /&gt;just go away &lt;br /&gt;Clock strikes 9 &lt;br /&gt;but upside down it&amp;#39;s 6 &lt;br /&gt;and i hate time &lt;br /&gt;cause when it&amp;#39;s 6 it&amp;#39;s 9 and this wasted trip &lt;br /&gt;down the way &lt;br /&gt;all these months of silence, silence &lt;br /&gt;can&amp;#39;t you stay? &lt;br /&gt;because it&amp;#39;s never enough, &lt;br /&gt;it&amp;#39;s never enough today &lt;br /&gt;Stare at the sun &lt;br /&gt;blinding your eyes &lt;br /&gt;feeling, this feeling &lt;br /&gt;this dying inside (4x)&lt;br /&gt;&lt;br&gt;&lt;/p&gt;
</description>
    </item>
    
    <item>
      <title>Best Left Unsaid</title>
      <link>http://letraspedia.com/lyric/1118-best-left-unsaid/</link>
      <pubDate>Mon, 01 Sep 2008 00:00:00 UTC</pubDate>
      <author>Enthusiastic Hugo User</author>
      <guid>http://letraspedia.com/lyric/1118-best-left-unsaid/</guid>
      <description>&lt;p&gt;I&amp;#39;ll wait for the skies to pour on me, for you &lt;br /&gt;don&amp;#39;t ask me why &lt;br /&gt;it&amp;#39;s all the things we couldn&amp;#39;t say &lt;br /&gt;These lonely eyes &lt;br /&gt;leave me feeling far away from you &lt;br /&gt;am i asking a bit too much from you &lt;br /&gt;don&amp;#39;t let me stand in the way of dreams you have &lt;br /&gt;A perfect vision of worlds colliding slowly &lt;br /&gt;melting in the flames of fires warmly glowing &lt;br /&gt;don&amp;#39;t ask me why &lt;br /&gt;it&amp;#39;s all the things we could never say &lt;br /&gt;These lonely eyes &lt;br /&gt;leave me feeling far away from you&lt;br /&gt;&lt;br&gt;&lt;/p&gt;
</description>
    </item>
    
    <item>
      <title>Breeze Knock Me Over</title>
      <link>http://letraspedia.com/lyric/1118-breeze-knock-me-over/</link>
      <pubDate>Mon, 01 Sep 2008 00:00:00 UTC</pubDate>
      <author>Enthusiastic Hugo User</author>
      <guid>http://letraspedia.com/lyric/1118-breeze-knock-me-over/</guid>
      <description>&lt;p&gt;The wind knocks me down &lt;br /&gt;and the walls are shaking &lt;br /&gt;when we&amp;#39;re troublemaking &lt;br /&gt;knock me down &lt;br /&gt;Sky is perfect now &lt;br /&gt;light and dark together somehow &lt;br /&gt;breeze &lt;br /&gt;knock me down &lt;br /&gt;stand there, breathe &lt;br /&gt;in and out somehow &lt;br /&gt;with you &lt;br /&gt;(chorus) &lt;br /&gt;breeze knock me over and over again &lt;br /&gt;now i&amp;#39;m waiting for you &lt;br /&gt;just make your move &lt;br /&gt;and knock me over now &lt;br /&gt;Face up, clever grin &lt;br /&gt;save faith, smile me in &lt;br /&gt;drink it up, never wait &lt;br /&gt;free fall, this is fate &lt;br /&gt;(chorus) &lt;br /&gt;Twinkle, twinkle &lt;br /&gt;all tonight &lt;br /&gt;twinkle, twinkle &lt;br /&gt;in your eyes &lt;br /&gt;yea &lt;br /&gt;missing, missing, you tonight&lt;br /&gt;&lt;br&gt;&lt;/p&gt;
</description>
    </item>
    
    <item>
      <title>Contradictions (tribute To Our Lady Peace - 4am)</title>
      <link>http://letraspedia.com/lyric/1118-contradictions-tribute-to-our-lady-peace-4am/</link>
      <pubDate>Mon, 01 Sep 2008 00:00:00 UTC</pubDate>
      <author>Enthusiastic Hugo User</author>
      <guid>http://letraspedia.com/lyric/1118-contradictions-tribute-to-our-lady-peace-4am/</guid>
      <description>&lt;p&gt;I hid from all your contradictions &lt;br /&gt;and found that they had won &lt;br /&gt;i blame myself for all your lonely tears &lt;br /&gt;we always fought &lt;br /&gt;i never thought we would have to wait &lt;br /&gt;then your words made me realize &lt;br /&gt;i&amp;#39;m wrong &lt;br /&gt;(chorus) &lt;br /&gt;if i don&amp;#39;t make it known that &lt;br /&gt;i&amp;#39;ve loved you all along &lt;br /&gt;just like the sunny days that &lt;br /&gt;we ignore because &lt;br /&gt;they&amp;#39;re all dumb and jaded &lt;br /&gt;and i hope to god i figure out &lt;br /&gt;what&amp;#39;s wrong &lt;br /&gt;I fall around myself &lt;br /&gt;not blinking &lt;br /&gt;but thinking i had lost &lt;br /&gt;i blame myself for being too much like &lt;br /&gt;everybody else &lt;br /&gt;i never thought i would just &lt;br /&gt;bend this way &lt;br /&gt;then you spoke and made me realize &lt;br /&gt;i&amp;#39;m wrong &lt;br /&gt;(chorus) &lt;br /&gt;And i hope to god i figure out what&amp;#39;s wrong 2x &lt;br /&gt;(chorus) 2x&lt;br /&gt;&lt;br&gt;&lt;/p&gt;
</description>
    </item>
    
    <item>
      <title>Crooked Line Between Bay View And A Path</title>
      <link>http://letraspedia.com/lyric/1118-crooked-line-between-bay-view-and-a-path/</link>
      <pubDate>Mon, 01 Sep 2008 00:00:00 UTC</pubDate>
      <author>Enthusiastic Hugo User</author>
      <guid>http://letraspedia.com/lyric/1118-crooked-line-between-bay-view-and-a-path/</guid>
      <description>&lt;p&gt;Drink up, drink up, drink up, shut up &lt;br /&gt;anyway they need it &lt;br /&gt;but i could walk away &lt;br /&gt;everytime that i see it &lt;br /&gt;but would you stay &lt;br /&gt;if i was penniless and bleeded, &lt;br /&gt;take your time, find a way &lt;br /&gt;i am what i am (am what i am) &lt;br /&gt;and for once that&amp;#39;s ok &lt;br /&gt;that&amp;#39;s ok &lt;br /&gt;(chorus) &lt;br /&gt;those lines, the strength to fill me up &lt;br /&gt;lost in time, broken clock is not enough &lt;br /&gt;fire wine, and all that comes with you &lt;br /&gt;just feel it and feel it now&amp;hellip;. &lt;br /&gt;those lines, the strength to fill me up &lt;br /&gt;lost in time, broken clock is not enough &lt;br /&gt;fire wine, and all that comes with you &lt;br /&gt;and dream it, dream it somehow &lt;br /&gt;I could speak silence all the way to live some more &lt;br /&gt;and maybe one spark could brighten up your day &lt;br /&gt;but when there&amp;#39;s only one there&amp;#39;s none and i&amp;#39;ll still be a whore &lt;br /&gt;knowing if i left that i&amp;#39;d be right back here with you &lt;br /&gt;we try so hard and get no where &lt;br /&gt;you&amp;#39;re telling me why should i care &lt;br /&gt;and i&amp;#39;m telling you that&amp;hellip; &lt;br /&gt;(chorus) &lt;br /&gt;those lines, the strength to fill me up &lt;br /&gt;lost in time, broken clock is not enough &lt;br /&gt;fire wine, and all that comes with you &lt;br /&gt;just feel it and feel it now&amp;hellip;. &lt;br /&gt;those lines, the strength to fill me up &lt;br /&gt;lost in time, broken clock is not enough &lt;br /&gt;fire wine, and all that comes with you &lt;br /&gt;and dream it, dream it somehow &lt;br /&gt;Always had you, that&amp;#39;s what you said &lt;br /&gt;to me, to me &lt;br /&gt;always had you, that&amp;#39;s what you said &lt;br /&gt;to me, to me &lt;br /&gt;always had you, that&amp;#39;s what you said &lt;br /&gt;to me, to me &lt;br /&gt;always had you, that&amp;#39;s what you said &lt;br /&gt;to me, to me&lt;br /&gt;&lt;br&gt;&lt;/p&gt;
</description>
    </item>
    
    <item>
      <title>Eyes Wide Shut</title>
      <link>http://letraspedia.com/lyric/1118-eyes-wide-shut/</link>
      <pubDate>Mon, 01 Sep 2008 00:00:00 UTC</pubDate>
      <author>Enthusiastic Hugo User</author>
      <guid>http://letraspedia.com/lyric/1118-eyes-wide-shut/</guid>
      <description>&lt;p&gt;We, start out only armed with stones &lt;br /&gt;we, start out only armed with stones &lt;br /&gt;he, could never look or break my bones &lt;br /&gt;i&amp;#39;ll attack out of nowhere &lt;br /&gt;and you&amp;#39;ll disappear just as quickly &lt;br /&gt;Take the warning instead of, this invitation &lt;br /&gt;until you finally see that, you had it coming to you &lt;br /&gt;and one day when it can be &lt;br /&gt;you&amp;#39;ll see i keep her happy &lt;br /&gt;and i want you to know &lt;br /&gt;that memories fade through time &lt;br /&gt;(chorus) &lt;br /&gt;they&amp;#39;re closing, they&amp;#39;re closing now &lt;br /&gt;they&amp;#39;re closing, they&amp;#39;re closing now &lt;br /&gt;i&amp;#39;m going, going somehow &lt;br /&gt;somehow, i&amp;#39;m going somehow &lt;br /&gt;and when i get there i will show (when i get there i will show) &lt;br /&gt;what i see (what i see), what i&amp;#39;ve seen (what i&amp;#39;ve seen) &lt;br /&gt;and the fact that kills me, and hopes to spill me &lt;br /&gt;is that you never saw it before &lt;br /&gt;Wait&amp;hellip; &lt;br /&gt;i got one more complaint &lt;br /&gt;your ghost is in my head &lt;br /&gt;but i&amp;#39;m gonna kick you out &lt;br /&gt;eyes wide shut, falling deeper &lt;br /&gt;before it shuts down (before they shut down) &lt;br /&gt;(chorus) &lt;br /&gt;&lt;br /&gt;wait&amp;hellip; &lt;br /&gt;i got one more complaint &lt;br /&gt;your ghost is in my head &lt;br /&gt;but i&amp;#39;m gonna kick you out &lt;br /&gt;eyes wide shut, falling deeper &lt;br /&gt;before it shuts down (before they shut down)&lt;br /&gt;&lt;br&gt;&lt;/p&gt;
</description>
    </item>
    
    <item>
      <title>Falling</title>
      <link>http://letraspedia.com/lyric/1118-falling/</link>
      <pubDate>Mon, 01 Sep 2008 00:00:00 UTC</pubDate>
      <author>Enthusiastic Hugo User</author>
      <guid>http://letraspedia.com/lyric/1118-falling/</guid>
      <description>&lt;p&gt;(chorus) &lt;br /&gt;i&amp;#39;m forever falling falling &lt;br /&gt;deep into your arms &lt;br /&gt;forever falling falling &lt;br /&gt;grab me now before i fall to far &lt;br /&gt;i&amp;#39;m losing my thoughts &lt;br /&gt;so tell me i&amp;#39;m not dreaming &lt;br /&gt;i am falling into you &lt;br /&gt;You say that it&amp;#39;s crazy &lt;br /&gt;i&amp;#39;m sure that its true &lt;br /&gt;but thats not stopping &lt;br /&gt;me from being enamored with you &lt;br /&gt;for&amp;hellip; (chorus) &lt;br /&gt;Gaga that&amp;#39;s the word &lt;br /&gt;for how i react &lt;br /&gt;when you look into my eyes &lt;br /&gt;and speak with that voice &lt;br /&gt;for&amp;hellip; (chours) &lt;br /&gt;You tell me to do what you want &lt;br /&gt;what i want is you &lt;br /&gt;words can not describe the &lt;br /&gt;feeling but just know &lt;br /&gt;that its true &lt;br /&gt;for&amp;hellip; (chours) &lt;br /&gt;You must think i&amp;#39;m crazy &lt;br /&gt;yes crazy about you &lt;br /&gt;so please take me into your arms &lt;br /&gt;and fall with me&lt;br /&gt;&lt;br&gt;&lt;/p&gt;
</description>
    </item>
    
    <item>
      <title>Forbidden Fruit</title>
      <link>http://letraspedia.com/lyric/1118-forbidden-fruit/</link>
      <pubDate>Mon, 01 Sep 2008 00:00:00 UTC</pubDate>
      <author>Enthusiastic Hugo User</author>
      <guid>http://letraspedia.com/lyric/1118-forbidden-fruit/</guid>
      <description>&lt;p&gt;You are the forbidden fruit. &lt;br /&gt;i cannot enjoy you, &lt;br /&gt;although i want to. &lt;br /&gt;i know it sounds selfish, &lt;br /&gt;past, present, future, &lt;br /&gt;but i wanna take 2 out of 3. &lt;br /&gt;Right now&amp;hellip; &lt;br /&gt;you are another guy&amp;#39;s girl, &lt;br /&gt;one less deserving than me. &lt;br /&gt;and&amp;hellip; &lt;br /&gt;you&amp;#39;re both in 2 different places, &lt;br /&gt;so why can&amp;#39;t you see. &lt;br /&gt;That you, are the forbidden fruit &lt;br /&gt;ah and i can&amp;#39;t get a taste &lt;br /&gt;and you, can&amp;#39;t choose between old and new &lt;br /&gt;but here is where i&amp;#39;ll wait. &lt;br /&gt;here is where i&amp;#39;ll wait. &lt;br /&gt;Torture&amp;#39;s comin, ha fun. &lt;br /&gt;really wanna be with you, &lt;br /&gt;sun is settin, yea right. &lt;br /&gt;who who who? &lt;br /&gt;You, are the forbidden fruit &lt;br /&gt;ah and i can&amp;#39;t get a taste &lt;br /&gt;and you, can&amp;#39;t choose between old and new &lt;br /&gt;but here is where i&amp;#39;ll wait. &lt;br /&gt;And you say&amp;hellip; &lt;br /&gt;Haha, i&amp;#39;m the forbidden fruit &lt;br /&gt;yea and you can&amp;#39;t get a taste &lt;br /&gt;and someday maybe i will choose, &lt;br /&gt;but here is where you&amp;#39;ll wait. &lt;br /&gt;here is where you&amp;#39;ll wait, &lt;br /&gt;here is where you&amp;#39;ll wait, &lt;br /&gt;here is where you&amp;#39;ll wait!!!&lt;br /&gt;&lt;br&gt;&lt;/p&gt;
</description>
    </item>
    
    <item>
      <title>Half Past Three</title>
      <link>http://letraspedia.com/lyric/1118-half-past-three/</link>
      <pubDate>Mon, 01 Sep 2008 00:00:00 UTC</pubDate>
      <author>Enthusiastic Hugo User</author>
      <guid>http://letraspedia.com/lyric/1118-half-past-three/</guid>
      <description>&lt;p&gt;Why can&amp;#39;t you ever hear me, hate me &lt;br /&gt;it&amp;#39;s half past three &lt;br /&gt;i love you whisper &lt;br /&gt;you close your eyes to see, me &lt;br /&gt;But it&amp;#39;s all over now &lt;br /&gt;the pain is gonna stop &lt;br /&gt;the hurt is gonna leave &lt;br /&gt;until you don&amp;#39;t know what you got, &lt;br /&gt;at least that&amp;#39;s what i tell myself &lt;br /&gt;to get through today &lt;br /&gt;but what tomorrow brings &lt;br /&gt;will leave me lost and cold again &lt;br /&gt;(chorus) &lt;br /&gt;{my problem starts with you &lt;br /&gt;it&amp;#39;s what you put me through &lt;br /&gt;you see i hate myself for you &lt;br /&gt;for what you always put me through &lt;br /&gt;I&amp;#39;d live this life again for you &lt;br /&gt;so what else is new &lt;br /&gt;i&amp;#39;d never love you the next time, you know how it starts &lt;br /&gt;if this wasn&amp;#39;t the last step, take me down at 3 am} &lt;br /&gt;Every time i think of you it hurts to know you&amp;#39;re right &lt;br /&gt;but then i laugh to think how it could have been &lt;br /&gt;if i played by your rules &lt;br /&gt;and wondered all through school &lt;br /&gt;(chorus) &lt;br /&gt;{my problem starts with you &lt;br /&gt;it&amp;#39;s what you put me through &lt;br /&gt;you see i hate myself for you &lt;br /&gt;for what you always put me through &lt;br /&gt;I&amp;#39;d live this life again for you &lt;br /&gt;so what else is new &lt;br /&gt;i&amp;#39;d never love you the next time, you know how it starts &lt;br /&gt;if this wasn&amp;#39;t the last step, take me down at 3 am}&lt;br /&gt;&lt;br&gt;&lt;/p&gt;
</description>
    </item>
    
    <item>
      <title>Hazy Moon</title>
      <link>http://letraspedia.com/lyric/1118-hazy-moon/</link>
      <pubDate>Mon, 01 Sep 2008 00:00:00 UTC</pubDate>
      <author>Enthusiastic Hugo User</author>
      <guid>http://letraspedia.com/lyric/1118-hazy-moon/</guid>
      <description>&lt;p&gt;What do you do when your life has become &lt;br /&gt;the calm before the storm &lt;br /&gt;when it leaves you feeling numb. &lt;br /&gt;then you try to find the answers &lt;br /&gt;with only one question, &lt;br /&gt;where did the stars go? &lt;br /&gt;What&amp;#39;s the use in lying &lt;br /&gt;when you&amp;#39;re not true to yourself &lt;br /&gt;and summer&amp;#39;s way to soon &lt;br /&gt;and i can see you cryin&amp;#39; &lt;br /&gt;with your good book on the shelf &lt;br /&gt;underneath a hazy moon &lt;br /&gt;Why is it we find peace, in looking up at the sky &lt;br /&gt;the clouds, the stars, the moon &lt;br /&gt;will always try and pass us by &lt;br /&gt;but we have to remember &lt;br /&gt;to not float up there together &lt;br /&gt;when what&amp;#39;s important is down below, looking right back up at it&amp;hellip; &lt;br /&gt;What&amp;#39;s the use in lying &lt;br /&gt;when you&amp;#39;re not true to yourself &lt;br /&gt;and summer&amp;#39;s way to soon &lt;br /&gt;and i can see you cryin&amp;#39; &lt;br /&gt;with your good book on the shelf &lt;br /&gt;underneath a hazy moon &lt;br /&gt;Trees will always fall, branches sometimes break &lt;br /&gt;but here is where we&amp;#39;ll be safe &lt;br /&gt;sittin&amp;#39; on the deck we made.&lt;br /&gt;&lt;br&gt;&lt;/p&gt;
</description>
    </item>
    
    <item>
      <title>Hold Onto Tonight</title>
      <link>http://letraspedia.com/lyric/1118-hold-onto-tonight/</link>
      <pubDate>Mon, 01 Sep 2008 00:00:00 UTC</pubDate>
      <author>Enthusiastic Hugo User</author>
      <guid>http://letraspedia.com/lyric/1118-hold-onto-tonight/</guid>
      <description>&lt;p&gt;Friday night again &lt;br /&gt;and i wanted to know&amp;hellip; &lt;br /&gt;one thing &lt;br /&gt;do i make you feel (make you feel) &lt;br /&gt;do i make you feel (make you feel) &lt;br /&gt;do i make you feel (make you feel) &lt;br /&gt;hold onto &lt;br /&gt;hold onto tonight &lt;br /&gt;(chorus) &lt;br /&gt;happy &lt;br /&gt;i said it &lt;br /&gt;you know &lt;br /&gt;just don&amp;#39;t forget it &lt;br /&gt;not yet &lt;br /&gt;you&amp;#39;re right &lt;br /&gt;in dreams i kiss you each night &lt;br /&gt;not fair &lt;br /&gt;i miss you &lt;br /&gt;this is what i hold onto &lt;br /&gt;The sand always broke my fall &lt;br /&gt;never before &lt;br /&gt;could i feel this way &lt;br /&gt;and kill this hate inside of me (finally) &lt;br /&gt;yea you see &lt;br /&gt;me on the water &lt;br /&gt;you and your everything &lt;br /&gt;hold onto &lt;br /&gt;hold onto tonight &lt;br /&gt;(chorus)&lt;br /&gt;&lt;br&gt;&lt;/p&gt;
</description>
    </item>
    
    <item>
      <title>Hope Is Over Rated</title>
      <link>http://letraspedia.com/lyric/1118-hope-is-over-rated/</link>
      <pubDate>Mon, 01 Sep 2008 00:00:00 UTC</pubDate>
      <author>Enthusiastic Hugo User</author>
      <guid>http://letraspedia.com/lyric/1118-hope-is-over-rated/</guid>
      <description>&lt;p&gt;The moon is rising now &lt;br /&gt;i can see it from a distance &lt;br /&gt;it comes up as i fall down &lt;br /&gt;reminds me of useless persistence then i look back &lt;br /&gt;and recall that time for that moment &lt;br /&gt;i truly believed you&amp;#39;d be mine &lt;br /&gt;maybe it was never meant to be &lt;br /&gt;but those few minutes were precious to me &lt;br /&gt;I&amp;#39;m falling like a broken dream &lt;br /&gt;any reasons are unseen &lt;br /&gt;hope is over rated &lt;br /&gt;I&amp;#39;ve said my prayers wished upon a star and nothing has come of this so far &lt;br /&gt;simply stated i&amp;#39;m here but you&amp;#39;re there and nothing more will come of this today &lt;br /&gt;why were the times with you such bliss &lt;br /&gt;why did i have to reach for a kiss &lt;br /&gt;can i ask what i did wrong &lt;br /&gt;no answers as thoughts play through my head &lt;br /&gt;I&amp;#39;m falling like a broken dream &lt;br /&gt;any reasons are unseen &lt;br /&gt;hope is over rated &lt;br /&gt;Never thought it was doomed to fail &lt;br /&gt;it was acted well when it seemed that you cared &lt;br /&gt;alone on the beach as i stare along the shore without you is so bare &lt;br /&gt;why were the times with you such bliss &lt;br /&gt;why did i have to reach for a kiss &lt;br /&gt;can i ask what i did wrong &lt;br /&gt;no answers and thoughts play through my head &lt;br /&gt;I&amp;#39;m falling like a broken dream &lt;br /&gt;any reasons are unseen &lt;br /&gt;hope is over rated &lt;br /&gt;Relationships are gone like the sky &lt;br /&gt;the stars said good-bye and now the turn is mine &lt;br /&gt;now if you wont tell me why i&amp;#39;ll know that it&amp;#39;s a lie &lt;br /&gt;nothing is ever fine &lt;br /&gt;you&amp;#39;re love was just a dark disguise &lt;br /&gt;the one that i despise &lt;br /&gt;its funny how time flies &lt;br /&gt;you&amp;#39;ll always be just a girl who denies the fact she cries&amp;hellip;.&lt;br /&gt;&lt;br&gt;&lt;/p&gt;
</description>
    </item>
    
    <item>
      <title>If You Only Knew (acoustic)</title>
      <link>http://letraspedia.com/lyric/1118-if-you-only-knew-acoustic/</link>
      <pubDate>Mon, 01 Sep 2008 00:00:00 UTC</pubDate>
      <author>Enthusiastic Hugo User</author>
      <guid>http://letraspedia.com/lyric/1118-if-you-only-knew-acoustic/</guid>
      <description>&lt;p&gt;Speaking is something, rather than nothing. cooling nights with moonless beaches under our skies. everything that can&amp;#39;t be seen by anything less than gracious eyes. that certain something that shines out of you. comes shining out of you. &lt;br /&gt;If you knew. if you knew. what you do&amp;hellip; all the steps of this trip. don&amp;#39;t regret saying goodnight, because trying is worth the fight. when stars aren&amp;#39;t out in the windows of our minds. fear this and take no chances. samantha if you only knew. &lt;br /&gt;If you only knew&amp;hellip; how many times i goto sleep with you in my mind. if you only knew&amp;hellip; how much i need to hear your voice. if you only knew&amp;hellip; how i wish i could touch you, forever in time. problem&amp;#39;s solved, out of touch but never out of time. &lt;br /&gt;Did you know? did you know? that this song was just a crutch, and the fear is over. all the steps of this trip. don&amp;#39;t regret saying goodnight, because trying&amp;#39;s worth the fight. when stars aren&amp;#39;t out in the windows of our minds. fear this and take no chances. samantha if you only knew. &lt;br /&gt;Phone is ringing today louder and louder. (phone is ringing) life passed by yesterday like clouds unnoticed. (life passed by) heart beating faster tonight can&amp;#39;t stand sleeping. (heart beating faster) you smiling again in the corner of my eye, that look you gave me. (you smiling again) &lt;br /&gt;Remember when we used to play out in the rain? times were simpler than, but even if hard times lie ahead. follow this song, if you only knew. if you only knew. if you only knew&amp;hellip;&amp;hellip;&amp;hellip;&amp;hellip;&amp;hellip;&lt;br /&gt;&lt;br&gt;&lt;/p&gt;
</description>
    </item>
    
    <item>
      <title>Just Wait</title>
      <link>http://letraspedia.com/lyric/1118-just-wait/</link>
      <pubDate>Mon, 01 Sep 2008 00:00:00 UTC</pubDate>
      <author>Enthusiastic Hugo User</author>
      <guid>http://letraspedia.com/lyric/1118-just-wait/</guid>
      <description>&lt;p&gt;Sometimes in dreams &lt;br /&gt;you seem so far away &lt;br /&gt;but then there you are &lt;br /&gt;smiling back like any other day &lt;br /&gt;This could be crazy &lt;br /&gt;but hey let&amp;#39;s take a chance &lt;br /&gt;what is there to lose &lt;br /&gt;besides our hopes and the last dance &lt;br /&gt;(1st) you just gotta let it come to you &lt;br /&gt;hold it all in &lt;br /&gt;wait till that precious moment &lt;br /&gt;where it means more in the end &lt;br /&gt;(2nd) just wait &lt;br /&gt;it will all come in time &lt;br /&gt;just wait &lt;br /&gt;hold it all inside &lt;br /&gt;just wait &lt;br /&gt;for what we feel right now &lt;br /&gt;will prove to be great so &lt;br /&gt;just wait &lt;br /&gt;till i can how you what i mean &lt;br /&gt;You can&amp;#39;t plan it out &lt;br /&gt;just be yourself &lt;br /&gt;cause you know who you are &lt;br /&gt;and it&amp;#39;s better than everyone else &lt;br /&gt;You can&amp;#39;t tell me this ain&amp;#39;t real &lt;br /&gt;cause all i&amp;#39;m feeling is true &lt;br /&gt;it isn&amp;#39;t falling together now &lt;br /&gt;but maybe soon &lt;br /&gt;(1st) &lt;br /&gt;(2nd)&lt;br /&gt;&lt;br&gt;&lt;/p&gt;
</description>
    </item>
    
  </channel>
</rss>